Workbook

Sheet RR & Schedule
B2: Schedule (4/20, all times CDT) | E2: Lenin | H2: Stalin | L2: L-1 | M2: Shreyas
B3: Opening Ceremony | C3: 9:00-9:10 | E3: 1 | F3: Interlake | H3: 1 | I3: WWPS | L3: L-2 | M3: Alex Jun/Stephen
B4: RR1 | C4: 9:10-9:50 | E4: 2 | F4: Dulles 1 | H4: 2 | I4: Basis Silicon Valley | L4: S-1 | M4: Eric
B5: RR2 | C5: 9:50-10:30 | E5: 3 | F5: Collierville 1 | H5: 3 | I5: AIOB | L5: S-2 | M5: Nikhil
B6: RR3 | C6: 10:30-11:10 | E6: 4 | F6: Amador Valley | H6: 4 | I6: MSJ 2 | L6: K-1 | M6: Mia
B7: RR4 | C7: 11:10-11:50 | E7: 5 | F7: Thomas Jefferson 1 | H7: 5 | I7: Iolani 1 | L7: K-2 | M7: Matthew
B8: RR5 | C8: 11:50-12:30 | L8: G-1 | M8: Shriman
E9: Khrushchev | H9: Gorbachev | L9: G-2 | M9: Alex Sun
B10: Lunch | C10: 12:30-1:00 | E10: 1 | F10: MSJ 1 | H10: 1 | I10: Blair
B11: Halftime | C11: 1:00-1:30 | E11: 2 | F11: Dulles 2 | H11: 2 | I11: North Hollywood | L11: R-1 | M11: Alex Sun
E12: 3 | F12: James Clemens | H12: 3 | I12: Lexington | L12: R-2 | M12: Eric
B13: DE1 | C13: 2:00-2:30 | E13: 4 | F13: Evergreen 1 | H13: 4 | I13: Canyon Crest 1 | L13: R-3 | M13: Shriman
B14: DE2 | C14: 2:30-3:00 | E14: 5 | F14: Iolani 2 | H14: 5 | I14: Collierville 2 | L14: R-4 | M14: Shreyas
B15: DE3 | C15: 3:15-3:45
B16: DE4 | C16: 3:45-4:15 | E16: Round | F16: RR1 | G16: RR2 | H16: RR3 | I16: RR4 | J16: RR5
B17: DE5 | C17: 4:15-4:45 | E17: Room 1 | F17: X-1 vs X-2 | G17: X-2 vs X-3 | H17: X-2 vs X-5 | I17: X-4 vs X-5 | J17: X-3 vs X-5
B18: DE6 | C18: 4:45-5:15 | E18: Room 2 | F18: X-3 vs X-4 | G18: X-1 vs X-5 | H18: X-1 vs X-4 | I18: X-1 vs X-3 | J18: X-2 vs X-4
B19: DE7 (Potentially) | C19: 5:15-6:00 | E19: Bye | F19: X-5 | G19: X-4 | H19: X-3 | I19: X-2 | J19: X-1
B20: Closing Ceremony | C20: 5:45-6:15

Sheet RR Results & Seeding
B2: Lenin | J2: Stalin | R2: DE Seeding
C3: =B4 -> Thomas Jefferson 1 | D3: =B5 -> Interlake | E3: =B6 -> Collierville 1 | F3: =B7 -> Amador Valley | G3: =B8 -> Dulles 1 | H3: Lost | K3: =J4 -> WWPS | L3: =J5 -> Basis Silicon Valley | M3: =J6 -> AIOB | N3: =J7 -> MSJ 2 | O3: =J8 -> Iolani 1 | P3: Lost | R3: =IFERROR(__xludf.DUMMYFUNCTION("SORTN( {FLATTEN({C3:G3, K3:O3, C15:G15, K15:O15}), FLATTEN({C10:G10, K10:O10, C22:G22, K22:O22})}, 20, 0, 2, FALSE )"),"Blair") -> Blair | S3: =IFERROR(__xludf.DUMMYFUNCTION("""COMPUTED_VALUE"""),8.0622) -> 8.0622 | U3: Team 1 | V3: Team 2
B4: ='RR & Schedule'!F7 -> Thomas Jefferson 1 | D4: 100 | E4: -4 | F4: 28 | G4: 84 | H4: =sum(C4:G4) -> 208 | J4: ='RR & Schedule'!I3 -> WWPS | L4: 98 | M4: 110 | N4: 26 | O4: 50 | P4: =sum(K4:O4) -> 284 | R4: =IFERROR(__xludf.DUMMYFUNCTION("""COMPUTED_VALUE"""),"Dulles 1") -> Dulles 1 | S4: =IFERROR(__xludf.DUMMYFUNCTION("""COMPUTED_VALUE"""),8.047) -> 8.047 | U4: Kian | V4: Ronuk
B5: ='RR & Schedule'!F3 -> Interlake | C5: 98 | E5: 48 | F5: 30 | G5: 84 | H5: =sum(C5:G5) -> 260 | J5: ='RR & Schedule'!I4 -> Basis Silicon Valley | K5: 84 | M5: 122 | N5: 42 | O5: 96 | P5: =sum(K5:O5) -> 344 | R5: =IFERROR(__xludf.DUMMYFUNCTION("""COMPUTED_VALUE"""),"MSJ 1") -> MSJ 1 | S5: =IFERROR(__xludf.DUMMYFUNCTION("""COMPUTED_VALUE"""),8.036) -> 8.036 | U5: Ryan | V5: Shreyas
B6: ='RR & Schedule'!F5 -> Collierville 1 | C6: 114 | D6: 92 | F6: 74 | G6: 184 | H6: =sum(C6:G6) -> 464 | J6: ='RR & Schedule'!I5 -> AIOB | K6: 10 | L6: 76 | N6: 102 | O6: 96 | P6: =sum(K6:O6) -> 284 | R6: =IFERROR(__xludf.DUMMYFUNCTION("""COMPUTED_VALUE"""),"Lexington") -> Lexington | S6: =IFERROR(__xludf.DUMMYFUNCTION("""COMPUTED_VALUE"""),6.0364) -> 6.0364 | U6: Akhil | V6: Theenash
B7: ='RR & Schedule'!F6 -> Amador Valley | C7: 44 | D7: 80 | E7: 24 | G7: 118 | H7: =sum(C7:G7) -> 266 | J7: ='RR & Schedule'!I6 -> MSJ 2 | K7: 58 | L7: 74 | M7: 32 | O7: 114 | P7: =sum(K7:O7) -> 278 | R7: =IFERROR(__xludf.DUMMYFUNCTION("""COMPUTED_VALUE"""),"Basis Silicon Valley") -> Basis Silicon Valley | S7: =IFERROR(__xludf.DUMMYFUNCTION("""COMPUTED_VALUE"""),6.0346) -> 6.0346 | U7: Rohan | V7: Lucas
B8: ='RR & Schedule'!F4 -> Dulles 1 | C8: 52 | D8: 62 | E8: 50 | F8: 38 | H8: =sum(C8:G8) -> 202 | J8: ='RR & Schedule'!I7 -> Iolani 1 | K8: 114 | L8: 98 | M8: 82 | N8: 24 | P8: =sum(K8:O8) -> 318 | R8: =IFERROR(__xludf.DUMMYFUNCTION("""COMPUTED_VALUE"""),"Interlake") -> Interlake | S8: =IFERROR(__xludf.DUMMYFUNCTION("""COMPUTED_VALUE"""),6.0334) -> 6.0334 | U8: Saahil
B9: Win Points | C9: {=SUMPRODUCT( (C4:G4 <> "") * TRANSPOSE(C4:C8 <> ""), (C4:G4 < TRANSPOSE(C4:C8)) * 2 + (C4:G4 = TRANSPOSE(C4:C8)) * 1 )} -> 4 | D9: {=SUMPRODUCT( (C5:G5 <> "") * TRANSPOSE(D4:D8 <> ""), (C5:G5 < TRANSPOSE(D4:D8)) * 2 + (C5:G5 = TRANSPOSE(D4:D8)) * 1 )} -> 6 | E9: {=SUMPRODUCT( (C6:G6 <> "") * TRANSPOSE(E4:E8 <> ""), (C6:G6 < TRANSPOSE(E4:E8)) * 2 + (C6:G6 = TRANSPOSE(E4:E8)) * 1 )} -> 0 | F9: {=SUMPRODUCT( (C7:G7 <> "") * TRANSPOSE(F4:F8 <> ""), (C7:G7 < TRANSPOSE(F4:F8)) * 2 + (C7:G7 = TRANSPOSE(F4:F8)) * 1 )} -> 2 | G9: {=SUMPRODUCT( (C8:G8 <> "") * TRANSPOSE(G4:G8 <> ""), (C8:G8 < TRANSPOSE(G4:G8)) * 2 + (C8:G8 = TRANSPOSE(G4:G8)) * 1 )} -> 8 | J9: Win Points | K9: {=SUMPRODUCT( (K4:O4 <> "") * TRANSPOSE(K4:K8 <> ""), (K4:O4 < TRANSPOSE(K4:K8)) * 2 + (K4:O4 = TRANSPOSE(K4:K8)) * 1 )} -> 4 | L9: {=SUMPRODUCT( (K5:O5 <> "") * TRANSPOSE(L4:L8 <> ""), (K5:O5 < TRANSPOSE(L4:L8)) * 2 + (K5:O5 = TRANSPOSE(L4:L8)) * 1 )} -> 6 | M9: {=SUMPRODUCT( (K6:O6 <> "") * TRANSPOSE(M4:M8 <> ""), (K6:O6 < TRANSPOSE(M4:M8)) * 2 + (K6:O6 = TRANSPOSE(M4:M8)) * 1 )} -> 4 | N9: {=SUMPRODUCT( (K7:O7 <> "") * TRANSPOSE(N4:N8 <> ""), (K7:O7 < TRANSPOSE(N4:N8)) * 2 + (K7:O7 = TRANSPOSE(N4:N8)) * 1 )} -> 2 | O9: {=SUMPRODUCT( (K8:O8 <> "") * TRANSPOSE(O4:O8 <> ""), (K8:O8 < TRANSPOSE(O4:O8)) * 2 + (K8:O8 = TRANSPOSE(O4:O8)) * 1 )} -> 4 | R9: =IFERROR(__xludf.DUMMYFUNCTION("""COMPUTED_VALUE"""),"Evergreen 1") -> Evergreen 1 | S9: =IFERROR(__xludf.DUMMYFUNCTION("""COMPUTED_VALUE"""),6.0138) -> 6.0138
B10: Score | C10: =C9+C11/10000 -> 4.0308 | D10: =D9+D11/10000 -> 6.0334 | E10: =E9+E11/10000 -> 0.0118 | F10: =F9+F11/10000 -> 2.017 | G10: =G9+G11/10000 -> 8.047 | J10: Score | K10: =K9+K11/10000 -> 4.0266 | L10: =L9+L11/10000 -> 6.0346 | M10: =M9+M11/10000 -> 4.0346 | N10: =N9+N11/10000 -> 2.0194 | O10: =O9+O11/10000 -> 4.0356 | R10: =IFERROR(__xludf.DUMMYFUNCTION("""COMPUTED_VALUE"""),"Iolani 1") -> Iolani 1 | S10: =IFERROR(__xludf.DUMMYFUNCTION("""COMPUTED_VALUE"""),4.0356) -> 4.0356
B11: Points | C11: =SUM(C4:C8) -> 308 | D11: =SUM(D4:D8) -> 334 | E11: =SUM(E4:E8) -> 118 | F11: =SUM(F4:F8) -> 170 | G11: =SUM(G4:G8) -> 470 | J11: Points | K11: =SUM(K4:K8) -> 266 | L11: =SUM(L4:L8) -> 346 | M11: =SUM(M4:M8) -> 346 | N11: =SUM(N4:N8) -> 194 | O11: =SUM(O4:O8) -> 356 | R11: =IFERROR(__xludf.DUMMYFUNCTION("""COMPUTED_VALUE"""),"AIOB") -> AIOB | S11: =IFERROR(__xludf.DUMMYFUNCTION("""COMPUTED_VALUE"""),4.0346) -> 4.0346
R12: =IFERROR(__xludf.DUMMYFUNCTION("""COMPUTED_VALUE"""),"Thomas Jefferson 1") -> Thomas Jefferson 1 | S12: =IFERROR(__xludf.DUMMYFUNCTION("""COMPUTED_VALUE"""),4.0308) -> 4.0308
R13: =IFERROR(__xludf.DUMMYFUNCTION("""COMPUTED_VALUE"""),"North Hollywood ") -> North Hollywood | S13: =IFERROR(__xludf.DUMMYFUNCTION("""COMPUTED_VALUE"""),4.0302) -> 4.0302
B14: Khrushchev | J14: Gorbachev | R14: =IFERROR(__xludf.DUMMYFUNCTION("""COMPUTED_VALUE"""),"WWPS") -> WWPS | S14: =IFERROR(__xludf.DUMMYFUNCTION("""COMPUTED_VALUE"""),4.0266) -> 4.0266
C15: =B16 -> MSJ 1 | D15: =B17 -> Dulles 2 | E15: =B18 -> James Clemens | F15: =B19 -> Evergreen 1 | G15: =B20 -> Iolani 2 | H15: Lost | K15: =J16 -> Blair | L15: =J17 -> North Hollywood | M15: =J18 -> Lexington | N15: =J19 -> Canyon Crest 1 | O15: Collierville 2 | P15: Lost | R15: =IFERROR(__xludf.DUMMYFUNCTION("""COMPUTED_VALUE"""),"James Clemens") -> James Clemens | S15: =IFERROR(__xludf.DUMMYFUNCTION("""COMPUTED_VALUE"""),4.0222) -> 4.0222
B16: ='RR & Schedule'!F10 -> MSJ 1 | D16: 8 | E16: 36 | F16: 38 | G16: 14 | H16: =sum(C16:G16) -> 96 | J16: ='RR & Schedule'!I10 -> Blair | L16: 8 | M16: 38 | N16: 52 | O16: 22 | P16: =sum(K16:O16) -> 120 | R16: =IFERROR(__xludf.DUMMYFUNCTION("""COMPUTED_VALUE"""),"MSJ 2") -> MSJ 2 | S16: =IFERROR(__xludf.DUMMYFUNCTION("""COMPUTED_VALUE"""),2.0194) -> 2.0194
B17: ='RR & Schedule'!F11 -> Dulles 2 | C17: 106 | E17: 134 | F17: 36 | G17: 6 | H17: =sum(C17:G17) -> 282 | J17: ='RR & Schedule'!I11 -> North Hollywood | K17: 144 | M17: 98 | N17: 8 | O17: 40 | P17: =sum(K17:O17) -> 290 | R17: =IFERROR(__xludf.DUMMYFUNCTION("""COMPUTED_VALUE"""),"Canyon Crest 1") -> Canyon Crest 1 | S17: =IFERROR(__xludf.DUMMYFUNCTION("""COMPUTED_VALUE"""),2.0194) -> 2.0194
B18: ='RR & Schedule'!F12 -> James Clemens | C18: 90 | D18: 34 | F18: 64 | G18: -1 | H18: =sum(C18:G18) -> 187 | J18: ='RR & Schedule'!I12 -> Lexington | K18: 148 | L18: 96 | N18: 44 | O18: 18 | P18: =sum(K18:O18) -> 306 | R18: =IFERROR(__xludf.DUMMYFUNCTION("""COMPUTED_VALUE"""),"Amador Valley") -> Amador Valley | S18: =IFERROR(__xludf.DUMMYFUNCTION("""COMPUTED_VALUE"""),2.017) -> 2.017
B19: ='RR & Schedule'!F13 -> Evergreen 1 | C19: 64 | D19: 24 | E19: 52 | G19: -1 | H19: =sum(C19:G19) -> 139 | J19: ='RR & Schedule'!I13 -> Canyon Crest 1 | K19: 144 | L19: 96 | M19: 132 | O19: 22 | P19: =sum(K19:O19) -> 394 | R19: =IFERROR(__xludf.DUMMYFUNCTION("""COMPUTED_VALUE"""),"Dulles 2") -> Dulles 2 | S19: =IFERROR(__xludf.DUMMYFUNCTION("""COMPUTED_VALUE"""),2.0084) -> 2.0084
B20: ='RR & Schedule'!F14 -> Iolani 2 | C20: 100 | D20: 18 | E20: 0 | F20: 0 | H20: =sum(C20:G20) -> 118 | J20: Collierville 2 | K20: 186 | L20: 102 | M20: 96 | N20: 90 | P20: =sum(K20:O20) -> 474 | R20: =IFERROR(__xludf.DUMMYFUNCTION("""COMPUTED_VALUE"""),"Collierville 1") -> Collierville 1 | S20: =IFERROR(__xludf.DUMMYFUNCTION("""COMPUTED_VALUE"""),0.0118) -> 0.0118
B21: Win Points | C21: {=SUMPRODUCT( (C16:G16 <> "") * TRANSPOSE(C16:C20 <> ""), (C16:G16 < TRANSPOSE(C16:C20)) * 2 + (C16:G16 = TRANSPOSE(C16:C20)) * 1 )} -> 8 | D21: {=SUMPRODUCT( (C17:G17 <> "") * TRANSPOSE(D16:D20 <> ""), (C17:G17 < TRANSPOSE(D16:D20)) * 2 + (C17:G17 = TRANSPOSE(D16:D20)) * 1 )} -> 2 | E21: {=SUMPRODUCT( (C18:G18 <> "") * TRANSPOSE(E16:E20 <> ""), (C18:G18 < TRANSPOSE(E16:E20)) * 2 + (C18:G18 = TRANSPOSE(E16:E20)) * 1 )} -> 4 | F21: {=SUMPRODUCT( (C19:G19 <> "") * TRANSPOSE(F16:F20 <> ""), (C19:G19 < TRANSPOSE(F16:F20)) * 2 + (C19:G19 = TRANSPOSE(F16:F20)) * 1 )} -> 6 | G21: {=SUMPRODUCT( (C20:G20 <> "") * TRANSPOSE(G16:G20 <> ""), (C20:G20 < TRANSPOSE(G16:G20)) * 2 + (C20:G20 = TRANSPOSE(G16:G20)) * 1 )} -> 0 | J21: Win Points | K21: {=SUMPRODUCT( (K16:O16 <> "") * TRANSPOSE(K16:K20 <> ""), (K16:O16 < TRANSPOSE(K16:K20)) * 2 + (K16:O16 = TRANSPOSE(K16:K20)) * 1 )} -> 8 | L21: {=SUMPRODUCT( (K17:O17 <> "") * TRANSPOSE(L16:L20 <> ""), (K17:O17 < TRANSPOSE(L16:L20)) * 2 + (K17:O17 = TRANSPOSE(L16:L20)) * 1 )} -> 4 | M21: {=SUMPRODUCT( (K18:O18 <> "") * TRANSPOSE(M16:M20 <> ""), (K18:O18 < TRANSPOSE(M16:M20)) * 2 + (K18:O18 = TRANSPOSE(M16:M20)) * 1 )} -> 6 | N21: {=SUMPRODUCT( (K19:O19 <> "") * TRANSPOSE(N16:N20 <> ""), (K19:O19 < TRANSPOSE(N16:N20)) * 2 + (K19:O19 = TRANSPOSE(N16:N20)) * 1 )} -> 2 | O21: {=SUMPRODUCT( (K20:O20 <> "") * TRANSPOSE(O16:O20 <> ""), (K20:O20 < TRANSPOSE(O16:O20)) * 2 + (K20:O20 = TRANSPOSE(O16:O20)) * 1 )} -> 0 | R21: =IFERROR(__xludf.DUMMYFUNCTION("""COMPUTED_VALUE"""),"Collierville 2") -> Collierville 2 | S21: =IFERROR(__xludf.DUMMYFUNCTION("""COMPUTED_VALUE"""),0.0102) -> 0.0102
B22: Score | C22: =C21+C23/10000 -> 8.036 | D22: =D21+D23/10000 -> 2.0084 | E22: =E21+E23/10000 -> 4.0222 | F22: =F21+F23/10000 -> 6.0138 | G22: =G21+G23/10000 -> 0.0018 | J22: Score | K22: =K21+K23/10000 -> 8.0622 | L22: =L21+L23/10000 -> 4.0302 | M22: =M21+M23/10000 -> 6.0364 | N22: =N21+N23/10000 -> 2.0194 | O22: =O21+O23/10000 -> 0.0102 | R22: =IFERROR(__xludf.DUMMYFUNCTION("""COMPUTED_VALUE"""),"Iolani 2") -> Iolani 2 | S22: =IFERROR(__xludf.DUMMYFUNCTION("""COMPUTED_VALUE"""),0.0018) -> 0.0018
B23: Points | C23: =SUM(C16:C20) -> 360 | D23: =SUM(D16:D20) -> 84 | E23: =SUM(E16:E20) -> 222 | F23: =SUM(F16:F20) -> 138 | G23: =SUM(G16:G20) -> 18 | J23: Points | K23: =SUM(K16:K20) -> 622 | L23: =SUM(L16:L20) -> 302 | M23: =SUM(M16:M20) -> 364 | N23: =SUM(N16:N20) -> 194 | O23: =SUM(O16:O20) -> 102

Sheet DE Bracket
B1: DE1 | D1: DE2 | F1: DE3 | H1: DE4 | J1: DE5 | L1: DE6 | N1: DE7
B2: 2:15-2:45 | D2: 2:45-3:15 | F2: 3:15-3:45 | H2: 3:45-4:15 | J2: 4:15-4:45 | L2: 4:45-5:15 | N2: 5:15-5:45
B5: WINNER'S BRACKET
B7: ='RR Results & Seeding'!R3 -> Blair
B9: Loser to A | C9: 130-48 | D9: =IF(C9="", "", IF(LEFT(C9, FIND("-", C9)-1)*1 > MID(C9, FIND("-", C9)+1, LEN(C9))*1, B7, B11)) -> Blair
C10: Room 1
B11: ='RR Results & Seeding'!R10 -> Iolani 1
D13: Loser to E | E13: 46-30 | F13: =IF(E13="", "", IF(LEFT(E13, FIND("-", E13)-1)*1 > MID(E13, FIND("-", E13)+1, LEN(E13))*1, D9, D17)) -> Blair | H13: =IF(E13="", "", IF(LEFT(E13, FIND("-", E13)-1)*1 > MID(E13, FIND("-", E13)+1, LEN(E13))*1, D9, D17)) -> Blair
E14: Room 1
B15: ='RR Results & Seeding'!R6 -> Lexington
B17: Loser to B | C17: 66-88 | D17: =IF(C17="", "", IF(LEFT(C17, FIND("-", C17)-1)*1 > MID(C17, FIND("-", C17)+1, LEN(C17))*1, B15, B19)) -> Basis Silicon Valley
C18: Room 2
B19: ='RR Results & Seeding'!R7 -> Basis Silicon Valley
F21: Bye | H21: Loser to G | I21: 76-56 | J21: Bye | L21: =IF(I21="", "", IF(LEFT(I21, FIND("-", I21)-1)*1 > MID(I21, FIND("-", I21)+1, LEN(I21))*1, H13, H29)) -> Blair
I22: Room 1
B23: ='RR Results & Seeding'!R5 -> MSJ 1
B25: Loser to C | C25: 94-58 | D25: =IF(C25="", "", IF(LEFT(C25, FIND("-", C25)-1)*1 > MID(C25, FIND("-", C25)+1, LEN(C25))*1, B23, B27)) -> MSJ 1
C26: Room 3
B27: ='RR Results & Seeding'!R8 -> Interlake
D29: Loser to F | E29: 58-20 | F29: =IF(E29="", "", IF(LEFT(E29, FIND("-", E29)-1)*1 > MID(E29, FIND("-", E29)+1, LEN(E29))*1, D25, D33)) -> MSJ 1 | H29: =IF(E29="", "", IF(LEFT(E29, FIND("-", E29)-1)*1 > MID(E29, FIND("-", E29)+1, LEN(E29))*1, D25, D33)) -> MSJ 1
E30: Room 2
B31: ='RR Results & Seeding'!R4 -> Dulles 1
B33: Loser to D | C33: 82-88 | D33: =IF(C33="", "", IF(LEFT(C33, FIND("-", C33)-1)*1 > MID(C33, FIND("-", C33)+1, LEN(C33))*1, B31, B35)) -> Evergreen 1 | L33: Loser to H | M33: 78-54 | N33: =IF(M33="", "", IF(LEFT(M33, FIND("-", M33)-1)*1 > MID(M33, FIND("-", M33)+1, LEN(M33))*1, L21, L45)) -> Blair
C34: Room 4 | L34: If 1st loss | M34: Stage
B35: ='RR Results & Seeding'!R9 -> Evergreen 1
D39: LOSER'S BRACKET
J41: =IF(I21="", "", IF(LEFT(I21, FIND("-", I21)-1)*1 > MID(I21, FIND("-", I21)+1, LEN(I21))*1, H29, H13)) -> MSJ 1
F43: =IF(E13="", "", IF(LEFT(E13, FIND("-", E13)-1)*1 > MID(E13, FIND("-", E13)+1, LEN(E13))*1, D17, D9)) -> Basis Silicon Valley
D45: =IF(C9="", "", IF(LEFT(C9, FIND("-", C9)-1)*1 > MID(C9, FIND("-", C9)+1, LEN(C9))*1, B11, B7)) -> Iolani 1 | G45: 8-80 | H45: =IF(G45="", "", IF(LEFT(G45, FIND("-", G45)-1)*1 > MID(G45, FIND("-", G45)+1, LEN(G45))*1, F43, F47)) -> Lexington | K45: 60-58 | L45: =IF(K45="", "", IF(LEFT(K45, FIND("-", K45)-1)*1 > MID(K45, FIND("-", K45)+1, LEN(K45))*1, J41, J49)) -> MSJ 1
G46: Room 3 | K46: Stage | O46: Stage | P46: Champions
E47: 40-84 | F47: =IF(E47="", "", IF(LEFT(E47, FIND("-", E47)-1)*1 > MID(E47, FIND("-", E47)+1, LEN(E47))*1, D45, D49)) -> Lexington
E48: Room 3
D49: =IF(C17="", "", IF(LEFT(C17, FIND("-", C17)-1)*1 > MID(C17, FIND("-", C17)+1, LEN(C17))*1, B19, B15)) -> Lexington | I49: 56-52 | J49: =IF(I49="", "", IF(LEFT(I49, FIND("-", I49)-1)*1 > MID(I49, FIND("-", I49)+1, LEN(I49))*1, H45, H53)) -> Lexington
I50: Room 3
F51: =IF(E29="", "", IF(LEFT(E29, FIND("-", E29)-1)*1 > MID(E29, FIND("-", E29)+1, LEN(E29))*1, D33, D25)) -> Evergreen 1
D53: =IF(C25="", "", IF(LEFT(C25, FIND("-", C25)-1)*1 > MID(C25, FIND("-", C25)+1, LEN(C25))*1, B27, B23)) -> Interlake | G53: 42-90 | H53: =IF(G53="", "", IF(LEFT(G53, FIND("-", G53)-1)*1 > MID(G53, FIND("-", G53)+1, LEN(G53))*1, F51, F55)) -> Interlake
G54: Room 4
E55: 96-84 | F55: =IF(E55="", "", IF(LEFT(E55, FIND("-", E55)-1)*1 > MID(E55, FIND("-", E55)+1, LEN(E55))*1, D53, D57)) -> Interlake
E56: Room 4
D57: =IF(C33="", "", IF(LEFT(C33, FIND("-", C33)-1)*1 > MID(C33, FIND("-", C33)+1, LEN(C33))*1, B35, B31)) -> Dulles 1 | N57: Loser (if necessary)

Sheet Field
A1: Team | B1: Paid Fee | C1: All members in Discord | D1: Confirmed
A2: ASFA | B2: No | C2: No | D2: Yes | F2: For all members column, once all members are in the discord one member should dm a mod with your school name
A3: James Clemens | B3: Yes | C3: No | D3: Yes
A4: Iolani 1 | B4: Yes | C4: Yes | D4: Yes
A5: Iolani 2 | B5: Yes | C5: Yes | D5: Yes
A6: Thomas Jefferson 1 | B6: Yes | C6: No | D6: Yes
A7: Evergreen 1 | B7: Yes | C7: No | D7: Yes
A8: Dulles 1 | B8: Yes | C8: Yes | D8: Yes
A9: Dulles 2 | B9: Yes | C9: Yes | D9: Yes
A10: Canyon Crest 1 | B10: Yes | C10: No | D10: Yes
A11: Mission San Jose 1 | B11: Yes | C11: No | D11: Yes
A12: Mission San Jose 2 | B12: Yes | C12: No | D12: Yes
A13: Collierville 1 | B13: Yes | C13: Yes | D13: Yes
A14: Collierville 2 | B14: Yes | C14: No | D14: Yes
... A22: AIOB | B22: No | C22: No | D22: Yes

Sheet RR Overall
B1: games | C1: tuh | D1: buzzes | E1: correct | F1: negs | G1: ppg | H1: npg | I1: accuracy
A2: Kevin Q [AIOB] | B2: 3 | C2: 24 | D2: 44 | E2: 28 | F2: 7 | G2: 28 | H2: 2.33 | I2: 63.64
A3: Kian D [Blair A] | B3: 4 | C3: 32 | D3: 33 | E3: 28 | F3: 3 | G3: 25 | H3: 0.75 | I3: 84.85
A4: Rohan G [Blair A] | B4: 4 | C4: 32 | D4: 50 | E4: 31 | F4: 9 | G4: 22 | H4: 2.25 | I4: 62
A5: Lucas Q [BASIS Silicon Valley] | B5: 4 | C5: 32 | D5: 43 | E5: 24 | F5: 5 | G5: 19 | H5: 1.25 | I5: 55.81
A6: Ryan E [Iolani] | B6: 4 | C6: 32 | D6: 36 | E6: 22 | F6: 4 | G6: 18 | H6: 1 | I6: 61.11
A7: Neyan S [James Clemens] | B7: 3 | C7: 24 | D7: 23 | E7: 15 | F7: 3 | G7: 16 | H7: 1 | I7: 65.22
A8: Aaryan S [TJ A] | B8: 4 | C8: 32 | D8: 47 | E8: 24 | F8: 9 | G8: 15 | H8: 2.25 | I8: 51.06
A9: Mahith G [Dulles 1] | B9: 4 | C9: 32 | D9: 32 | E9: 19 | F9: 4 | G9: 15 | H9: 1 | I9: 59.38
A10: Roshan A [MSJ 1] | B10: 3 | C10: 24 | D10: 14 | E10: 12 | F10: 1 | G10: 14.67 | H10: 0.33 | I10: 85.71
A11: Daniel Y [Iolani 2] | B11: 2 | C11: 16 | D11: 28 | E11: 7 | F11: 0 | G11: 14 | H11: 0 | I11: 25
A12: Akhil B [Interlake] | B12: 4 | C12: 32 | D12: 27 | E12: 15 | F12: 4 | G12: 11 | H12: 1 | I12: 55.56
A13: Daniel L [Interlake] | B13: 4 | C13: 32 | D13: 34 | E13: 17 | F13: 6 | G13: 11 | H13: 1.5 | I13: 50
... A82: Saamik A [Evergreen] | B82: 3 | C82: 24 | D82: 9 | E82: 2 | F82: 3 | G82: -1.33 | H82: 1 | I82: 22.22

Sheet RR Energy
B1: games | C1: tuh | D1: buzzes | E1: correct | F1: negs | G1: ppg | H1: npg | I1: accuracy
A2: Kevin Q [AIOB] | B2: 3 | C2: 12 | D2: 8 | E2: 5 | F2: 0 | G2: 6.67 | H2: 0 | I2: 62.5
A3: Mahith G [Dulles 1] | B3: 4 | C3: 16 | D3: 7 | E3: 5 | F3: 0 | G3: 5 | H3: 0 | I3: 71.43
A4: Kian D [Blair A] | B4: 4 | C4: 16 | D4: 5 | E4: 5 | F4: 0 | G4: 5 | H4: 0 | I4: 100
A5: Neyan S [James Clemens] | B5: 3 | C5: 12 | D5: 5 | E5: 3 | F5: 0 | G5: 4 | H5: 0 | I5: 60
A6: Monish S [WWPS] | B6: 4 | C6: 16 | D6: 5 | E6: 4 | F6: 0 | G6: 4 | H6: 0 | I6: 80
A7: Daniel Y [Iolani 2] | B7: 2 | C7: 8 | D7: 5 | E7: 2 | F7: 0 | G7: 4 | H7: 0 | I7: 40
A8: Sean Y [CCA] | B8: 4 | C8: 16 | D8: 5 | E8: 3 | F8: 0 | G8: 3 | H8: 0 | I8: 60
A9: Aaryan S [TJ A] | B9: 4 | C9: 16 | D9: 9 | E9: 6 | F9: 3 | G9: 3 | H9: 0.75 | I9: 66.67
A10: Parthiv N [Collierville A] | B10: 4 | C10: 16 | D10: 4 | E10: 3 | F10: 0 | G10: 3 | H10: 0 | I10: 75
A11: Lucas Q [BASIS Silicon Valley] | B11: 4 | C11: 16 | D11: 6 | E11: 4 | F11: 1 | G11: 3 | H11: 0.25 | I11: 66.67
A12: Colin L [Amador] | B12: 3 | C12: 12 | D12: 3 | E12: 2 | F12: 0 | G12: 2.67 | H12: 0 | I12: 66.67
A13: Alex C [Dulles 2] | B13: 3 | C13: 12 | D13: 3 | E13: 2 | F13: 0 | G13: 2.67 | H13: 0 | I13: 66.67
... A81: Advai S [MSJ 2] | B81: 4 | C81: 16 | D81: 3 | E81: 0 | F81: 3 | G81: -3 | H81: 0.75 | I81: 0

Sheet RR ESS
B1: games | C1: tuh | D1: buzzes | E1: correct | F1: negs | G1: ppg | H1: npg | I1: accuracy
A2: Roshan A [MSJ 1] | B2: 3 | C2: 12 | D2: 11 | E2: 10 | F2: 0 | G2: 13.33 | H2: 0 | I2: 90.91
A3: Ryan E [Iolani] | B3: 4 | C3: 16 | D3: 9 | E3: 9 | F3: 0 | G3: 9 | H3: 0 | I3: 100
A4: Flora J [CCA] | B4: 4 | C4: 16 | D4: 13 | E4: 10 | F4: 2 | G4: 8 | H4: 0.5 | I4: 76.92
A5: Samarth J [Amador Valley] | B5: 4 | C5: 16 | D5: 9 | E5: 7 | F5: 1 | G5: 6 | H5: 0.25 | I5: 77.78
A6: Aastik B [Dulles 1] | B6: 4 | C6: 16 | D6: 13 | E6: 8 | F6: 3 | G6: 5 | H6: 0.75 | I6: 61.54
A7: Alex C [Dulles 2] | B7: 3 | C7: 12 | D7: 5 | E7: 3 | F7: 0 | G7: 4 | H7: 0 | I7: 60
A8: Krish P [Dulles 2] | B8: 2 | C8: 8 | D8: 2 | E8: 2 | F8: 0 | G8: 4 | H8: 0 | I8: 100
A9: Shreyas E [Lexington] | B9: 4 | C9: 16 | D9: 8 | E9: 6 | F9: 2 | G9: 4 | H9: 0.5 | I9: 75
A10: Suzuko O [noho] | B10: 4 | C10: 16 | D10: 7 | E10: 5 | F10: 1 | G10: 4 | H10: 0.25 | I10: 71.43
A11: Luyao Y [AIOB] | B11: 4 | C11: 16 | D11: 7 | E11: 5 | F11: 1 | G11: 4 | H11: 0.25 | I11: 71.43
A12: Akhil B [Interlake] | B12: 4 | C12: 16 | D12: 10 | E12: 6 | F12: 2 | G12: 4 | H12: 0.5 | I12: 60
A13: andy | B13: 1 | C13: 4 | D13: 1 | E13: 1 | F13: 0 | G13: 4 | H13: 0 | I13: 100
... A80: Michelle L [BASIS Silicon Valley] | B80: 4 | C80: 16 | D80: 0 | E80: 0 | F80: 0 | G80: 0 | H80: 0 | I80: 0

Sheet RR Math
B1: games | C1: tuh | D1: buzzes | E1: correct | F1: negs | G1: ppg | H1: npg | I1: accuracy
A2: Rohan G [Blair A] | B2: 4 | C2: 16 | D2: 15 | E2: 9 | F2: 2 | G2: 7 | H2: 0.5 | I2: 60
A3: Mahith G [Dulles 1] | B3: 4 | C3: 16 | D3: 11 | E3: 6 | F3: 0 | G3: 6 | H3: 0 | I3: 54.55
A4: Minghao G [Noho] | B4: 4 | C4: 16 | D4: 13 | E4: 7 | F4: 1 | G4: 6 | H4: 0.25 | I4: 53.85
A5: Neyan S [James Clemens] | B5: 3 | C5: 12 | D5: 8 | E5: 5 | F5: 1 | G5: 5.33 | H5: 0.33 | I5: 62.5
A6: Sola M [Iolani] | B6: 4 | C6: 16 | D6: 10 | E6: 5 | F6: 0 | G6: 5 | H6: 0 | I6: 50
A7: Rishabh K [TJ A] | B7: 4 | C7: 16 | D7: 9 | E7: 5 | F7: 0 | G7: 5 | H7: 0 | I7: 55.56
A8: Lucas Q [BASIS Silicon Valley] | B8: 4 | C8: 16 | D8: 11 | E8: 6 | F8: 1 | G8: 5 | H8: 0.25 | I8: 54.55
A9: andy | B9: 1 | C9: 4 | D9: 2 | E9: 1 | F9: 0 | G9: 4 | H9: 0 | I9: 50
A10: Daniel L [Interlake] | B10: 4 | C10: 16 | D10: 6 | E10: 4 | F10: 0 | G10: 4 | H10: 0 | I10: 66.67
A11: Kevin Q [AIOB] | B11: 3 | C11: 12 | D11: 10 | E11: 6 | F11: 3 | G11: 4 | H11: 1 | I11: 60
A12: Ruikang W [Amador] | B12: 4 | C12: 16 | D12: 10 | E12: 4 | F12: 1 | G12: 3 | H12: 0.25 | I12: 40
A13: Alex C [Dulles 2] | B13: 3 | C13: 12 | D13: 4 | E13: 2 | F13: 0 | G13: 2.67 | H13: 0 | I13: 50
... A80: Saahil D [Evergreen] | B80: 3 | C80: 12 | D80: 3 | E80: 0 | F80: 2 | G80: -2.67 | H80: 0.67 | I80: 0

Sheet RR Physics
B1: games | C1: tuh | D1: buzzes | E1: correct | F1: negs | G1: ppg | H1: npg | I1: accuracy
A2: Lucas Q [BASIS Silicon Valley] | B2: 4 | C2: 16 | D2: 12 | E2: 8 | F2: 1 | G2: 7 | H2: 0.25 | I2: 66.67
A3: Owen [Lexington] | B3: 4 | C3: 16 | D3: 8 | E3: 6 | F3: 0 | G3: 6 | H3: 0 | I3: 75
A4: Daniel L [Interlake] | B4: 4 | C4: 16 | D4: 11 | E4: 7 | F4: 1 | G4: 6 | H4: 0.25 | I4: 63.64
A5: Advaith M [MSJ A] | B5: 2 | C5: 8 | D5: 3 | E5: 3 | F5: 0 | G5: 6 | H5: 0 | I5: 100
A6: Charles H [North Hollywood A] | B6: 3 | C6: 12 | D6: 4 | E6: 4 | F6: 0 | G6: 5.33 | H6: 0 | I6: 100
A7: Rohan G [Blair A] | B7: 4 | C7: 16 | D7: 11 | E7: 6 | F7: 1 | G7: 5 | H7: 0.25 | I7: 54.55
A8: Colin L [Amador] | B8: 3 | C8: 12 | D8: 5 | E8: 3 | F8: 0 | G8: 4 | H8: 0 | I8: 60
A9: Ryan E [Iolani] | B9: 4 | C9: 16 | D9: 13 | E9: 7 | F9: 3 | G9: 4 | H9: 0.75 | I9: 53.85
A10: Kevin Q [AIOB] | B10: 3 | C10: 12 | D10: 6 | E10: 4 | F10: 1 | G10: 4 | H10: 0.33 | I10: 66.67
A11: Monish S [WWPS] | B11: 4 | C11: 16 | D11: 4 | E11: 3 | F11: 0 | G11: 3 | H11: 0 | I11: 75
A12: Parthiv N [Collierville A] | B12: 4 | C12: 16 | D12: 4 | E12: 3 | F12: 0 | G12: 3 | H12: 0 | I12: 75
A13: Praneel A [James Clemens] | B13: 3 | C13: 12 | D13: 8 | E13: 4 | F13: 2 | G13: 2.67 | H13: 0.67 | I13: 50
... A80: andy | B80: 1 | C80: 4 | D80: 1 | E80: 0 | F80: 1 | G80: -4 | H80: 1 | I80: 0

Sheet RR Chemistry
B1: games | C1: tuh | D1: buzzes | E1: correct | F1: negs | G1: ppg | H1: npg | I1: accuracy
A2: Kian D [Blair A] | B2: 4 | C2: 16 | D2: 13 | E2: 11 | F2: 1 | G2: 10 | H2: 0.25 | I2: 84.62
A3: Kevin Q [AIOB] | B3: 3 | C3: 12 | D3: 10 | E3: 7 | F3: 1 | G3: 8 | H3: 0.33 | I3: 70
A4: Min S [Iolani] | B4: 4 | C4: 16 | D4: 7 | E4: 7 | F4: 0 | G4: 7 | H4: 0 | I4: 100
A5: Aaryan S [TJ A] | B5: 4 | C5: 16 | D5: 15 | E5: 7 | F5: 1 | G5: 6 | H5: 0.25 | I5: 46.67
A6: Neyan S [James Clemens] | B6: 3 | C6: 12 | D6: 7 | E6: 5 | F6: 1 | G6: 5.33 | H6: 0.33 | I6: 71.43
A7: Daniel Y [Iolani 2] | B7: 2 | C7: 8 | D7: 5 | E7: 2 | F7: 0 | G7: 4 | H7: 0 | I7: 40
A8: William J [Lexington] | B8: 4 | C8: 16 | D8: 7 | E8: 5 | F8: 1 | G8: 4 | H8: 0.25 | I8: 71.43
A9: Sanjay O [WWPS] | B9: 4 | C9: 16 | D9: 14 | E9: 7 | F9: 4 | G9: 3 | H9: 1 | I9: 50
A10: Parthiv N [Collierville A] | B10: 4 | C10: 16 | D10: 7 | E10: 3 | F10: 0 | G10: 3 | H10: 0 | I10: 42.86
A11: Connor Z [noho] | B11: 4 | C11: 16 | D11: 16 | E11: 8 | F11: 6 | G11: 2 | H11: 1.5 | I11: 50
A12: Rohan G [Blair A] | B12: 4 | C12: 16 | D12: 2 | E12: 2 | F12: 0 | G12: 2 | H12: 0 | I12: 100
A13: Owen [Lexington] | B13: 4 | C13: 16 | D13: 3 | E13: 2 | F13: 0 | G13: 2 | H13: 0 | I13: 66.67
... A82: Theenash S [MSJ A] | B82: 3 | C82: 12 | D82: 10 | E82: 3 | F82: 6 | G82: -4 | H82: 2 | I82: 30

Sheet RR Biology
B1: games | C1: tuh | D1: buzzes | E1: correct | F1: negs | G1: ppg | H1: npg | I1: accuracy
A2: Saahil D [Evergreen] | B2: 3 | C2: 12 | D2: 8 | E2: 7 | F2: 0 | G2: 9.33 | H2: 0 | I2: 87.5
A3: Kian D [Blair A] | B3: 4 | C3: 16 | D3: 9 | E3: 8 | F3: 1 | G3: 7 | H3: 0.25 | I3: 88.89
A4: Ronuk G [Dulles 1] | B4: 4 | C4: 16 | D4: 8 | E4: 7 | F4: 0 | G4: 7 | H4: 0 | I4: 87.5
A5: Theenash S [MSJ A] | B5: 3 | C5: 12 | D5: 10 | E5: 7 | F5: 2 | G5: 6.67 | H5: 0.67 | I5: 70
A6: Rohan G [Blair A] | B6: 4 | C6: 16 | D6: 6 | E6: 6 | F6: 0 | G6: 6 | H6: 0 | I6: 100
A7: Maxwell Z [MSJ 2] | B7: 3 | C7: 12 | D7: 6 | E7: 4 | F7: 0 | G7: 5.33 | H7: 0 | I7: 66.67
A8: Allen [Lexington] | B8: 4 | C8: 16 | D8: 9 | E8: 7 | F8: 2 | G8: 5 | H8: 0.5 | I8: 77.78
A9: Suzuko O [noho] | B9: 4 | C9: 16 | D9: 10 | E9: 7 | F9: 2 | G9: 5 | H9: 0.5 | I9: 70
A10: Dhairya M [WWPS] | B10: 4 | C10: 16 | D10: 8 | E10: 5 | F10: 1 | G10: 4 | H10: 0.25 | I10: 62.5
A11: Daniel Y [Iolani 2] | B11: 2 | C11: 8 | D11: 6 | E11: 2 | F11: 0 | G11: 4 | H11: 0 | I11: 33.33
A12: Kevin Q [AIOB] | B12: 3 | C12: 12 | D12: 9 | E12: 5 | F12: 2 | G12: 4 | H12: 0.67 | I12: 55.56
A13: Akhil B [Interlake] | B13: 4 | C13: 16 | D13: 7 | E13: 5 | F13: 1 | G13: 4 | H13: 0.25 | I13: 71.43
... A81: Krish P [Dulles 2] | B81: 2 | C81: 8 | D81: 3 | E81: 0 | F81: 1 | G81: -2 | H81: 0.5 | I81: 0

Sheet overall
B1: games | C1: tuh | D1: buzzes | E1: correct | F1: negs | G1: ppg | H1: npg | I1: accuracy
A2: Akhil B [Interlake] | B2: 4 | C2: 32 | D2: 34 | E2: 25 | F2: 0 | G2: 25 | H2: 0 | I2: 73.53
A3: Rohan G [blair a] | B3: 3 | C3: 24 | D3: 31 | E3: 19 | F3: 6 | G3: 17.33 | H3: 2 | I3: 61.29
A4: Kian D [Blair A] | B4: 4 | C4: 32 | D4: 45 | E4: 24 | F4: 7 | G4: 17 | H4: 1.75 | I4: 53.33
A5: Aditya P [Dulles 1] | B5: 2 | C5: 16 | D5: 16 | E5: 10 | F5: 2 | G5: 16 | H5: 1 | I5: 62.5
A6: McNair S [Interlake] | B6: 3 | C6: 24 | D6: 22 | E6: 12 | F6: 3 | G6: 12 | H6: 1 | I6: 54.55
A7: William J [Lexington] | B7: 5 | C7: 40 | D7: 26 | E7: 16 | F7: 4 | G7: 9.6 | H7: 0.8 | I7: 61.54
A8: Lucas Q [BASIS Silicon Valley] | B8: 3 | C8: 24 | D8: 30 | E8: 10 | F8: 3 | G8: 9.33 | H8: 1 | I8: 33.33
A9: Dhruv S[Dulles 1] | B9: 1 | C9: 8 | D9: 3 | E9: 2 | F9: 0 | G9: 8 | H9: 0 | I9: 66.67
A10: Theenash S [MSJ] | B10: 4 | C10: 32 | D10: 36 | E10: 19 | F10: 11 | G10: 8 | H10: 2.75 | I10: 52.78
A11: Kevin Q [Evergreen] | B11: 2 | C11: 16 | D11: 10 | E11: 6 | F11: 2 | G11: 8 | H11: 1 | I11: 60
A12: Shreyas E [Lexington] | B12: 5 | C12: 40 | D12: 32 | E12: 16 | F12: 7 | G12: 7.2 | H12: 1.4 | I12: 50
A13: Larry Z [BASIS Silicon Valley] | B13: 3 | C13: 24 | D13: 6 | E13: 5 | F13: 0 | G13: 6.67 | H13: 0 | I13: 83.33
... A45: Alex Z [Interlake] | B45: 1 | C45: 8 | D45: 1 | E45: 0 | F45: 1 | G45: -4 | H45: 1 | I45: 0

Sheet energy
B1: games | C1: tuh | D1: buzzes | E1: correct | F1: negs | G1: ppg | H1: npg | I1: accuracy
A2: McNair S [Interlake] | B2: 3 | C2: 12 | D2: 4 | E2: 3 | F2: 0 | G2: 4 | H2: 0 | I2: 75
A3: Akhil B [Interlake] | B3: 4 | C3: 16 | D3: 4 | E3: 4 | F3: 0 | G3: 4 | H3: 0 | I3: 100
A4: Ryan E [Iolani A] | B4: 2 | C4: 8 | D4: 3 | E4: 2 | F4: 0 | G4: 4 | H4: 0 | I4: 66.67
A5: Saahil D [Evergreen] | B5: 3 | C5: 12 | D5: 3 | E5: 2 | F5: 0 | G5: 2.67 | H5: 0 | I5: 66.67
A6: Aditya P [Dulles 1] | B6: 2 | C6: 8 | D6: 3 | E6: 2 | F6: 1 | G6: 2 | H6: 0.5 | I6: 66.67
A7: Kevin Q [Evergreen] | B7: 2 | C7: 8 | D7: 1 | E7: 1 | F7: 0 | G7: 2 | H7: 0 | I7: 100
A8: Aaron C [BASIS Silicon Valley] | B8: 3 | C8: 12 | D8: 1 | E8: 1 | F8: 0 | G8: 1.33 | H8: 0 | I8: 100
A9: Lucas Q [BASIS Silicon Valley] | B9: 3 | C9: 12 | D9: 6 | E9: 2 | F9: 1 | G9: 1.33 | H9: 0.33 | I9: 33.33
A10: Yash N [Evergreen] | B10: 3 | C10: 12 | D10: 2 | E10: 1 | F10: 0 | G10: 1.33 | H10: 0 | I10: 50
A11: Rohan G [blair a] | B11: 3 | C11: 12 | D11: 4 | E11: 2 | F11: 1 | G11: 1.33 | H11: 0.33 | I11: 50
A12: Kian D [Blair A] | B12: 4 | C12: 16 | D12: 5 | E12: 2 | F12: 1 | G12: 1 | H12: 0.25 | I12: 40
A13: Rohan G [Blair A] | B13: 1 | C13: 4 | D13: 0 | E13: 0 | F13: 0 | G13: 0 | H13: 0 | I13: 0
... A45: Alex Z [Interlake] | B45: 1 | C45: 4 | D45: 1 | E45: 0 | F45: 1 | G45: -4 | H45: 1 | I45: 0

Sheet ess
B1: games | C1: tuh | D1: buzzes | E1: correct | F1: negs | G1: ppg | H1: npg | I1: accuracy
A2: Roshan A [MSJ A] | B2: 5 | C2: 20 | D2: 18 | E2: 12 | F2: 4 | G2: 6.4 | H2: 0.8 | I2: 66.67
A3: Rohan G [blair a] | B3: 3 | C3: 12 | D3: 6 | E3: 5 | F3: 1 | G3: 5.33 | H3: 0.33 | I3: 83.33
A4: Akhil B [Interlake] | B4: 4 | C4: 16 | D4: 5 | E4: 5 | F4: 0 | G4: 5 | H4: 0 | I4: 100
A5: Shreyas E [Lexington] | B5: 5 | C5: 20 | D5: 15 | E5: 8 | F5: 4 | G5: 3.2 | H5: 0.8 | I5: 53.33
A6: Aaron C [BASIS Silicon Valley] | B6: 3 | C6: 12 | D6: 8 | E6: 3 | F6: 1 | G6: 2.67 | H6: 0.33 | I6: 37.5
A7: Reyansh R [Evergreen] | B7: 3 | C7: 12 | D7: 2 | E7: 2 | F7: 0 | G7: 2.67 | H7: 0 | I7: 100
A8: Aastik B [Dulles 1] | B8: 2 | C8: 8 | D8: 5 | E8: 2 | F8: 1 | G8: 2 | H8: 0.5 | I8: 40
A9: Kian D [Blair A] | B9: 4 | C9: 16 | D9: 7 | E9: 3 | F9: 1 | G9: 2 | H9: 0.25 | I9: 42.86
A10: Kevin Q [Evergreen] | B10: 2 | C10: 8 | D10: 1 | E10: 1 | F10: 0 | G10: 2 | H10: 0 | I10: 100
A11: Ayden L [Interlake] | B11: 3 | C11: 12 | D11: 1 | E11: 1 | F11: 0 | G11: 1.33 | H11: 0 | I11: 100
A12: Saahil D [Evergreen] | B12: 3 | C12: 12 | D12: 2 | E12: 1 | F12: 0 | G12: 1.33 | H12: 0 | I12: 50
A13: Advai S [Interlake] | B13: 4 | C13: 16 | D13: 5 | E13: 3 | F13: 2 | G13: 1 | H13: 0.5 | I13: 60
... A45: Yash N [Evergreen] | B45: 3 | C45: 12 | D45: 3 | E45: 0 | F45: 2 | G45: -2.67 | H45: 0.67 | I45: 0

Sheet math
B1: games | C1: tuh | D1: buzzes | E1: correct | F1: negs | G1: ppg | H1: npg | I1: accuracy
A2: Rohan G [blair a] | B2: 3 | C2: 12 | D2: 12 | E2: 10 | F2: 1 | G2: 12 | H2: 0.33 | I2: 83.33
A3: Sola M [Iolani] | B3: 2 | C3: 8 | D3: 2 | E3: 2 | F3: 0 | G3: 4 | H3: 0 | I3: 100
A4: McNair S [Interlake] | B4: 3 | C4: 12 | D4: 7 | E4: 5 | F4: 2 | G4: 4 | H4: 0.67 | I4: 71.43
A5: Saamik A [Evergreen] | B5: 1 | C5: 4 | D5: 3 | E5: 1 | F5: 0 | G5: 4 | H5: 0 | I5: 33.33
A6: Kevin Q [Evergreen] | B6: 2 | C6: 8 | D6: 3 | E6: 2 | F6: 0 | G6: 4 | H6: 0 | I6: 66.67
A7: Keisuke K [Iolani A] | B7: 1 | C7: 4 | D7: 1 | E7: 1 | F7: 0 | G7: 4 | H7: 0 | I7: 100
A8: Dhruv S[Dulles 1] | B8: 1 | C8: 4 | D8: 1 | E8: 1 | F8: 0 | G8: 4 | H8: 0 | I8: 100
A9: Shreyas E [Lexington] | B9: 5 | C9: 20 | D9: 12 | E9: 6 | F9: 1 | G9: 4 | H9: 0.2 | I9: 50
A10: ra9pzwk404 | B10: 1 | C10: 4 | D10: 1 | E10: 1 | F10: 0 | G10: 4 | H10: 0 | I10: 100
A11: Adavith M [MSJ A] | B11: 1 | C11: 4 | D11: 3 | E11: 2 | F11: 1 | G11: 4 | H11: 1 | I11: 66.67
A12: Lucas Q [BASIS Silicon Valley] | B12: 3 | C12: 12 | D12: 6 | E12: 2 | F12: 0 | G12: 2.67 | H12: 0 | I12: 33.33
A13: Kian D [Blair A] | B13: 4 | C13: 16 | D13: 5 | E13: 3 | F13: 1 | G13: 2 | H13: 0.25 | I13: 60
... A45: Dhruv S [Dulles 1] | B45: 1 | C45: 4 | D45: 1 | E45: 0 | F45: 1 | G45: -4 | H45: 1 | I45: 0

Sheet physics
B1: games | C1: tuh | D1: buzzes | E1: correct | F1: negs | G1: ppg | H1: npg | I1: accuracy
A2: Lucas Q [BASIS Silicon Valley] | B2: 3 | C2: 12 | D2: 10 | E2: 4 | F2: 1 | G2: 4 | H2: 0.33 | I2: 40
A3: Owen [Lexington] | B3: 5 | C3: 20 | D3: 10 | E3: 5 | F3: 1 | G3: 3.2 | H3: 0.2 | I3: 50
A4: Akhil B [Interlake] | B4: 4 | C4: 16 | D4: 7 | E4: 3 | F4: 0 | G4: 3 | H4: 0 | I4: 42.86
A5: McNair S [Interlake] | B5: 3 | C5: 12 | D5: 7 | E5: 3 | F5: 1 | G5: 2.67 | H5: 0.33 | I5: 42.86
A6: Ryan E [Iolani A] | B6: 2 | C6: 8 | D6: 4 | E6: 1 | F6: 0 | G6: 2 | H6: 0 | I6: 25
A7: Aditya P [Dulles 1] | B7: 2 | C7: 8 | D7: 4 | E7: 1 | F7: 0 | G7: 2 | H7: 0 | I7: 25
A8: Rohan G [blair a] | B8: 3 | C8: 12 | D8: 5 | E8: 1 | F8: 0 | G8: 1.33 | H8: 0 | I8: 20
A9: Saahil D [Evergreen] | B9: 3 | C9: 12 | D9: 5 | E9: 2 | F9: 1 | G9: 1.33 | H9: 0.33 | I9: 40
A10: Kian D [Blair A] | B10: 4 | C10: 16 | D10: 7 | E10: 2 | F10: 1 | G10: 1 | H10: 0.25 | I10: 28.57
A11: Rutvik Arora [MSJ A] | B11: 4 | C11: 16 | D11: 7 | E11: 3 | F11: 2 | G11: 1 | H11: 0.5 | I11: 42.86
A12: William J [Lexington] | B12: 5 | C12: 20 | D12: 2 | E12: 1 | F12: 0 | G12: 0.8 | H12: 0 | I12: 50
A13: Aaron C [BASIS Silicon Valley] | B13: 3 | C13: 12 | D13: 0 | E13: 0 | F13: 0 | G13: 0 | H13: 0 | I13: 0
... A45: Roshan A [MSJ A] | B45: 5 | C45: 20 | D45: 6 | E45: 1 | F45: 3 | G45: -1.6 | H45: 0.6 | I45: 16.67

Sheet chemistry
B1: games | C1: tuh | D1: buzzes | E1: correct | F1: negs | G1: ppg | H1: npg | I1: accuracy
A2: Aditya P [Dulles 1] | B2: 2 | C2: 8 | D2: 5 | E2: 5 | F2: 0 | G2: 10 | H2: 0 | I2: 100
A3: William J [Lexington] | B3: 5 | C3: 20 | D3: 13 | E3: 10 | F3: 1 | G3: 7.2 | H3: 0.2 | I3: 76.92
A4: Kian D [Blair A] | B4: 4 | C4: 16 | D4: 10 | E4: 8 | F4: 1 | G4: 7 | H4: 0.25 | I4: 80
A5: Akhil B [Interlake] | B5: 4 | C5: 16 | D5: 10 | E5: 5 | F5: 0 | G5: 5 | H5: 0 | I5: 50
A6: Theenash S [MSJ] | B6: 4 | C6: 16 | D6: 15 | E6: 9 | F6: 5 | G6: 4 | H6: 1.25 | I6: 60
A7: Anish A [MSJ 1] | B7: 3 | C7: 12 | D7: 3 | E7: 3 | F7: 0 | G7: 4 | H7: 0 | I7: 100
A8: Owen [Lexington] | B8: 5 | C8: 20 | D8: 2 | E8: 2 | F8: 0 | G8: 1.6 | H8: 0 | I8: 100
A9: Reyansh R [Evergreen] | B9: 3 | C9: 12 | D9: 1 | E9: 1 | F9: 0 | G9: 1.33 | H9: 0 | I9: 100
A10: Lucas Q [BASIS Silicon Valley] | B10: 3 | C10: 12 | D10: 7 | E10: 2 | F10: 1 | G10: 1.33 | H10: 0.33 | I10: 28.57
A11: Shreyas E [Lexington] | B11: 5 | C11: 20 | D11: 1 | E11: 1 | F11: 0 | G11: 0.8 | H11: 0 | I11: 100
A12: Ryan E [Iolani A] | B12: 2 | C12: 8 | D12: 0 | E12: 0 | F12: 0 | G12: 0 | H12: 0 | I12: 0
A13: Rohan G [Blair A] | B13: 1 | C13: 4 | D13: 2 | E13: 1 | F13: 1 | G13: 0 | H13: 1 | I13: 50
... A45: Min S [Iolani] | B45: 2 | C45: 8 | D45: 1 | E45: 0 | F45: 1 | G45: -2 | H45: 0.5 | I45: 0

Sheet biology
B1: games | C1: tuh | D1: buzzes | E1: correct | F1: negs | G1: ppg | H1: npg | I1: accuracy
A2: Akhil B [Interlake] | B2: 4 | C2: 16 | D2: 7 | E2: 7 | F2: 0 | G2: 7 | H2: 0 | I2: 100
A3: Larry Z [BASIS Silicon Valley] | B3: 3 | C3: 12 | D3: 6 | E3: 5 | F3: 0 | G3: 6.67 | H3: 0 | I3: 83.33
A4: Ronuk G [Dulles 1] | B4: 2 | C4: 8 | D4: 3 | E4: 3 | F4: 0 | G4: 6 | H4: 0 | I4: 100
A5: Theenash S [MSJ] | B5: 4 | C5: 16 | D5: 15 | E5: 9 | F5: 4 | G5: 5 | H5: 1 | I5: 60
A6: Kian D [Blair A] | B6: 4 | C6: 16 | D6: 11 | E6: 6 | F6: 2 | G6: 4 | H6: 0.5 | I6: 54.55
A7: Dhruv S[Dulles 1] | B7: 1 | C7: 4 | D7: 1 | E7: 1 | F7: 0 | G7: 4 | H7: 0 | I7: 100
A8: Dhruv S [Dulles 1] | B8: 1 | C8: 4 | D8: 1 | E8: 1 | F8: 0 | G8: 4 | H8: 0 | I8: 100
A9: Min S [Iolani] | B9: 2 | C9: 8 | D9: 2 | E9: 2 | F9: 0 | G9: 4 | H9: 0 | I9: 100
A10: Owen B [Iolani] | B10: 2 | C10: 8 | D10: 2 | E10: 1 | F10: 0 | G10: 2 | H10: 0 | I10: 50
A11: Anish A [MSJ 1] | B11: 3 | C11: 12 | D11: 1 | E11: 1 | F11: 0 | G11: 1.33 | H11: 0 | I11: 100
A12: McNair S [Interlake] | B12: 3 | C12: 12 | D12: 3 | E12: 1 | F12: 0 | G12: 1.33 | H12: 0 | I12: 33.33
A13: William J [Lexington] | B13: 5 | C13: 20 | D13: 7 | E13: 3 | F13: 2 | G13: 0.8 | H13: 0.4 | I13: 42.86
... A45: Rohan G [blair a] | B45: 3 | C45: 12 | D45: 2 | E45: 0 | F45: 2 | G45: -2.67 | H45: 0.67 | I45: 0
