Workbook

Sheet Games
A1: id | B1: roundNum | C1: roomId | D1: teamAId | E1: teamBId | F1: scoreA | G1: scoreB | H1: createdAt | I1: updatedAt
A2: 177 | B2: 1 | C2: 32 | D2: 11 | E2: 15 | F2: 136 | G2: 138 | H2: 2023-02-04 16:34:16.205+00 | I2: 2023-02-04 16:34:16.205+00
A3: 178 | B3: 1 | C3: 27 | D3: 18 | E3: 39 | F3: 18 | G3: 198 | H3: 2023-02-04 16:36:04.378+00 | I3: 2023-02-04 16:36:04.378+00
A4: 179 | B4: 1 | C4: 33 | D4: 25 | E4: 37 | F4: 212 | G4: 26 | H4: 2023-02-04 16:36:36.508+00 | I4: 2023-02-04 16:36:36.508+00
A5: 180 | B5: 1 | C5: 29 | D5: 12 | E5: 19 | F5: 178 | G5: 8 | H5: 2023-02-04 16:37:50.262+00 | I5: 2023-02-04 16:37:50.262+00
A6: 181 | B6: 1 | C6: 15 | D6: 29 | E6: 33 | F6: 122 | G6: 0 | H6: 2023-02-04 16:38:46.155+00 | I6: 2023-02-04 16:38:46.155+00
A7: 182 | B7: 1 | C7: 14 | D7: 7 | E7: 22 | F7: 74 | G7: 170 | H7: 2023-02-04 16:39:05.959+00 | I7: 2023-02-04 16:39:05.959+00
A8: 183 | B8: 1 | C8: 30 | D8: 38 | E8: 40 | F8: 178 | G8: 44 | H8: 2023-02-04 16:39:24.079+00 | I8: 2023-02-04 16:39:24.079+00
A9: 184 | B9: 1 | C9: 17 | D9: 2 | E9: 20 | F9: 56 | G9: 178 | H9: 2023-02-04 16:40:04.772+00 | I9: 2023-02-04 16:40:04.772+00
A10: 185 | B10: 1 | C10: 24 | D10: 23 | E10: 36 | F10: 122 | G10: 144 | H10: 2023-02-04 16:41:35.5+00 | I10: 2023-02-04 16:41:35.5+00
A11: 186 | B11: 1 | C11: 20 | D11: 4 | E11: 5 | F11: 82 | G11: 118 | H11: 2023-02-04 16:41:59.346+00 | I11: 2023-02-04 16:41:59.346+00
A12: 187 | B12: 1 | C12: 23 | D12: 1 | E12: 14 | F12: 170 | G12: 76 | H12: 2023-02-04 16:42:07.498+00 | I12: 2023-02-04 16:42:07.498+00
A13: 188 | B13: 1 | C13: 21 | D13: 24 | E13: 41 | F13: 174 | G13: 34 | H13: 2023-02-04 16:43:34.844+00 | I13: 2023-02-04 16:43:34.844+00
... A292: 467 | B292: 15 | C292: 11 | D292: 65 | E292: 84 | F292: 118 | G292: 72 | H292: 2023-02-06 06:34:34.435+00 | I292: 2023-02-06 06:34:34.435+00

Sheet Raw
A1: id | B1: gameRecordId | C1: score | D1: whoBuzzedGID | E1: teamId | F1: Team | G1: isTeamA | H1: isEmpty | I1: questionNum | J1: Cat
A2: 123001 | B2: 177 | C2: 0 | E2: 11 | F2: =vlookup(E2,Teams!$A:B,2,false) -> Fossil Ridge | G2: TRUE | H2: TRUE | I2: 1 | J2: =vlookup(I2,Cats!$A:$B,2,false) -> X
A3: 123002 | B3: 177 | C3: 14 | D3: 105742581620835495719 | E3: 15 | F3: =vlookup(E3,Teams!$A:B,2,false) -> Interlake D | G3: FALSE | H3: FALSE | I3: 1 | J3: =vlookup(I3,Cats!$A:$B,2,false) -> X
A4: 123003 | B4: 177 | C4: 0 | E4: 11 | F4: =vlookup(E4,Teams!$A:B,2,false) -> Fossil Ridge | G4: TRUE | H4: TRUE | I4: 2 | J4: =vlookup(I4,Cats!$A:$B,2,false) -> M
A5: 123004 | B5: 177 | C5: 14 | D5: 103474733858251827147 | E5: 15 | F5: =vlookup(E5,Teams!$A:B,2,false) -> Interlake D | G5: FALSE | H5: FALSE | I5: 2 | J5: =vlookup(I5,Cats!$A:$B,2,false) -> M
A6: 123005 | B6: 177 | C6: 0 | E6: 11 | F6: =vlookup(E6,Teams!$A:B,2,false) -> Fossil Ridge | G6: TRUE | H6: TRUE | I6: 3 | J6: =vlookup(I6,Cats!$A:$B,2,false) -> C
A7: 123006 | B7: 177 | C7: 14 | D7: 103474733858251827147 | E7: 15 | F7: =vlookup(E7,Teams!$A:B,2,false) -> Interlake D | G7: FALSE | H7: FALSE | I7: 3 | J7: =vlookup(I7,Cats!$A:$B,2,false) -> C
A8: 123007 | B8: 177 | C8: -4 | D8: 104156773302712156449 | E8: 11 | F8: =vlookup(E8,Teams!$A:B,2,false) -> Fossil Ridge | G8: TRUE | H8: FALSE | I8: 4 | J8: =vlookup(I8,Cats!$A:$B,2,false) -> E
A9: 123008 | B9: 177 | C9: 14 | D9: 105742581620835495719 | E9: 15 | F9: =vlookup(E9,Teams!$A:B,2,false) -> Interlake D | G9: FALSE | H9: FALSE | I9: 4 | J9: =vlookup(I9,Cats!$A:$B,2,false) -> E
A10: 123009 | B10: 177 | C10: 14 | D10: 102086610308437271448 | E10: 11 | F10: =vlookup(E10,Teams!$A:B,2,false) -> Fossil Ridge | G10: TRUE | H10: FALSE | I10: 5 | J10: =vlookup(I10,Cats!$A:$B,2,false) -> B
A11: 123010 | B11: 177 | C11: -4 | D11: 111177114471781468507 | E11: 15 | F11: =vlookup(E11,Teams!$A:B,2,false) -> Interlake D | G11: FALSE | H11: FALSE | I11: 5 | J11: =vlookup(I11,Cats!$A:$B,2,false) -> B
A12: 123011 | B12: 177 | C12: 4 | D12: 114069392661778914056 | E12: 11 | F12: =vlookup(E12,Teams!$A:B,2,false) -> Fossil Ridge | G12: TRUE | H12: FALSE | I12: 6 | J12: =vlookup(I12,Cats!$A:$B,2,false) -> P
A13: 123012 | B13: 177 | C13: -4 | D13: 110297046011568433830 | E13: 15 | F13: =vlookup(E13,Teams!$A:B,2,false) -> Interlake D | G13: FALSE | H13: FALSE | I13: 6 | J13: =vlookup(I13,Cats!$A:$B,2,false) -> P
A14: 123013 | B14: 177 | C14: 14 | D14: 102086610308437271448 | E14: 11 | F14: =vlookup(E14,Teams!$A:B,2,false) -> Fossil Ridge | G14: TRUE | H14: FALSE | I14: 7 | J14: =vlookup(I14,Cats!$A:$B,2,false) -> X
A15: 123014 | B15: 177 | C15: 0 | E15: 15 | F15: =vlookup(E15,Teams!$A:B,2,false) -> Interlake D | G15: FALSE | H15: TRUE | I15: 7 | J15: =vlookup(I15,Cats!$A:$B,2,false) -> X
A16: 123015 | B16: 177 | C16: 14 | D16: 102086610308437271448 | E16: 11 | F16: =vlookup(E16,Teams!$A:B,2,false) -> Fossil Ridge | G16: TRUE | H16: FALSE | I16: 8 | J16: =vlookup(I16,Cats!$A:$B,2,false) -> M
A17: 123016 | B17: 177 | C17: 0 | E17: 15 | F17: =vlookup(E17,Teams!$A:B,2,false) -> Interlake D | G17: FALSE | H17: TRUE | I17: 8 | J17: =vlookup(I17,Cats!$A:$B,2,false) -> M
A18: 123017 | B18: 177 | C18: 0 | E18: 11 | F18: =vlookup(E18,Teams!$A:B,2,false) -> Fossil Ridge | G18: TRUE | H18: TRUE | I18: 9 | J18: =vlookup(I18,Cats!$A:$B,2,false) -> C
A19: 123018 | B19: 177 | C19: 14 | D19: 103474733858251827147 | E19: 15 | F19: =vlookup(E19,Teams!$A:B,2,false) -> Interlake D | G19: FALSE | H19: FALSE | I19: 9 | J19: =vlookup(I19,Cats!$A:$B,2,false) -> C
A20: 123019 | B20: 177 | C20: 0 | E20: 11 | F20: =vlookup(E20,Teams!$A:B,2,false) -> Fossil Ridge | G20: TRUE | H20: TRUE | I20: 10 | J20: =vlookup(I20,Cats!$A:$B,2,false) -> E
A21: 123020 | B21: 177 | C21: 4 | D21: 105742581620835495719 | E21: 15 | F21: =vlookup(E21,Teams!$A:B,2,false) -> Interlake D | G21: FALSE | H21: FALSE | I21: 10 | J21: =vlookup(I21,Cats!$A:$B,2,false) -> E
A22: 123021 | B22: 177 | C22: 4 | D22: 104156773302712156449 | E22: 11 | F22: =vlookup(E22,Teams!$A:B,2,false) -> Fossil Ridge | G22: TRUE | H22: FALSE | I22: 11 | J22: =vlookup(I22,Cats!$A:$B,2,false) -> B
A23: 123022 | B23: 177 | C23: 0 | E23: 15 | F23: =vlookup(E23,Teams!$A:B,2,false) -> Interlake D | G23: FALSE | H23: TRUE | I23: 11 | J23: =vlookup(I23,Cats!$A:$B,2,false) -> B
A24: 123023 | B24: 177 | C24: 0 | E24: 11 | F24: =vlookup(E24,Teams!$A:B,2,false) -> Fossil Ridge | G24: TRUE | H24: TRUE | I24: 12 | J24: =vlookup(I24,Cats!$A:$B,2,false) -> P
A25: 123024 | B25: 177 | C25: 4 | D25: 103474733858251827147 | E25: 15 | F25: =vlookup(E25,Teams!$A:B,2,false) -> Interlake D | G25: FALSE | H25: FALSE | I25: 12 | J25: =vlookup(I25,Cats!$A:$B,2,false) -> P
A26: 123025 | B26: 177 | C26: 0 | E26: 11 | F26: =vlookup(E26,Teams!$A:B,2,false) -> Fossil Ridge | G26: TRUE | H26: TRUE | I26: 13 | J26: =vlookup(I26,Cats!$A:$B,2,false) -> X
A27: 123026 | B27: 177 | C27: 14 | D27: 105742581620835495719 | E27: 15 | F27: =vlookup(E27,Teams!$A:B,2,false) -> Interlake D | G27: FALSE | H27: FALSE | I27: 13 | J27: =vlookup(I27,Cats!$A:$B,2,false) -> X
A28: 123027 | B28: 177 | C28: 14 | D28: 102086610308437271448 | E28: 11 | F28: =vlookup(E28,Teams!$A:B,2,false) -> Fossil Ridge | G28: TRUE | H28: FALSE | I28: 14 | J28: =vlookup(I28,Cats!$A:$B,2,false) -> M
A29: 123028 | B29: 177 | C29: 0 | E29: 15 | F29: =vlookup(E29,Teams!$A:B,2,false) -> Interlake D | G29: FALSE | H29: TRUE | I29: 14 | J29: =vlookup(I29,Cats!$A:$B,2,false) -> M
A30: 123029 | B30: 177 | C30: 0 | D30: 102086610308437271448 | E30: 11 | F30: =vlookup(E30,Teams!$A:B,2,false) -> Fossil Ridge | G30: TRUE | H30: FALSE | I30: 15 | J30: =vlookup(I30,Cats!$A:$B,2,false) -> C
A31: 123030 | B31: 177 | C31: 0 | D31: 103474733858251827147 | E31: 15 | F31: =vlookup(E31,Teams!$A:B,2,false) -> Interlake D | G31: FALSE | H31: FALSE | I31: 15 | J31: =vlookup(I31,Cats!$A:$B,2,false) -> C
A32: 123031 | B32: 177 | C32: 0 | E32: 11 | F32: =vlookup(E32,Teams!$A:B,2,false) -> Fossil Ridge | G32: TRUE | H32: TRUE | I32: 16 | J32: =vlookup(I32,Cats!$A:$B,2,false) -> E
A33: 123032 | B33: 177 | C33: 14 | D33: 105742581620835495719 | E33: 15 | F33: =vlookup(E33,Teams!$A:B,2,false) -> Interlake D | G33: FALSE | H33: FALSE | I33: 16 | J33: =vlookup(I33,Cats!$A:$B,2,false) -> E
A34: 123033 | B34: 177 | C34: 0 | E34: 11 | F34: =vlookup(E34,Teams!$A:B,2,false) -> Fossil Ridge | G34: TRUE | H34: TRUE | I34: 17 | J34: =vlookup(I34,Cats!$A:$B,2,false) -> B
A35: 123034 | B35: 177 | C35: 14 | D35: 111177114471781468507 | E35: 15 | F35: =vlookup(E35,Teams!$A:B,2,false) -> Interlake D | G35: FALSE | H35: FALSE | I35: 17 | J35: =vlookup(I35,Cats!$A:$B,2,false) -> B
A36: 123035 | B36: 177 | C36: 14 | D36: 102086610308437271448 | E36: 11 | F36: =vlookup(E36,Teams!$A:B,2,false) -> Fossil Ridge | G36: TRUE | H36: FALSE | I36: 18 | J36: =vlookup(I36,Cats!$A:$B,2,false) -> P
A37: 123036 | B37: 177 | C37: 0 | E37: 15 | F37: =vlookup(E37,Teams!$A:B,2,false) -> Interlake D | G37: FALSE | H37: TRUE | I37: 18 | J37: =vlookup(I37,Cats!$A:$B,2,false) -> P
A38: 123037 | B38: 177 | C38: 0 | E38: 11 | F38: =vlookup(E38,Teams!$A:B,2,false) -> Fossil Ridge | G38: TRUE | H38: TRUE | I38: 19 | J38: =vlookup(I38,Cats!$A:$B,2,false) -> X
A39: 123038 | B39: 177 | C39: 14 | D39: 103474733858251827147 | E39: 15 | F39: =vlookup(E39,Teams!$A:B,2,false) -> Interlake D | G39: FALSE | H39: FALSE | I39: 19 | J39: =vlookup(I39,Cats!$A:$B,2,false) -> X
A40: 123039 | B40: 177 | C40: 14 | D40: 102086610308437271448 | E40: 11 | F40: =vlookup(E40,Teams!$A:B,2,false) -> Fossil Ridge | G40: TRUE | H40: FALSE | I40: 20 | J40: =vlookup(I40,Cats!$A:$B,2,false) -> M
A41: 123040 | B41: 177 | C41: 0 | E41: 15 | F41: =vlookup(E41,Teams!$A:B,2,false) -> Interlake D | G41: FALSE | H41: TRUE | I41: 20 | J41: =vlookup(I41,Cats!$A:$B,2,false) -> M
A42: 123041 | B42: 177 | C42: 14 | D42: 114069392661778914056 | E42: 11 | F42: =vlookup(E42,Teams!$A:B,2,false) -> Fossil Ridge | G42: TRUE | H42: FALSE | I42: 21 | J42: =vlookup(I42,Cats!$A:$B,2,false) -> C
A43: 123042 | B43: 177 | C43: 0 | E43: 15 | F43: =vlookup(E43,Teams!$A:B,2,false) -> Interlake D | G43: FALSE | H43: TRUE | I43: 21 | J43: =vlookup(I43,Cats!$A:$B,2,false) -> C
A44: 123043 | B44: 177 | C44: 14 | D44: 102086610308437271448 | E44: 11 | F44: =vlookup(E44,Teams!$A:B,2,false) -> Fossil Ridge | G44: TRUE | H44: FALSE | I44: 22 | J44: =vlookup(I44,Cats!$A:$B,2,false) -> E
A45: 123044 | B45: 177 | C45: 0 | E45: 15 | F45: =vlookup(E45,Teams!$A:B,2,false) -> Interlake D | G45: FALSE | H45: TRUE | I45: 22 | J45: =vlookup(I45,Cats!$A:$B,2,false) -> E
A46: 123045 | B46: 177 | C46: 0 | D46: 104156773302712156449 | E46: 11 | F46: =vlookup(E46,Teams!$A:B,2,false) -> Fossil Ridge | G46: TRUE | H46: FALSE | I46: 23 | J46: =vlookup(I46,Cats!$A:$B,2,false) -> B
A47: 123046 | B47: 177 | C47: -4 | D47: 111177114471781468507 | E47: 15 | F47: =vlookup(E47,Teams!$A:B,2,false) -> Interlake D | G47: FALSE | H47: FALSE | I47: 23 | J47: =vlookup(I47,Cats!$A:$B,2,false) -> B
A48: 123047 | B48: 177 | C48: 4 | D48: 102086610308437271448 | E48: 11 | F48: =vlookup(E48,Teams!$A:B,2,false) -> Fossil Ridge | G48: TRUE | H48: FALSE | I48: 24 | J48: =vlookup(I48,Cats!$A:$B,2,false) -> P
A49: 123048 | B49: 177 | C49: 0 | E49: 15 | F49: =vlookup(E49,Teams!$A:B,2,false) -> Interlake D | G49: FALSE | H49: TRUE | I49: 24 | J49: =vlookup(I49,Cats!$A:$B,2,false) -> P
A50: 123049 | B50: 178 | C50: 0 | E50: 18 | F50: =vlookup(E50,Teams!$A:B,2,false) -> James Ruse C | G50: TRUE | H50: TRUE | I50: 1 | J50: =vlookup(I50,Cats!$A:$B,2,false) -> X
A51: 123050 | B51: 178 | C51: 14 | D51: 116721216238586890410 | E51: 39 | F51: =vlookup(E51,Teams!$A:B,2,false) -> Wayzata A | G51: FALSE | H51: FALSE | I51: 1 | J51: =vlookup(I51,Cats!$A:$B,2,false) -> X
A52: 123051 | B52: 178 | C52: 0 | E52: 18 | F52: =vlookup(E52,Teams!$A:B,2,false) -> James Ruse C | G52: TRUE | H52: TRUE | I52: 2 | J52: =vlookup(I52,Cats!$A:$B,2,false) -> M
A53: 123052 | B53: 178 | C53: 14 | D53: 116721216238586890410 | E53: 39 | F53: =vlookup(E53,Teams!$A:B,2,false) -> Wayzata A | G53: FALSE | H53: FALSE | I53: 2 | J53: =vlookup(I53,Cats!$A:$B,2,false) -> M
A54: 123053 | B54: 178 | C54: 0 | E54: 18 | F54: =vlookup(E54,Teams!$A:B,2,false) -> James Ruse C | G54: TRUE | H54: TRUE | I54: 3 | J54: =vlookup(I54,Cats!$A:$B,2,false) -> C
A55: 123054 | B55: 178 | C55: 14 | D55: 117343382433914933310 | E55: 39 | F55: =vlookup(E55,Teams!$A:B,2,false) -> Wayzata A | G55: FALSE | H55: FALSE | I55: 3 | J55: =vlookup(I55,Cats!$A:$B,2,false) -> C
A56: 123055 | B56: 178 | C56: 0 | D56: 109822858432819011113 | E56: 18 | F56: =vlookup(E56,Teams!$A:B,2,false) -> James Ruse C | G56: TRUE | H56: FALSE | I56: 4 | J56: =vlookup(I56,Cats!$A:$B,2,false) -> E
A57: 123056 | B57: 178 | C57: 14 | D57: 101293179820443635542 | E57: 39 | F57: =vlookup(E57,Teams!$A:B,2,false) -> Wayzata A | G57: FALSE | H57: FALSE | I57: 4 | J57: =vlookup(I57,Cats!$A:$B,2,false) -> E
A58: 123057 | B58: 178 | C58: 0 | E58: 18 | F58: =vlookup(E58,Teams!$A:B,2,false) -> James Ruse C | G58: TRUE | H58: TRUE | I58: 5 | J58: =vlookup(I58,Cats!$A:$B,2,false) -> B
A59: 123058 | B59: 178 | C59: 14 | D59: 117343382433914933310 | E59: 39 | F59: =vlookup(E59,Teams!$A:B,2,false) -> Wayzata A | G59: FALSE | H59: FALSE | I59: 5 | J59: =vlookup(I59,Cats!$A:$B,2,false) -> B
A60: 123059 | B60: 178 | C60: 0 | E60: 18 | F60: =vlookup(E60,Teams!$A:B,2,false) -> James Ruse C | G60: TRUE | H60: TRUE | I60: 6 | J60: =vlookup(I60,Cats!$A:$B,2,false) -> P
A61: 123060 | B61: 178 | C61: 4 | D61: 116721216238586890410 | E61: 39 | F61: =vlookup(E61,Teams!$A:B,2,false) -> Wayzata A | G61: FALSE | H61: FALSE | I61: 6 | J61: =vlookup(I61,Cats!$A:$B,2,false) -> P
A62: 123061 | B62: 178 | C62: 0 | E62: 18 | F62: =vlookup(E62,Teams!$A:B,2,false) -> James Ruse C | G62: TRUE | H62: FALSE | I62: 7 | J62: =vlookup(I62,Cats!$A:$B,2,false) -> X
A63: 123062 | B63: 178 | C63: -4 | D63: 101293179820443635542 | E63: 39 | F63: =vlookup(E63,Teams!$A:B,2,false) -> Wayzata A | G63: FALSE | H63: FALSE | I63: 7 | J63: =vlookup(I63,Cats!$A:$B,2,false) -> X
A64: 123063 | B64: 178 | C64: 0 | D64: 105003138612597575148 | E64: 18 | F64: =vlookup(E64,Teams!$A:B,2,false) -> James Ruse C | G64: TRUE | H64: FALSE | I64: 8 | J64: =vlookup(I64,Cats!$A:$B,2,false) -> M
A65: 123064 | B65: 178 | C65: 0 | D65: 116721216238586890410 | E65: 39 | F65: =vlookup(E65,Teams!$A:B,2,false) -> Wayzata A | G65: FALSE | H65: FALSE | I65: 8 | J65: =vlookup(I65,Cats!$A:$B,2,false) -> M
A66: 123065 | B66: 178 | C66: 0 | E66: 18 | F66: =vlookup(E66,Teams!$A:B,2,false) -> James Ruse C | G66: TRUE | H66: TRUE | I66: 9 | J66: =vlookup(I66,Cats!$A:$B,2,false) -> C
A67: 123066 | B67: 178 | C67: 14 | D67: 117343382433914933310 | E67: 39 | F67: =vlookup(E67,Teams!$A:B,2,false) -> Wayzata A | G67: FALSE | H67: FALSE | I67: 9 | J67: =vlookup(I67,Cats!$A:$B,2,false) -> C
A68: 123067 | B68: 178 | C68: 0 | E68: 18 | F68: =vlookup(E68,Teams!$A:B,2,false) -> James Ruse C | G68: TRUE | H68: TRUE | I68: 10 | J68: =vlookup(I68,Cats!$A:$B,2,false) -> E
A69: 123068 | B69: 178 | C69: 0 | D69: 101293179820443635542 | E69: 39 | F69: =vlookup(E69,Teams!$A:B,2,false) -> Wayzata A | G69: FALSE | H69: FALSE | I69: 10 | J69: =vlookup(I69,Cats!$A:$B,2,false) -> E
A70: 123069 | B70: 178 | C70: 0 | E70: 18 | F70: =vlookup(E70,Teams!$A:B,2,false) -> James Ruse C | G70: TRUE | H70: TRUE | I70: 11 | J70: =vlookup(I70,Cats!$A:$B,2,false) -> B
A71: 123070 | B71: 178 | C71: 14 | D71: 117343382433914933310 | E71: 39 | F71: =vlookup(E71,Teams!$A:B,2,false) -> Wayzata A | G71: FALSE | H71: FALSE | I71: 11 | J71: =vlookup(I71,Cats!$A:$B,2,false) -> B
A72: 123071 | B72: 178 | C72: 0 | E72: 18 | F72: =vlookup(E72,Teams!$A:B,2,false) -> James Ruse C | G72: TRUE | H72: TRUE | I72: 12 | J72: =vlookup(I72,Cats!$A:$B,2,false) -> P
A73: 123072 | B73: 178 | C73: 14 | D73: 117343382433914933310 | E73: 39 | F73: =vlookup(E73,Teams!$A:B,2,false) -> Wayzata A | G73: FALSE | H73: FALSE | I73: 12 | J73: =vlookup(I73,Cats!$A:$B,2,false) -> P
A74: 123073 | B74: 178 | C74: 0 | E74: 18 | F74: =vlookup(E74,Teams!$A:B,2,false) -> James Ruse C | G74: TRUE | H74: TRUE | I74: 13 | J74: =vlookup(I74,Cats!$A:$B,2,false) -> X
A75: 123074 | B75: 178 | C75: 4 | D75: 116721216238586890410 | E75: 39 | F75: =vlookup(E75,Teams!$A:B,2,false) -> Wayzata A | G75: FALSE | H75: FALSE | I75: 13 | J75: =vlookup(I75,Cats!$A:$B,2,false) -> X
A76: 123075 | B76: 178 | C76: 14 | D76: 105003138612597575148 | E76: 18 | F76: =vlookup(E76,Teams!$A:B,2,false) -> James Ruse C | G76: TRUE | H76: FALSE | I76: 14 | J76: =vlookup(I76,Cats!$A:$B,2,false) -> M
A77: 123076 | B77: 178 | C77: 0 | D77: 101293179820443635542 | E77: 39 | F77: =vlookup(E77,Teams!$A:B,2,false) -> Wayzata A | G77: FALSE | H77: FALSE | I77: 14 | J77: =vlookup(I77,Cats!$A:$B,2,false) -> M
A78: 123077 | B78: 178 | C78: 0 | D78: 109822858432819011113 | E78: 18 | F78: =vlookup(E78,Teams!$A:B,2,false) -> James Ruse C | G78: TRUE | H78: FALSE | I78: 15 | J78: =vlookup(I78,Cats!$A:$B,2,false) -> C
A79: 123078 | B79: 178 | C79: 0 | D79: 117343382433914933310 | E79: 39 | F79: =vlookup(E79,Teams!$A:B,2,false) -> Wayzata A | G79: FALSE | H79: FALSE | I79: 15 | J79: =vlookup(I79,Cats!$A:$B,2,false) -> C
A80: 123079 | B80: 178 | C80: 0 | D80: 117556317196223348498 | E80: 18 | F80: =vlookup(E80,Teams!$A:B,2,false) -> James Ruse C | G80: TRUE | H80: FALSE | I80: 16 | J80: =vlookup(I80,Cats!$A:$B,2,false) -> E
A81: 123080 | B81: 178 | C81: 0 | D81: 117343382433914933310 | E81: 39 | F81: =vlookup(E81,Teams!$A:B,2,false) -> Wayzata A | G81: FALSE | H81: FALSE | I81: 16 | J81: =vlookup(I81,Cats!$A:$B,2,false) -> E
A82: 123081 | B82: 178 | C82: 0 | E82: 18 | F82: =vlookup(E82,Teams!$A:B,2,false) -> James Ruse C | G82: TRUE | H82: TRUE | I82: 17 | J82: =vlookup(I82,Cats!$A:$B,2,false) -> B
A83: 123082 | B83: 178 | C83: 14 | D83: 117343382433914933310 | E83: 39 | F83: =vlookup(E83,Teams!$A:B,2,false) -> Wayzata A | G83: FALSE | H83: FALSE | I83: 17 | J83: =vlookup(I83,Cats!$A:$B,2,false) -> B
A84: 123083 | B84: 178 | C84: 0 | E84: 18 | F84: =vlookup(E84,Teams!$A:B,2,false) -> James Ruse C | G84: TRUE | H84: TRUE | I84: 18 | J84: =vlookup(I84,Cats!$A:$B,2,false) -> P
A85: 123084 | B85: 178 | C85: 14 | D85: 116721216238586890410 | E85: 39 | F85: =vlookup(E85,Teams!$A:B,2,false) -> Wayzata A | G85: FALSE | H85: FALSE | I85: 18 | J85: =vlookup(I85,Cats!$A:$B,2,false) -> P
A86: 123085 | B86: 178 | C86: 0 | E86: 18 | F86: =vlookup(E86,Teams!$A:B,2,false) -> James Ruse C | G86: TRUE | H86: TRUE | I86: 19 | J86: =vlookup(I86,Cats!$A:$B,2,false) -> X
A87: 123086 | B87: 178 | C87: 0 | D87: 117343382433914933310 | E87: 39 | F87: =vlookup(E87,Teams!$A:B,2,false) -> Wayzata A | G87: FALSE | H87: FALSE | I87: 19 | J87: =vlookup(I87,Cats!$A:$B,2,false) -> X
A88: 123087 | B88: 178 | C88: 0 | E88: 18 | F88: =vlookup(E88,Teams!$A:B,2,false) -> James Ruse C | G88: TRUE | H88: TRUE | I88: 20 | J88: =vlookup(I88,Cats!$A:$B,2,false) -> M
A89: 123088 | B89: 178 | C89: 4 | D89: 116721216238586890410 | E89: 39 | F89: =vlookup(E89,Teams!$A:B,2,false) -> Wayzata A | G89: FALSE | H89: FALSE | I89: 20 | J89: =vlookup(I89,Cats!$A:$B,2,false) -> M
A90: 123089 | B90: 178 | C90: 0 | E90: 18 | F90: =vlookup(E90,Teams!$A:B,2,false) -> James Ruse C | G90: TRUE | H90: TRUE | I90: 21 | J90: =vlookup(I90,Cats!$A:$B,2,false) -> C
A91: 123090 | B91: 178 | C91: 14 | D91: 101293179820443635542 | E91: 39 | F91: =vlookup(E91,Teams!$A:B,2,false) -> Wayzata A | G91: FALSE | H91: FALSE | I91: 21 | J91: =vlookup(I91,Cats!$A:$B,2,false) -> C
A92: 123091 | B92: 178 | C92: 0 | E92: 18 | F92: =vlookup(E92,Teams!$A:B,2,false) -> James Ruse C | G92: TRUE | H92: TRUE | I92: 22 | J92: =vlookup(I92,Cats!$A:$B,2,false) -> E
A93: 123092 | B93: 178 | C93: 4 | D93: 116721216238586890410 | E93: 39 | F93: =vlookup(E93,Teams!$A:B,2,false) -> Wayzata A | G93: FALSE | H93: FALSE | I93: 22 | J93: =vlookup(I93,Cats!$A:$B,2,false) -> E
A94: 123093 | B94: 178 | C94: 0 | E94: 18 | F94: =vlookup(E94,Teams!$A:B,2,false) -> James Ruse C | G94: TRUE | H94: TRUE | I94: 23 | J94: =vlookup(I94,Cats!$A:$B,2,false) -> B
A95: 123094 | B95: 178 | C95: 14 | D95: 117343382433914933310 | E95: 39 | F95: =vlookup(E95,Teams!$A:B,2,false) -> Wayzata A | G95: FALSE | H95: FALSE | I95: 23 | J95: =vlookup(I95,Cats!$A:$B,2,false) -> B
A96: 123095 | B96: 178 | C96: 0 | E96: 18 | F96: =vlookup(E96,Teams!$A:B,2,false) -> James Ruse C | G96: TRUE | H96: TRUE | I96: 24 | J96: =vlookup(I96,Cats!$A:$B,2,false) -> P
A97: 123096 | B97: 178 | C97: 14 | D97: 116721216238586890410 | E97: 39 | F97: =vlookup(E97,Teams!$A:B,2,false) -> Wayzata A | G97: FALSE | H97: FALSE | I97: 24 | J97: =vlookup(I97,Cats!$A:$B,2,false) -> P
A98: 123097 | B98: 179 | C98: 4 | D98: 100047951893265954908 | E98: 25 | F98: =vlookup(E98,Teams!$A:B,2,false) -> NCSSM B | G98: TRUE | H98: FALSE | I98: 1 | J98: =vlookup(I98,Cats!$A:$B,2,false) -> X
A99: 123098 | B99: 179 | C99: 0 | E99: 37 | F99: =vlookup(E99,Teams!$A:B,2,false) -> Tesla STEM B | G99: FALSE | H99: TRUE | I99: 1 | J99: =vlookup(I99,Cats!$A:$B,2,false) -> X
A100: 123099 | B100: 179 | C100: -4 | D100: 112292901990108303517 | E100: 25 | F100: =vlookup(E100,Teams!$A:B,2,false) -> NCSSM B | G100: TRUE | H100: FALSE | I100: 2 | J100: =vlookup(I100,Cats!$A:$B,2,false) -> M
...

Sheet PrelimRaw
A1: id | B1: gameRecordId | C1: Round | D1: score | E1: whoBuzzedGID | F1: teamId | G1: Team | H1: isTeamA | I1: isEmpty | J1: questionNum | K1: Cat
A2: 123001 | B2: 177 | C2: =vlookup(B2,Games!A:B,2,false) -> 1 | D2: 0 | F2: 11 | G2: =vlookup(F2,Teams!$A:B,2,false) -> Fossil Ridge | H2: TRUE | I2: TRUE | J2: 1 | K2: =vlookup(J2,Cats!$A:$B,2,false) -> X
A3: 123002 | B3: 177 | C3: =vlookup(B3,Games!A:B,2,false) -> 1 | D3: 14 | E3: 105742581620835495719 | F3: 15 | G3: =vlookup(F3,Teams!$A:B,2,false) -> Interlake D | H3: FALSE | I3: FALSE | J3: 1 | K3: =vlookup(J3,Cats!$A:$B,2,false) -> X
A4: 123003 | B4: 177 | C4: =vlookup(B4,Games!A:B,2,false) -> 1 | D4: 0 | F4: 11 | G4: =vlookup(F4,Teams!$A:B,2,false) -> Fossil Ridge | H4: TRUE | I4: TRUE | J4: 2 | K4: =vlookup(J4,Cats!$A:$B,2,false) -> M
A5: 123004 | B5: 177 | C5: =vlookup(B5,Games!A:B,2,false) -> 1 | D5: 14 | E5: 103474733858251827147 | F5: 15 | G5: =vlookup(F5,Teams!$A:B,2,false) -> Interlake D | H5: FALSE | I5: FALSE | J5: 2 | K5: =vlookup(J5,Cats!$A:$B,2,false) -> M
A6: 123005 | B6: 177 | C6: =vlookup(B6,Games!A:B,2,false) -> 1 | D6: 0 | F6: 11 | G6: =vlookup(F6,Teams!$A:B,2,false) -> Fossil Ridge | H6: TRUE | I6: TRUE | J6: 3 | K6: =vlookup(J6,Cats!$A:$B,2,false) -> C
A7: 123006 | B7: 177 | C7: =vlookup(B7,Games!A:B,2,false) -> 1 | D7: 14 | E7: 103474733858251827147 | F7: 15 | G7: =vlookup(F7,Teams!$A:B,2,false) -> Interlake D | H7: FALSE | I7: FALSE | J7: 3 | K7: =vlookup(J7,Cats!$A:$B,2,false) -> C
A8: 123007 | B8: 177 | C8: =vlookup(B8,Games!A:B,2,false) -> 1 | D8: -4 | E8: 104156773302712156449 | F8: 11 | G8: =vlookup(F8,Teams!$A:B,2,false) -> Fossil Ridge | H8: TRUE | I8: FALSE | J8: 4 | K8: =vlookup(J8,Cats!$A:$B,2,false) -> E
A9: 123008 | B9: 177 | C9: =vlookup(B9,Games!A:B,2,false) -> 1 | D9: 14 | E9: 105742581620835495719 | F9: 15 | G9: =vlookup(F9,Teams!$A:B,2,false) -> Interlake D | H9: FALSE | I9: FALSE | J9: 4 | K9: =vlookup(J9,Cats!$A:$B,2,false) -> E
A10: 123009 | B10: 177 | C10: =vlookup(B10,Games!A:B,2,false) -> 1 | D10: 14 | E10: 102086610308437271448 | F10: 11 | G10: =vlookup(F10,Teams!$A:B,2,false) -> Fossil Ridge | H10: TRUE | I10: FALSE | J10: 5 | K10: =vlookup(J10,Cats!$A:$B,2,false) -> B
A11: 123010 | B11: 177 | C11: =vlookup(B11,Games!A:B,2,false) -> 1 | D11: -4 | E11: 111177114471781468507 | F11: 15 | G11: =vlookup(F11,Teams!$A:B,2,false) -> Interlake D | H11: FALSE | I11: FALSE | J11: 5 | K11: =vlookup(J11,Cats!$A:$B,2,false) -> B
A12: 123011 | B12: 177 | C12: =vlookup(B12,Games!A:B,2,false) -> 1 | D12: 4 | E12: 114069392661778914056 | F12: 11 | G12: =vlookup(F12,Teams!$A:B,2,false) -> Fossil Ridge | H12: TRUE | I12: FALSE | J12: 6 | K12: =vlookup(J12,Cats!$A:$B,2,false) -> P
A13: 123012 | B13: 177 | C13: =vlookup(B13,Games!A:B,2,false) -> 1 | D13: -4 | E13: 110297046011568433830 | F13: 15 | G13: =vlookup(F13,Teams!$A:B,2,false) -> Interlake D | H13: FALSE | I13: FALSE | J13: 6 | K13: =vlookup(J13,Cats!$A:$B,2,false) -> P
A14: 123013 | B14: 177 | C14: =vlookup(B14,Games!A:B,2,false) -> 1 | D14: 14 | E14: 102086610308437271448 | F14: 11 | G14: =vlookup(F14,Teams!$A:B,2,false) -> Fossil Ridge | H14: TRUE | I14: FALSE | J14: 7 | K14: =vlookup(J14,Cats!$A:$B,2,false) -> X
A15: 123014 | B15: 177 | C15: =vlookup(B15,Games!A:B,2,false) -> 1 | D15: 0 | F15: 15 | G15: =vlookup(F15,Teams!$A:B,2,false) -> Interlake D | H15: FALSE | I15: TRUE | J15: 7 | K15: =vlookup(J15,Cats!$A:$B,2,false) -> X
A16: 123015 | B16: 177 | C16: =vlookup(B16,Games!A:B,2,false) -> 1 | D16: 14 | E16: 102086610308437271448 | F16: 11 | G16: =vlookup(F16,Teams!$A:B,2,false) -> Fossil Ridge | H16: TRUE | I16: FALSE | J16: 8 | K16: =vlookup(J16,Cats!$A:$B,2,false) -> M
A17: 123016 | B17: 177 | C17: =vlookup(B17,Games!A:B,2,false) -> 1 | D17: 0 | F17: 15 | G17: =vlookup(F17,Teams!$A:B,2,false) -> Interlake D | H17: FALSE | I17: TRUE | J17: 8 | K17: =vlookup(J17,Cats!$A:$B,2,false) -> M
A18: 123017 | B18: 177 | C18: =vlookup(B18,Games!A:B,2,false) -> 1 | D18: 0 | F18: 11 | G18: =vlookup(F18,Teams!$A:B,2,false) -> Fossil Ridge | H18: TRUE | I18: TRUE | J18: 9 | K18: =vlookup(J18,Cats!$A:$B,2,false) -> C
A19: 123018 | B19: 177 | C19: =vlookup(B19,Games!A:B,2,false) -> 1 | D19: 14 | E19: 103474733858251827147 | F19: 15 | G19: =vlookup(F19,Teams!$A:B,2,false) -> Interlake D | H19: FALSE | I19: FALSE | J19: 9 | K19: =vlookup(J19,Cats!$A:$B,2,false) -> C
A20: 123019 | B20: 177 | C20: =vlookup(B20,Games!A:B,2,false) -> 1 | D20: 0 | F20: 11 | G20: =vlookup(F20,Teams!$A:B,2,false) -> Fossil Ridge | H20: TRUE | I20: TRUE | J20: 10 | K20: =vlookup(J20,Cats!$A:$B,2,false) -> E
A21: 123020 | B21: 177 | C21: =vlookup(B21,Games!A:B,2,false) -> 1 | D21: 4 | E21: 105742581620835495719 | F21: 15 | G21: =vlookup(F21,Teams!$A:B,2,false) -> Interlake D | H21: FALSE | I21: FALSE | J21: 10 | K21: =vlookup(J21,Cats!$A:$B,2,false) -> E
A22: 123021 | B22: 177 | C22: =vlookup(B22,Games!A:B,2,false) -> 1 | D22: 4 | E22: 104156773302712156449 | F22: 11 | G22: =vlookup(F22,Teams!$A:B,2,false) -> Fossil Ridge | H22: TRUE | I22: FALSE | J22: 11 | K22: =vlookup(J22,Cats!$A:$B,2,false) -> B
A23: 123022 | B23: 177 | C23: =vlookup(B23,Games!A:B,2,false) -> 1 | D23: 0 | F23: 15 | G23: =vlookup(F23,Teams!$A:B,2,false) -> Interlake D | H23: FALSE | I23: TRUE | J23: 11 | K23: =vlookup(J23,Cats!$A:$B,2,false) -> B
A24: 123023 | B24: 177 | C24: =vlookup(B24,Games!A:B,2,false) -> 1 | D24: 0 | F24: 11 | G24: =vlookup(F24,Teams!$A:B,2,false) -> Fossil Ridge | H24: TRUE | I24: TRUE | J24: 12 | K24: =vlookup(J24,Cats!$A:$B,2,false) -> P
A25: 123024 | B25: 177 | C25: =vlookup(B25,Games!A:B,2,false) -> 1 | D25: 4 | E25: 103474733858251827147 | F25: 15 | G25: =vlookup(F25,Teams!$A:B,2,false) -> Interlake D | H25: FALSE | I25: FALSE | J25: 12 | K25: =vlookup(J25,Cats!$A:$B,2,false) -> P
A26: 123025 | B26: 177 | C26: =vlookup(B26,Games!A:B,2,false) -> 1 | D26: 0 | F26: 11 | G26: =vlookup(F26,Teams!$A:B,2,false) -> Fossil Ridge | H26: TRUE | I26: TRUE | J26: 13 | K26: =vlookup(J26,Cats!$A:$B,2,false) -> X
A27: 123026 | B27: 177 | C27: =vlookup(B27,Games!A:B,2,false) -> 1 | D27: 14 | E27: 105742581620835495719 | F27: 15 | G27: =vlookup(F27,Teams!$A:B,2,false) -> Interlake D | H27: FALSE | I27: FALSE | J27: 13 | K27: =vlookup(J27,Cats!$A:$B,2,false) -> X
A28: 123027 | B28: 177 | C28: =vlookup(B28,Games!A:B,2,false) -> 1 | D28: 14 | E28: 102086610308437271448 | F28: 11 | G28: =vlookup(F28,Teams!$A:B,2,false) -> Fossil Ridge | H28: TRUE | I28: FALSE | J28: 14 | K28: =vlookup(J28,Cats!$A:$B,2,false) -> M
A29: 123028 | B29: 177 | C29: =vlookup(B29,Games!A:B,2,false) -> 1 | D29: 0 | F29: 15 | G29: =vlookup(F29,Teams!$A:B,2,false) -> Interlake D | H29: FALSE | I29: TRUE | J29: 14 | K29: =vlookup(J29,Cats!$A:$B,2,false) -> M
A30: 123029 | B30: 177 | C30: =vlookup(B30,Games!A:B,2,false) -> 1 | D30: 0 | E30: 102086610308437271448 | F30: 11 | G30: =vlookup(F30,Teams!$A:B,2,false) -> Fossil Ridge | H30: TRUE | I30: FALSE | J30: 15 | K30: =vlookup(J30,Cats!$A:$B,2,false) -> C
A31: 123030 | B31: 177 | C31: =vlookup(B31,Games!A:B,2,false) -> 1 | D31: 0 | E31: 103474733858251827147 | F31: 15 | G31: =vlookup(F31,Teams!$A:B,2,false) -> Interlake D | H31: FALSE | I31: FALSE | J31: 15 | K31: =vlookup(J31,Cats!$A:$B,2,false) -> C
A32: 123031 | B32: 177 | C32: =vlookup(B32,Games!A:B,2,false) -> 1 | D32: 0 | F32: 11 | G32: =vlookup(F32,Teams!$A:B,2,false) -> Fossil Ridge | H32: TRUE | I32: TRUE | J32: 16 | K32: =vlookup(J32,Cats!$A:$B,2,false) -> E
A33: 123032 | B33: 177 | C33: =vlookup(B33,Games!A:B,2,false) -> 1 | D33: 14 | E33: 105742581620835495719 | F33: 15 | G33: =vlookup(F33,Teams!$A:B,2,false) -> Interlake D | H33: FALSE | I33: FALSE | J33: 16 | K33: =vlookup(J33,Cats!$A:$B,2,false) -> E
A34: 123033 | B34: 177 | C34: =vlookup(B34,Games!A:B,2,false) -> 1 | D34: 0 | F34: 11 | G34: =vlookup(F34,Teams!$A:B,2,false) -> Fossil Ridge | H34: TRUE | I34: TRUE | J34: 17 | K34: =vlookup(J34,Cats!$A:$B,2,false) -> B
A35: 123034 | B35: 177 | C35: =vlookup(B35,Games!A:B,2,false) -> 1 | D35: 14 | E35: 111177114471781468507 | F35: 15 | G35: =vlookup(F35,Teams!$A:B,2,false) -> Interlake D | H35: FALSE | I35: FALSE | J35: 17 | K35: =vlookup(J35,Cats!$A:$B,2,false) -> B
A36: 123035 | B36: 177 | C36: =vlookup(B36,Games!A:B,2,false) -> 1 | D36: 14 | E36: 102086610308437271448 | F36: 11 | G36: =vlookup(F36,Teams!$A:B,2,false) -> Fossil Ridge | H36: TRUE | I36: FALSE | J36: 18 | K36: =vlookup(J36,Cats!$A:$B,2,false) -> P
A37: 123036 | B37: 177 | C37: =vlookup(B37,Games!A:B,2,false) -> 1 | D37: 0 | F37: 15 | G37: =vlookup(F37,Teams!$A:B,2,false) -> Interlake D | H37: FALSE | I37: TRUE | J37: 18 | K37: =vlookup(J37,Cats!$A:$B,2,false) -> P
A38: 123037 | B38: 177 | C38: =vlookup(B38,Games!A:B,2,false) -> 1 | D38: 0 | F38: 11 | G38: =vlookup(F38,Teams!$A:B,2,false) -> Fossil Ridge | H38: TRUE | I38: TRUE | J38: 19 | K38: =vlookup(J38,Cats!$A:$B,2,false) -> X
A39: 123038 | B39: 177 | C39: =vlookup(B39,Games!A:B,2,false) -> 1 | D39: 14 | E39: 103474733858251827147 | F39: 15 | G39: =vlookup(F39,Teams!$A:B,2,false) -> Interlake D | H39: FALSE | I39: FALSE | J39: 19 | K39: =vlookup(J39,Cats!$A:$B,2,false) -> X
A40: 123039 | B40: 177 | C40: =vlookup(B40,Games!A:B,2,false) -> 1 | D40: 14 | E40: 102086610308437271448 | F40: 11 | G40: =vlookup(F40,Teams!$A:B,2,false) -> Fossil Ridge | H40: TRUE | I40: FALSE | J40: 20 | K40: =vlookup(J40,Cats!$A:$B,2,false) -> M
A41: 123040 | B41: 177 | C41: =vlookup(B41,Games!A:B,2,false) -> 1 | D41: 0 | F41: 15 | G41: =vlookup(F41,Teams!$A:B,2,false) -> Interlake D | H41: FALSE | I41: TRUE | J41: 20 | K41: =vlookup(J41,Cats!$A:$B,2,false) -> M
A42: 123041 | B42: 177 | C42: =vlookup(B42,Games!A:B,2,false) -> 1 | D42: 14 | E42: 114069392661778914056 | F42: 11 | G42: =vlookup(F42,Teams!$A:B,2,false) -> Fossil Ridge | H42: TRUE | I42: FALSE | J42: 21 | K42: =vlookup(J42,Cats!$A:$B,2,false) -> C
A43: 123042 | B43: 177 | C43: =vlookup(B43,Games!A:B,2,false) -> 1 | D43: 0 | F43: 15 | G43: =vlookup(F43,Teams!$A:B,2,false) -> Interlake D | H43: FALSE | I43: TRUE | J43: 21 | K43: =vlookup(J43,Cats!$A:$B,2,false) -> C
A44: 123043 | B44: 177 | C44: =vlookup(B44,Games!A:B,2,false) -> 1 | D44: 14 | E44: 102086610308437271448 | F44: 11 | G44: =vlookup(F44,Teams!$A:B,2,false) -> Fossil Ridge | H44: TRUE | I44: FALSE | J44: 22 | K44: =vlookup(J44,Cats!$A:$B,2,false) -> E
A45: 123044 | B45: 177 | C45: =vlookup(B45,Games!A:B,2,false) -> 1 | D45: 0 | F45: 15 | G45: =vlookup(F45,Teams!$A:B,2,false) -> Interlake D | H45: FALSE | I45: TRUE | J45: 22 | K45: =vlookup(J45,Cats!$A:$B,2,false) -> E
A46: 123045 | B46: 177 | C46: =vlookup(B46,Games!A:B,2,false) -> 1 | D46: 0 | E46: 104156773302712156449 | F46: 11 | G46: =vlookup(F46,Teams!$A:B,2,false) -> Fossil Ridge | H46: TRUE | I46: FALSE | J46: 23 | K46: =vlookup(J46,Cats!$A:$B,2,false) -> B
A47: 123046 | B47: 177 | C47: =vlookup(B47,Games!A:B,2,false) -> 1 | D47: -4 | E47: 111177114471781468507 | F47: 15 | G47: =vlookup(F47,Teams!$A:B,2,false) -> Interlake D | H47: FALSE | I47: FALSE | J47: 23 | K47: =vlookup(J47,Cats!$A:$B,2,false) -> B
A48: 123047 | B48: 177 | C48: =vlookup(B48,Games!A:B,2,false) -> 1 | D48: 4 | E48: 102086610308437271448 | F48: 11 | G48: =vlookup(F48,Teams!$A:B,2,false) -> Fossil Ridge | H48: TRUE | I48: FALSE | J48: 24 | K48: =vlookup(J48,Cats!$A:$B,2,false) -> P
A49: 123048 | B49: 177 | C49: =vlookup(B49,Games!A:B,2,false) -> 1 | D49: 0 | F49: 15 | G49: =vlookup(F49,Teams!$A:B,2,false) -> Interlake D | H49: FALSE | I49: TRUE | J49: 24 | K49: =vlookup(J49,Cats!$A:$B,2,false) -> P
A50: 123049 | B50: 178 | C50: =vlookup(B50,Games!A:B,2,false) -> 1 | D50: 0 | F50: 18 | G50: =vlookup(F50,Teams!$A:B,2,false) -> James Ruse C | H50: TRUE | I50: TRUE | J50: 1 | K50: =vlookup(J50,Cats!$A:$B,2,false) -> X
A51: 123050 | B51: 178 | C51: =vlookup(B51,Games!A:B,2,false) -> 1 | D51: 14 | E51: 116721216238586890410 | F51: 39 | G51: =vlookup(F51,Teams!$A:B,2,false) -> Wayzata A | H51: FALSE | I51: FALSE | J51: 1 | K51: =vlookup(J51,Cats!$A:$B,2,false) -> X
A52: 123051 | B52: 178 | C52: =vlookup(B52,Games!A:B,2,false) -> 1 | D52: 0 | F52: 18 | G52: =vlookup(F52,Teams!$A:B,2,false) -> James Ruse C | H52: TRUE | I52: TRUE | J52: 2 | K52: =vlookup(J52,Cats!$A:$B,2,false) -> M
A53: 123052 | B53: 178 | C53: =vlookup(B53,Games!A:B,2,false) -> 1 | D53: 14 | E53: 116721216238586890410 | F53: 39 | G53: =vlookup(F53,Teams!$A:B,2,false) -> Wayzata A | H53: FALSE | I53: FALSE | J53: 2 | K53: =vlookup(J53,Cats!$A:$B,2,false) -> M
A54: 123053 | B54: 178 | C54: =vlookup(B54,Games!A:B,2,false) -> 1 | D54: 0 | F54: 18 | G54: =vlookup(F54,Teams!$A:B,2,false) -> James Ruse C | H54: TRUE | I54: TRUE | J54: 3 | K54: =vlookup(J54,Cats!$A:$B,2,false) -> C
A55: 123054 | B55: 178 | C55: =vlookup(B55,Games!A:B,2,false) -> 1 | D55: 14 | E55: 117343382433914933310 | F55: 39 | G55: =vlookup(F55,Teams!$A:B,2,false) -> Wayzata A | H55: FALSE | I55: FALSE | J55: 3 | K55: =vlookup(J55,Cats!$A:$B,2,false) -> C
A56: 123055 | B56: 178 | C56: =vlookup(B56,Games!A:B,2,false) -> 1 | D56: 0 | E56: 109822858432819011113 | F56: 18 | G56: =vlookup(F56,Teams!$A:B,2,false) -> James Ruse C | H56: TRUE | I56: FALSE | J56: 4 | K56: =vlookup(J56,Cats!$A:$B,2,false) -> E
A57: 123056 | B57: 178 | C57: =vlookup(B57,Games!A:B,2,false) -> 1 | D57: 14 | E57: 101293179820443635542 | F57: 39 | G57: =vlookup(F57,Teams!$A:B,2,false) -> Wayzata A | H57: FALSE | I57: FALSE | J57: 4 | K57: =vlookup(J57,Cats!$A:$B,2,false) -> E
A58: 123057 | B58: 178 | C58: =vlookup(B58,Games!A:B,2,false) -> 1 | D58: 0 | F58: 18 | G58: =vlookup(F58,Teams!$A:B,2,false) -> James Ruse C | H58: TRUE | I58: TRUE | J58: 5 | K58: =vlookup(J58,Cats!$A:$B,2,false) -> B
A59: 123058 | B59: 178 | C59: =vlookup(B59,Games!A:B,2,false) -> 1 | D59: 14 | E59: 117343382433914933310 | F59: 39 | G59: =vlookup(F59,Teams!$A:B,2,false) -> Wayzata A | H59: FALSE | I59: FALSE | J59: 5 | K59: =vlookup(J59,Cats!$A:$B,2,false) -> B
A60: 123059 | B60: 178 | C60: =vlookup(B60,Games!A:B,2,false) -> 1 | D60: 0 | F60: 18 | G60: =vlookup(F60,Teams!$A:B,2,false) -> James Ruse C | H60: TRUE | I60: TRUE | J60: 6 | K60: =vlookup(J60,Cats!$A:$B,2,false) -> P
A61: 123060 | B61: 178 | C61: =vlookup(B61,Games!A:B,2,false) -> 1 | D61: 4 | E61: 116721216238586890410 | F61: 39 | G61: =vlookup(F61,Teams!$A:B,2,false) -> Wayzata A | H61: FALSE | I61: FALSE | J61: 6 | K61: =vlookup(J61,Cats!$A:$B,2,false) -> P
A62: 123061 | B62: 178 | C62: =vlookup(B62,Games!A:B,2,false) -> 1 | D62: 0 | F62: 18 | G62: =vlookup(F62,Teams!$A:B,2,false) -> James Ruse C | H62: TRUE | I62: FALSE | J62: 7 | K62: =vlookup(J62,Cats!$A:$B,2,false) -> X
A63: 123062 | B63: 178 | C63: =vlookup(B63,Games!A:B,2,false) -> 1 | D63: -4 | E63: 101293179820443635542 | F63: 39 | G63: =vlookup(F63,Teams!$A:B,2,false) -> Wayzata A | H63: FALSE | I63: FALSE | J63: 7 | K63: =vlookup(J63,Cats!$A:$B,2,false) -> X
A64: 123063 | B64: 178 | C64: =vlookup(B64,Games!A:B,2,false) -> 1 | D64: 0 | E64: 105003138612597575148 | F64: 18 | G64: =vlookup(F64,Teams!$A:B,2,false) -> James Ruse C | H64: TRUE | I64: FALSE | J64: 8 | K64: =vlookup(J64,Cats!$A:$B,2,false) -> M
A65: 123064 | B65: 178 | C65: =vlookup(B65,Games!A:B,2,false) -> 1 | D65: 0 | E65: 116721216238586890410 | F65: 39 | G65: =vlookup(F65,Teams!$A:B,2,false) -> Wayzata A | H65: FALSE | I65: FALSE | J65: 8 | K65: =vlookup(J65,Cats!$A:$B,2,false) -> M
A66: 123065 | B66: 178 | C66: =vlookup(B66,Games!A:B,2,false) -> 1 | D66: 0 | F66: 18 | G66: =vlookup(F66,Teams!$A:B,2,false) -> James Ruse C | H66: TRUE | I66: TRUE | J66: 9 | K66: =vlookup(J66,Cats!$A:$B,2,false) -> C
A67: 123066 | B67: 178 | C67: =vlookup(B67,Games!A:B,2,false) -> 1 | D67: 14 | E67: 117343382433914933310 | F67: 39 | G67: =vlookup(F67,Teams!$A:B,2,false) -> Wayzata A | H67: FALSE | I67: FALSE | J67: 9 | K67: =vlookup(J67,Cats!$A:$B,2,false) -> C
A68: 123067 | B68: 178 | C68: =vlookup(B68,Games!A:B,2,false) -> 1 | D68: 0 | F68: 18 | G68: =vlookup(F68,Teams!$A:B,2,false) -> James Ruse C | H68: TRUE | I68: TRUE | J68: 10 | K68: =vlookup(J68,Cats!$A:$B,2,false) -> E
A69: 123068 | B69: 178 | C69: =vlookup(B69,Games!A:B,2,false) -> 1 | D69: 0 | E69: 101293179820443635542 | F69: 39 | G69: =vlookup(F69,Teams!$A:B,2,false) -> Wayzata A | H69: FALSE | I69: FALSE | J69: 10 | K69: =vlookup(J69,Cats!$A:$B,2,false) -> E
A70: 123069 | B70: 178 | C70: =vlookup(B70,Games!A:B,2,false) -> 1 | D70: 0 | F70: 18 | G70: =vlookup(F70,Teams!$A:B,2,false) -> James Ruse C | H70: TRUE | I70: TRUE | J70: 11 | K70: =vlookup(J70,Cats!$A:$B,2,false) -> B
A71: 123070 | B71: 178 | C71: =vlookup(B71,Games!A:B,2,false) -> 1 | D71: 14 | E71: 117343382433914933310 | F71: 39 | G71: =vlookup(F71,Teams!$A:B,2,false) -> Wayzata A | H71: FALSE | I71: FALSE | J71: 11 | K71: =vlookup(J71,Cats!$A:$B,2,false) -> B
A72: 123071 | B72: 178 | C72: =vlookup(B72,Games!A:B,2,false) -> 1 | D72: 0 | F72: 18 | G72: =vlookup(F72,Teams!$A:B,2,false) -> James Ruse C | H72: TRUE | I72: TRUE | J72: 12 | K72: =vlookup(J72,Cats!$A:$B,2,false) -> P
A73: 123072 | B73: 178 | C73: =vlookup(B73,Games!A:B,2,false) -> 1 | D73: 14 | E73: 117343382433914933310 | F73: 39 | G73: =vlookup(F73,Teams!$A:B,2,false) -> Wayzata A | H73: FALSE | I73: FALSE | J73: 12 | K73: =vlookup(J73,Cats!$A:$B,2,false) -> P
A74: 123073 | B74: 178 | C74: =vlookup(B74,Games!A:B,2,false) -> 1 | D74: 0 | F74: 18 | G74: =vlookup(F74,Teams!$A:B,2,false) -> James Ruse C | H74: TRUE | I74: TRUE | J74: 13 | K74: =vlookup(J74,Cats!$A:$B,2,false) -> X
A75: 123074 | B75: 178 | C75: =vlookup(B75,Games!A:B,2,false) -> 1 | D75: 4 | E75: 116721216238586890410 | F75: 39 | G75: =vlookup(F75,Teams!$A:B,2,false) -> Wayzata A | H75: FALSE | I75: FALSE | J75: 13 | K75: =vlookup(J75,Cats!$A:$B,2,false) -> X
A76: 123075 | B76: 178 | C76: =vlookup(B76,Games!A:B,2,false) -> 1 | D76: 14 | E76: 105003138612597575148 | F76: 18 | G76: =vlookup(F76,Teams!$A:B,2,false) -> James Ruse C | H76: TRUE | I76: FALSE | J76: 14 | K76: =vlookup(J76,Cats!$A:$B,2,false) -> M
A77: 123076 | B77: 178 | C77: =vlookup(B77,Games!A:B,2,false) -> 1 | D77: 0 | E77: 101293179820443635542 | F77: 39 | G77: =vlookup(F77,Teams!$A:B,2,false) -> Wayzata A | H77: FALSE | I77: FALSE | J77: 14 | K77: =vlookup(J77,Cats!$A:$B,2,false) -> M
A78: 123077 | B78: 178 | C78: =vlookup(B78,Games!A:B,2,false) -> 1 | D78: 0 | E78: 109822858432819011113 | F78: 18 | G78: =vlookup(F78,Teams!$A:B,2,false) -> James Ruse C | H78: TRUE | I78: FALSE | J78: 15 | K78: =vlookup(J78,Cats!$A:$B,2,false) -> C
A79: 123078 | B79: 178 | C79: =vlookup(B79,Games!A:B,2,false) -> 1 | D79: 0 | E79: 117343382433914933310 | F79: 39 | G79: =vlookup(F79,Teams!$A:B,2,false) -> Wayzata A | H79: FALSE | I79: FALSE | J79: 15 | K79: =vlookup(J79,Cats!$A:$B,2,false) -> C
A80: 123079 | B80: 178 | C80: =vlookup(B80,Games!A:B,2,false) -> 1 | D80: 0 | E80: 117556317196223348498 | F80: 18 | G80: =vlookup(F80,Teams!$A:B,2,false) -> James Ruse C | H80: TRUE | I80: FALSE | J80: 16 | K80: =vlookup(J80,Cats!$A:$B,2,false) -> E
A81: 123080 | B81: 178 | C81: =vlookup(B81,Games!A:B,2,false) -> 1 | D81: 0 | E81: 117343382433914933310 | F81: 39 | G81: =vlookup(F81,Teams!$A:B,2,false) -> Wayzata A | H81: FALSE | I81: FALSE | J81: 16 | K81: =vlookup(J81,Cats!$A:$B,2,false) -> E
A82: 123081 | B82: 178 | C82: =vlookup(B82,Games!A:B,2,false) -> 1 | D82: 0 | F82: 18 | G82: =vlookup(F82,Teams!$A:B,2,false) -> James Ruse C | H82: TRUE | I82: TRUE | J82: 17 | K82: =vlookup(J82,Cats!$A:$B,2,false) -> B
A83: 123082 | B83: 178 | C83: =vlookup(B83,Games!A:B,2,false) -> 1 | D83: 14 | E83: 117343382433914933310 | F83: 39 | G83: =vlookup(F83,Teams!$A:B,2,false) -> Wayzata A | H83: FALSE | I83: FALSE | J83: 17 | K83: =vlookup(J83,Cats!$A:$B,2,false) -> B
A84: 123083 | B84: 178 | C84: =vlookup(B84,Games!A:B,2,false) -> 1 | D84: 0 | F84: 18 | G84: =vlookup(F84,Teams!$A:B,2,false) -> James Ruse C | H84: TRUE | I84: TRUE | J84: 18 | K84: =vlookup(J84,Cats!$A:$B,2,false) -> P
A85: 123084 | B85: 178 | C85: =vlookup(B85,Games!A:B,2,false) -> 1 | D85: 14 | E85: 116721216238586890410 | F85: 39 | G85: =vlookup(F85,Teams!$A:B,2,false) -> Wayzata A | H85: FALSE | I85: FALSE | J85: 18 | K85: =vlookup(J85,Cats!$A:$B,2,false) -> P
A86: 123085 | B86: 178 | C86: =vlookup(B86,Games!A:B,2,false) -> 1 | D86: 0 | F86: 18 | G86: =vlookup(F86,Teams!$A:B,2,false) -> James Ruse C | H86: TRUE | I86: TRUE | J86: 19 | K86: =vlookup(J86,Cats!$A:$B,2,false) -> X
A87: 123086 | B87: 178 | C87: =vlookup(B87,Games!A:B,2,false) -> 1 | D87: 0 | E87: 117343382433914933310 | F87: 39 | G87: =vlookup(F87,Teams!$A:B,2,false) -> Wayzata A | H87: FALSE | I87: FALSE | J87: 19 | K87: =vlookup(J87,Cats!$A:$B,2,false) -> X
A88: 123087 | B88: 178 | C88: =vlookup(B88,Games!A:B,2,false) -> 1 | D88: 0 | F88: 18 | G88: =vlookup(F88,Teams!$A:B,2,false) -> James Ruse C | H88: TRUE | I88: TRUE | J88: 20 | K88: =vlookup(J88,Cats!$A:$B,2,false) -> M
A89: 123088 | B89: 178 | C89: =vlookup(B89,Games!A:B,2,false) -> 1 | D89: 4 | E89: 116721216238586890410 | F89: 39 | G89: =vlookup(F89,Teams!$A:B,2,false) -> Wayzata A | H89: FALSE | I89: FALSE | J89: 20 | K89: =vlookup(J89,Cats!$A:$B,2,false) -> M
A90: 123089 | B90: 178 | C90: =vlookup(B90,Games!A:B,2,false) -> 1 | D90: 0 | F90: 18 | G90: =vlookup(F90,Teams!$A:B,2,false) -> James Ruse C | H90: TRUE | I90: TRUE | J90: 21 | K90: =vlookup(J90,Cats!$A:$B,2,false) -> C
A91: 123090 | B91: 178 | C91: =vlookup(B91,Games!A:B,2,false) -> 1 | D91: 14 | E91: 101293179820443635542 | F91: 39 | G91: =vlookup(F91,Teams!$A:B,2,false) -> Wayzata A | H91: FALSE | I91: FALSE | J91: 21 | K91: =vlookup(J91,Cats!$A:$B,2,false) -> C
A92: 123091 | B92: 178 | C92: =vlookup(B92,Games!A:B,2,false) -> 1 | D92: 0 | F92: 18 | G92: =vlookup(F92,Teams!$A:B,2,false) -> James Ruse C | H92: TRUE | I92: TRUE | J92: 22 | K92: =vlookup(J92,Cats!$A:$B,2,false) -> E
A93: 123092 | B93: 178 | C93: =vlookup(B93,Games!A:B,2,false) -> 1 | D93: 4 | E93: 116721216238586890410 | F93: 39 | G93: =vlookup(F93,Teams!$A:B,2,false) -> Wayzata A | H93: FALSE | I93: FALSE | J93: 22 | K93: =vlookup(J93,Cats!$A:$B,2,false) -> E
A94: 123093 | B94: 178 | C94: =vlookup(B94,Games!A:B,2,false) -> 1 | D94: 0 | F94: 18 | G94: =vlookup(F94,Teams!$A:B,2,false) -> James Ruse C | H94: TRUE | I94: TRUE | J94: 23 | K94: =vlookup(J94,Cats!$A:$B,2,false) -> B
A95: 123094 | B95: 178 | C95: =vlookup(B95,Games!A:B,2,false) -> 1 | D95: 14 | E95: 117343382433914933310 | F95: 39 | G95: =vlookup(F95,Teams!$A:B,2,false) -> Wayzata A | H95: FALSE | I95: FALSE | J95: 23 | K95: =vlookup(J95,Cats!$A:$B,2,false) -> B
A96: 123095 | B96: 178 | C96: =vlookup(B96,Games!A:B,2,false) -> 1 | D96: 0 | F96: 18 | G96: =vlookup(F96,Teams!$A:B,2,false) -> James Ruse C | H96: TRUE | I96: TRUE | J96: 24 | K96: =vlookup(J96,Cats!$A:$B,2,false) -> P
A97: 123096 | B97: 178 | C97: =vlookup(B97,Games!A:B,2,false) -> 1 | D97: 14 | E97: 116721216238586890410 | F97: 39 | G97: =vlookup(F97,Teams!$A:B,2,false) -> Wayzata A | H97: FALSE | I97: FALSE | J97: 24 | K97: =vlookup(J97,Cats!$A:$B,2,false) -> P
A98: 123097 | B98: 179 | C98: =vlookup(B98,Games!A:B,2,false) -> 1 | D98: 4 | E98: 100047951893265954908 | F98: 25 | G98: =vlookup(F98,Teams!$A:B,2,false) -> NCSSM B | H98: TRUE | I98: FALSE | J98: 1 | K98: =vlookup(J98,Cats!$A:$B,2,false) -> X
A99: 123098 | B99: 179 | C99: =vlookup(B99,Games!A:B,2,false) -> 1 | D99: 0 | F99: 37 | G99: =vlookup(F99,Teams!$A:B,2,false) -> Tesla STEM B | H99: FALSE | I99: TRUE | J99: 1 | K99: =vlookup(J99,Cats!$A:$B,2,false) -> X
A100: 123099 | B100: 179 | C100: =vlookup(B100,Games!A:B,2,false) -> 1 | D100: -4 | E100: 112292901990108303517 | F100: 25 | G100: =vlookup(F100,Teams!$A:B,2,false) -> NCSSM B | H100: TRUE | I100: FALSE | J100: 2 | K100: =vlookup(J100,Cats!$A:$B,2,false) -> M
...

Sheet Cats
A1: 1 | B1: X
A2: 2 | B2: M
A3: 3 | B3: C
A4: 4 | B4: E
A5: 5 | B5: B
A6: 6 | B6: P
A7: 7 | B7: X
A8: 8 | B8: M
A9: 9 | B9: C
A10: 10 | B10: E
A11: 11 | B11: B
A12: 12 | B12: P
... A24: 24 | B24: P

Sheet Prelims
A1: ID | B1: Name | C1: Team | D1: GP | E1: TUH | F1: TU | G1: X | H1: Neg | I1: # Buzz | J1: % Buzz | K1: Acc | L1: Points | M1: PPG | N1: X PPG | O1: M PPG | P1: C PPG | Q1: E PPG | R1: B PPG | S1: P PPG
A2: 104421903707714227310 | B2: Anurag | C2: Centennial | D2: 4 | E2: 96 | F2: 71 | G2: 11 | H2: 1 | I2: 83 | J2: 0.86458333 | K2: 0.85542169 | L2: 280 | M2: 70 | N2: =vlookup($A2,'X-Risk'!$A:$M,13,false) -> 11 | O2: =vlookup($A2,Math!$A:$M,13,false) -> 8 | P2: =vlookup($A2,Chemistry!$A:$M,13,false) -> 16 | Q2: =vlookup($A2,EarthSpace!$A:$M,13,false) -> 12 | R2: =vlookup($A2,Biology!$A:$M,13,false) -> 12 | S2: =vlookup($A2,Physics!$A:$M,13,false) -> 11
A3: 100741934745181838949 | B3: Vishnu | C3: Lakeside A | D3: 4 | E3: 96 | F3: 51 | G3: 11 | H3: 1 | I3: 63 | J3: 0.65625 | K3: 0.80952381 | L3: 200 | M3: 50 | N3: =vlookup($A3,'X-Risk'!$A:$M,13,false) -> 7 | O3: =vlookup($A3,Math!$A:$M,13,false) -> 4 | P3: =vlookup($A3,Chemistry!$A:$M,13,false) -> 12 | Q3: =vlookup($A3,EarthSpace!$A:$M,13,false) -> 12 | R3: =vlookup($A3,Biology!$A:$M,13,false) -> 10 | S3: =vlookup($A3,Physics!$A:$M,13,false) -> 5
A4: 115421750943056030767 | B4: Kushal | C4: JP Stevens A | D4: 4 | E4: 96 | F4: 55 | G4: 6 | H4: 6 | I4: 67 | J4: 0.69791667 | K4: 0.82089552 | L4: 196 | M4: 49 | N4: =vlookup($A4,'X-Risk'!$A:$M,13,false) -> 10 | O4: =vlookup($A4,Math!$A:$M,13,false) -> 3 | P4: =vlookup($A4,Chemistry!$A:$M,13,false) -> 3 | Q4: =vlookup($A4,EarthSpace!$A:$M,13,false) -> 13 | R4: =vlookup($A4,Biology!$A:$M,13,false) -> 10 | S4: =vlookup($A4,Physics!$A:$M,13,false) -> 10
A5: 102086610308437271448 | B5: Viraj | C5: Dulles A | D5: 4 | E5: 96 | F5: 47 | G5: 8 | H5: 3 | I5: 58 | J5: 0.60416667 | K5: 0.81034483 | L5: 176 | M5: 44 | N5: =vlookup($A5,'X-Risk'!$A:$M,13,false) -> 7 | O5: =vlookup($A5,Math!$A:$M,13,false) -> 5 | P5: =vlookup($A5,Chemistry!$A:$M,13,false) -> 12 | Q5: =vlookup($A5,EarthSpace!$A:$M,13,false) -> 9 | R5: =vlookup($A5,Biology!$A:$M,13,false) -> 6 | S5: =vlookup($A5,Physics!$A:$M,13,false) -> 5
A6: 100552342580135245961 | B6: Luke | C6: duPont Manual | D6: 4 | E6: 96 | F6: 41 | G6: 5 | H6: 5 | I6: 51 | J6: 0.53125 | K6: 0.80392157 | L6: 144 | M6: 36 | N6: =vlookup($A6,'X-Risk'!$A:$M,13,false) -> 7 | O6: =vlookup($A6,Math!$A:$M,13,false) -> 6 | P6: =vlookup($A6,Chemistry!$A:$M,13,false) -> 8 | Q6: =vlookup($A6,EarthSpace!$A:$M,13,false) -> 1 | R6: =vlookup($A6,Biology!$A:$M,13,false) -> 12 | S6: =vlookup($A6,Physics!$A:$M,13,false) -> 2
A7: 110301036443128012178 | B7: Jackson | C7: Fossil Ridge | D7: 3 | E7: 72 | F7: 24 | G7: 8 | H7: 0 | I7: 32 | J7: 0.44444444 | K7: 0.75 | L7: 96 | M7: 32 | N7: =vlookup($A7,'X-Risk'!$A:$M,13,false) -> 2.6666667 | O7: =vlookup($A7,Math!$A:$M,13,false) -> 10.666667 | P7: =vlookup($A7,Chemistry!$A:$M,13,false) -> 5.3333333 | Q7: =vlookup($A7,EarthSpace!$A:$M,13,false) -> 1.3333333 | R7: =vlookup($A7,Biology!$A:$M,13,false) -> 2.6666667 | S7: =vlookup($A7,Physics!$A:$M,13,false) -> 9.3333333
A8: 115924773297427523154 | B8: Caleb | C8: Blair A | D8: 4 | E8: 96 | F8: 34 | G8: 1 | H8: 2 | I8: 37 | J8: 0.38541667 | K8: 0.91891892 | L8: 128 | M8: 32 | N8: =vlookup($A8,'X-Risk'!$A:$M,13,false) -> 7 | O8: =vlookup($A8,Math!$A:$M,13,false) -> 0 | P8: =vlookup($A8,Chemistry!$A:$M,13,false) -> 12 | Q8: =vlookup($A8,EarthSpace!$A:$M,13,false) -> 0 | R8: =vlookup($A8,Biology!$A:$M,13,false) -> 12 | S8: =vlookup($A8,Physics!$A:$M,13,false) -> 1
A9: 113094777403527549084 | B9: Vidur | C9: Lindbergh A | D9: 4 | E9: 96 | F9: 32 | G9: 16 | H9: 1 | I9: 49 | J9: 0.51041667 | K9: 0.65306122 | L9: 124 | M9: 31 | N9: =vlookup($A9,'X-Risk'!$A:$M,13,false) -> 3 | O9: =vlookup($A9,Math!$A:$M,13,false) -> 9 | P9: =vlookup($A9,Chemistry!$A:$M,13,false) -> 7 | Q9: =vlookup($A9,EarthSpace!$A:$M,13,false) -> 5 | R9: =vlookup($A9,Biology!$A:$M,13,false) -> 4 | S9: =vlookup($A9,Physics!$A:$M,13,false) -> 3
A10: 106442958599386378471 | B10: Daniel | C10: Lexington B | D10: 4 | E10: 96 | F10: 33 | G10: 3 | H10: 2 | I10: 38 | J10: 0.39583333 | K10: 0.86842105 | L10: 124 | M10: 31 | N10: =vlookup($A10,'X-Risk'!$A:$M,13,false) -> 7 | O10: =vlookup($A10,Math!$A:$M,13,false) -> 0 | P10: =vlookup($A10,Chemistry!$A:$M,13,false) -> 7 | Q10: =vlookup($A10,EarthSpace!$A:$M,13,false) -> 12 | R10: =vlookup($A10,Biology!$A:$M,13,false) -> 5 | S10: =vlookup($A10,Physics!$A:$M,13,false) -> 0
A11: 100662456472081319887 | B11: Andrey | C11: Buchholz A | D11: 5 | E11: 120 | F11: 43 | G11: 3 | H11: 5 | I11: 51 | J11: 0.425 | K11: 0.84313725 | L11: 152 | M11: 30.4 | N11: =vlookup($A11,'X-Risk'!$A:$M,13,false) -> 5.6 | O11: =vlookup($A11,Math!$A:$M,13,false) -> 1.6 | P11: =vlookup($A11,Chemistry!$A:$M,13,false) -> 0.8 | Q11: =vlookup($A11,EarthSpace!$A:$M,13,false) -> 5.6 | R11: =vlookup($A11,Biology!$A:$M,13,false) -> 12 | S11: =vlookup($A11,Physics!$A:$M,13,false) -> 4.8
A12: 100737823064401076042 | B12: Mason | C12: Westminster | D12: 4 | E12: 96 | F12: 32 | G12: 6 | H12: 2 | I12: 40 | J12: 0.41666667 | K12: 0.8 | L12: 120 | M12: 30 | N12: =vlookup($A12,'X-Risk'!$A:$M,13,false) -> 5 | O12: =vlookup($A12,Math!$A:$M,13,false) -> 0 | P12: =vlookup($A12,Chemistry!$A:$M,13,false) -> 1 | Q12: =vlookup($A12,EarthSpace!$A:$M,13,false) -> 12 | R12: =vlookup($A12,Biology!$A:$M,13,false) -> 11 | S12: =vlookup($A12,Physics!$A:$M,13,false) -> 1
A13: 114425244605279404977 | B13: Connor | C13: NoHo B | D13: 4 | E13: 96 | F13: 30 | G13: 11 | H13: 1 | I13: 42 | J13: 0.4375 | K13: 0.71428571 | L13: 116 | M13: 29 | N13: =vlookup($A13,'X-Risk'!$A:$M,13,false) -> 3 | O13: =vlookup($A13,Math!$A:$M,13,false) -> 7 | P13: =vlookup($A13,Chemistry!$A:$M,13,false) -> 5 | Q13: =vlookup($A13,EarthSpace!$A:$M,13,false) -> 8 | R13: =vlookup($A13,Biology!$A:$M,13,false) -> 2 | S13: =vlookup($A13,Physics!$A:$M,13,false) -> 4
... A458: 109902093337574294667 | B458: Akhil | C458: BRHS | D458: 4 | E458: 96 | F458: 1 | G458: 4 | H458: 2 | I458: 7 | J458: 0.072916667 | K458: 0.14285714 | L458: -4 | M458: -1 | N458: =vlookup($A458,'X-Risk'!$A:$M,13,false) -> 0 | O458: =vlookup($A458,Math!$A:$M,13,false) -> -2 | P458: =vlookup($A458,Chemistry!$A:$M,13,false) -> 0 | Q458: =vlookup($A458,EarthSpace!$A:$M,13,false) -> 0 | R458: =vlookup($A458,Biology!$A:$M,13,false) -> 1 | S458: =vlookup($A458,Physics!$A:$M,13,false) -> 0

Sheet Full
A1: ID | B1: Name | C1: Team | D1: GP | E1: TUH | F1: TU | G1: X | H1: Neg | I1: # Buzz | J1: % Buzz | K1: Acc | L1: Points | M1: PPG | N1: X PPG | O1: M PPG | P1: C PPG | Q1: E PPG | R1: B PPG | S1: P PPG
A2: 104421903707714227310 | B2: Anurag | C2: Centennial | D2: 10 | E2: 240 | F2: 144 | G2: 39 | H2: 9 | I2: 192 | J2: 0.8 | K2: 0.75 | L2: 540 | M2: 54 | N2: =vlookup($A2,'X-Risk Full'!$A:$M,13,false) -> 7.6 | O2: =vlookup($A2,'Math Full'!$A:$M,13,false) -> 5.6 | P2: =vlookup($A2,'Chemistry Full'!$A:$M,13,false) -> 15.2 | Q2: =vlookup($A2,'EarthSpace Full'!$A:$M,13,false) -> 7.6 | R2: =vlookup($A2,'Biology Full'!$A:$M,13,false) -> 8 | S2: =vlookup($A2,'Physics Full'!$A:$M,13,false) -> 10
A3: 100741934745181838949 | B3: Vishnu | C3: Lakeside A | D3: 7 | E3: 168 | F3: 77 | G3: 21 | H3: 2 | I3: 100 | J3: 0.5952381 | K3: 0.77 | L3: 300 | M3: 42.857143 | N3: =vlookup($A3,'X-Risk Full'!$A:$M,13,false) -> 5.1428571 | O3: =vlookup($A3,'Math Full'!$A:$M,13,false) -> 5.1428571 | P3: =vlookup($A3,'Chemistry Full'!$A:$M,13,false) -> 9.7142857 | Q3: =vlookup($A3,'EarthSpace Full'!$A:$M,13,false) -> 11.428571 | R3: =vlookup($A3,'Biology Full'!$A:$M,13,false) -> 6.8571429 | S3: =vlookup($A3,'Physics Full'!$A:$M,13,false) -> 4.5714286
A4: 115421750943056030767 | B4: Kushal | C4: JP Stevens A | D4: 8 | E4: 192 | F4: 80 | G4: 22 | H4: 13 | I4: 115 | J4: 0.59895833 | K4: 0.69565217 | L4: 268 | M4: 33.5 | N4: =vlookup($A4,'X-Risk Full'!$A:$M,13,false) -> 6.5 | O4: =vlookup($A4,'Math Full'!$A:$M,13,false) -> 1.5 | P4: =vlookup($A4,'Chemistry Full'!$A:$M,13,false) -> 2 | Q4: =vlookup($A4,'EarthSpace Full'!$A:$M,13,false) -> 8.5 | R4: =vlookup($A4,'Biology Full'!$A:$M,13,false) -> 7 | S4: =vlookup($A4,'Physics Full'!$A:$M,13,false) -> 8
A5: 102086610308437271448 | B5: Jackson | C5: Fossil Ridge | D5: 3 | E5: 72 | F5: 24 | G5: 8 | H5: 0 | I5: 32 | J5: 0.44444444 | K5: 0.75 | L5: 96 | M5: 32 | N5: =vlookup($A5,'X-Risk Full'!$A:$M,13,false) -> 2.6666667 | O5: =vlookup($A5,'Math Full'!$A:$M,13,false) -> 10.666667 | P5: =vlookup($A5,'Chemistry Full'!$A:$M,13,false) -> 5.3333333 | Q5: =vlookup($A5,'EarthSpace Full'!$A:$M,13,false) -> 1.3333333 | R5: =vlookup($A5,'Biology Full'!$A:$M,13,false) -> 2.6666667 | S5: =vlookup($A5,'Physics Full'!$A:$M,13,false) -> 9.3333333
A6: 100552342580135245961 | B6: Connor | C6: NoHo B | D6: 4 | E6: 96 | F6: 30 | G6: 11 | H6: 1 | I6: 42 | J6: 0.4375 | K6: 0.71428571 | L6: 116 | M6: 29 | N6: =vlookup($A6,'X-Risk Full'!$A:$M,13,false) -> 3 | O6: =vlookup($A6,'Math Full'!$A:$M,13,false) -> 7 | P6: =vlookup($A6,'Chemistry Full'!$A:$M,13,false) -> 5 | Q6: =vlookup($A6,'EarthSpace Full'!$A:$M,13,false) -> 8 | R6: =vlookup($A6,'Biology Full'!$A:$M,13,false) -> 2 | S6: =vlookup($A6,'Physics Full'!$A:$M,13,false) -> 4
A7: 110301036443128012178 | B7: Luke | C7: duPont Manual | D7: 6 | E7: 144 | F7: 50 | G7: 8 | H7: 7 | I7: 65 | J7: 0.45138889 | K7: 0.76923077 | L7: 172 | M7: 28.666667 | N7: =vlookup($A7,'X-Risk Full'!$A:$M,13,false) -> 6 | O7: =vlookup($A7,'Math Full'!$A:$M,13,false) -> 4.6666667 | P7: =vlookup($A7,'Chemistry Full'!$A:$M,13,false) -> 8 | Q7: =vlookup($A7,'EarthSpace Full'!$A:$M,13,false) -> 1.3333333 | R7: =vlookup($A7,'Biology Full'!$A:$M,13,false) -> 7.3333333 | S7: =vlookup($A7,'Physics Full'!$A:$M,13,false) -> 1.3333333
A8: 115924773297427523154 | B8: Archi | C8: Tupelo | D8: 5 | E8: 120 | F8: 36 | G8: 24 | H8: 1 | I8: 61 | J8: 0.50833333 | K8: 0.59016393 | L8: 140 | M8: 28 | N8: =vlookup($A8,'X-Risk Full'!$A:$M,13,false) -> 5.6 | O8: =vlookup($A8,'Math Full'!$A:$M,13,false) -> 5.6 | P8: =vlookup($A8,'Chemistry Full'!$A:$M,13,false) -> 6.4 | Q8: =vlookup($A8,'EarthSpace Full'!$A:$M,13,false) -> 1.6 | R8: =vlookup($A8,'Biology Full'!$A:$M,13,false) -> 6.4 | S8: =vlookup($A8,'Physics Full'!$A:$M,13,false) -> 2.4
A9: 113094777403527549084 | B9: Caleb | C9: Blair A | D9: 9 | E9: 216 | F9: 71 | G9: 6 | H9: 8 | I9: 85 | J9: 0.39351852 | K9: 0.83529412 | L9: 252 | M9: 28 | N9: =vlookup($A9,'X-Risk Full'!$A:$M,13,false) -> 5.7777778 | O9: =vlookup($A9,'Math Full'!$A:$M,13,false) -> 0 | P9: =vlookup($A9,'Chemistry Full'!$A:$M,13,false) -> 10.666667 | Q9: =vlookup($A9,'EarthSpace Full'!$A:$M,13,false) -> 1.3333333 | R9: =vlookup($A9,'Biology Full'!$A:$M,13,false) -> 8.8888889 | S9: =vlookup($A9,'Physics Full'!$A:$M,13,false) -> 1.3333333
A10: 106442958599386378471 | B10: Vidur | C10: Lindbergh A | D10: 5 | E10: 120 | F10: 35 | G10: 23 | H10: 2 | I10: 60 | J10: 0.5 | K10: 0.58333333 | L10: 132 | M10: 26.4 | N10: =vlookup($A10,'X-Risk Full'!$A:$M,13,false) -> 2.4 | O10: =vlookup($A10,'Math Full'!$A:$M,13,false) -> 7.2 | P10: =vlookup($A10,'Chemistry Full'!$A:$M,13,false) -> 5.6 | Q10: =vlookup($A10,'EarthSpace Full'!$A:$M,13,false) -> 5.6 | R10: =vlookup($A10,'Biology Full'!$A:$M,13,false) -> 3.2 | S10: =vlookup($A10,'Physics Full'!$A:$M,13,false) -> 2.4
A11: 100662456472081319887 | B11: Daniel | C11: Lexington B | D11: 7 | E11: 168 | F11: 50 | G11: 12 | H11: 4 | I11: 66 | J11: 0.39285714 | K11: 0.75757576 | L11: 184 | M11: 26.285714 | N11: =vlookup($A11,'X-Risk Full'!$A:$M,13,false) -> 7.4285714 | O11: =vlookup($A11,'Math Full'!$A:$M,13,false) -> 0 | P11: =vlookup($A11,'Chemistry Full'!$A:$M,13,false) -> 5.7142857 | Q11: =vlookup($A11,'EarthSpace Full'!$A:$M,13,false) -> 9.7142857 | R11: =vlookup($A11,'Biology Full'!$A:$M,13,false) -> 3.4285714 | S11: =vlookup($A11,'Physics Full'!$A:$M,13,false) -> 0
A12: 100737823064401076042 | B12: Sharvaa | C12: AHS Broward A | D12: 6 | E12: 144 | F12: 39 | G12: 23 | H12: 0 | I12: 62 | J12: 0.43055556 | K12: 0.62903226 | L12: 156 | M12: 26 | N12: =vlookup($A12,'X-Risk Full'!$A:$M,13,false) -> 2.6666667 | O12: =vlookup($A12,'Math Full'!$A:$M,13,false) -> 6 | P12: =vlookup($A12,'Chemistry Full'!$A:$M,13,false) -> 11.333333 | Q12: =vlookup($A12,'EarthSpace Full'!$A:$M,13,false) -> 1.3333333 | R12: =vlookup($A12,'Biology Full'!$A:$M,13,false) -> 0.66666667 | S12: =vlookup($A12,'Physics Full'!$A:$M,13,false) -> 4
A13: 114425244605279404977 | B13: Vinay | C13: Edison B | D13: 5 | E13: 120 | F13: 32 | G13: 20 | H13: 0 | I13: 52 | J13: 0.43333333 | K13: 0.61538462 | L13: 128 | M13: 25.6 | N13: =vlookup($A13,'X-Risk Full'!$A:$M,13,false) -> 5.6 | O13: =vlookup($A13,'Math Full'!$A:$M,13,false) -> 3.2 | P13: =vlookup($A13,'Chemistry Full'!$A:$M,13,false) -> 1.6 | Q13: =vlookup($A13,'EarthSpace Full'!$A:$M,13,false) -> 4 | R13: =vlookup($A13,'Biology Full'!$A:$M,13,false) -> 6.4 | S13: =vlookup($A13,'Physics Full'!$A:$M,13,false) -> 4.8
... A458: 109902093337574294667 | B458: Akhil | C458: BRHS | D458: 4 | E458: 96 | F458: 1 | G458: 4 | H458: 2 | I458: 7 | J458: 0.072916667 | K458: 0.14285714 | L458: -4 | M458: -1 | N458: =vlookup($A458,'X-Risk Full'!$A:$M,13,false) -> 0 | O458: =vlookup($A458,'Math Full'!$A:$M,13,false) -> -2 | P458: =vlookup($A458,'Chemistry Full'!$A:$M,13,false) -> 0 | Q458: =vlookup($A458,'EarthSpace Full'!$A:$M,13,false) -> 0 | R458: =vlookup($A458,'Biology Full'!$A:$M,13,false) -> 1 | S458: =vlookup($A458,'Physics Full'!$A:$M,13,false) -> 0

Sheet Team Prelims
A1: id | B1: Team | C1: GP | D1: TUH | E1: TU | F1: X | G1: Neg | H1: # Buzz | I1: % Buzz | J1: Acc | K1: Points | L1: PPG | M1: Bonus | N1: % Bonus | O1: BAPPG
A2: 1 | B2: Enloe A | C2: 4 | D2: 96 | E2: 73 | F2: 10 | G2: 8 | H2: 91 | I2: 0.94791667 | J2: 0.8021978 | K2: 260 | L2: 65 | M2: 68 | N2: 0.93150685 | O2: 235
A3: 2 | B3: Blair A | C3: 4 | D3: 96 | E3: 70 | F3: 8 | G3: 10 | H3: 88 | I3: 0.91666667 | J3: 0.79545455 | K3: 240 | L3: 60 | M3: 65 | N3: 0.92857143 | O3: 222.5
A4: 3 | B4: Centennial | C4: 4 | D4: 96 | E4: 74 | F4: 12 | G4: 2 | H4: 88 | I4: 0.91666667 | J4: 0.84090909 | K4: 288 | L4: 72 | M4: 60 | N4: 0.81081081 | O4: 222
A5: 4 | B5: Westminster | C5: 4 | D5: 96 | E5: 73 | F5: 12 | G5: 5 | H5: 90 | I5: 0.9375 | J5: 0.81111111 | K5: 272 | L5: 68 | M5: 61 | N5: 0.83561644 | O5: 220.5
A6: 5 | B6: Buchholz A | C6: 5 | D6: 120 | E6: 91 | F6: 10 | G6: 8 | H6: 109 | I6: 0.90833333 | J6: 0.83486239 | K6: 332 | L6: 66.4 | M6: 76 | N6: 0.83516484 | O6: 218.4
A7: 6 | B7: Lexington A | C7: 4 | D7: 96 | E7: 70 | F7: 12 | G7: 5 | H7: 87 | I7: 0.90625 | J7: 0.8045977 | K7: 260 | L7: 65 | M7: 58 | N7: 0.82857143 | O7: 210
A8: 7 | B8: NoHo A | C8: 4 | D8: 96 | E8: 67 | F8: 15 | G8: 1 | H8: 83 | I8: 0.86458333 | J8: 0.80722892 | K8: 264 | L8: 66 | M8: 54 | N8: 0.80597015 | O8: 201
A9: 8 | B9: MSJ A | C9: 4 | D9: 96 | E9: 65 | F9: 13 | G9: 13 | H9: 91 | I9: 0.94791667 | J9: 0.71428571 | K9: 208 | L9: 52 | M9: 56 | N9: 0.86153846 | O9: 192
A10: 9 | B10: Wayzata A | C10: 4 | D10: 96 | E10: 63 | F10: 14 | G10: 2 | H10: 79 | I10: 0.82291667 | J10: 0.79746835 | K10: 244 | L10: 61 | M10: 51 | N10: 0.80952381 | O10: 188.5
A11: 11 | B11: Green Hope A | C11: 4 | D11: 96 | E11: 68 | F11: 17 | G11: 1 | H11: 86 | I11: 0.89583333 | J11: 0.79069767 | K11: 268 | L11: 67 | M11: 48 | N11: 0.70588235 | O11: 187
A12: 12 | B12: JP Stevens A | C12: 4 | D12: 96 | E12: 66 | F12: 15 | G12: 6 | H12: 87 | I12: 0.90625 | J12: 0.75862069 | K12: 240 | L12: 60 | M12: 50 | N12: 0.75757576 | O12: 185
A13: 14 | B13: Tesla STEM A | C13: 4 | D13: 96 | E13: 58 | F13: 12 | G13: 4 | H13: 74 | I13: 0.77083333 | J13: 0.78378378 | K13: 216 | L13: 54 | M13: 52 | N13: 0.89655172 | O13: 184
... A112: 133 | B112: Rock Bridge B | C112: 4 | D112: 96 | E112: 5 | F112: 21 | G112: 0 | H112: 26 | I112: 0.27083333 | J112: 0.19230769 | K112: 20 | L112: 5 | M112: 1 | N112: 0.2 | O112: 7.5

Sheet Team Full
A1: id | B1: Team | C1: GP | D1: TUH | E1: TU | F1: X | G1: Neg | H1: # Buzz | I1: % Buzz | J1: Acc | K1: Points | L1: PPG | M1: Bonus | N1: % Bonus | O1: BAPPG
A2: 1 | B2: Buchholz A | C2: 9 | D2: 216 | E2: 139 | F2: 25 | G2: 22 | H2: 186 | I2: 0.86111111 | J2: 0.74731183 | K2: 468 | L2: 52 | M2: 109 | N2: 0.78417266 | O2: 173.11111
A3: 2 | B3: MSJ A | C3: 7 | D3: 168 | E3: 101 | F3: 27 | G3: 20 | H3: 148 | I3: 0.88095238 | J3: 0.68243243 | K3: 324 | L3: 46.285714 | M3: 86 | N3: 0.85148515 | O3: 169.14286
A4: 3 | B4: Enloe A | C4: 8 | D4: 192 | E4: 114 | F4: 30 | G4: 16 | H4: 160 | I4: 0.83333333 | J4: 0.7125 | K4: 392 | L4: 49 | M4: 96 | N4: 0.84210526 | O4: 169
A5: 4 | B5: NoHo A | C5: 8 | D5: 192 | E5: 114 | F5: 26 | G5: 9 | H5: 149 | I5: 0.77604167 | J5: 0.76510067 | K5: 420 | L5: 52.5 | M5: 93 | N5: 0.81578947 | O5: 168.75
A6: 5 | B6: Blair A | C6: 9 | D6: 216 | E6: 129 | F6: 33 | G6: 24 | H6: 186 | I6: 0.86111111 | J6: 0.69354839 | K6: 420 | L6: 46.666667 | M6: 107 | N6: 0.82945736 | O6: 165.55556
A7: 6 | B7: Centennial | C7: 10 | D7: 240 | E7: 150 | F7: 44 | G7: 10 | H7: 204 | I7: 0.85 | J7: 0.73529412 | K7: 560 | L7: 56 | M7: 102 | N7: 0.68 | O7: 158
A8: 7 | B8: Westminster | C8: 9 | D8: 216 | E8: 129 | F8: 34 | G8: 18 | H8: 181 | I8: 0.83796296 | J8: 0.71270718 | K8: 444 | L8: 49.333333 | M8: 94 | N8: 0.72868217 | O8: 153.77778
A9: 8 | B9: Wayzata A | C9: 7 | D9: 168 | E9: 94 | F9: 32 | G9: 9 | H9: 135 | I9: 0.80357143 | J9: 0.6962963 | K9: 340 | L9: 48.571429 | M9: 73 | N9: 0.77659574 | O9: 152.85714
A10: 9 | B10: Interlake D | C10: 6 | D10: 144 | E10: 79 | F10: 22 | G10: 10 | H10: 111 | I10: 0.77083333 | J10: 0.71171171 | K10: 276 | L10: 46 | M10: 61 | N10: 0.7721519 | O10: 147.66667
A11: 11 | B11: Enloe B | C11: 7 | D11: 168 | E11: 91 | F11: 31 | G11: 6 | H11: 128 | I11: 0.76190476 | J11: 0.7109375 | K11: 340 | L11: 48.571429 | M11: 68 | N11: 0.74725275 | O11: 145.71429
A12: 12 | B12: Dulles A | C12: 10 | D12: 240 | E12: 131 | F12: 38 | G12: 17 | H12: 186 | I12: 0.775 | J12: 0.70430108 | K12: 456 | L12: 45.6 | M12: 96 | N12: 0.73282443 | O12: 141.6
A13: 14 | B13: Lexington A | C13: 12 | D13: 288 | E13: 158 | F13: 34 | G13: 19 | H13: 211 | I13: 0.73263889 | J13: 0.74881517 | K13: 556 | L13: 46.333333 | M13: 114 | N13: 0.72151899 | O13: 141.33333
... A112: 133 | B112: Tesla STEM B | C112: 3 | D112: 72 | E112: 3 | F112: 7 | G112: 0 | H112: 10 | I112: 0.13888889 | J112: 0.3 | K112: 12 | L112: 4 | M112: 1 | N112: 0.33333333 | O112: 7.3333333

Sheet Team Prelim Cats
A1: Team | B1: GP | C1: X TU | D1: X X | E1: X Neg | F1: X PPG | G1: X Bonus | H1: X % Bonus | I1: X BAPPG | J1: M TU | K1: M X | L1: X Neg | M1: M PPG | N1: X Bonus | O1: M % Bonus | P1: M BAPPG | T1: C PPG | V1: C % Bonus | W1: C BAPPG | AA1: E PPG | AC1: E % Bonus | AD1: E BAPPG | AH1: B PPG | AJ1: B % Bonus | AK1: B BAPPG | AO1: P PPG | AQ1: P % Bonus | AR1: P BAPPG
A2: Enloe A | B2: 4 | C2: =sumifs('X-Risk'!$F$1:$F1000,'X-Risk'!$C$1:$C1000,$A2) -> 10 | D2: =sumifs('X-Risk'!$G$1:$G1000,'X-Risk'!$C$1:$C1000,$A2) -> 2 | E2: =sumifs('X-Risk'!$H$1:$H1000,'X-Risk'!$C$1:$C1000,$A2) -> 2 | F2: =(4*C2-4*E2)/$B2 -> 8 | G2: =countifs(PrelimRaw!$D$1:$D1000,14,PrelimRaw!$G$1:$G1000,$A2,PrelimRaw!$K$1:$K1000,"X") -> 10 | H2: =G2/C2 -> 1 | I2: =(C2*4-E2*4+G2*10)/$B2 -> 33 | J2: =sumifs(Math!$F$1:$F1000,Math!$C$1:$C1000,$A2) -> 12 | K2: =sumifs(Math!$G$1:$G1000,Math!$C$1:$C1000,$A2) -> 2 | L2: =sumifs(Math!$H$1:$H1000,Math!$C$1:$C1000,$A2) -> 2 | M2: =(4*J2-4*L2)/$B2 -> 10 | N2: =countifs(PrelimRaw!$D$1:$D1000,14,PrelimRaw!$G$1:$G1000,$A2,PrelimRaw!$K$1:$K1000,"M") -> 11 | O2: =N2/J2 -> 0.91666667 | P2: =(J2*4-L2*4+N2*10)/$B2 -> 37.5 | Q2: =sumifs(Chemistry!$F$1:$F1000,Chemistry!$C$1:$C1000,$A2) -> 14 | R2: =sumifs(Chemistry!$G$1:$G1000,Chemistry!$C$1:$C1000,$A2) -> 1 | S2: =sumifs(Chemistry!$H$1:$H1000,Chemistry!$C$1:$C1000,$A2) -> 1 | T2: =(4*Q2-4*S2)/$B2 -> 13 | U2: =countifs(PrelimRaw!$D$1:$D1000,14,PrelimRaw!$G$1:$G1000,$A2,PrelimRaw!$K$1:$K1000,"C") -> 13 | V2: =U2/Q2 -> 0.92857143 | W2: =(Q2*4-S2*4+U2*10)/$B2 -> 45.5 | X2: =sumifs(EarthSpace!$F$1:$F1000,EarthSpace!$C$1:$C1000,$A2) -> 13 | Y2: =sumifs(EarthSpace!$G$1:$G1000,EarthSpace!$C$1:$C1000,$A2) -> 0 | Z2: =sumifs(EarthSpace!$H$1:$H1000,EarthSpace!$C$1:$C1000,$A2) -> 1 | AA2: =(4*X2-4*Z2)/$B2 -> 12 | AB2: =countifs(PrelimRaw!$D$1:$D1000,14,PrelimRaw!$G$1:$G1000,$A2,PrelimRaw!$K$1:$K1000,"E") -> 13 | AC2: =AB2/X2 -> 1 | AD2: =(X2*4-Z2*4+AB2*10)/$B2 -> 44.5 | AE2: =sumifs(Biology!$F$1:$F1000,Biology!$C$1:$C1000,$A2) -> 14 | AF2: =sumifs(Biology!$G$1:$G1000,Biology!$C$1:$C1000,$A2) -> 1 | AG2: =sumifs(Biology!$H$1:$H1000,Biology!$C$1:$C1000,$A2) -> 0 | AH2: =(4*AE2-4*AG2)/$B2 -> 14 | AI2: =countifs(PrelimRaw!$D$1:$D1000,14,PrelimRaw!$G$1:$G1000,$A2,PrelimRaw!$K$1:$K1000,"B") -> 12 | AJ2: =AI2/AE2 -> 0.85714286 | AK2: =(AE2*4-AG2*4+AI2*10)/$B2 -> 44 | AL2: =sumifs(Physics!$F$1:$F1000,Physics!$C$1:$C1000,$A2) -> 10 | AM2: =sumifs(Physics!$G$1:$G1000,Physics!$C$1:$C1000,$A2) -> 4 | AN2: =sumifs(Physics!$H$1:$H1000,Physics!$C$1:$C1000,$A2) -> 2 | AO2: =(4*AL2-4*AN2)/$B2 -> 8 | AP2: =countifs(PrelimRaw!$D$1:$D1000,14,PrelimRaw!$G$1:$G1000,$A2,PrelimRaw!$K$1:$K1000,"P") -> 8 | AQ2: =AP2/AL2 -> 0.8 | AR2: =(AL2*4-AN2*4+AP2*10)/$B2 -> 28
A3: Blair A | B3: 4 | C3: =sumifs('X-Risk'!$F$1:$F1000,'X-Risk'!$C$1:$C1000,$A3) -> 13 | D3: =sumifs('X-Risk'!$G$1:$G1000,'X-Risk'!$C$1:$C1000,$A3) -> 0 | E3: =sumifs('X-Risk'!$H$1:$H1000,'X-Risk'!$C$1:$C1000,$A3) -> 2 | F3: =(4*C3-4*E3)/$B3 -> 11 | G3: =countifs(PrelimRaw!$D$1:$D1000,14,PrelimRaw!$G$1:$G1000,$A3,PrelimRaw!$K$1:$K1000,"X") -> 11 | H3: =G3/C3 -> 0.84615385 | I3: =(C3*4-E3*4+G3*10)/$B3 -> 38.5 | J3: =sumifs(Math!$F$1:$F1000,Math!$C$1:$C1000,$A3) -> 9 | K3: =sumifs(Math!$G$1:$G1000,Math!$C$1:$C1000,$A3) -> 4 | L3: =sumifs(Math!$H$1:$H1000,Math!$C$1:$C1000,$A3) -> 2 | M3: =(4*J3-4*L3)/$B3 -> 7 | N3: =countifs(PrelimRaw!$D$1:$D1000,14,PrelimRaw!$G$1:$G1000,$A3,PrelimRaw!$K$1:$K1000,"M") -> 9 | O3: =N3/J3 -> 1 | P3: =(J3*4-L3*4+N3*10)/$B3 -> 29.5 | Q3: =sumifs(Chemistry!$F$1:$F1000,Chemistry!$C$1:$C1000,$A3) -> 14 | R3: =sumifs(Chemistry!$G$1:$G1000,Chemistry!$C$1:$C1000,$A3) -> 0 | S3: =sumifs(Chemistry!$H$1:$H1000,Chemistry!$C$1:$C1000,$A3) -> 1 | T3: =(4*Q3-4*S3)/$B3 -> 13 | U3: =countifs(PrelimRaw!$D$1:$D1000,14,PrelimRaw!$G$1:$G1000,$A3,PrelimRaw!$K$1:$K1000,"C") -> 15 | V3: 1 | W3: =(Q3*4-S3*4+U3*10)/$B3 -> 50.5 | X3: =sumifs(EarthSpace!$F$1:$F1000,EarthSpace!$C$1:$C1000,$A3) -> 9 | Y3: =sumifs(EarthSpace!$G$1:$G1000,EarthSpace!$C$1:$C1000,$A3) -> 2 | Z3: =sumifs(EarthSpace!$H$1:$H1000,EarthSpace!$C$1:$C1000,$A3) -> 3 | AA3: =(4*X3-4*Z3)/$B3 -> 6 | AB3: =countifs(PrelimRaw!$D$1:$D1000,14,PrelimRaw!$G$1:$G1000,$A3,PrelimRaw!$K$1:$K1000,"E") -> 9 | AC3: =AB3/X3 -> 1 | AD3: =(X3*4-Z3*4+AB3*10)/$B3 -> 28.5 | AE3: =sumifs(Biology!$F$1:$F1000,Biology!$C$1:$C1000,$A3) -> 14 | AF3: =sumifs(Biology!$G$1:$G1000,Biology!$C$1:$C1000,$A3) -> 0 | AG3: =sumifs(Biology!$H$1:$H1000,Biology!$C$1:$C1000,$A3) -> 1 | AH3: =(4*AE3-4*AG3)/$B3 -> 13 | AI3: =countifs(PrelimRaw!$D$1:$D1000,14,PrelimRaw!$G$1:$G1000,$A3,PrelimRaw!$K$1:$K1000,"B") -> 13 | AJ3: =AI3/AE3 -> 0.92857143 | AK3: =(AE3*4-AG3*4+AI3*10)/$B3 -> 45.5 | AL3: =sumifs(Physics!$F$1:$F1000,Physics!$C$1:$C1000,$A3) -> 11 | AM3: =sumifs(Physics!$G$1:$G1000,Physics!$C$1:$C1000,$A3) -> 2 | AN3: =sumifs(Physics!$H$1:$H1000,Physics!$C$1:$C1000,$A3) -> 1 | AO3: =(4*AL3-4*AN3)/$B3 -> 10 | AP3: =countifs(PrelimRaw!$D$1:$D1000,14,PrelimRaw!$G$1:$G1000,$A3,PrelimRaw!$K$1:$K1000,"P") -> 8 | AQ3: =AP3/AL3 -> 0.72727273 | AR3: =(AL3*4-AN3*4+AP3*10)/$B3 -> 30
A4: Centennial | B4: 4 | C4: =sumifs('X-Risk'!$F$1:$F1000,'X-Risk'!$C$1:$C1000,$A4) -> 12 | D4: =sumifs('X-Risk'!$G$1:$G1000,'X-Risk'!$C$1:$C1000,$A4) -> 2 | E4: =sumifs('X-Risk'!$H$1:$H1000,'X-Risk'!$C$1:$C1000,$A4) -> 0 | F4: =(4*C4-4*E4)/$B4 -> 12 | G4: =countifs(PrelimRaw!$D$1:$D1000,14,PrelimRaw!$G$1:$G1000,$A4,PrelimRaw!$K$1:$K1000,"X") -> 9 | H4: =G4/C4 -> 0.75 | I4: =(C4*4-E4*4+G4*10)/$B4 -> 34.5 | J4: =sumifs(Math!$F$1:$F1000,Math!$C$1:$C1000,$A4) -> 9 | K4: =sumifs(Math!$G$1:$G1000,Math!$C$1:$C1000,$A4) -> 3 | L4: =sumifs(Math!$H$1:$H1000,Math!$C$1:$C1000,$A4) -> 1 | M4: =(4*J4-4*L4)/$B4 -> 8 | N4: =countifs(PrelimRaw!$D$1:$D1000,14,PrelimRaw!$G$1:$G1000,$A4,PrelimRaw!$K$1:$K1000,"M") -> 7 | O4: =N4/J4 -> 0.77777778 | P4: =(J4*4-L4*4+N4*10)/$B4 -> 25.5 | Q4: =sumifs(Chemistry!$F$1:$F1000,Chemistry!$C$1:$C1000,$A4) -> 16 | R4: =sumifs(Chemistry!$G$1:$G1000,Chemistry!$C$1:$C1000,$A4) -> 0 | S4: =sumifs(Chemistry!$H$1:$H1000,Chemistry!$C$1:$C1000,$A4) -> 0 | T4: =(4*Q4-4*S4)/$B4 -> 16 | U4: =countifs(PrelimRaw!$D$1:$D1000,14,PrelimRaw!$G$1:$G1000,$A4,PrelimRaw!$K$1:$K1000,"C") -> 15 | V4: =U4/Q4 -> 0.9375 | W4: =(Q4*4-S4*4+U4*10)/$B4 -> 53.5 | X4: =sumifs(EarthSpace!$F$1:$F1000,EarthSpace!$C$1:$C1000,$A4) -> 12 | Y4: =sumifs(EarthSpace!$G$1:$G1000,EarthSpace!$C$1:$C1000,$A4) -> 3 | Z4: =sumifs(EarthSpace!$H$1:$H1000,EarthSpace!$C$1:$C1000,$A4) -> 0 | AA4: =(4*X4-4*Z4)/$B4 -> 12 | AB4: =countifs(PrelimRaw!$D$1:$D1000,14,PrelimRaw!$G$1:$G1000,$A4,PrelimRaw!$K$1:$K1000,"E") -> 8 | AC4: =AB4/X4 -> 0.66666667 | AD4: =(X4*4-Z4*4+AB4*10)/$B4 -> 32 | AE4: =sumifs(Biology!$F$1:$F1000,Biology!$C$1:$C1000,$A4) -> 14 | AF4: =sumifs(Biology!$G$1:$G1000,Biology!$C$1:$C1000,$A4) -> 1 | AG4: =sumifs(Biology!$H$1:$H1000,Biology!$C$1:$C1000,$A4) -> 1 | AH4: =(4*AE4-4*AG4)/$B4 -> 13 | AI4: =countifs(PrelimRaw!$D$1:$D1000,14,PrelimRaw!$G$1:$G1000,$A4,PrelimRaw!$K$1:$K1000,"B") -> 12 | AJ4: =AI4/AE4 -> 0.85714286 | AK4: =(AE4*4-AG4*4+AI4*10)/$B4 -> 43 | AL4: =sumifs(Physics!$F$1:$F1000,Physics!$C$1:$C1000,$A4) -> 11 | AM4: =sumifs(Physics!$G$1:$G1000,Physics!$C$1:$C1000,$A4) -> 3 | AN4: =sumifs(Physics!$H$1:$H1000,Physics!$C$1:$C1000,$A4) -> 0 | AO4: =(4*AL4-4*AN4)/$B4 -> 11 | AP4: =countifs(PrelimRaw!$D$1:$D1000,14,PrelimRaw!$G$1:$G1000,$A4,PrelimRaw!$K$1:$K1000,"P") -> 9 | AQ4: =AP4/AL4 -> 0.81818182 | AR4: =(AL4*4-AN4*4+AP4*10)/$B4 -> 33.5
A5: Westminster | B5: 4 | C5: =sumifs('X-Risk'!$F$1:$F1000,'X-Risk'!$C$1:$C1000,$A5) -> 9 | D5: =sumifs('X-Risk'!$G$1:$G1000,'X-Risk'!$C$1:$C1000,$A5) -> 3 | E5: =sumifs('X-Risk'!$H$1:$H1000,'X-Risk'!$C$1:$C1000,$A5) -> 2 | F5: =(4*C5-4*E5)/$B5 -> 7 | G5: =countifs(PrelimRaw!$D$1:$D1000,14,PrelimRaw!$G$1:$G1000,$A5,PrelimRaw!$K$1:$K1000,"X") -> 7 | H5: =G5/C5 -> 0.77777778 | I5: =(C5*4-E5*4+G5*10)/$B5 -> 24.5 | J5: =sumifs(Math!$F$1:$F1000,Math!$C$1:$C1000,$A5) -> 12 | K5: =sumifs(Math!$G$1:$G1000,Math!$C$1:$C1000,$A5) -> 1 | L5: =sumifs(Math!$H$1:$H1000,Math!$C$1:$C1000,$A5) -> 0 | M5: =(4*J5-4*L5)/$B5 -> 12 | N5: =countifs(PrelimRaw!$D$1:$D1000,14,PrelimRaw!$G$1:$G1000,$A5,PrelimRaw!$K$1:$K1000,"M") -> 9 | O5: =N5/J5 -> 0.75 | P5: =(J5*4-L5*4+N5*10)/$B5 -> 34.5 | Q5: =sumifs(Chemistry!$F$1:$F1000,Chemistry!$C$1:$C1000,$A5) -> 15 | R5: =sumifs(Chemistry!$G$1:$G1000,Chemistry!$C$1:$C1000,$A5) -> 0 | S5: =sumifs(Chemistry!$H$1:$H1000,Chemistry!$C$1:$C1000,$A5) -> 1 | T5: =(4*Q5-4*S5)/$B5 -> 14 | U5: =countifs(PrelimRaw!$D$1:$D1000,14,PrelimRaw!$G$1:$G1000,$A5,PrelimRaw!$K$1:$K1000,"C") -> 11 | V5: =U5/Q5 -> 0.73333333 | W5: =(Q5*4-S5*4+U5*10)/$B5 -> 41.5 | X5: =sumifs(EarthSpace!$F$1:$F1000,EarthSpace!$C$1:$C1000,$A5) -> 12 | Y5: =sumifs(EarthSpace!$G$1:$G1000,EarthSpace!$C$1:$C1000,$A5) -> 4 | Z5: =sumifs(EarthSpace!$H$1:$H1000,EarthSpace!$C$1:$C1000,$A5) -> 0 | AA5: =(4*X5-4*Z5)/$B5 -> 12 | AB5: =countifs(PrelimRaw!$D$1:$D1000,14,PrelimRaw!$G$1:$G1000,$A5,PrelimRaw!$K$1:$K1000,"E") -> 11 | AC5: =AB5/X5 -> 0.91666667 | AD5: =(X5*4-Z5*4+AB5*10)/$B5 -> 39.5 | AE5: =sumifs(Biology!$F$1:$F1000,Biology!$C$1:$C1000,$A5) -> 14 | AF5: =sumifs(Biology!$G$1:$G1000,Biology!$C$1:$C1000,$A5) -> 0 | AG5: =sumifs(Biology!$H$1:$H1000,Biology!$C$1:$C1000,$A5) -> 1 | AH5: =(4*AE5-4*AG5)/$B5 -> 13 | AI5: =countifs(PrelimRaw!$D$1:$D1000,14,PrelimRaw!$G$1:$G1000,$A5,PrelimRaw!$K$1:$K1000,"B") -> 14 | AJ5: =AI5/AE5 -> 1 | AK5: =(AE5*4-AG5*4+AI5*10)/$B5 -> 48 | AL5: =sumifs(Physics!$F$1:$F1000,Physics!$C$1:$C1000,$A5) -> 11 | AM5: =sumifs(Physics!$G$1:$G1000,Physics!$C$1:$C1000,$A5) -> 4 | AN5: =sumifs(Physics!$H$1:$H1000,Physics!$C$1:$C1000,$A5) -> 1 | AO5: =(4*AL5-4*AN5)/$B5 -> 10 | AP5: =countifs(PrelimRaw!$D$1:$D1000,14,PrelimRaw!$G$1:$G1000,$A5,PrelimRaw!$K$1:$K1000,"P") -> 9 | AQ5: =AP5/AL5 -> 0.81818182 | AR5: =(AL5*4-AN5*4+AP5*10)/$B5 -> 32.5
A6: Buchholz A | B6: 5 | C6: =sumifs('X-Risk'!$F$1:$F1000,'X-Risk'!$C$1:$C1000,$A6) -> 15 | D6: =sumifs('X-Risk'!$G$1:$G1000,'X-Risk'!$C$1:$C1000,$A6) -> 2 | E6: =sumifs('X-Risk'!$H$1:$H1000,'X-Risk'!$C$1:$C1000,$A6) -> 1 | F6: =(4*C6-4*E6)/$B6 -> 11.2 | G6: =countifs(PrelimRaw!$D$1:$D1000,14,PrelimRaw!$G$1:$G1000,$A6,PrelimRaw!$K$1:$K1000,"X") -> 11 | H6: =G6/C6 -> 0.73333333 | I6: =(C6*4-E6*4+G6*10)/$B6 -> 33.2 | J6: =sumifs(Math!$F$1:$F1000,Math!$C$1:$C1000,$A6) -> 16 | K6: =sumifs(Math!$G$1:$G1000,Math!$C$1:$C1000,$A6) -> 3 | L6: =sumifs(Math!$H$1:$H1000,Math!$C$1:$C1000,$A6) -> 1 | M6: =(4*J6-4*L6)/$B6 -> 12 | N6: =countifs(PrelimRaw!$D$1:$D1000,14,PrelimRaw!$G$1:$G1000,$A6,PrelimRaw!$K$1:$K1000,"M") -> 13 | O6: =N6/J6 -> 0.8125 | P6: =(J6*4-L6*4+N6*10)/$B6 -> 38 | Q6: =sumifs(Chemistry!$F$1:$F1000,Chemistry!$C$1:$C1000,$A6) -> 14 | R6: =sumifs(Chemistry!$G$1:$G1000,Chemistry!$C$1:$C1000,$A6) -> 1 | S6: =sumifs(Chemistry!$H$1:$H1000,Chemistry!$C$1:$C1000,$A6) -> 1 | T6: =(4*Q6-4*S6)/$B6 -> 10.4 | U6: =countifs(PrelimRaw!$D$1:$D1000,14,PrelimRaw!$G$1:$G1000,$A6,PrelimRaw!$K$1:$K1000,"C") -> 12 | V6: =U6/Q6 -> 0.85714286 | W6: =(Q6*4-S6*4+U6*10)/$B6 -> 34.4 | X6: =sumifs(EarthSpace!$F$1:$F1000,EarthSpace!$C$1:$C1000,$A6) -> 15 | Y6: =sumifs(EarthSpace!$G$1:$G1000,EarthSpace!$C$1:$C1000,$A6) -> 2 | Z6: =sumifs(EarthSpace!$H$1:$H1000,EarthSpace!$C$1:$C1000,$A6) -> 2 | AA6: =(4*X6-4*Z6)/$B6 -> 10.4 | AB6: =countifs(PrelimRaw!$D$1:$D1000,14,PrelimRaw!$G$1:$G1000,$A6,PrelimRaw!$K$1:$K1000,"E") -> 13 | AC6: =AB6/X6 -> 0.86666667 | AD6: =(X6*4-Z6*4+AB6*10)/$B6 -> 36.4 | AE6: =sumifs(Biology!$F$1:$F1000,Biology!$C$1:$C1000,$A6) -> 18 | AF6: =sumifs(Biology!$G$1:$G1000,Biology!$C$1:$C1000,$A6) -> 0 | AG6: =sumifs(Biology!$H$1:$H1000,Biology!$C$1:$C1000,$A6) -> 0 | AH6: =(4*AE6-4*AG6)/$B6 -> 14.4 | AI6: =countifs(PrelimRaw!$D$1:$D1000,14,PrelimRaw!$G$1:$G1000,$A6,PrelimRaw!$K$1:$K1000,"B") -> 17 | AJ6: =AI6/AE6 -> 0.94444444 | AK6: =(AE6*4-AG6*4+AI6*10)/$B6 -> 48.4 | AL6: =sumifs(Physics!$F$1:$F1000,Physics!$C$1:$C1000,$A6) -> 13 | AM6: =sumifs(Physics!$G$1:$G1000,Physics!$C$1:$C1000,$A6) -> 2 | AN6: =sumifs(Physics!$H$1:$H1000,Physics!$C$1:$C1000,$A6) -> 3 | AO6: =(4*AL6-4*AN6)/$B6 -> 8 | AP6: =countifs(PrelimRaw!$D$1:$D1000,14,PrelimRaw!$G$1:$G1000,$A6,PrelimRaw!$K$1:$K1000,"P") -> 10 | AQ6: =AP6/AL6 -> 0.76923077 | AR6: =(AL6*4-AN6*4+AP6*10)/$B6 -> 28
A7: Lexington A | B7: 4 | C7: =sumifs('X-Risk'!$F$1:$F1000,'X-Risk'!$C$1:$C1000,$A7) -> 11 | D7: =sumifs('X-Risk'!$G$1:$G1000,'X-Risk'!$C$1:$C1000,$A7) -> 0 | E7: =sumifs('X-Risk'!$H$1:$H1000,'X-Risk'!$C$1:$C1000,$A7) -> 3 | F7: =(4*C7-4*E7)/$B7 -> 8 | G7: =countifs(PrelimRaw!$D$1:$D1000,14,PrelimRaw!$G$1:$G1000,$A7,PrelimRaw!$K$1:$K1000,"X") -> 9 | H7: =G7/C7 -> 0.81818182 | I7: =(C7*4-E7*4+G7*10)/$B7 -> 30.5 | J7: =sumifs(Math!$F$1:$F1000,Math!$C$1:$C1000,$A7) -> 13 | K7: =sumifs(Math!$G$1:$G1000,Math!$C$1:$C1000,$A7) -> 1 | L7: =sumifs(Math!$H$1:$H1000,Math!$C$1:$C1000,$A7) -> 1 | M7: =(4*J7-4*L7)/$B7 -> 12 | N7: =countifs(PrelimRaw!$D$1:$D1000,14,PrelimRaw!$G$1:$G1000,$A7,PrelimRaw!$K$1:$K1000,"M") -> 10 | O7: =N7/J7 -> 0.76923077 | P7: =(J7*4-L7*4+N7*10)/$B7 -> 37 | Q7: =sumifs(Chemistry!$F$1:$F1000,Chemistry!$C$1:$C1000,$A7) -> 10 | R7: =sumifs(Chemistry!$G$1:$G1000,Chemistry!$C$1:$C1000,$A7) -> 2 | S7: =sumifs(Chemistry!$H$1:$H1000,Chemistry!$C$1:$C1000,$A7) -> 1 | T7: =(4*Q7-4*S7)/$B7 -> 9 | U7: =countifs(PrelimRaw!$D$1:$D1000,14,PrelimRaw!$G$1:$G1000,$A7,PrelimRaw!$K$1:$K1000,"C") -> 9 | V7: =U7/Q7 -> 0.9 | W7: =(Q7*4-S7*4+U7*10)/$B7 -> 31.5 | X7: =sumifs(EarthSpace!$F$1:$F1000,EarthSpace!$C$1:$C1000,$A7) -> 14 | Y7: =sumifs(EarthSpace!$G$1:$G1000,EarthSpace!$C$1:$C1000,$A7) -> 2 | Z7: =sumifs(EarthSpace!$H$1:$H1000,EarthSpace!$C$1:$C1000,$A7) -> 0 | AA7: =(4*X7-4*Z7)/$B7 -> 14 | AB7: =countifs(PrelimRaw!$D$1:$D1000,14,PrelimRaw!$G$1:$G1000,$A7,PrelimRaw!$K$1:$K1000,"E") -> 12 | AC7: =AB7/X7 -> 0.85714286 | AD7: =(X7*4-Z7*4+AB7*10)/$B7 -> 44 | AE7: =sumifs(Biology!$F$1:$F1000,Biology!$C$1:$C1000,$A7) -> 11 | AF7: =sumifs(Biology!$G$1:$G1000,Biology!$C$1:$C1000,$A7) -> 3 | AG7: =sumifs(Biology!$H$1:$H1000,Biology!$C$1:$C1000,$A7) -> 0 | AH7: =(4*AE7-4*AG7)/$B7 -> 11 | AI7: =countifs(PrelimRaw!$D$1:$D1000,14,PrelimRaw!$G$1:$G1000,$A7,PrelimRaw!$K$1:$K1000,"B") -> 10 | AJ7: =AI7/AE7 -> 0.90909091 | AK7: =(AE7*4-AG7*4+AI7*10)/$B7 -> 36 | AL7: =sumifs(Physics!$F$1:$F1000,Physics!$C$1:$C1000,$A7) -> 11 | AM7: =sumifs(Physics!$G$1:$G1000,Physics!$C$1:$C1000,$A7) -> 4 | AN7: =sumifs(Physics!$H$1:$H1000,Physics!$C$1:$C1000,$A7) -> 0 | AO7: =(4*AL7-4*AN7)/$B7 -> 11 | AP7: =countifs(PrelimRaw!$D$1:$D1000,14,PrelimRaw!$G$1:$G1000,$A7,PrelimRaw!$K$1:$K1000,"P") -> 8 | AQ7: =AP7/AL7 -> 0.72727273 | AR7: =(AL7*4-AN7*4+AP7*10)/$B7 -> 31
A8: NoHo A | B8: 4 | C8: =sumifs('X-Risk'!$F$1:$F1000,'X-Risk'!$C$1:$C1000,$A8) -> 11 | D8: =sumifs('X-Risk'!$G$1:$G1000,'X-Risk'!$C$1:$C1000,$A8) -> 3 | E8: =sumifs('X-Risk'!$H$1:$H1000,'X-Risk'!$C$1:$C1000,$A8) -> 0 | F8: =(4*C8-4*E8)/$B8 -> 11 | G8: =countifs(PrelimRaw!$D$1:$D1000,14,PrelimRaw!$G$1:$G1000,$A8,PrelimRaw!$K$1:$K1000,"X") -> 10 | H8: =G8/C8 -> 0.90909091 | I8: =(C8*4-E8*4+G8*10)/$B8 -> 36 | J8: =sumifs(Math!$F$1:$F1000,Math!$C$1:$C1000,$A8) -> 9 | K8: =sumifs(Math!$G$1:$G1000,Math!$C$1:$C1000,$A8) -> 3 | L8: =sumifs(Math!$H$1:$H1000,Math!$C$1:$C1000,$A8) -> 0 | M8: =(4*J8-4*L8)/$B8 -> 9 | N8: =countifs(PrelimRaw!$D$1:$D1000,14,PrelimRaw!$G$1:$G1000,$A8,PrelimRaw!$K$1:$K1000,"M") -> 6 | O8: =N8/J8 -> 0.66666667 | P8: =(J8*4-L8*4+N8*10)/$B8 -> 24 | Q8: =sumifs(Chemistry!$F$1:$F1000,Chemistry!$C$1:$C1000,$A8) -> 11 | R8: =sumifs(Chemistry!$G$1:$G1000,Chemistry!$C$1:$C1000,$A8) -> 3 | S8: =sumifs(Chemistry!$H$1:$H1000,Chemistry!$C$1:$C1000,$A8) -> 0 | T8: =(4*Q8-4*S8)/$B8 -> 11 | U8: =countifs(PrelimRaw!$D$1:$D1000,14,PrelimRaw!$G$1:$G1000,$A8,PrelimRaw!$K$1:$K1000,"C") -> 7 | V8: =U8/Q8 -> 0.63636364 | W8: =(Q8*4-S8*4+U8*10)/$B8 -> 28.5 | X8: =sumifs(EarthSpace!$F$1:$F1000,EarthSpace!$C$1:$C1000,$A8) -> 12 | Y8: =sumifs(EarthSpace!$G$1:$G1000,EarthSpace!$C$1:$C1000,$A8) -> 1 | Z8: =sumifs(EarthSpace!$H$1:$H1000,EarthSpace!$C$1:$C1000,$A8) -> 1 | AA8: =(4*X8-4*Z8)/$B8 -> 11 | AB8: =countifs(PrelimRaw!$D$1:$D1000,14,PrelimRaw!$G$1:$G1000,$A8,PrelimRaw!$K$1:$K1000,"E") -> 12 | AC8: =AB8/X8 -> 1 | AD8: =(X8*4-Z8*4+AB8*10)/$B8 -> 41 | AE8: =sumifs(Biology!$F$1:$F1000,Biology!$C$1:$C1000,$A8) -> 14 | AF8: =sumifs(Biology!$G$1:$G1000,Biology!$C$1:$C1000,$A8) -> 1 | AG8: =sumifs(Biology!$H$1:$H1000,Biology!$C$1:$C1000,$A8) -> 0 | AH8: =(4*AE8-4*AG8)/$B8 -> 14 | AI8: =countifs(PrelimRaw!$D$1:$D1000,14,PrelimRaw!$G$1:$G1000,$A8,PrelimRaw!$K$1:$K1000,"B") -> 13 | AJ8: =AI8/AE8 -> 0.92857143 | AK8: =(AE8*4-AG8*4+AI8*10)/$B8 -> 46.5 | AL8: =sumifs(Physics!$F$1:$F1000,Physics!$C$1:$C1000,$A8) -> 10 | AM8: =sumifs(Physics!$G$1:$G1000,Physics!$C$1:$C1000,$A8) -> 4 | AN8: =sumifs(Physics!$H$1:$H1000,Physics!$C$1:$C1000,$A8) -> 0 | AO8: =(4*AL8-4*AN8)/$B8 -> 10 | AP8: =countifs(PrelimRaw!$D$1:$D1000,14,PrelimRaw!$G$1:$G1000,$A8,PrelimRaw!$K$1:$K1000,"P") -> 6 | AQ8: =AP8/AL8 -> 0.6 | AR8: =(AL8*4-AN8*4+AP8*10)/$B8 -> 25
A9: MSJ A | B9: 4 | C9: =sumifs('X-Risk'!$F$1:$F1000,'X-Risk'!$C$1:$C1000,$A9) -> 8 | D9: =sumifs('X-Risk'!$G$1:$G1000,'X-Risk'!$C$1:$C1000,$A9) -> 3 | E9: =sumifs('X-Risk'!$H$1:$H1000,'X-Risk'!$C$1:$C1000,$A9) -> 5 | F9: =(4*C9-4*E9)/$B9 -> 3 | G9: =countifs(PrelimRaw!$D$1:$D1000,14,PrelimRaw!$G$1:$G1000,$A9,PrelimRaw!$K$1:$K1000,"X") -> 7 | H9: =G9/C9 -> 0.875 | I9: =(C9*4-E9*4+G9*10)/$B9 -> 20.5 | J9: =sumifs(Math!$F$1:$F1000,Math!$C$1:$C1000,$A9) -> 11 | K9: =sumifs(Math!$G$1:$G1000,Math!$C$1:$C1000,$A9) -> 2 | L9: =sumifs(Math!$H$1:$H1000,Math!$C$1:$C1000,$A9) -> 2 | M9: =(4*J9-4*L9)/$B9 -> 9 | N9: =countifs(PrelimRaw!$D$1:$D1000,14,PrelimRaw!$G$1:$G1000,$A9,PrelimRaw!$K$1:$K1000,"M") -> 8 | O9: =N9/J9 -> 0.72727273 | P9: =(J9*4-L9*4+N9*10)/$B9 -> 29 | Q9: =sumifs(Chemistry!$F$1:$F1000,Chemistry!$C$1:$C1000,$A9) -> 12 | R9: =sumifs(Chemistry!$G$1:$G1000,Chemistry!$C$1:$C1000,$A9) -> 2 | S9: =sumifs(Chemistry!$H$1:$H1000,Chemistry!$C$1:$C1000,$A9) -> 0 | T9: =(4*Q9-4*S9)/$B9 -> 12 | U9: =countifs(PrelimRaw!$D$1:$D1000,14,PrelimRaw!$G$1:$G1000,$A9,PrelimRaw!$K$1:$K1000,"C") -> 11 | V9: =U9/Q9 -> 0.91666667 | W9: =(Q9*4-S9*4+U9*10)/$B9 -> 39.5 | X9: =sumifs(EarthSpace!$F$1:$F1000,EarthSpace!$C$1:$C1000,$A9) -> 13 | Y9: =sumifs(EarthSpace!$G$1:$G1000,EarthSpace!$C$1:$C1000,$A9) -> 1 | Z9: =sumifs(EarthSpace!$H$1:$H1000,EarthSpace!$C$1:$C1000,$A9) -> 1 | AA9: =(4*X9-4*Z9)/$B9 -> 12 | AB9: =countifs(PrelimRaw!$D$1:$D1000,14,PrelimRaw!$G$1:$G1000,$A9,PrelimRaw!$K$1:$K1000,"E") -> 11 | AC9: =AB9/X9 -> 0.84615385 | AD9: =(X9*4-Z9*4+AB9*10)/$B9 -> 39.5 | AE9: =sumifs(Biology!$F$1:$F1000,Biology!$C$1:$C1000,$A9) -> 11 | AF9: =sumifs(Biology!$G$1:$G1000,Biology!$C$1:$C1000,$A9) -> 2 | AG9: =sumifs(Biology!$H$1:$H1000,Biology!$C$1:$C1000,$A9) -> 3 | AH9: =(4*AE9-4*AG9)/$B9 -> 8 | AI9: =countifs(PrelimRaw!$D$1:$D1000,14,PrelimRaw!$G$1:$G1000,$A9,PrelimRaw!$K$1:$K1000,"B") -> 10 | AJ9: =AI9/AE9 -> 0.90909091 | AK9: =(AE9*4-AG9*4+AI9*10)/$B9 -> 33 | AL9: =sumifs(Physics!$F$1:$F1000,Physics!$C$1:$C1000,$A9) -> 10 | AM9: =sumifs(Physics!$G$1:$G1000,Physics!$C$1:$C1000,$A9) -> 3 | AN9: =sumifs(Physics!$H$1:$H1000,Physics!$C$1:$C1000,$A9) -> 2 | AO9: =(4*AL9-4*AN9)/$B9 -> 8 | AP9: =countifs(PrelimRaw!$D$1:$D1000,14,PrelimRaw!$G$1:$G1000,$A9,PrelimRaw!$K$1:$K1000,"P") -> 9 | AQ9: =AP9/AL9 -> 0.9 | AR9: =(AL9*4-AN9*4+AP9*10)/$B9 -> 30.5
A10: Wayzata A | B10: 4 | C10: =sumifs('X-Risk'!$F$1:$F1000,'X-Risk'!$C$1:$C1000,$A10) -> 8 | D10: =sumifs('X-Risk'!$G$1:$G1000,'X-Risk'!$C$1:$C1000,$A10) -> 3 | E10: =sumifs('X-Risk'!$H$1:$H1000,'X-Risk'!$C$1:$C1000,$A10) -> 2 | F10: =(4*C10-4*E10)/$B10 -> 6 | G10: =countifs(PrelimRaw!$D$1:$D1000,14,PrelimRaw!$G$1:$G1000,$A10,PrelimRaw!$K$1:$K1000,"X") -> 7 | H10: =G10/C10 -> 0.875 | I10: =(C10*4-E10*4+G10*10)/$B10 -> 23.5 | J10: =sumifs(Math!$F$1:$F1000,Math!$C$1:$C1000,$A10) -> 11 | K10: =sumifs(Math!$G$1:$G1000,Math!$C$1:$C1000,$A10) -> 3 | L10: =sumifs(Math!$H$1:$H1000,Math!$C$1:$C1000,$A10) -> 0 | M10: =(4*J10-4*L10)/$B10 -> 11 | N10: =countifs(PrelimRaw!$D$1:$D1000,14,PrelimRaw!$G$1:$G1000,$A10,PrelimRaw!$K$1:$K1000,"M") -> 8 | O10: =N10/J10 -> 0.72727273 | P10: =(J10*4-L10*4+N10*10)/$B10 -> 31 | Q10: =sumifs(Chemistry!$F$1:$F1000,Chemistry!$C$1:$C1000,$A10) -> 11 | R10: =sumifs(Chemistry!$G$1:$G1000,Chemistry!$C$1:$C1000,$A10) -> 2 | S10: =sumifs(Chemistry!$H$1:$H1000,Chemistry!$C$1:$C1000,$A10) -> 0 | T10: =(4*Q10-4*S10)/$B10 -> 11 | U10: =countifs(PrelimRaw!$D$1:$D1000,14,PrelimRaw!$G$1:$G1000,$A10,PrelimRaw!$K$1:$K1000,"C") -> 9 | V10: =U10/Q10 -> 0.81818182 | W10: =(Q10*4-S10*4+U10*10)/$B10 -> 33.5 | X10: =sumifs(EarthSpace!$F$1:$F1000,EarthSpace!$C$1:$C1000,$A10) -> 9 | Y10: =sumifs(EarthSpace!$G$1:$G1000,EarthSpace!$C$1:$C1000,$A10) -> 3 | Z10: =sumifs(EarthSpace!$H$1:$H1000,EarthSpace!$C$1:$C1000,$A10) -> 0 | AA10: =(4*X10-4*Z10)/$B10 -> 9 | AB10: =countifs(PrelimRaw!$D$1:$D1000,14,PrelimRaw!$G$1:$G1000,$A10,PrelimRaw!$K$1:$K1000,"E") -> 6 | AC10: =AB10/X10 -> 0.66666667 | AD10: =(X10*4-Z10*4+AB10*10)/$B10 -> 24 | AE10: =sumifs(Biology!$F$1:$F1000,Biology!$C$1:$C1000,$A10) -> 12 | AF10: =sumifs(Biology!$G$1:$G1000,Biology!$C$1:$C1000,$A10) -> 0 | AG10: =sumifs(Biology!$H$1:$H1000,Biology!$C$1:$C1000,$A10) -> 0 | AH10: =(4*AE10-4*AG10)/$B10 -> 12 | AI10: =countifs(PrelimRaw!$D$1:$D1000,14,PrelimRaw!$G$1:$G1000,$A10,PrelimRaw!$K$1:$K1000,"B") -> 11 | AJ10: =AI10/AE10 -> 0.91666667 | AK10: =(AE10*4-AG10*4+AI10*10)/$B10 -> 39.5 | AL10: =sumifs(Physics!$F$1:$F1000,Physics!$C$1:$C1000,$A10) -> 12 | AM10: =sumifs(Physics!$G$1:$G1000,Physics!$C$1:$C1000,$A10) -> 3 | AN10: =sumifs(Physics!$H$1:$H1000,Physics!$C$1:$C1000,$A10) -> 0 | AO10: =(4*AL10-4*AN10)/$B10 -> 12 | AP10: =countifs(PrelimRaw!$D$1:$D1000,14,PrelimRaw!$G$1:$G1000,$A10,PrelimRaw!$K$1:$K1000,"P") -> 10 | AQ10: =AP10/AL10 -> 0.83333333 | AR10: =(AL10*4-AN10*4+AP10*10)/$B10 -> 37
A11: Green Hope A | B11: 4 | C11: =sumifs('X-Risk'!$F$1:$F1000,'X-Risk'!$C$1:$C1000,$A11) -> 11 | D11: =sumifs('X-Risk'!$G$1:$G1000,'X-Risk'!$C$1:$C1000,$A11) -> 2 | E11: =sumifs('X-Risk'!$H$1:$H1000,'X-Risk'!$C$1:$C1000,$A11) -> 0 | F11: =(4*C11-4*E11)/$B11 -> 11 | G11: =countifs(PrelimRaw!$D$1:$D1000,14,PrelimRaw!$G$1:$G1000,$A11,PrelimRaw!$K$1:$K1000,"X") -> 10 | H11: =G11/C11 -> 0.90909091 | I11: =(C11*4-E11*4+G11*10)/$B11 -> 36 | J11: =sumifs(Math!$F$1:$F1000,Math!$C$1:$C1000,$A11) -> 8 | K11: =sumifs(Math!$G$1:$G1000,Math!$C$1:$C1000,$A11) -> 6 | L11: =sumifs(Math!$H$1:$H1000,Math!$C$1:$C1000,$A11) -> 0 | M11: =(4*J11-4*L11)/$B11 -> 8 | N11: =countifs(PrelimRaw!$D$1:$D1000,14,PrelimRaw!$G$1:$G1000,$A11,PrelimRaw!$K$1:$K1000,"M") -> 3 | O11: =N11/J11 -> 0.375 | P11: =(J11*4-L11*4+N11*10)/$B11 -> 15.5 | Q11: =sumifs(Chemistry!$F$1:$F1000,Chemistry!$C$1:$C1000,$A11) -> 14 | R11: =sumifs(Chemistry!$G$1:$G1000,Chemistry!$C$1:$C1000,$A11) -> 2 | S11: =sumifs(Chemistry!$H$1:$H1000,Chemistry!$C$1:$C1000,$A11) -> 0 | T11: =(4*Q11-4*S11)/$B11 -> 14 | U11: =countifs(PrelimRaw!$D$1:$D1000,14,PrelimRaw!$G$1:$G1000,$A11,PrelimRaw!$K$1:$K1000,"C") -> 8 | V11: =U11/Q11 -> 0.57142857 | W11: =(Q11*4-S11*4+U11*10)/$B11 -> 34 | X11: =sumifs(EarthSpace!$F$1:$F1000,EarthSpace!$C$1:$C1000,$A11) -> 14 | Y11: =sumifs(EarthSpace!$G$1:$G1000,EarthSpace!$C$1:$C1000,$A11) -> 1 | Z11: =sumifs(EarthSpace!$H$1:$H1000,EarthSpace!$C$1:$C1000,$A11) -> 1 | AA11: =(4*X11-4*Z11)/$B11 -> 13 | AB11: =countifs(PrelimRaw!$D$1:$D1000,14,PrelimRaw!$G$1:$G1000,$A11,PrelimRaw!$K$1:$K1000,"E") -> 11 | AC11: =AB11/X11 -> 0.78571429 | AD11: =(X11*4-Z11*4+AB11*10)/$B11 -> 40.5 | AE11: =sumifs(Biology!$F$1:$F1000,Biology!$C$1:$C1000,$A11) -> 10 | AF11: =sumifs(Biology!$G$1:$G1000,Biology!$C$1:$C1000,$A11) -> 4 | AG11: =sumifs(Biology!$H$1:$H1000,Biology!$C$1:$C1000,$A11) -> 0 | AH11: =(4*AE11-4*AG11)/$B11 -> 10 | AI11: =countifs(PrelimRaw!$D$1:$D1000,14,PrelimRaw!$G$1:$G1000,$A11,PrelimRaw!$K$1:$K1000,"B") -> 7 | AJ11: =AI11/AE11 -> 0.7 | AK11: =(AE11*4-AG11*4+AI11*10)/$B11 -> 27.5 | AL11: =sumifs(Physics!$F$1:$F1000,Physics!$C$1:$C1000,$A11) -> 11 | AM11: =sumifs(Physics!$G$1:$G1000,Physics!$C$1:$C1000,$A11) -> 2 | AN11: =sumifs(Physics!$H$1:$H1000,Physics!$C$1:$C1000,$A11) -> 0 | AO11: =(4*AL11-4*AN11)/$B11 -> 11 | AP11: =countifs(PrelimRaw!$D$1:$D1000,14,PrelimRaw!$G$1:$G1000,$A11,PrelimRaw!$K$1:$K1000,"P") -> 9 | AQ11: =AP11/AL11 -> 0.81818182 | AR11: =(AL11*4-AN11*4+AP11*10)/$B11 -> 33.5
A12: JP Stevens A | B12: 4 | C12: =sumifs('X-Risk'!$F$1:$F1000,'X-Risk'!$C$1:$C1000,$A12) -> 12 | D12: =sumifs('X-Risk'!$G$1:$G1000,'X-Risk'!$C$1:$C1000,$A12) -> 2 | E12: =sumifs('X-Risk'!$H$1:$H1000,'X-Risk'!$C$1:$C1000,$A12) -> 1 | F12: =(4*C12-4*E12)/$B12 -> 11 | G12: =countifs(PrelimRaw!$D$1:$D1000,14,PrelimRaw!$G$1:$G1000,$A12,PrelimRaw!$K$1:$K1000,"X") -> 11 | H12: =G12/C12 -> 0.91666667 | I12: =(C12*4-E12*4+G12*10)/$B12 -> 38.5 | J12: =sumifs(Math!$F$1:$F1000,Math!$C$1:$C1000,$A12) -> 6 | K12: =sumifs(Math!$G$1:$G1000,Math!$C$1:$C1000,$A12) -> 6 | L12: =sumifs(Math!$H$1:$H1000,Math!$C$1:$C1000,$A12) -> 0 | M12: =(4*J12-4*L12)/$B12 -> 6 | N12: =countifs(PrelimRaw!$D$1:$D1000,14,PrelimRaw!$G$1:$G1000,$A12,PrelimRaw!$K$1:$K1000,"M") -> 3 | O12: =N12/J12 -> 0.5 | P12: =(J12*4-L12*4+N12*10)/$B12 -> 13.5 | Q12: =sumifs(Chemistry!$F$1:$F1000,Chemistry!$C$1:$C1000,$A12) -> 11 | R12: =sumifs(Chemistry!$G$1:$G1000,Chemistry!$C$1:$C1000,$A12) -> 1 | S12: =sumifs(Chemistry!$H$1:$H1000,Chemistry!$C$1:$C1000,$A12) -> 1 | T12: =(4*Q12-4*S12)/$B12 -> 10 | U12: =countifs(PrelimRaw!$D$1:$D1000,14,PrelimRaw!$G$1:$G1000,$A12,PrelimRaw!$K$1:$K1000,"C") -> 9 | V12: =U12/Q12 -> 0.81818182 | W12: =(Q12*4-S12*4+U12*10)/$B12 -> 32.5 | X12: =sumifs(EarthSpace!$F$1:$F1000,EarthSpace!$C$1:$C1000,$A12) -> 13 | Y12: =sumifs(EarthSpace!$G$1:$G1000,EarthSpace!$C$1:$C1000,$A12) -> 2 | Z12: =sumifs(EarthSpace!$H$1:$H1000,EarthSpace!$C$1:$C1000,$A12) -> 0 | AA12: =(4*X12-4*Z12)/$B12 -> 13 | AB12: =countifs(PrelimRaw!$D$1:$D1000,14,PrelimRaw!$G$1:$G1000,$A12,PrelimRaw!$K$1:$K1000,"E") -> 9 | AC12: =AB12/X12 -> 0.69230769 | AD12: =(X12*4-Z12*4+AB12*10)/$B12 -> 35.5 | AE12: =sumifs(Biology!$F$1:$F1000,Biology!$C$1:$C1000,$A12) -> 13 | AF12: =sumifs(Biology!$G$1:$G1000,Biology!$C$1:$C1000,$A12) -> 0 | AG12: =sumifs(Biology!$H$1:$H1000,Biology!$C$1:$C1000,$A12) -> 3 | AH12: =(4*AE12-4*AG12)/$B12 -> 10 | AI12: =countifs(PrelimRaw!$D$1:$D1000,14,PrelimRaw!$G$1:$G1000,$A12,PrelimRaw!$K$1:$K1000,"B") -> 11 | AJ12: =AI12/AE12 -> 0.84615385 | AK12: =(AE12*4-AG12*4+AI12*10)/$B12 -> 37.5 | AL12: =sumifs(Physics!$F$1:$F1000,Physics!$C$1:$C1000,$A12) -> 11 | AM12: =sumifs(Physics!$G$1:$G1000,Physics!$C$1:$C1000,$A12) -> 4 | AN12: =sumifs(Physics!$H$1:$H1000,Physics!$C$1:$C1000,$A12) -> 1 | AO12: =(4*AL12-4*AN12)/$B12 -> 10 | AP12: =countifs(PrelimRaw!$D$1:$D1000,14,PrelimRaw!$G$1:$G1000,$A12,PrelimRaw!$K$1:$K1000,"P") -> 7 | AQ12: =AP12/AL12 -> 0.63636364 | AR12: =(AL12*4-AN12*4+AP12*10)/$B12 -> 27.5
A13: Tesla STEM A | B13: 4 | C13: =sumifs('X-Risk'!$F$1:$F1000,'X-Risk'!$C$1:$C1000,$A13) -> 9 | D13: =sumifs('X-Risk'!$G$1:$G1000,'X-Risk'!$C$1:$C1000,$A13) -> 1 | E13: =sumifs('X-Risk'!$H$1:$H1000,'X-Risk'!$C$1:$C1000,$A13) -> 2 | F13: =(4*C13-4*E13)/$B13 -> 7 | G13: =countifs(PrelimRaw!$D$1:$D1000,14,PrelimRaw!$G$1:$G1000,$A13,PrelimRaw!$K$1:$K1000,"X") -> 8 | H13: =G13/C13 -> 0.88888889 | I13: =(C13*4-E13*4+G13*10)/$B13 -> 27 | J13: =sumifs(Math!$F$1:$F1000,Math!$C$1:$C1000,$A13) -> 10 | K13: =sumifs(Math!$G$1:$G1000,Math!$C$1:$C1000,$A13) -> 2 | L13: =sumifs(Math!$H$1:$H1000,Math!$C$1:$C1000,$A13) -> 1 | M13: =(4*J13-4*L13)/$B13 -> 9 | N13: =countifs(PrelimRaw!$D$1:$D1000,14,PrelimRaw!$G$1:$G1000,$A13,PrelimRaw!$K$1:$K1000,"M") -> 9 | O13: =N13/J13 -> 0.9 | P13: =(J13*4-L13*4+N13*10)/$B13 -> 31.5 | Q13: =sumifs(Chemistry!$F$1:$F1000,Chemistry!$C$1:$C1000,$A13) -> 13 | R13: =sumifs(Chemistry!$G$1:$G1000,Chemistry!$C$1:$C1000,$A13) -> 0 | S13: =sumifs(Chemistry!$H$1:$H1000,Chemistry!$C$1:$C1000,$A13) -> 1 | T13: =(4*Q13-4*S13)/$B13 -> 12 | U13: =countifs(PrelimRaw!$D$1:$D1000,14,PrelimRaw!$G$1:$G1000,$A13,PrelimRaw!$K$1:$K1000,"C") -> 13 | V13: =U13/Q13 -> 1 | W13: =(Q13*4-S13*4+U13*10)/$B13 -> 44.5 | X13: =sumifs(EarthSpace!$F$1:$F1000,EarthSpace!$C$1:$C1000,$A13) -> 13 | Y13: =sumifs(EarthSpace!$G$1:$G1000,EarthSpace!$C$1:$C1000,$A13) -> 0 | Z13: =sumifs(EarthSpace!$H$1:$H1000,EarthSpace!$C$1:$C1000,$A13) -> 0 | AA13: =(4*X13-4*Z13)/$B13 -> 13 | AB13: =countifs(PrelimRaw!$D$1:$D1000,14,PrelimRaw!$G$1:$G1000,$A13,PrelimRaw!$K$1:$K1000,"E") -> 11 | AC13: =AB13/X13 -> 0.84615385 | AD13: =(X13*4-Z13*4+AB13*10)/$B13 -> 40.5 | AE13: =sumifs(Biology!$F$1:$F1000,Biology!$C$1:$C1000,$A13) -> 5 | AF13: =sumifs(Biology!$G$1:$G1000,Biology!$C$1:$C1000,$A13) -> 5 | AG13: =sumifs(Biology!$H$1:$H1000,Biology!$C$1:$C1000,$A13) -> 0 | AH13: =(4*AE13-4*AG13)/$B13 -> 5 | AI13: =countifs(PrelimRaw!$D$1:$D1000,14,PrelimRaw!$G$1:$G1000,$A13,PrelimRaw!$K$1:$K1000,"B") -> 3 | AJ13: =AI13/AE13 -> 0.6 | AK13: =(AE13*4-AG13*4+AI13*10)/$B13 -> 12.5 | AL13: =sumifs(Physics!$F$1:$F1000,Physics!$C$1:$C1000,$A13) -> 8 | AM13: =sumifs(Physics!$G$1:$G1000,Physics!$C$1:$C1000,$A13) -> 4 | AN13: =sumifs(Physics!$H$1:$H1000,Physics!$C$1:$C1000,$A13) -> 0 | AO13: =(4*AL13-4*AN13)/$B13 -> 8 | AP13: =countifs(PrelimRaw!$D$1:$D1000,14,PrelimRaw!$G$1:$G1000,$A13,PrelimRaw!$K$1:$K1000,"P") -> 8 | AQ13: =AP13/AL13 -> 1 | AR13: =(AL13*4-AN13*4+AP13*10)/$B13 -> 28
A14: Interlake D | B14: 4 | C14: =sumifs('X-Risk'!$F$1:$F1000,'X-Risk'!$C$1:$C1000,$A14) -> 10 | D14: =sumifs('X-Risk'!$G$1:$G1000,'X-Risk'!$C$1:$C1000,$A14) -> 2 | E14: =sumifs('X-Risk'!$H$1:$H1000,'X-Risk'!$C$1:$C1000,$A14) -> 1 | F14: =(4*C14-4*E14)/$B14 -> 9 | G14: =countifs(PrelimRaw!$D$1:$D1000,14,PrelimRaw!$G$1:$G1000,$A14,PrelimRaw!$K$1:$K1000,"X") -> 9 | H14: =G14/C14 -> 0.9 | I14: =(C14*4-E14*4+G14*10)/$B14 -> 31.5 | J14: =sumifs(Math!$F$1:$F1000,Math!$C$1:$C1000,$A14) -> 8 | K14: =sumifs(Math!$G$1:$G1000,Math!$C$1:$C1000,$A14) -> 4 | L14: =sumifs(Math!$H$1:$H1000,Math!$C$1:$C1000,$A14) -> 0 | M14: =(4*J14-4*L14)/$B14 -> 8 | N14: =countifs(PrelimRaw!$D$1:$D1000,14,PrelimRaw!$G$1:$G1000,$A14,PrelimRaw!$K$1:$K1000,"M") -> 7 | O14: =N14/J14 -> 0.875 | P14: =(J14*4-L14*4+N14*10)/$B14 -> 25.5 | Q14: =sumifs(Chemistry!$F$1:$F1000,Chemistry!$C$1:$C1000,$A14) -> 12 | R14: =sumifs(Chemistry!$G$1:$G1000,Chemistry!$C$1:$C1000,$A14) -> 2 | S14: =sumifs(Chemistry!$H$1:$H1000,Chemistry!$C$1:$C1000,$A14) -> 1 | T14: =(4*Q14-4*S14)/$B14 -> 11 | U14: =countifs(PrelimRaw!$D$1:$D1000,14,PrelimRaw!$G$1:$G1000,$A14,PrelimRaw!$K$1:$K1000,"C") -> 10 | V14: =U14/Q14 -> 0.83333333 | W14: =(Q14*4-S14*4+U14*10)/$B14 -> 36 | X14: =sumifs(EarthSpace!$F$1:$F1000,EarthSpace!$C$1:$C1000,$A14) -> 14 | Y14: =sumifs(EarthSpace!$G$1:$G1000,EarthSpace!$C$1:$C1000,$A14) -> 1 | Z14: =sumifs(EarthSpace!$H$1:$H1000,EarthSpace!$C$1:$C1000,$A14) -> 0 | AA14: =(4*X14-4*Z14)/$B14 -> 14 | AB14: =countifs(PrelimRaw!$D$1:$D1000,14,PrelimRaw!$G$1:$G1000,$A14,PrelimRaw!$K$1:$K1000,"E") -> 12 | AC14: =AB14/X14 -> 0.85714286 | AD14: =(X14*4-Z14*4+AB14*10)/$B14 -> 44 | AE14: =sumifs(Biology!$F$1:$F1000,Biology!$C$1:$C1000,$A14) -> 11 | AF14: =sumifs(Biology!$G$1:$G1000,Biology!$C$1:$C1000,$A14) -> 0 | AG14: =sumifs(Biology!$H$1:$H1000,Biology!$C$1:$C1000,$A14) -> 2 | AH14: =(4*AE14-4*AG14)/$B14 -> 9 | AI14: =countifs(PrelimRaw!$D$1:$D1000,14,PrelimRaw!$G$1:$G1000,$A14,PrelimRaw!$K$1:$K1000,"B") -> 7 | AJ14: =AI14/AE14 -> 0.63636364 | AK14: =(AE14*4-AG14*4+AI14*10)/$B14 -> 26.5 | AL14: =sumifs(Physics!$F$1:$F1000,Physics!$C$1:$C1000,$A14) -> 8 | AM14: =sumifs(Physics!$G$1:$G1000,Physics!$C$1:$C1000,$A14) -> 4 | AN14: =sumifs(Physics!$H$1:$H1000,Physics!$C$1:$C1000,$A14) -> 2 | AO14: =(4*AL14-4*AN14)/$B14 -> 6 | AP14: =countifs(PrelimRaw!$D$1:$D1000,14,PrelimRaw!$G$1:$G1000,$A14,PrelimRaw!$K$1:$K1000,"P") -> 5 | AQ14: =AP14/AL14 -> 0.625 | AR14: =(AL14*4-AN14*4+AP14*10)/$B14 -> 18.5
A15: Dulles A | B15: 4 | C15: =sumifs('X-Risk'!$F$1:$F1000,'X-Risk'!$C$1:$C1000,$A15) -> 10 | D15: =sumifs('X-Risk'!$G$1:$G1000,'X-Risk'!$C$1:$C1000,$A15) -> 1 | E15: =sumifs('X-Risk'!$H$1:$H1000,'X-Risk'!$C$1:$C1000,$A15) -> 2 | F15: =(4*C15-4*E15)/$B15 -> 8 | G15: =countifs(PrelimRaw!$D$1:$D1000,14,PrelimRaw!$G$1:$G1000,$A15,PrelimRaw!$K$1:$K1000,"X") -> 5 | H15: =G15/C15 -> 0.5 | I15: =(C15*4-E15*4+G15*10)/$B15 -> 20.5 | J15: =sumifs(Math!$F$1:$F1000,Math!$C$1:$C1000,$A15) -> 10 | K15: =sumifs(Math!$G$1:$G1000,Math!$C$1:$C1000,$A15) -> 2 | L15: =sumifs(Math!$H$1:$H1000,Math!$C$1:$C1000,$A15) -> 1 | M15: =(4*J15-4*L15)/$B15 -> 9 | N15: =countifs(PrelimRaw!$D$1:$D1000,14,PrelimRaw!$G$1:$G1000,$A15,PrelimRaw!$K$1:$K1000,"M") -> 8 | O15: =N15/J15 -> 0.8 | P15: =(J15*4-L15*4+N15*10)/$B15 -> 29 | Q15: =sumifs(Chemistry!$F$1:$F1000,Chemistry!$C$1:$C1000,$A15) -> 13 | R15: =sumifs(Chemistry!$G$1:$G1000,Chemistry!$C$1:$C1000,$A15) -> 2 | S15: =sumifs(Chemistry!$H$1:$H1000,Chemistry!$C$1:$C1000,$A15) -> 1 | T15: =(4*Q15-4*S15)/$B15 -> 12 | U15: =countifs(PrelimRaw!$D$1:$D1000,14,PrelimRaw!$G$1:$G1000,$A15,PrelimRaw!$K$1:$K1000,"C") -> 12 | V15: =U15/Q15 -> 0.92307692 | W15: =(Q15*4-S15*4+U15*10)/$B15 -> 42 | X15: =sumifs(EarthSpace!$F$1:$F1000,EarthSpace!$C$1:$C1000,$A15) -> 13 | Y15: =sumifs(EarthSpace!$G$1:$G1000,EarthSpace!$C$1:$C1000,$A15) -> 1 | Z15: =sumifs(EarthSpace!$H$1:$H1000,EarthSpace!$C$1:$C1000,$A15) -> 0 | AA15: =(4*X15-4*Z15)/$B15 -> 13 | AB15: =countifs(PrelimRaw!$D$1:$D1000,14,PrelimRaw!$G$1:$G1000,$A15,PrelimRaw!$K$1:$K1000,"E") -> 11 | AC15: =AB15/X15 -> 0.84615385 | AD15: =(X15*4-Z15*4+AB15*10)/$B15 -> 40.5 | AE15: =sumifs(Biology!$F$1:$F1000,Biology!$C$1:$C1000,$A15) -> 7 | AF15: =sumifs(Biology!$G$1:$G1000,Biology!$C$1:$C1000,$A15) -> 3 | AG15: =sumifs(Biology!$H$1:$H1000,Biology!$C$1:$C1000,$A15) -> 0 | AH15: =(4*AE15-4*AG15)/$B15 -> 7 | AI15: =countifs(PrelimRaw!$D$1:$D1000,14,PrelimRaw!$G$1:$G1000,$A15,PrelimRaw!$K$1:$K1000,"B") -> 6 | AJ15: =AI15/AE15 -> 0.85714286 | AK15: =(AE15*4-AG15*4+AI15*10)/$B15 -> 22 | AL15: =sumifs(Physics!$F$1:$F1000,Physics!$C$1:$C1000,$A15) -> 9 | AM15: =sumifs(Physics!$G$1:$G1000,Physics!$C$1:$C1000,$A15) -> 2 | AN15: =sumifs(Physics!$H$1:$H1000,Physics!$C$1:$C1000,$A15) -> 3 | AO15: =(4*AL15-4*AN15)/$B15 -> 6 | AP15: =countifs(PrelimRaw!$D$1:$D1000,14,PrelimRaw!$G$1:$G1000,$A15,PrelimRaw!$K$1:$K1000,"P") -> 8 | AQ15: =AP15/AL15 -> 0.88888889 | AR15: =(AL15*4-AN15*4+AP15*10)/$B15 -> 26
A16: Enloe B | B16: 4 | C16: =sumifs('X-Risk'!$F$1:$F1000,'X-Risk'!$C$1:$C1000,$A16) -> 10 | D16: =sumifs('X-Risk'!$G$1:$G1000,'X-Risk'!$C$1:$C1000,$A16) -> 2 | E16: =sumifs('X-Risk'!$H$1:$H1000,'X-Risk'!$C$1:$C1000,$A16) -> 1 | F16: =(4*C16-4*E16)/$B16 -> 9 | G16: =countifs(PrelimRaw!$D$1:$D1000,14,PrelimRaw!$G$1:$G1000,$A16,PrelimRaw!$K$1:$K1000,"X") -> 10 | H16: =G16/C16 -> 1 | I16: =(C16*4-E16*4+G16*10)/$B16 -> 34 | J16: =sumifs(Math!$F$1:$F1000,Math!$C$1:$C1000,$A16) -> 6 | K16: =sumifs(Math!$G$1:$G1000,Math!$C$1:$C1000,$A16) -> 2 | L16: =sumifs(Math!$H$1:$H1000,Math!$C$1:$C1000,$A16) -> 0 | M16: =(4*J16-4*L16)/$B16 -> 6 | N16: =countifs(PrelimRaw!$D$1:$D1000,14,PrelimRaw!$G$1:$G1000,$A16,PrelimRaw!$K$1:$K1000,"M") -> 3 | O16: =N16/J16 -> 0.5 | P16: =(J16*4-L16*4+N16*10)/$B16 -> 13.5 | Q16: =sumifs(Chemistry!$F$1:$F1000,Chemistry!$C$1:$C1000,$A16) -> 7 | R16: =sumifs(Chemistry!$G$1:$G1000,Chemistry!$C$1:$C1000,$A16) -> 1 | S16: =sumifs(Chemistry!$H$1:$H1000,Chemistry!$C$1:$C1000,$A16) -> 0 | T16: =(4*Q16-4*S16)/$B16 -> 7 | U16: =countifs(PrelimRaw!$D$1:$D1000,14,PrelimRaw!$G$1:$G1000,$A16,PrelimRaw!$K$1:$K1000,"C") -> 6 | V16: =U16/Q16 -> 0.85714286 | W16: =(Q16*4-S16*4+U16*10)/$B16 -> 22 | X16: =sumifs(EarthSpace!$F$1:$F1000,EarthSpace!$C$1:$C1000,$A16) -> 14 | Y16: =sumifs(EarthSpace!$G$1:$G1000,EarthSpace!$C$1:$C1000,$A16) -> 0 | Z16: =sumifs(EarthSpace!$H$1:$H1000,EarthSpace!$C$1:$C1000,$A16) -> 0 | AA16: =(4*X16-4*Z16)/$B16 -> 14 | AB16: =countifs(PrelimRaw!$D$1:$D1000,14,PrelimRaw!$G$1:$G1000,$A16,PrelimRaw!$K$1:$K1000,"E") -> 12 | AC16: =AB16/X16 -> 0.85714286 | AD16: =(X16*4-Z16*4+AB16*10)/$B16 -> 44 | AE16: =sumifs(Biology!$F$1:$F1000,Biology!$C$1:$C1000,$A16) -> 13 | AF16: =sumifs(Biology!$G$1:$G1000,Biology!$C$1:$C1000,$A16) -> 1 | AG16: =sumifs(Biology!$H$1:$H1000,Biology!$C$1:$C1000,$A16) -> 0 | AH16: =(4*AE16-4*AG16)/$B16 -> 13 | AI16: =countifs(PrelimRaw!$D$1:$D1000,14,PrelimRaw!$G$1:$G1000,$A16,PrelimRaw!$K$1:$K1000,"B") -> 11 | AJ16: =AI16/AE16 -> 0.84615385 | AK16: =(AE16*4-AG16*4+AI16*10)/$B16 -> 40.5 | AL16: =sumifs(Physics!$F$1:$F1000,Physics!$C$1:$C1000,$A16) -> 9 | AM16: =sumifs(Physics!$G$1:$G1000,Physics!$C$1:$C1000,$A16) -> 4 | AN16: =sumifs(Physics!$H$1:$H1000,Physics!$C$1:$C1000,$A16) -> 1 | AO16: =(4*AL16-4*AN16)/$B16 -> 8 | AP16: =countifs(PrelimRaw!$D$1:$D1000,14,PrelimRaw!$G$1:$G1000,$A16,PrelimRaw!$K$1:$K1000,"P") -> 6 | AQ16: =AP16/AL16 -> 0.66666667 | AR16: =(AL16*4-AN16*4+AP16*10)/$B16 -> 23
A17: Lexington B | B17: 4 | C17: =sumifs('X-Risk'!$F$1:$F1000,'X-Risk'!$C$1:$C1000,$A17) -> 8 | D17: =sumifs('X-Risk'!$G$1:$G1000,'X-Risk'!$C$1:$C1000,$A17) -> 5 | E17: =sumifs('X-Risk'!$H$1:$H1000,'X-Risk'!$C$1:$C1000,$A17) -> 0 | F17: =(4*C17-4*E17)/$B17 -> 8 | G17: =countifs(PrelimRaw!$D$1:$D1000,14,PrelimRaw!$G$1:$G1000,$A17,PrelimRaw!$K$1:$K1000,"X") -> 6 | H17: =G17/C17 -> 0.75 | I17: =(C17*4-E17*4+G17*10)/$B17 -> 23 | J17: =sumifs(Math!$F$1:$F1000,Math!$C$1:$C1000,$A17) -> 10 | K17: =sumifs(Math!$G$1:$G1000,Math!$C$1:$C1000,$A17) -> 1 | L17: =sumifs(Math!$H$1:$H1000,Math!$C$1:$C1000,$A17) -> 2 | M17: =(4*J17-4*L17)/$B17 -> 8 | N17: =countifs(PrelimRaw!$D$1:$D1000,14,PrelimRaw!$G$1:$G1000,$A17,PrelimRaw!$K$1:$K1000,"M") -> 10 | O17: =N17/J17 -> 1 | P17: =(J17*4-L17*4+N17*10)/$B17 -> 33 | Q17: =sumifs(Chemistry!$F$1:$F1000,Chemistry!$C$1:$C1000,$A17) -> 10 | R17: =sumifs(Chemistry!$G$1:$G1000,Chemistry!$C$1:$C1000,$A17) -> 3 | S17: =sumifs(Chemistry!$H$1:$H1000,Chemistry!$C$1:$C1000,$A17) -> 0 | T17: =(4*Q17-4*S17)/$B17 -> 10 | U17: =countifs(PrelimRaw!$D$1:$D1000,14,PrelimRaw!$G$1:$G1000,$A17,PrelimRaw!$K$1:$K1000,"C") -> 9 | V17: =U17/Q17 -> 0.9 | W17: =(Q17*4-S17*4+U17*10)/$B17 -> 32.5 | X17: =sumifs(EarthSpace!$F$1:$F1000,EarthSpace!$C$1:$C1000,$A17) -> 13 | Y17: =sumifs(EarthSpace!$G$1:$G1000,EarthSpace!$C$1:$C1000,$A17) -> 1 | Z17: =sumifs(EarthSpace!$H$1:$H1000,EarthSpace!$C$1:$C1000,$A17) -> 1 | AA17: =(4*X17-4*Z17)/$B17 -> 12 | AB17: =countifs(PrelimRaw!$D$1:$D1000,14,PrelimRaw!$G$1:$G1000,$A17,PrelimRaw!$K$1:$K1000,"E") -> 11 | AC17: =AB17/X17 -> 0.84615385 | AD17: =(X17*4-Z17*4+AB17*10)/$B17 -> 39.5 | AE17: =sumifs(Biology!$F$1:$F1000,Biology!$C$1:$C1000,$A17) -> 11 | AF17: =sumifs(Biology!$G$1:$G1000,Biology!$C$1:$C1000,$A17) -> 2 | AG17: =sumifs(Biology!$H$1:$H1000,Biology!$C$1:$C1000,$A17) -> 2 | AH17: =(4*AE17-4*AG17)/$B17 -> 9 | AI17: =countifs(PrelimRaw!$D$1:$D1000,14,PrelimRaw!$G$1:$G1000,$A17,PrelimRaw!$K$1:$K1000,"B") -> 5 | AJ17: =AI17/AE17 -> 0.45454545 | AK17: =(AE17*4-AG17*4+AI17*10)/$B17 -> 21.5 | AL17: =sumifs(Physics!$F$1:$F1000,Physics!$C$1:$C1000,$A17) -> 7 | AM17: =sumifs(Physics!$G$1:$G1000,Physics!$C$1:$C1000,$A17) -> 4 | AN17: =sumifs(Physics!$H$1:$H1000,Physics!$C$1:$C1000,$A17) -> 0 | AO17: =(4*AL17-4*AN17)/$B17 -> 7 | AP17: =countifs(PrelimRaw!$D$1:$D1000,14,PrelimRaw!$G$1:$G1000,$A17,PrelimRaw!$K$1:$K1000,"P") -> 6 | AQ17: =AP17/AL17 -> 0.85714286 | AR17: =(AL17*4-AN17*4+AP17*10)/$B17 -> 22
A18: Lakeside A | B18: 4 | C18: =sumifs('X-Risk'!$F$1:$F1000,'X-Risk'!$C$1:$C1000,$A18) -> 9 | D18: =sumifs('X-Risk'!$G$1:$G1000,'X-Risk'!$C$1:$C1000,$A18) -> 2 | E18: =sumifs('X-Risk'!$H$1:$H1000,'X-Risk'!$C$1:$C1000,$A18) -> 1 | F18: =(4*C18-4*E18)/$B18 -> 8 | G18: =countifs(PrelimRaw!$D$1:$D1000,14,PrelimRaw!$G$1:$G1000,$A18,PrelimRaw!$K$1:$K1000,"X") -> 7 | H18: =G18/C18 -> 0.77777778 | I18: =(C18*4-E18*4+G18*10)/$B18 -> 25.5 | J18: =sumifs(Math!$F$1:$F1000,Math!$C$1:$C1000,$A18) -> 8 | K18: =sumifs(Math!$G$1:$G1000,Math!$C$1:$C1000,$A18) -> 4 | L18: =sumifs(Math!$H$1:$H1000,Math!$C$1:$C1000,$A18) -> 1 | M18: =(4*J18-4*L18)/$B18 -> 7 | N18: =countifs(PrelimRaw!$D$1:$D1000,14,PrelimRaw!$G$1:$G1000,$A18,PrelimRaw!$K$1:$K1000,"M") -> 6 | O18: =N18/J18 -> 0.75 | P18: =(J18*4-L18*4+N18*10)/$B18 -> 22 | Q18: =sumifs(Chemistry!$F$1:$F1000,Chemistry!$C$1:$C1000,$A18) -> 12 | R18: =sumifs(Chemistry!$G$1:$G1000,Chemistry!$C$1:$C1000,$A18) -> 1 | S18: =sumifs(Chemistry!$H$1:$H1000,Chemistry!$C$1:$C1000,$A18) -> 0 | T18: =(4*Q18-4*S18)/$B18 -> 12 | U18: =countifs(PrelimRaw!$D$1:$D1000,14,PrelimRaw!$G$1:$G1000,$A18,PrelimRaw!$K$1:$K1000,"C") -> 7 | V18: =U18/Q18 -> 0.58333333 | W18: =(Q18*4-S18*4+U18*10)/$B18 -> 29.5 | X18: =sumifs(EarthSpace!$F$1:$F1000,EarthSpace!$C$1:$C1000,$A18) -> 12 | Y18: =sumifs(EarthSpace!$G$1:$G1000,EarthSpace!$C$1:$C1000,$A18) -> 0 | Z18: =sumifs(EarthSpace!$H$1:$H1000,EarthSpace!$C$1:$C1000,$A18) -> 0 | AA18: =(4*X18-4*Z18)/$B18 -> 12 | AB18: =countifs(PrelimRaw!$D$1:$D1000,14,PrelimRaw!$G$1:$G1000,$A18,PrelimRaw!$K$1:$K1000,"E") -> 10 | AC18: =AB18/X18 -> 0.83333333 | AD18: =(X18*4-Z18*4+AB18*10)/$B18 -> 37 | AE18: =sumifs(Biology!$F$1:$F1000,Biology!$C$1:$C1000,$A18) -> 10 | AF18: =sumifs(Biology!$G$1:$G1000,Biology!$C$1:$C1000,$A18) -> 4 | AG18: =sumifs(Biology!$H$1:$H1000,Biology!$C$1:$C1000,$A18) -> 0 | AH18: =(4*AE18-4*AG18)/$B18 -> 10 | AI18: =countifs(PrelimRaw!$D$1:$D1000,14,PrelimRaw!$G$1:$G1000,$A18,PrelimRaw!$K$1:$K1000,"B") -> 4 | AJ18: =AI18/AE18 -> 0.4 | AK18: =(AE18*4-AG18*4+AI18*10)/$B18 -> 20 | AL18: =sumifs(Physics!$F$1:$F1000,Physics!$C$1:$C1000,$A18) -> 12 | AM18: =sumifs(Physics!$G$1:$G1000,Physics!$C$1:$C1000,$A18) -> 3 | AN18: =sumifs(Physics!$H$1:$H1000,Physics!$C$1:$C1000,$A18) -> 0 | AO18: =(4*AL18-4*AN18)/$B18 -> 12 | AP18: =countifs(PrelimRaw!$D$1:$D1000,14,PrelimRaw!$G$1:$G1000,$A18,PrelimRaw!$K$1:$K1000,"P") -> 7 | AQ18: =AP18/AL18 -> 0.58333333 | AR18: =(AL18*4-AN18*4+AP18*10)/$B18 -> 29.5
A19: Canyon Crest A | B19: 4 | C19: =sumifs('X-Risk'!$F$1:$F1000,'X-Risk'!$C$1:$C1000,$A19) -> 8 | D19: =sumifs('X-Risk'!$G$1:$G1000,'X-Risk'!$C$1:$C1000,$A19) -> 1 | E19: =sumifs('X-Risk'!$H$1:$H1000,'X-Risk'!$C$1:$C1000,$A19) -> 3 | F19: =(4*C19-4*E19)/$B19 -> 5 | G19: =countifs(PrelimRaw!$D$1:$D1000,14,PrelimRaw!$G$1:$G1000,$A19,PrelimRaw!$K$1:$K1000,"X") -> 5 | H19: =G19/C19 -> 0.625 | I19: =(C19*4-E19*4+G19*10)/$B19 -> 17.5 | J19: =sumifs(Math!$F$1:$F1000,Math!$C$1:$C1000,$A19) -> 9 | K19: =sumifs(Math!$G$1:$G1000,Math!$C$1:$C1000,$A19) -> 2 | L19: =sumifs(Math!$H$1:$H1000,Math!$C$1:$C1000,$A19) -> 1 | M19: =(4*J19-4*L19)/$B19 -> 8 | N19: =countifs(PrelimRaw!$D$1:$D1000,14,PrelimRaw!$G$1:$G1000,$A19,PrelimRaw!$K$1:$K1000,"M") -> 7 | O19: =N19/J19 -> 0.77777778 | P19: =(J19*4-L19*4+N19*10)/$B19 -> 25.5 | Q19: =sumifs(Chemistry!$F$1:$F1000,Chemistry!$C$1:$C1000,$A19) -> 14 | R19: =sumifs(Chemistry!$G$1:$G1000,Chemistry!$C$1:$C1000,$A19) -> 2 | S19: =sumifs(Chemistry!$H$1:$H1000,Chemistry!$C$1:$C1000,$A19) -> 0 | T19: =(4*Q19-4*S19)/$B19 -> 14 | U19: =countifs(PrelimRaw!$D$1:$D1000,14,PrelimRaw!$G$1:$G1000,$A19,PrelimRaw!$K$1:$K1000,"C") -> 13 | V19: =U19/Q19 -> 0.92857143 | W19: =(Q19*4-S19*4+U19*10)/$B19 -> 46.5 | X19: =sumifs(EarthSpace!$F$1:$F1000,EarthSpace!$C$1:$C1000,$A19) -> 11 | Y19: =sumifs(EarthSpace!$G$1:$G1000,EarthSpace!$C$1:$C1000,$A19) -> 4 | Z19: =sumifs(EarthSpace!$H$1:$H1000,EarthSpace!$C$1:$C1000,$A19) -> 0 | AA19: =(4*X19-4*Z19)/$B19 -> 11 | AB19: =countifs(PrelimRaw!$D$1:$D1000,14,PrelimRaw!$G$1:$G1000,$A19,PrelimRaw!$K$1:$K1000,"E") -> 9 | AC19: =AB19/X19 -> 0.81818182 | AD19: =(X19*4-Z19*4+AB19*10)/$B19 -> 33.5 | AE19: =sumifs(Biology!$F$1:$F1000,Biology!$C$1:$C1000,$A19) -> 7 | AF19: =sumifs(Biology!$G$1:$G1000,Biology!$C$1:$C1000,$A19) -> 5 | AG19: =sumifs(Biology!$H$1:$H1000,Biology!$C$1:$C1000,$A19) -> 0 | AH19: =(4*AE19-4*AG19)/$B19 -> 7 | AI19: =countifs(PrelimRaw!$D$1:$D1000,14,PrelimRaw!$G$1:$G1000,$A19,PrelimRaw!$K$1:$K1000,"B") -> 5 | AJ19: =AI19/AE19 -> 0.71428571 | AK19: =(AE19*4-AG19*4+AI19*10)/$B19 -> 19.5 | AL19: =sumifs(Physics!$F$1:$F1000,Physics!$C$1:$C1000,$A19) -> 4 | AM19: =sumifs(Physics!$G$1:$G1000,Physics!$C$1:$C1000,$A19) -> 6 | AN19: =sumifs(Physics!$H$1:$H1000,Physics!$C$1:$C1000,$A19) -> 0 | AO19: =(4*AL19-4*AN19)/$B19 -> 4 | AP19: =countifs(PrelimRaw!$D$1:$D1000,14,PrelimRaw!$G$1:$G1000,$A19,PrelimRaw!$K$1:$K1000,"P") -> 3 | AQ19: =AP19/AL19 -> 0.75 | AR19: =(AL19*4-AN19*4+AP19*10)/$B19 -> 11.5
A20: Ladue | B20: 4 | C20: =sumifs('X-Risk'!$F$1:$F1000,'X-Risk'!$C$1:$C1000,$A20) -> 11 | D20: =sumifs('X-Risk'!$G$1:$G1000,'X-Risk'!$C$1:$C1000,$A20) -> 3 | E20: =sumifs('X-Risk'!$H$1:$H1000,'X-Risk'!$C$1:$C1000,$A20) -> 0 | F20: =(4*C20-4*E20)/$B20 -> 11 | G20: =countifs(PrelimRaw!$D$1:$D1000,14,PrelimRaw!$G$1:$G1000,$A20,PrelimRaw!$K$1:$K1000,"X") -> 9 | H20: =G20/C20 -> 0.81818182 | I20: =(C20*4-E20*4+G20*10)/$B20 -> 33.5 | J20: =sumifs(Math!$F$1:$F1000,Math!$C$1:$C1000,$A20) -> 9 | K20: =sumifs(Math!$G$1:$G1000,Math!$C$1:$C1000,$A20) -> 2 | L20: =sumifs(Math!$H$1:$H1000,Math!$C$1:$C1000,$A20) -> 2 | M20: =(4*J20-4*L20)/$B20 -> 7 | N20: =countifs(PrelimRaw!$D$1:$D1000,14,PrelimRaw!$G$1:$G1000,$A20,PrelimRaw!$K$1:$K1000,"M") -> 6 | O20: =N20/J20 -> 0.66666667 | P20: =(J20*4-L20*4+N20*10)/$B20 -> 22 | Q20: =sumifs(Chemistry!$F$1:$F1000,Chemistry!$C$1:$C1000,$A20) -> 12 | R20: =sumifs(Chemistry!$G$1:$G1000,Chemistry!$C$1:$C1000,$A20) -> 3 | S20: =sumifs(Chemistry!$H$1:$H1000,Chemistry!$C$1:$C1000,$A20) -> 0 | T20: =(4*Q20-4*S20)/$B20 -> 12 | U20: =countifs(PrelimRaw!$D$1:$D1000,14,PrelimRaw!$G$1:$G1000,$A20,PrelimRaw!$K$1:$K1000,"C") -> 11 | V20: =U20/Q20 -> 0.91666667 | W20: =(Q20*4-S20*4+U20*10)/$B20 -> 39.5 | X20: =sumifs(EarthSpace!$F$1:$F1000,EarthSpace!$C$1:$C1000,$A20) -> 8 | Y20: =sumifs(EarthSpace!$G$1:$G1000,EarthSpace!$C$1:$C1000,$A20) -> 2 | Z20: =sumifs(EarthSpace!$H$1:$H1000,EarthSpace!$C$1:$C1000,$A20) -> 1 | AA20: =(4*X20-4*Z20)/$B20 -> 7 | AB20: =countifs(PrelimRaw!$D$1:$D1000,14,PrelimRaw!$G$1:$G1000,$A20,PrelimRaw!$K$1:$K1000,"E") -> 3 | AC20: =AB20/X20 -> 0.375 | AD20: =(X20*4-Z20*4+AB20*10)/$B20 -> 14.5 | AE20: =sumifs(Biology!$F$1:$F1000,Biology!$C$1:$C1000,$A20) -> 7 | AF20: =sumifs(Biology!$G$1:$G1000,Biology!$C$1:$C1000,$A20) -> 2 | AG20: =sumifs(Biology!$H$1:$H1000,Biology!$C$1:$C1000,$A20) -> 1 | AH20: =(4*AE20-4*AG20)/$B20 -> 6 | AI20: =countifs(PrelimRaw!$D$1:$D1000,14,PrelimRaw!$G$1:$G1000,$A20,PrelimRaw!$K$1:$K1000,"B") -> 4 | AJ20: =AI20/AE20 -> 0.57142857 | AK20: =(AE20*4-AG20*4+AI20*10)/$B20 -> 16 | AL20: =sumifs(Physics!$F$1:$F1000,Physics!$C$1:$C1000,$A20) -> 10 | AM20: =sumifs(Physics!$G$1:$G1000,Physics!$C$1:$C1000,$A20) -> 4 | AN20: =sumifs(Physics!$H$1:$H1000,Physics!$C$1:$C1000,$A20) -> 0 | AO20: =(4*AL20-4*AN20)/$B20 -> 10 | AP20: =countifs(PrelimRaw!$D$1:$D1000,14,PrelimRaw!$G$1:$G1000,$A20,PrelimRaw!$K$1:$K1000,"P") -> 7 | AQ20: =AP20/AL20 -> 0.7 | AR20: =(AL20*4-AN20*4+AP20*10)/$B20 -> 27.5
A21: NCSSM A | B21: 4 | C21: =sumifs('X-Risk'!$F$1:$F1000,'X-Risk'!$C$1:$C1000,$A21) -> 7 | D21: =sumifs('X-Risk'!$G$1:$G1000,'X-Risk'!$C$1:$C1000,$A21) -> 4 | E21: =sumifs('X-Risk'!$H$1:$H1000,'X-Risk'!$C$1:$C1000,$A21) -> 0 | F21: =(4*C21-4*E21)/$B21 -> 7 | G21: =countifs(PrelimRaw!$D$1:$D1000,14,PrelimRaw!$G$1:$G1000,$A21,PrelimRaw!$K$1:$K1000,"X") -> 6 | H21: =G21/C21 -> 0.85714286 | I21: =(C21*4-E21*4+G21*10)/$B21 -> 22 | J21: =sumifs(Math!$F$1:$F1000,Math!$C$1:$C1000,$A21) -> 13 | K21: =sumifs(Math!$G$1:$G1000,Math!$C$1:$C1000,$A21) -> 2 | L21: =sumifs(Math!$H$1:$H1000,Math!$C$1:$C1000,$A21) -> 0 | M21: =(4*J21-4*L21)/$B21 -> 13 | N21: =countifs(PrelimRaw!$D$1:$D1000,14,PrelimRaw!$G$1:$G1000,$A21,PrelimRaw!$K$1:$K1000,"M") -> 11 | O21: =N21/J21 -> 0.84615385 | P21: =(J21*4-L21*4+N21*10)/$B21 -> 40.5 | Q21: =sumifs(Chemistry!$F$1:$F1000,Chemistry!$C$1:$C1000,$A21) -> 7 | R21: =sumifs(Chemistry!$G$1:$G1000,Chemistry!$C$1:$C1000,$A21) -> 2 | S21: =sumifs(Chemistry!$H$1:$H1000,Chemistry!$C$1:$C1000,$A21) -> 1 | T21: =(4*Q21-4*S21)/$B21 -> 6 | U21: =countifs(PrelimRaw!$D$1:$D1000,14,PrelimRaw!$G$1:$G1000,$A21,PrelimRaw!$K$1:$K1000,"C") -> 5 | V21: =U21/Q21 -> 0.71428571 | W21: =(Q21*4-S21*4+U21*10)/$B21 -> 18.5 | X21: =sumifs(EarthSpace!$F$1:$F1000,EarthSpace!$C$1:$C1000,$A21) -> 6 | Y21: =sumifs(EarthSpace!$G$1:$G1000,EarthSpace!$C$1:$C1000,$A21) -> 5 | Z21: =sumifs(EarthSpace!$H$1:$H1000,EarthSpace!$C$1:$C1000,$A21) -> 0 | AA21: =(4*X21-4*Z21)/$B21 -> 6 | AB21: =countifs(PrelimRaw!$D$1:$D1000,14,PrelimRaw!$G$1:$G1000,$A21,PrelimRaw!$K$1:$K1000,"E") -> 4 | AC21: =AB21/X21 -> 0.66666667 | AD21: =(X21*4-Z21*4+AB21*10)/$B21 -> 16 | AE21: =sumifs(Biology!$F$1:$F1000,Biology!$C$1:$C1000,$A21) -> 11 | AF21: =sumifs(Biology!$G$1:$G1000,Biology!$C$1:$C1000,$A21) -> 1 | AG21: =sumifs(Biology!$H$1:$H1000,Biology!$C$1:$C1000,$A21) -> 1 | AH21: =(4*AE21-4*AG21)/$B21 -> 10 | AI21: =countifs(PrelimRaw!$D$1:$D1000,14,PrelimRaw!$G$1:$G1000,$A21,PrelimRaw!$K$1:$K1000,"B") -> 6 | AJ21: =AI21/AE21 -> 0.54545455 | AK21: =(AE21*4-AG21*4+AI21*10)/$B21 -> 25 | AL21: =sumifs(Physics!$F$1:$F1000,Physics!$C$1:$C1000,$A21) -> 13 | AM21: =sumifs(Physics!$G$1:$G1000,Physics!$C$1:$C1000,$A21) -> 1 | AN21: =sumifs(Physics!$H$1:$H1000,Physics!$C$1:$C1000,$A21) -> 1 | AO21: =(4*AL21-4*AN21)/$B21 -> 12 | AP21: =countifs(PrelimRaw!$D$1:$D1000,14,PrelimRaw!$G$1:$G1000,$A21,PrelimRaw!$K$1:$K1000,"P") -> 7 | AQ21: =AP21/AL21 -> 0.53846154 | AR21: =(AL21*4-AN21*4+AP21*10)/$B21 -> 29.5
A22: MSMS | B22: 4 | C22: =sumifs('X-Risk'!$F$1:$F1000,'X-Risk'!$C$1:$C1000,$A22) -> 9 | D22: =sumifs('X-Risk'!$G$1:$G1000,'X-Risk'!$C$1:$C1000,$A22) -> 3 | E22: =sumifs('X-Risk'!$H$1:$H1000,'X-Risk'!$C$1:$C1000,$A22) -> 2 | F22: =(4*C22-4*E22)/$B22 -> 7 | G22: =countifs(PrelimRaw!$D$1:$D1000,14,PrelimRaw!$G$1:$G1000,$A22,PrelimRaw!$K$1:$K1000,"X") -> 7 | H22: =G22/C22 -> 0.77777778 | I22: =(C22*4-E22*4+G22*10)/$B22 -> 24.5 | J22: =sumifs(Math!$F$1:$F1000,Math!$C$1:$C1000,$A22) -> 8 | K22: =sumifs(Math!$G$1:$G1000,Math!$C$1:$C1000,$A22) -> 4 | L22: =sumifs(Math!$H$1:$H1000,Math!$C$1:$C1000,$A22) -> 0 | M22: =(4*J22-4*L22)/$B22 -> 8 | N22: =countifs(PrelimRaw!$D$1:$D1000,14,PrelimRaw!$G$1:$G1000,$A22,PrelimRaw!$K$1:$K1000,"M") -> 3 | O22: =N22/J22 -> 0.375 | P22: =(J22*4-L22*4+N22*10)/$B22 -> 15.5 | Q22: =sumifs(Chemistry!$F$1:$F1000,Chemistry!$C$1:$C1000,$A22) -> 8 | R22: =sumifs(Chemistry!$G$1:$G1000,Chemistry!$C$1:$C1000,$A22) -> 3 | S22: =sumifs(Chemistry!$H$1:$H1000,Chemistry!$C$1:$C1000,$A22) -> 0 | T22: =(4*Q22-4*S22)/$B22 -> 8 | U22: =countifs(PrelimRaw!$D$1:$D1000,14,PrelimRaw!$G$1:$G1000,$A22,PrelimRaw!$K$1:$K1000,"C") -> 6 | V22: =U22/Q22 -> 0.75 | W22: =(Q22*4-S22*4+U22*10)/$B22 -> 23 | X22: =sumifs(EarthSpace!$F$1:$F1000,EarthSpace!$C$1:$C1000,$A22) -> 12 | Y22: =sumifs(EarthSpace!$G$1:$G1000,EarthSpace!$C$1:$C1000,$A22) -> 2 | Z22: =sumifs(EarthSpace!$H$1:$H1000,EarthSpace!$C$1:$C1000,$A22) -> 0 | AA22: =(4*X22-4*Z22)/$B22 -> 12 | AB22: =countifs(PrelimRaw!$D$1:$D1000,14,PrelimRaw!$G$1:$G1000,$A22,PrelimRaw!$K$1:$K1000,"E") -> 9 | AC22: =AB22/X22 -> 0.75 | AD22: =(X22*4-Z22*4+AB22*10)/$B22 -> 34.5 | AE22: =sumifs(Biology!$F$1:$F1000,Biology!$C$1:$C1000,$A22) -> 12 | AF22: =sumifs(Biology!$G$1:$G1000,Biology!$C$1:$C1000,$A22) -> 2 | AG22: =sumifs(Biology!$H$1:$H1000,Biology!$C$1:$C1000,$A22) -> 1 | AH22: =(4*AE22-4*AG22)/$B22 -> 11 | AI22: =countifs(PrelimRaw!$D$1:$D1000,14,PrelimRaw!$G$1:$G1000,$A22,PrelimRaw!$K$1:$K1000,"B") -> 9 | AJ22: =AI22/AE22 -> 0.75 | AK22: =(AE22*4-AG22*4+AI22*10)/$B22 -> 33.5 | AL22: =sumifs(Physics!$F$1:$F1000,Physics!$C$1:$C1000,$A22) -> 9 | AM22: =sumifs(Physics!$G$1:$G1000,Physics!$C$1:$C1000,$A22) -> 3 | AN22: =sumifs(Physics!$H$1:$H1000,Physics!$C$1:$C1000,$A22) -> 0 | AO22: =(4*AL22-4*AN22)/$B22 -> 9 | AP22: =countifs(PrelimRaw!$D$1:$D1000,14,PrelimRaw!$G$1:$G1000,$A22,PrelimRaw!$K$1:$K1000,"P") -> 4 | AQ22: =AP22/AL22 -> 0.44444444 | AR22: =(AL22*4-AN22*4+AP22*10)/$B22 -> 19
A23: Interlake A | B23: 4 | C23: =sumifs('X-Risk'!$F$1:$F1000,'X-Risk'!$C$1:$C1000,$A23) -> 11 | D23: =sumifs('X-Risk'!$G$1:$G1000,'X-Risk'!$C$1:$C1000,$A23) -> 2 | E23: =sumifs('X-Risk'!$H$1:$H1000,'X-Risk'!$C$1:$C1000,$A23) -> 0 | F23: =(4*C23-4*E23)/$B23 -> 11 | G23: =countifs(PrelimRaw!$D$1:$D1000,14,PrelimRaw!$G$1:$G1000,$A23,PrelimRaw!$K$1:$K1000,"X") -> 6 | H23: =G23/C23 -> 0.54545455 | I23: =(C23*4-E23*4+G23*10)/$B23 -> 26 | J23: =sumifs(Math!$F$1:$F1000,Math!$C$1:$C1000,$A23) -> 9 | K23: =sumifs(Math!$G$1:$G1000,Math!$C$1:$C1000,$A23) -> 2 | L23: =sumifs(Math!$H$1:$H1000,Math!$C$1:$C1000,$A23) -> 0 | M23: =(4*J23-4*L23)/$B23 -> 9 | N23: =countifs(PrelimRaw!$D$1:$D1000,14,PrelimRaw!$G$1:$G1000,$A23,PrelimRaw!$K$1:$K1000,"M") -> 6 | O23: =N23/J23 -> 0.66666667 | P23: =(J23*4-L23*4+N23*10)/$B23 -> 24 | Q23: =sumifs(Chemistry!$F$1:$F1000,Chemistry!$C$1:$C1000,$A23) -> 11 | R23: =sumifs(Chemistry!$G$1:$G1000,Chemistry!$C$1:$C1000,$A23) -> 2 | S23: =sumifs(Chemistry!$H$1:$H1000,Chemistry!$C$1:$C1000,$A23) -> 0 | T23: =(4*Q23-4*S23)/$B23 -> 11 | U23: =countifs(PrelimRaw!$D$1:$D1000,14,PrelimRaw!$G$1:$G1000,$A23,PrelimRaw!$K$1:$K1000,"C") -> 7 | V23: =U23/Q23 -> 0.63636364 | W23: =(Q23*4-S23*4+U23*10)/$B23 -> 28.5 | X23: =sumifs(EarthSpace!$F$1:$F1000,EarthSpace!$C$1:$C1000,$A23) -> 9 | Y23: =sumifs(EarthSpace!$G$1:$G1000,EarthSpace!$C$1:$C1000,$A23) -> 2 | Z23: =sumifs(EarthSpace!$H$1:$H1000,EarthSpace!$C$1:$C1000,$A23) -> 0 | AA23: =(4*X23-4*Z23)/$B23 -> 9 | AB23: =countifs(PrelimRaw!$D$1:$D1000,14,PrelimRaw!$G$1:$G1000,$A23,PrelimRaw!$K$1:$K1000,"E") -> 6 | AC23: =AB23/X23 -> 0.66666667 | AD23: =(X23*4-Z23*4+AB23*10)/$B23 -> 24 | AE23: =sumifs(Biology!$F$1:$F1000,Biology!$C$1:$C1000,$A23) -> 11 | AF23: =sumifs(Biology!$G$1:$G1000,Biology!$C$1:$C1000,$A23) -> 1 | AG23: =sumifs(Biology!$H$1:$H1000,Biology!$C$1:$C1000,$A23) -> 0 | AH23: =(4*AE23-4*AG23)/$B23 -> 11 | AI23: =countifs(PrelimRaw!$D$1:$D1000,14,PrelimRaw!$G$1:$G1000,$A23,PrelimRaw!$K$1:$K1000,"B") -> 10 | AJ23: =AI23/AE23 -> 0.90909091 | AK23: =(AE23*4-AG23*4+AI23*10)/$B23 -> 36 | AL23: =sumifs(Physics!$F$1:$F1000,Physics!$C$1:$C1000,$A23) -> 5 | AM23: =sumifs(Physics!$G$1:$G1000,Physics!$C$1:$C1000,$A23) -> 5 | AN23: =sumifs(Physics!$H$1:$H1000,Physics!$C$1:$C1000,$A23) -> 0 | AO23: =(4*AL23-4*AN23)/$B23 -> 5 | AP23: =countifs(PrelimRaw!$D$1:$D1000,14,PrelimRaw!$G$1:$G1000,$A23,PrelimRaw!$K$1:$K1000,"P") -> 2 | AQ23: =AP23/AL23 -> 0.4 | AR23: =(AL23*4-AN23*4+AP23*10)/$B23 -> 10
A24: Blair B | B24: 4 | C24: =sumifs('X-Risk'!$F$1:$F1000,'X-Risk'!$C$1:$C1000,$A24) -> 7 | D24: =sumifs('X-Risk'!$G$1:$G1000,'X-Risk'!$C$1:$C1000,$A24) -> 1 | E24: =sumifs('X-Risk'!$H$1:$H1000,'X-Risk'!$C$1:$C1000,$A24) -> 5 | F24: =(4*C24-4*E24)/$B24 -> 2 | G24: =countifs(PrelimRaw!$D$1:$D1000,14,PrelimRaw!$G$1:$G1000,$A24,PrelimRaw!$K$1:$K1000,"X") -> 5 | H24: =G24/C24 -> 0.71428571 | I24: =(C24*4-E24*4+G24*10)/$B24 -> 14.5 | J24: =sumifs(Math!$F$1:$F1000,Math!$C$1:$C1000,$A24) -> 8 | K24: =sumifs(Math!$G$1:$G1000,Math!$C$1:$C1000,$A24) -> 4 | L24: =sumifs(Math!$H$1:$H1000,Math!$C$1:$C1000,$A24) -> 2 | M24: =(4*J24-4*L24)/$B24 -> 6 | N24: =countifs(PrelimRaw!$D$1:$D1000,14,PrelimRaw!$G$1:$G1000,$A24,PrelimRaw!$K$1:$K1000,"M") -> 7 | O24: =N24/J24 -> 0.875 | P24: =(J24*4-L24*4+N24*10)/$B24 -> 23.5 | Q24: =sumifs(Chemistry!$F$1:$F1000,Chemistry!$C$1:$C1000,$A24) -> 9 | R24: =sumifs(Chemistry!$G$1:$G1000,Chemistry!$C$1:$C1000,$A24) -> 4 | S24: =sumifs(Chemistry!$H$1:$H1000,Chemistry!$C$1:$C1000,$A24) -> 0 | T24: =(4*Q24-4*S24)/$B24 -> 9 | U24: =countifs(PrelimRaw!$D$1:$D1000,14,PrelimRaw!$G$1:$G1000,$A24,PrelimRaw!$K$1:$K1000,"C") -> 9 | V24: =U24/Q24 -> 1 | W24: =(Q24*4-S24*4+U24*10)/$B24 -> 31.5 | X24: =sumifs(EarthSpace!$F$1:$F1000,EarthSpace!$C$1:$C1000,$A24) -> 11 | Y24: =sumifs(EarthSpace!$G$1:$G1000,EarthSpace!$C$1:$C1000,$A24) -> 3 | Z24: =sumifs(EarthSpace!$H$1:$H1000,EarthSpace!$C$1:$C1000,$A24) -> 0 | AA24: =(4*X24-4*Z24)/$B24 -> 11 | AB24: =countifs(PrelimRaw!$D$1:$D1000,14,PrelimRaw!$G$1:$G1000,$A24,PrelimRaw!$K$1:$K1000,"E") -> 8 | AC24: =AB24/X24 -> 0.72727273 | AD24: =(X24*4-Z24*4+AB24*10)/$B24 -> 31 | AE24: =sumifs(Biology!$F$1:$F1000,Biology!$C$1:$C1000,$A24) -> 13 | AF24: =sumifs(Biology!$G$1:$G1000,Biology!$C$1:$C1000,$A24) -> 1 | AG24: =sumifs(Biology!$H$1:$H1000,Biology!$C$1:$C1000,$A24) -> 2 | AH24: =(4*AE24-4*AG24)/$B24 -> 11 | AI24: =countifs(PrelimRaw!$D$1:$D1000,14,PrelimRaw!$G$1:$G1000,$A24,PrelimRaw!$K$1:$K1000,"B") -> 10 | AJ24: =AI24/AE24 -> 0.76923077 | AK24: =(AE24*4-AG24*4+AI24*10)/$B24 -> 36 | AL24: =sumifs(Physics!$F$1:$F1000,Physics!$C$1:$C1000,$A24) -> 5 | AM24: =sumifs(Physics!$G$1:$G1000,Physics!$C$1:$C1000,$A24) -> 5 | AN24: =sumifs(Physics!$H$1:$H1000,Physics!$C$1:$C1000,$A24) -> 1 | AO24: =(4*AL24-4*AN24)/$B24 -> 4 | AP24: =countifs(PrelimRaw!$D$1:$D1000,14,PrelimRaw!$G$1:$G1000,$A24,PrelimRaw!$K$1:$K1000,"P") -> 2 | AQ24: =AP24/AL24 -> 0.4 | AR24: =(AL24*4-AN24*4+AP24*10)/$B24 -> 9
A25: NCSSM B | B25: 4 | C25: =sumifs('X-Risk'!$F$1:$F1000,'X-Risk'!$C$1:$C1000,$A25) -> 10 | D25: =sumifs('X-Risk'!$G$1:$G1000,'X-Risk'!$C$1:$C1000,$A25) -> 2 | E25: =sumifs('X-Risk'!$H$1:$H1000,'X-Risk'!$C$1:$C1000,$A25) -> 0 | F25: =(4*C25-4*E25)/$B25 -> 10 | G25: =countifs(PrelimRaw!$D$1:$D1000,14,PrelimRaw!$G$1:$G1000,$A25,PrelimRaw!$K$1:$K1000,"X") -> 8 | H25: =G25/C25 -> 0.8 | I25: =(C25*4-E25*4+G25*10)/$B25 -> 30 | J25: =sumifs(Math!$F$1:$F1000,Math!$C$1:$C1000,$A25) -> 7 | K25: =sumifs(Math!$G$1:$G1000,Math!$C$1:$C1000,$A25) -> 4 | L25: =sumifs(Math!$H$1:$H1000,Math!$C$1:$C1000,$A25) -> 2 | M25: =(4*J25-4*L25)/$B25 -> 5 | N25: =countifs(PrelimRaw!$D$1:$D1000,14,PrelimRaw!$G$1:$G1000,$A25,PrelimRaw!$K$1:$K1000,"M") -> 5 | O25: =N25/J25 -> 0.71428571 | P25: =(J25*4-L25*4+N25*10)/$B25 -> 17.5 | Q25: =sumifs(Chemistry!$F$1:$F1000,Chemistry!$C$1:$C1000,$A25) -> 11 | R25: =sumifs(Chemistry!$G$1:$G1000,Chemistry!$C$1:$C1000,$A25) -> 1 | S25: =sumifs(Chemistry!$H$1:$H1000,Chemistry!$C$1:$C1000,$A25) -> 1 | T25: =(4*Q25-4*S25)/$B25 -> 10 | U25: =countifs(PrelimRaw!$D$1:$D1000,14,PrelimRaw!$G$1:$G1000,$A25,PrelimRaw!$K$1:$K1000,"C") -> 8 | V25: =U25/Q25 -> 0.72727273 | W25: =(Q25*4-S25*4+U25*10)/$B25 -> 30 | X25: =sumifs(EarthSpace!$F$1:$F1000,EarthSpace!$C$1:$C1000,$A25) -> 9 | Y25: =sumifs(EarthSpace!$G$1:$G1000,EarthSpace!$C$1:$C1000,$A25) -> 1 | Z25: =sumifs(EarthSpace!$H$1:$H1000,EarthSpace!$C$1:$C1000,$A25) -> 0 | AA25: =(4*X25-4*Z25)/$B25 -> 9 | AB25: =countifs(PrelimRaw!$D$1:$D1000,14,PrelimRaw!$G$1:$G1000,$A25,PrelimRaw!$K$1:$K1000,"E") -> 6 | AC25: =AB25/X25 -> 0.66666667 | AD25: =(X25*4-Z25*4+AB25*10)/$B25 -> 24 | AE25: =sumifs(Biology!$F$1:$F1000,Biology!$C$1:$C1000,$A25) -> 11 | AF25: =sumifs(Biology!$G$1:$G1000,Biology!$C$1:$C1000,$A25) -> 2 | AG25: =sumifs(Biology!$H$1:$H1000,Biology!$C$1:$C1000,$A25) -> 1 | AH25: =(4*AE25-4*AG25)/$B25 -> 10 | AI25: =countifs(PrelimRaw!$D$1:$D1000,14,PrelimRaw!$G$1:$G1000,$A25,PrelimRaw!$K$1:$K1000,"B") -> 7 | AJ25: =AI25/AE25 -> 0.63636364 | AK25: =(AE25*4-AG25*4+AI25*10)/$B25 -> 27.5 | AL25: =sumifs(Physics!$F$1:$F1000,Physics!$C$1:$C1000,$A25) -> 7 | AM25: =sumifs(Physics!$G$1:$G1000,Physics!$C$1:$C1000,$A25) -> 5 | AN25: =sumifs(Physics!$H$1:$H1000,Physics!$C$1:$C1000,$A25) -> 1 | AO25: =(4*AL25-4*AN25)/$B25 -> 6 | AP25: =countifs(PrelimRaw!$D$1:$D1000,14,PrelimRaw!$G$1:$G1000,$A25,PrelimRaw!$K$1:$K1000,"P") -> 4 | AQ25: =AP25/AL25 -> 0.57142857 | AR25: =(AL25*4-AN25*4+AP25*10)/$B25 -> 16
A26: Venice | B26: 4 | C26: =sumifs('X-Risk'!$F$1:$F1000,'X-Risk'!$C$1:$C1000,$A26) -> 5 | D26: =sumifs('X-Risk'!$G$1:$G1000,'X-Risk'!$C$1:$C1000,$A26) -> 1 | E26: =sumifs('X-Risk'!$H$1:$H1000,'X-Risk'!$C$1:$C1000,$A26) -> 4 | F26: =(4*C26-4*E26)/$B26 -> 1 | G26: =countifs(PrelimRaw!$D$1:$D1000,14,PrelimRaw!$G$1:$G1000,$A26,PrelimRaw!$K$1:$K1000,"X") -> 3 | H26: =G26/C26 -> 0.6 | I26: =(C26*4-E26*4+G26*10)/$B26 -> 8.5 | J26: =sumifs(Math!$F$1:$F1000,Math!$C$1:$C1000,$A26) -> 10 | K26: =sumifs(Math!$G$1:$G1000,Math!$C$1:$C1000,$A26) -> 1 | L26: =sumifs(Math!$H$1:$H1000,Math!$C$1:$C1000,$A26) -> 0 | M26: =(4*J26-4*L26)/$B26 -> 10 | N26: =countifs(PrelimRaw!$D$1:$D1000,14,PrelimRaw!$G$1:$G1000,$A26,PrelimRaw!$K$1:$K1000,"M") -> 4 | O26: =N26/J26 -> 0.4 | P26: =(J26*4-L26*4+N26*10)/$B26 -> 20 | Q26: =sumifs(Chemistry!$F$1:$F1000,Chemistry!$C$1:$C1000,$A26) -> 9 | R26: =sumifs(Chemistry!$G$1:$G1000,Chemistry!$C$1:$C1000,$A26) -> 3 | S26: =sumifs(Chemistry!$H$1:$H1000,Chemistry!$C$1:$C1000,$A26) -> 0 | T26: =(4*Q26-4*S26)/$B26 -> 9 | U26: =countifs(PrelimRaw!$D$1:$D1000,14,PrelimRaw!$G$1:$G1000,$A26,PrelimRaw!$K$1:$K1000,"C") -> 6 | V26: =U26/Q26 -> 0.66666667 | W26: =(Q26*4-S26*4+U26*10)/$B26 -> 24 | X26: =sumifs(EarthSpace!$F$1:$F1000,EarthSpace!$C$1:$C1000,$A26) -> 10 | Y26: =sumifs(EarthSpace!$G$1:$G1000,EarthSpace!$C$1:$C1000,$A26) -> 3 | Z26: =sumifs(EarthSpace!$H$1:$H1000,EarthSpace!$C$1:$C1000,$A26) -> 0 | AA26: =(4*X26-4*Z26)/$B26 -> 10 | AB26: =countifs(PrelimRaw!$D$1:$D1000,14,PrelimRaw!$G$1:$G1000,$A26,PrelimRaw!$K$1:$K1000,"E") -> 8 | AC26: =AB26/X26 -> 0.8 | AD26: =(X26*4-Z26*4+AB26*10)/$B26 -> 30 | AE26: =sumifs(Biology!$F$1:$F1000,Biology!$C$1:$C1000,$A26) -> 12 | AF26: =sumifs(Biology!$G$1:$G1000,Biology!$C$1:$C1000,$A26) -> 1 | AG26: =sumifs(Biology!$H$1:$H1000,Biology!$C$1:$C1000,$A26) -> 1 | AH26: =(4*AE26-4*AG26)/$B26 -> 11 | AI26: =countifs(PrelimRaw!$D$1:$D1000,14,PrelimRaw!$G$1:$G1000,$A26,PrelimRaw!$K$1:$K1000,"B") -> 10 | AJ26: =AI26/AE26 -> 0.83333333 | AK26: =(AE26*4-AG26*4+AI26*10)/$B26 -> 36 | AL26: =sumifs(Physics!$F$1:$F1000,Physics!$C$1:$C1000,$A26) -> 9 | AM26: =sumifs(Physics!$G$1:$G1000,Physics!$C$1:$C1000,$A26) -> 3 | AN26: =sumifs(Physics!$H$1:$H1000,Physics!$C$1:$C1000,$A26) -> 0 | AO26: =(4*AL26-4*AN26)/$B26 -> 9 | AP26: =countifs(PrelimRaw!$D$1:$D1000,14,PrelimRaw!$G$1:$G1000,$A26,PrelimRaw!$K$1:$K1000,"P") -> 7 | AQ26: =AP26/AL26 -> 0.77777778 | AR26: =(AL26*4-AN26*4+AP26*10)/$B26 -> 26.5
A27: Pullman A | B27: 4 | C27: =sumifs('X-Risk'!$F$1:$F1000,'X-Risk'!$C$1:$C1000,$A27) -> 11 | D27: =sumifs('X-Risk'!$G$1:$G1000,'X-Risk'!$C$1:$C1000,$A27) -> 2 | E27: =sumifs('X-Risk'!$H$1:$H1000,'X-Risk'!$C$1:$C1000,$A27) -> 1 | F27: =(4*C27-4*E27)/$B27 -> 10 | G27: =countifs(PrelimRaw!$D$1:$D1000,14,PrelimRaw!$G$1:$G1000,$A27,PrelimRaw!$K$1:$K1000,"X") -> 10 | H27: =G27/C27 -> 0.90909091 | I27: =(C27*4-E27*4+G27*10)/$B27 -> 35 | J27: =sumifs(Math!$F$1:$F1000,Math!$C$1:$C1000,$A27) -> 12 | K27: =sumifs(Math!$G$1:$G1000,Math!$C$1:$C1000,$A27) -> 2 | L27: =sumifs(Math!$H$1:$H1000,Math!$C$1:$C1000,$A27) -> 0 | M27: =(4*J27-4*L27)/$B27 -> 12 | N27: =countifs(PrelimRaw!$D$1:$D1000,14,PrelimRaw!$G$1:$G1000,$A27,PrelimRaw!$K$1:$K1000,"M") -> 10 | O27: =N27/J27 -> 0.83333333 | P27: =(J27*4-L27*4+N27*10)/$B27 -> 37 | Q27: =sumifs(Chemistry!$F$1:$F1000,Chemistry!$C$1:$C1000,$A27) -> 6 | R27: =sumifs(Chemistry!$G$1:$G1000,Chemistry!$C$1:$C1000,$A27) -> 4 | S27: =sumifs(Chemistry!$H$1:$H1000,Chemistry!$C$1:$C1000,$A27) -> 2 | T27: =(4*Q27-4*S27)/$B27 -> 4 | U27: =countifs(PrelimRaw!$D$1:$D1000,14,PrelimRaw!$G$1:$G1000,$A27,PrelimRaw!$K$1:$K1000,"C") -> 4 | V27: =U27/Q27 -> 0.66666667 | W27: =(Q27*4-S27*4+U27*10)/$B27 -> 14 | X27: =sumifs(EarthSpace!$F$1:$F1000,EarthSpace!$C$1:$C1000,$A27) -> 7 | Y27: =sumifs(EarthSpace!$G$1:$G1000,EarthSpace!$C$1:$C1000,$A27) -> 6 | Z27: =sumifs(EarthSpace!$H$1:$H1000,EarthSpace!$C$1:$C1000,$A27) -> 0 | AA27: =(4*X27-4*Z27)/$B27 -> 7 | AB27: =countifs(PrelimRaw!$D$1:$D1000,14,PrelimRaw!$G$1:$G1000,$A27,PrelimRaw!$K$1:$K1000,"E") -> 4 | AC27: =AB27/X27 -> 0.57142857 | AD27: =(X27*4-Z27*4+AB27*10)/$B27 -> 17 | AE27: =sumifs(Biology!$F$1:$F1000,Biology!$C$1:$C1000,$A27) -> 12 | AF27: =sumifs(Biology!$G$1:$G1000,Biology!$C$1:$C1000,$A27) -> 0 | AG27: =sumifs(Biology!$H$1:$H1000,Biology!$C$1:$C1000,$A27) -> 1 | AH27: =(4*AE27-4*AG27)/$B27 -> 11 | AI27: =countifs(PrelimRaw!$D$1:$D1000,14,PrelimRaw!$G$1:$G1000,$A27,PrelimRaw!$K$1:$K1000,"B") -> 6 | AJ27: =AI27/AE27 -> 0.5 | AK27: =(AE27*4-AG27*4+AI27*10)/$B27 -> 26 | AL27: =sumifs(Physics!$F$1:$F1000,Physics!$C$1:$C1000,$A27) -> 6 | AM27: =sumifs(Physics!$G$1:$G1000,Physics!$C$1:$C1000,$A27) -> 4 | AN27: =sumifs(Physics!$H$1:$H1000,Physics!$C$1:$C1000,$A27) -> 0 | AO27: =(4*AL27-4*AN27)/$B27 -> 6 | AP27: =countifs(PrelimRaw!$D$1:$D1000,14,PrelimRaw!$G$1:$G1000,$A27,PrelimRaw!$K$1:$K1000,"P") -> 3 | AQ27: =AP27/AL27 -> 0.5 | AR27: =(AL27*4-AN27*4+AP27*10)/$B27 -> 13.5
A28: RMHS A | B28: 4 | C28: =sumifs('X-Risk'!$F$1:$F1000,'X-Risk'!$C$1:$C1000,$A28) -> 8 | D28: =sumifs('X-Risk'!$G$1:$G1000,'X-Risk'!$C$1:$C1000,$A28) -> 5 | E28: =sumifs('X-Risk'!$H$1:$H1000,'X-Risk'!$C$1:$C1000,$A28) -> 1 | F28: =(4*C28-4*E28)/$B28 -> 7 | G28: =countifs(PrelimRaw!$D$1:$D1000,14,PrelimRaw!$G$1:$G1000,$A28,PrelimRaw!$K$1:$K1000,"X") -> 8 | H28: =G28/C28 -> 1 | I28: =(C28*4-E28*4+G28*10)/$B28 -> 27 | J28: =sumifs(Math!$F$1:$F1000,Math!$C$1:$C1000,$A28) -> 13 | K28: =sumifs(Math!$G$1:$G1000,Math!$C$1:$C1000,$A28) -> 2 | L28: =sumifs(Math!$H$1:$H1000,Math!$C$1:$C1000,$A28) -> 0 | M28: =(4*J28-4*L28)/$B28 -> 13 | N28: =countifs(PrelimRaw!$D$1:$D1000,14,PrelimRaw!$G$1:$G1000,$A28,PrelimRaw!$K$1:$K1000,"M") -> 8 | O28: =N28/J28 -> 0.61538462 | P28: =(J28*4-L28*4+N28*10)/$B28 -> 33 | Q28: =sumifs(Chemistry!$F$1:$F1000,Chemistry!$C$1:$C1000,$A28) -> 8 | R28: =sumifs(Chemistry!$G$1:$G1000,Chemistry!$C$1:$C1000,$A28) -> 3 | S28: =sumifs(Chemistry!$H$1:$H1000,Chemistry!$C$1:$C1000,$A28) -> 2 | T28: =(4*Q28-4*S28)/$B28 -> 6 | U28: =countifs(PrelimRaw!$D$1:$D1000,14,PrelimRaw!$G$1:$G1000,$A28,PrelimRaw!$K$1:$K1000,"C") -> 5 | V28: =U28/Q28 -> 0.625 | W28: =(Q28*4-S28*4+U28*10)/$B28 -> 18.5 | X28: =sumifs(EarthSpace!$F$1:$F1000,EarthSpace!$C$1:$C1000,$A28) -> 9 | Y28: =sumifs(EarthSpace!$G$1:$G1000,EarthSpace!$C$1:$C1000,$A28) -> 5 | Z28: =sumifs(EarthSpace!$H$1:$H1000,EarthSpace!$C$1:$C1000,$A28) -> 0 | AA28: =(4*X28-4*Z28)/$B28 -> 9 | AB28: =countifs(PrelimRaw!$D$1:$D1000,14,PrelimRaw!$G$1:$G1000,$A28,PrelimRaw!$K$1:$K1000,"E") -> 5 | AC28: =AB28/X28 -> 0.55555556 | AD28: =(X28*4-Z28*4+AB28*10)/$B28 -> 21.5 | AE28: =sumifs(Biology!$F$1:$F1000,Biology!$C$1:$C1000,$A28) -> 10 | AF28: =sumifs(Biology!$G$1:$G1000,Biology!$C$1:$C1000,$A28) -> 3 | AG28: =sumifs(Biology!$H$1:$H1000,Biology!$C$1:$C1000,$A28) -> 3 | AH28: =(4*AE28-4*AG28)/$B28 -> 7 | AI28: =countifs(PrelimRaw!$D$1:$D1000,14,PrelimRaw!$G$1:$G1000,$A28,PrelimRaw!$K$1:$K1000,"B") -> 8 | AJ28: =AI28/AE28 -> 0.8 | AK28: =(AE28*4-AG28*4+AI28*10)/$B28 -> 27 | AL28: =sumifs(Physics!$F$1:$F1000,Physics!$C$1:$C1000,$A28) -> 7 | AM28: =sumifs(Physics!$G$1:$G1000,Physics!$C$1:$C1000,$A28) -> 4 | AN28: =sumifs(Physics!$H$1:$H1000,Physics!$C$1:$C1000,$A28) -> 2 | AO28: =(4*AL28-4*AN28)/$B28 -> 5 | AP28: =countifs(PrelimRaw!$D$1:$D1000,14,PrelimRaw!$G$1:$G1000,$A28,PrelimRaw!$K$1:$K1000,"P") -> 3 | AQ28: =AP28/AL28 -> 0.42857143 | AR28: =(AL28*4-AN28*4+AP28*10)/$B28 -> 12.5
A29: PRISMS | B29: 4 | C29: =sumifs('X-Risk'!$F$1:$F1000,'X-Risk'!$C$1:$C1000,$A29) -> 4 | D29: =sumifs('X-Risk'!$G$1:$G1000,'X-Risk'!$C$1:$C1000,$A29) -> 5 | E29: =sumifs('X-Risk'!$H$1:$H1000,'X-Risk'!$C$1:$C1000,$A29) -> 1 | F29: =(4*C29-4*E29)/$B29 -> 3 | G29: =countifs(PrelimRaw!$D$1:$D1000,14,PrelimRaw!$G$1:$G1000,$A29,PrelimRaw!$K$1:$K1000,"X") -> 3 | H29: =G29/C29 -> 0.75 | I29: =(C29*4-E29*4+G29*10)/$B29 -> 10.5 | J29: =sumifs(Math!$F$1:$F1000,Math!$C$1:$C1000,$A29) -> 12 | K29: =sumifs(Math!$G$1:$G1000,Math!$C$1:$C1000,$A29) -> 0 | L29: =sumifs(Math!$H$1:$H1000,Math!$C$1:$C1000,$A29) -> 0 | M29: =(4*J29-4*L29)/$B29 -> 12 | N29: =countifs(PrelimRaw!$D$1:$D1000,14,PrelimRaw!$G$1:$G1000,$A29,PrelimRaw!$K$1:$K1000,"M") -> 10 | O29: =N29/J29 -> 0.83333333 | P29: =(J29*4-L29*4+N29*10)/$B29 -> 37 | Q29: =sumifs(Chemistry!$F$1:$F1000,Chemistry!$C$1:$C1000,$A29) -> 12 | R29: =sumifs(Chemistry!$G$1:$G1000,Chemistry!$C$1:$C1000,$A29) -> 2 | S29: =sumifs(Chemistry!$H$1:$H1000,Chemistry!$C$1:$C1000,$A29) -> 0 | T29: =(4*Q29-4*S29)/$B29 -> 12 | U29: =countifs(PrelimRaw!$D$1:$D1000,14,PrelimRaw!$G$1:$G1000,$A29,PrelimRaw!$K$1:$K1000,"C") -> 11 | V29: =U29/Q29 -> 0.91666667 | W29: =(Q29*4-S29*4+U29*10)/$B29 -> 39.5 | X29: =sumifs(EarthSpace!$F$1:$F1000,EarthSpace!$C$1:$C1000,$A29) -> 8 | Y29: =sumifs(EarthSpace!$G$1:$G1000,EarthSpace!$C$1:$C1000,$A29) -> 3 | Z29: =sumifs(EarthSpace!$H$1:$H1000,EarthSpace!$C$1:$C1000,$A29) -> 0 | AA29: =(4*X29-4*Z29)/$B29 -> 8 | AB29: =countifs(PrelimRaw!$D$1:$D1000,14,PrelimRaw!$G$1:$G1000,$A29,PrelimRaw!$K$1:$K1000,"E") -> 3 | AC29: =AB29/X29 -> 0.375 | AD29: =(X29*4-Z29*4+AB29*10)/$B29 -> 15.5 | AE29: =sumifs(Biology!$F$1:$F1000,Biology!$C$1:$C1000,$A29) -> 7 | AF29: =sumifs(Biology!$G$1:$G1000,Biology!$C$1:$C1000,$A29) -> 6 | AG29: =sumifs(Biology!$H$1:$H1000,Biology!$C$1:$C1000,$A29) -> 0 | AH29: =(4*AE29-4*AG29)/$B29 -> 7 | AI29: =countifs(PrelimRaw!$D$1:$D1000,14,PrelimRaw!$G$1:$G1000,$A29,PrelimRaw!$K$1:$K1000,"B") -> 5 | AJ29: =AI29/AE29 -> 0.71428571 | AK29: =(AE29*4-AG29*4+AI29*10)/$B29 -> 19.5 | AL29: =sumifs(Physics!$F$1:$F1000,Physics!$C$1:$C1000,$A29) -> 7 | AM29: =sumifs(Physics!$G$1:$G1000,Physics!$C$1:$C1000,$A29) -> 5 | AN29: =sumifs(Physics!$H$1:$H1000,Physics!$C$1:$C1000,$A29) -> 1 | AO29: =(4*AL29-4*AN29)/$B29 -> 6 | AP29: =countifs(PrelimRaw!$D$1:$D1000,14,PrelimRaw!$G$1:$G1000,$A29,PrelimRaw!$K$1:$K1000,"P") -> 3 | AQ29: =AP29/AL29 -> 0.42857143 | AR29: =(AL29*4-AN29*4+AP29*10)/$B29 -> 13.5
A30: AHS Broward A | B30: 4 | C30: =sumifs('X-Risk'!$F$1:$F1000,'X-Risk'!$C$1:$C1000,$A30) -> 9 | D30: =sumifs('X-Risk'!$G$1:$G1000,'X-Risk'!$C$1:$C1000,$A30) -> 1 | E30: =sumifs('X-Risk'!$H$1:$H1000,'X-Risk'!$C$1:$C1000,$A30) -> 0 | F30: =(4*C30-4*E30)/$B30 -> 9 | G30: =countifs(PrelimRaw!$D$1:$D1000,14,PrelimRaw!$G$1:$G1000,$A30,PrelimRaw!$K$1:$K1000,"X") -> 5 | H30: =G30/C30 -> 0.55555556 | I30: =(C30*4-E30*4+G30*10)/$B30 -> 21.5 | J30: =sumifs(Math!$F$1:$F1000,Math!$C$1:$C1000,$A30) -> 8 | K30: =sumifs(Math!$G$1:$G1000,Math!$C$1:$C1000,$A30) -> 4 | L30: =sumifs(Math!$H$1:$H1000,Math!$C$1:$C1000,$A30) -> 0 | M30: =(4*J30-4*L30)/$B30 -> 8 | N30: =countifs(PrelimRaw!$D$1:$D1000,14,PrelimRaw!$G$1:$G1000,$A30,PrelimRaw!$K$1:$K1000,"M") -> 4 | O30: =N30/J30 -> 0.5 | P30: =(J30*4-L30*4+N30*10)/$B30 -> 18 | Q30: =sumifs(Chemistry!$F$1:$F1000,Chemistry!$C$1:$C1000,$A30) -> 13 | R30: =sumifs(Chemistry!$G$1:$G1000,Chemistry!$C$1:$C1000,$A30) -> 1 | S30: =sumifs(Chemistry!$H$1:$H1000,Chemistry!$C$1:$C1000,$A30) -> 0 | T30: =(4*Q30-4*S30)/$B30 -> 13 | U30: =countifs(PrelimRaw!$D$1:$D1000,14,PrelimRaw!$G$1:$G1000,$A30,PrelimRaw!$K$1:$K1000,"C") -> 10 | V30: =U30/Q30 -> 0.76923077 | W30: =(Q30*4-S30*4+U30*10)/$B30 -> 38 | X30: =sumifs(EarthSpace!$F$1:$F1000,EarthSpace!$C$1:$C1000,$A30) -> 5 | Y30: =sumifs(EarthSpace!$G$1:$G1000,EarthSpace!$C$1:$C1000,$A30) -> 5 | Z30: =sumifs(EarthSpace!$H$1:$H1000,EarthSpace!$C$1:$C1000,$A30) -> 0 | AA30: =(4*X30-4*Z30)/$B30 -> 5 | AB30: =countifs(PrelimRaw!$D$1:$D1000,14,PrelimRaw!$G$1:$G1000,$A30,PrelimRaw!$K$1:$K1000,"E") -> 4 | AC30: =AB30/X30 -> 0.8 | AD30: =(X30*4-Z30*4+AB30*10)/$B30 -> 15 | AE30: =sumifs(Biology!$F$1:$F1000,Biology!$C$1:$C1000,$A30) -> 9 | AF30: =sumifs(Biology!$G$1:$G1000,Biology!$C$1:$C1000,$A30) -> 3 | AG30: =sumifs(Biology!$H$1:$H1000,Biology!$C$1:$C1000,$A30) -> 0 | AH30: =(4*AE30-4*AG30)/$B30 -> 9 | AI30: =countifs(PrelimRaw!$D$1:$D1000,14,PrelimRaw!$G$1:$G1000,$A30,PrelimRaw!$K$1:$K1000,"B") -> 5 | AJ30: =AI30/AE30 -> 0.55555556 | AK30: =(AE30*4-AG30*4+AI30*10)/$B30 -> 21.5 | AL30: =sumifs(Physics!$F$1:$F1000,Physics!$C$1:$C1000,$A30) -> 7 | AM30: =sumifs(Physics!$G$1:$G1000,Physics!$C$1:$C1000,$A30) -> 5 | AN30: =sumifs(Physics!$H$1:$H1000,Physics!$C$1:$C1000,$A30) -> 0 | AO30: =(4*AL30-4*AN30)/$B30 -> 7 | AP30: =countifs(PrelimRaw!$D$1:$D1000,14,PrelimRaw!$G$1:$G1000,$A30,PrelimRaw!$K$1:$K1000,"P") -> 5 | AQ30: =AP30/AL30 -> 0.71428571 | AR30: =(AL30*4-AN30*4+AP30*10)/$B30 -> 19.5
A31: duPont Manual | B31: 4 | C31: =sumifs('X-Risk'!$F$1:$F1000,'X-Risk'!$C$1:$C1000,$A31) -> 11 | D31: =sumifs('X-Risk'!$G$1:$G1000,'X-Risk'!$C$1:$C1000,$A31) -> 1 | E31: =sumifs('X-Risk'!$H$1:$H1000,'X-Risk'!$C$1:$C1000,$A31) -> 0 | F31: =(4*C31-4*E31)/$B31 -> 11 | G31: =countifs(PrelimRaw!$D$1:$D1000,14,PrelimRaw!$G$1:$G1000,$A31,PrelimRaw!$K$1:$K1000,"X") -> 9 | H31: =G31/C31 -> 0.81818182 | I31: =(C31*4-E31*4+G31*10)/$B31 -> 33.5 | J31: =sumifs(Math!$F$1:$F1000,Math!$C$1:$C1000,$A31) -> 9 | K31: =sumifs(Math!$G$1:$G1000,Math!$C$1:$C1000,$A31) -> 0 | L31: =sumifs(Math!$H$1:$H1000,Math!$C$1:$C1000,$A31) -> 3 | M31: =(4*J31-4*L31)/$B31 -> 6 | N31: =countifs(PrelimRaw!$D$1:$D1000,14,PrelimRaw!$G$1:$G1000,$A31,PrelimRaw!$K$1:$K1000,"M") -> 7 | O31: =N31/J31 -> 0.77777778 | P31: =(J31*4-L31*4+N31*10)/$B31 -> 23.5 | Q31: =sumifs(Chemistry!$F$1:$F1000,Chemistry!$C$1:$C1000,$A31) -> 10 | R31: =sumifs(Chemistry!$G$1:$G1000,Chemistry!$C$1:$C1000,$A31) -> 2 | S31: =sumifs(Chemistry!$H$1:$H1000,Chemistry!$C$1:$C1000,$A31) -> 0 | T31: =(4*Q31-4*S31)/$B31 -> 10 | U31: =countifs(PrelimRaw!$D$1:$D1000,14,PrelimRaw!$G$1:$G1000,$A31,PrelimRaw!$K$1:$K1000,"C") -> 5 | V31: =U31/Q31 -> 0.5 | W31: =(Q31*4-S31*4+U31*10)/$B31 -> 22.5 | X31: =sumifs(EarthSpace!$F$1:$F1000,EarthSpace!$C$1:$C1000,$A31) -> 5 | Y31: =sumifs(EarthSpace!$G$1:$G1000,EarthSpace!$C$1:$C1000,$A31) -> 7 | Z31: =sumifs(EarthSpace!$H$1:$H1000,EarthSpace!$C$1:$C1000,$A31) -> 0 | AA31: =(4*X31-4*Z31)/$B31 -> 5 | AB31: =countifs(PrelimRaw!$D$1:$D1000,14,PrelimRaw!$G$1:$G1000,$A31,PrelimRaw!$K$1:$K1000,"E") -> 1 | AC31: =AB31/X31 -> 0.2 | AD31: =(X31*4-Z31*4+AB31*10)/$B31 -> 7.5 | AE31: =sumifs(Biology!$F$1:$F1000,Biology!$C$1:$C1000,$A31) -> 13 | AF31: =sumifs(Biology!$G$1:$G1000,Biology!$C$1:$C1000,$A31) -> 1 | AG31: =sumifs(Biology!$H$1:$H1000,Biology!$C$1:$C1000,$A31) -> 1 | AH31: =(4*AE31-4*AG31)/$B31 -> 12 | AI31: =countifs(PrelimRaw!$D$1:$D1000,14,PrelimRaw!$G$1:$G1000,$A31,PrelimRaw!$K$1:$K1000,"B") -> 10 | AJ31: =AI31/AE31 -> 0.76923077 | AK31: =(AE31*4-AG31*4+AI31*10)/$B31 -> 37 | AL31: =sumifs(Physics!$F$1:$F1000,Physics!$C$1:$C1000,$A31) -> 4 | AM31: =sumifs(Physics!$G$1:$G1000,Physics!$C$1:$C1000,$A31) -> 2 | AN31: =sumifs(Physics!$H$1:$H1000,Physics!$C$1:$C1000,$A31) -> 3 | AO31: =(4*AL31-4*AN31)/$B31 -> 1 | AP31: =countifs(PrelimRaw!$D$1:$D1000,14,PrelimRaw!$G$1:$G1000,$A31,PrelimRaw!$K$1:$K1000,"P") -> 2 | AQ31: =AP31/AL31 -> 0.5 | AR31: =(AL31*4-AN31*4+AP31*10)/$B31 -> 6
A32: Iolani A | B32: 4 | C32: =sumifs('X-Risk'!$F$1:$F1000,'X-Risk'!$C$1:$C1000,$A32) -> 7 | D32: =sumifs('X-Risk'!$G$1:$G1000,'X-Risk'!$C$1:$C1000,$A32) -> 2 | E32: =sumifs('X-Risk'!$H$1:$H1000,'X-Risk'!$C$1:$C1000,$A32) -> 0 | F32: =(4*C32-4*E32)/$B32 -> 7 | G32: =countifs(PrelimRaw!$D$1:$D1000,14,PrelimRaw!$G$1:$G1000,$A32,PrelimRaw!$K$1:$K1000,"X") -> 3 | H32: =G32/C32 -> 0.42857143 | I32: =(C32*4-E32*4+G32*10)/$B32 -> 14.5 | J32: =sumifs(Math!$F$1:$F1000,Math!$C$1:$C1000,$A32) -> 13 | K32: =sumifs(Math!$G$1:$G1000,Math!$C$1:$C1000,$A32) -> 0 | L32: =sumifs(Math!$H$1:$H1000,Math!$C$1:$C1000,$A32) -> 1 | M32: =(4*J32-4*L32)/$B32 -> 12 | N32: =countifs(PrelimRaw!$D$1:$D1000,14,PrelimRaw!$G$1:$G1000,$A32,PrelimRaw!$K$1:$K1000,"M") -> 7 | O32: =N32/J32 -> 0.53846154 | P32: =(J32*4-L32*4+N32*10)/$B32 -> 29.5 | Q32: =sumifs(Chemistry!$F$1:$F1000,Chemistry!$C$1:$C1000,$A32) -> 8 | R32: =sumifs(Chemistry!$G$1:$G1000,Chemistry!$C$1:$C1000,$A32) -> 4 | S32: =sumifs(Chemistry!$H$1:$H1000,Chemistry!$C$1:$C1000,$A32) -> 0 | T32: =(4*Q32-4*S32)/$B32 -> 8 | U32: =countifs(PrelimRaw!$D$1:$D1000,14,PrelimRaw!$G$1:$G1000,$A32,PrelimRaw!$K$1:$K1000,"C") -> 4 | V32: =U32/Q32 -> 0.5 | W32: =(Q32*4-S32*4+U32*10)/$B32 -> 18 | X32: =sumifs(EarthSpace!$F$1:$F1000,EarthSpace!$C$1:$C1000,$A32) -> 12 | Y32: =sumifs(EarthSpace!$G$1:$G1000,EarthSpace!$C$1:$C1000,$A32) -> 2 | Z32: =sumifs(EarthSpace!$H$1:$H1000,EarthSpace!$C$1:$C1000,$A32) -> 0 | AA32: =(4*X32-4*Z32)/$B32 -> 12 | AB32: =countifs(PrelimRaw!$D$1:$D1000,14,PrelimRaw!$G$1:$G1000,$A32,PrelimRaw!$K$1:$K1000,"E") -> 9 | AC32: =AB32/X32 -> 0.75 | AD32: =(X32*4-Z32*4+AB32*10)/$B32 -> 34.5 | AE32: =sumifs(Biology!$F$1:$F1000,Biology!$C$1:$C1000,$A32) -> 5 | AF32: =sumifs(Biology!$G$1:$G1000,Biology!$C$1:$C1000,$A32) -> 2 | AG32: =sumifs(Biology!$H$1:$H1000,Biology!$C$1:$C1000,$A32) -> 0 | AH32: =(4*AE32-4*AG32)/$B32 -> 5 | AI32: =countifs(PrelimRaw!$D$1:$D1000,14,PrelimRaw!$G$1:$G1000,$A32,PrelimRaw!$K$1:$K1000,"B") -> 2 | AJ32: =AI32/AE32 -> 0.4 | AK32: =(AE32*4-AG32*4+AI32*10)/$B32 -> 10 | AL32: =sumifs(Physics!$F$1:$F1000,Physics!$C$1:$C1000,$A32) -> 7 | AM32: =sumifs(Physics!$G$1:$G1000,Physics!$C$1:$C1000,$A32) -> 4 | AN32: =sumifs(Physics!$H$1:$H1000,Physics!$C$1:$C1000,$A32) -> 0 | AO32: =(4*AL32-4*AN32)/$B32 -> 7 | AP32: =countifs(PrelimRaw!$D$1:$D1000,14,PrelimRaw!$G$1:$G1000,$A32,PrelimRaw!$K$1:$K1000,"P") -> 6 | AQ32: =AP32/AL32 -> 0.85714286 | AR32: =(AL32*4-AN32*4+AP32*10)/$B32 -> 22
A33: Buchholz B | B33: 4 | C33: =sumifs('X-Risk'!$F$1:$F1000,'X-Risk'!$C$1:$C1000,$A33) -> 9 | D33: =sumifs('X-Risk'!$G$1:$G1000,'X-Risk'!$C$1:$C1000,$A33) -> 3 | E33: =sumifs('X-Risk'!$H$1:$H1000,'X-Risk'!$C$1:$C1000,$A33) -> 3 | F33: =(4*C33-4*E33)/$B33 -> 6 | G33: =countifs(PrelimRaw!$D$1:$D1000,14,PrelimRaw!$G$1:$G1000,$A33,PrelimRaw!$K$1:$K1000,"X") -> 9 | H33: =G33/C33 -> 1 | I33: =(C33*4-E33*4+G33*10)/$B33 -> 28.5 | J33: =sumifs(Math!$F$1:$F1000,Math!$C$1:$C1000,$A33) -> 10 | K33: =sumifs(Math!$G$1:$G1000,Math!$C$1:$C1000,$A33) -> 1 | L33: =sumifs(Math!$H$1:$H1000,Math!$C$1:$C1000,$A33) -> 1 | M33: =(4*J33-4*L33)/$B33 -> 9 | N33: =countifs(PrelimRaw!$D$1:$D1000,14,PrelimRaw!$G$1:$G1000,$A33,PrelimRaw!$K$1:$K1000,"M") -> 7 | O33: =N33/J33 -> 0.7 | P33: =(J33*4-L33*4+N33*10)/$B33 -> 26.5 | Q33: =sumifs(Chemistry!$F$1:$F1000,Chemistry!$C$1:$C1000,$A33) -> 8 | R33: =sumifs(Chemistry!$G$1:$G1000,Chemistry!$C$1:$C1000,$A33) -> 5 | S33: =sumifs(Chemistry!$H$1:$H1000,Chemistry!$C$1:$C1000,$A33) -> 1 | T33: =(4*Q33-4*S33)/$B33 -> 7 | U33: =countifs(PrelimRaw!$D$1:$D1000,14,PrelimRaw!$G$1:$G1000,$A33,PrelimRaw!$K$1:$K1000,"C") -> 6 | V33: =U33/Q33 -> 0.75 | W33: =(Q33*4-S33*4+U33*10)/$B33 -> 22 | X33: =sumifs(EarthSpace!$F$1:$F1000,EarthSpace!$C$1:$C1000,$A33) -> 8 | Y33: =sumifs(EarthSpace!$G$1:$G1000,EarthSpace!$C$1:$C1000,$A33) -> 5 | Z33: =sumifs(EarthSpace!$H$1:$H1000,EarthSpace!$C$1:$C1000,$A33) -> 1 | AA33: =(4*X33-4*Z33)/$B33 -> 7 | AB33: =countifs(PrelimRaw!$D$1:$D1000,14,PrelimRaw!$G$1:$G1000,$A33,PrelimRaw!$K$1:$K1000,"E") -> 3 | AC33: =AB33/X33 -> 0.375 | AD33: =(X33*4-Z33*4+AB33*10)/$B33 -> 14.5 | AE33: =sumifs(Biology!$F$1:$F1000,Biology!$C$1:$C1000,$A33) -> 7 | AF33: =sumifs(Biology!$G$1:$G1000,Biology!$C$1:$C1000,$A33) -> 5 | AG33: =sumifs(Biology!$H$1:$H1000,Biology!$C$1:$C1000,$A33) -> 1 | AH33: =(4*AE33-4*AG33)/$B33 -> 6 | AI33: =countifs(PrelimRaw!$D$1:$D1000,14,PrelimRaw!$G$1:$G1000,$A33,PrelimRaw!$K$1:$K1000,"B") -> 5 | AJ33: =AI33/AE33 -> 0.71428571 | AK33: =(AE33*4-AG33*4+AI33*10)/$B33 -> 18.5 | AL33: =sumifs(Physics!$F$1:$F1000,Physics!$C$1:$C1000,$A33) -> 9 | AM33: =sumifs(Physics!$G$1:$G1000,Physics!$C$1:$C1000,$A33) -> 6 | AN33: =sumifs(Physics!$H$1:$H1000,Physics!$C$1:$C1000,$A33) -> 0 | AO33: =(4*AL33-4*AN33)/$B33 -> 9 | AP33: =countifs(PrelimRaw!$D$1:$D1000,14,PrelimRaw!$G$1:$G1000,$A33,PrelimRaw!$K$1:$K1000,"P") -> 3 | AQ33: =AP33/AL33 -> 0.33333333 | AR33: =(AL33*4-AN33*4+AP33*10)/$B33 -> 16.5
A34: Glastonbury A | B34: 4 | C34: =sumifs('X-Risk'!$F$1:$F1000,'X-Risk'!$C$1:$C1000,$A34) -> 7 | D34: =sumifs('X-Risk'!$G$1:$G1000,'X-Risk'!$C$1:$C1000,$A34) -> 5 | E34: =sumifs('X-Risk'!$H$1:$H1000,'X-Risk'!$C$1:$C1000,$A34) -> 1 | F34: =(4*C34-4*E34)/$B34 -> 6 | G34: =countifs(PrelimRaw!$D$1:$D1000,14,PrelimRaw!$G$1:$G1000,$A34,PrelimRaw!$K$1:$K1000,"X") -> 4 | H34: =G34/C34 -> 0.57142857 | I34: =(C34*4-E34*4+G34*10)/$B34 -> 16 | J34: =sumifs(Math!$F$1:$F1000,Math!$C$1:$C1000,$A34) -> 7 | K34: =sumifs(Math!$G$1:$G1000,Math!$C$1:$C1000,$A34) -> 3 | L34: =sumifs(Math!$H$1:$H1000,Math!$C$1:$C1000,$A34) -> 0 | M34: =(4*J34-4*L34)/$B34 -> 7 | N34: =countifs(PrelimRaw!$D$1:$D1000,14,PrelimRaw!$G$1:$G1000,$A34,PrelimRaw!$K$1:$K1000,"M") -> 4 | O34: =N34/J34 -> 0.57142857 | P34: =(J34*4-L34*4+N34*10)/$B34 -> 17 | Q34: =sumifs(Chemistry!$F$1:$F1000,Chemistry!$C$1:$C1000,$A34) -> 9 | R34: =sumifs(Chemistry!$G$1:$G1000,Chemistry!$C$1:$C1000,$A34) -> 4 | S34: =sumifs(Chemistry!$H$1:$H1000,Chemistry!$C$1:$C1000,$A34) -> 0 | T34: =(4*Q34-4*S34)/$B34 -> 9 | U34: =countifs(PrelimRaw!$D$1:$D1000,14,PrelimRaw!$G$1:$G1000,$A34,PrelimRaw!$K$1:$K1000,"C") -> 8 | V34: =U34/Q34 -> 0.88888889 | W34: =(Q34*4-S34*4+U34*10)/$B34 -> 29 | X34: =sumifs(EarthSpace!$F$1:$F1000,EarthSpace!$C$1:$C1000,$A34) -> 9 | Y34: =sumifs(EarthSpace!$G$1:$G1000,EarthSpace!$C$1:$C1000,$A34) -> 4 | Z34: =sumifs(EarthSpace!$H$1:$H1000,EarthSpace!$C$1:$C1000,$A34) -> 1 | AA34: =(4*X34-4*Z34)/$B34 -> 8 | AB34: =countifs(PrelimRaw!$D$1:$D1000,14,PrelimRaw!$G$1:$G1000,$A34,PrelimRaw!$K$1:$K1000,"E") -> 8 | AC34: =AB34/X34 -> 0.88888889 | AD34: =(X34*4-Z34*4+AB34*10)/$B34 -> 28 | AE34: =sumifs(Biology!$F$1:$F1000,Biology!$C$1:$C1000,$A34) -> 5 | AF34: =sumifs(Biology!$G$1:$G1000,Biology!$C$1:$C1000,$A34) -> 5 | AG34: =sumifs(Biology!$H$1:$H1000,Biology!$C$1:$C1000,$A34) -> 0 | AH34: =(4*AE34-4*AG34)/$B34 -> 5 | AI34: =countifs(PrelimRaw!$D$1:$D1000,14,PrelimRaw!$G$1:$G1000,$A34,PrelimRaw!$K$1:$K1000,"B") -> 4 | AJ34: =AI34/AE34 -> 0.8 | AK34: =(AE34*4-AG34*4+AI34*10)/$B34 -> 15 | AL34: =sumifs(Physics!$F$1:$F1000,Physics!$C$1:$C1000,$A34) -> 8 | AM34: =sumifs(Physics!$G$1:$G1000,Physics!$C$1:$C1000,$A34) -> 7 | AN34: =sumifs(Physics!$H$1:$H1000,Physics!$C$1:$C1000,$A34) -> 0 | AO34: =(4*AL34-4*AN34)/$B34 -> 8 | AP34: =countifs(PrelimRaw!$D$1:$D1000,14,PrelimRaw!$G$1:$G1000,$A34,PrelimRaw!$K$1:$K1000,"P") -> 4 | AQ34: =AP34/AL34 -> 0.5 | AR34: =(AL34*4-AN34*4+AP34*10)/$B34 -> 18
A35: MSJ B | B35: 4 | C35: =sumifs('X-Risk'!$F$1:$F1000,'X-Risk'!$C$1:$C1000,$A35) -> 7 | D35: =sumifs('X-Risk'!$G$1:$G1000,'X-Risk'!$C$1:$C1000,$A35) -> 3 | E35: =sumifs('X-Risk'!$H$1:$H1000,'X-Risk'!$C$1:$C1000,$A35) -> 1 | F35: =(4*C35-4*E35)/$B35 -> 6 | G35: =countifs(PrelimRaw!$D$1:$D1000,14,PrelimRaw!$G$1:$G1000,$A35,PrelimRaw!$K$1:$K1000,"X") -> 7 | H35: =G35/C35 -> 1 | I35: =(C35*4-E35*4+G35*10)/$B35 -> 23.5 | J35: =sumifs(Math!$F$1:$F1000,Math!$C$1:$C1000,$A35) -> 10 | K35: =sumifs(Math!$G$1:$G1000,Math!$C$1:$C1000,$A35) -> 2 | L35: =sumifs(Math!$H$1:$H1000,Math!$C$1:$C1000,$A35) -> 1 | M35: =(4*J35-4*L35)/$B35 -> 9 | N35: =countifs(PrelimRaw!$D$1:$D1000,14,PrelimRaw!$G$1:$G1000,$A35,PrelimRaw!$K$1:$K1000,"M") -> 5 | O35: =N35/J35 -> 0.5 | P35: =(J35*4-L35*4+N35*10)/$B35 -> 21.5 | Q35: =sumifs(Chemistry!$F$1:$F1000,Chemistry!$C$1:$C1000,$A35) -> 7 | R35: =sumifs(Chemistry!$G$1:$G1000,Chemistry!$C$1:$C1000,$A35) -> 4 | S35: =sumifs(Chemistry!$H$1:$H1000,Chemistry!$C$1:$C1000,$A35) -> 1 | T35: =(4*Q35-4*S35)/$B35 -> 6 | U35: =countifs(PrelimRaw!$D$1:$D1000,14,PrelimRaw!$G$1:$G1000,$A35,PrelimRaw!$K$1:$K1000,"C") -> 4 | V35: =U35/Q35 -> 0.57142857 | W35: =(Q35*4-S35*4+U35*10)/$B35 -> 16 | X35: =sumifs(EarthSpace!$F$1:$F1000,EarthSpace!$C$1:$C1000,$A35) -> 8 | Y35: =sumifs(EarthSpace!$G$1:$G1000,EarthSpace!$C$1:$C1000,$A35) -> 4 | Z35: =sumifs(EarthSpace!$H$1:$H1000,EarthSpace!$C$1:$C1000,$A35) -> 0 | AA35: =(4*X35-4*Z35)/$B35 -> 8 | AB35: =countifs(PrelimRaw!$D$1:$D1000,14,PrelimRaw!$G$1:$G1000,$A35,PrelimRaw!$K$1:$K1000,"E") -> 6 | AC35: =AB35/X35 -> 0.75 | AD35: =(X35*4-Z35*4+AB35*10)/$B35 -> 23 | AE35: =sumifs(Biology!$F$1:$F1000,Biology!$C$1:$C1000,$A35) -> 5 | AF35: =sumifs(Biology!$G$1:$G1000,Biology!$C$1:$C1000,$A35) -> 4 | AG35: =sumifs(Biology!$H$1:$H1000,Biology!$C$1:$C1000,$A35) -> 0 | AH35: =(4*AE35-4*AG35)/$B35 -> 5 | AI35: =countifs(PrelimRaw!$D$1:$D1000,14,PrelimRaw!$G$1:$G1000,$A35,PrelimRaw!$K$1:$K1000,"B") -> 2 | AJ35: =AI35/AE35 -> 0.4 | AK35: =(AE35*4-AG35*4+AI35*10)/$B35 -> 10 | AL35: =sumifs(Physics!$F$1:$F1000,Physics!$C$1:$C1000,$A35) -> 10 | AM35: =sumifs(Physics!$G$1:$G1000,Physics!$C$1:$C1000,$A35) -> 2 | AN35: =sumifs(Physics!$H$1:$H1000,Physics!$C$1:$C1000,$A35) -> 1 | AO35: =(4*AL35-4*AN35)/$B35 -> 9 | AP35: =countifs(PrelimRaw!$D$1:$D1000,14,PrelimRaw!$G$1:$G1000,$A35,PrelimRaw!$K$1:$K1000,"P") -> 7 | AQ35: =AP35/AL35 -> 0.7 | AR35: =(AL35*4-AN35*4+AP35*10)/$B35 -> 26.5
A36: NoHo B | B36: 4 | C36: =sumifs('X-Risk'!$F$1:$F1000,'X-Risk'!$C$1:$C1000,$A36) -> 6 | D36: =sumifs('X-Risk'!$G$1:$G1000,'X-Risk'!$C$1:$C1000,$A36) -> 0 | E36: =sumifs('X-Risk'!$H$1:$H1000,'X-Risk'!$C$1:$C1000,$A36) -> 3 | F36: =(4*C36-4*E36)/$B36 -> 3 | G36: =countifs(PrelimRaw!$D$1:$D1000,14,PrelimRaw!$G$1:$G1000,$A36,PrelimRaw!$K$1:$K1000,"X") -> 5 | H36: =G36/C36 -> 0.83333333 | I36: =(C36*4-E36*4+G36*10)/$B36 -> 15.5 | J36: =sumifs(Math!$F$1:$F1000,Math!$C$1:$C1000,$A36) -> 9 | K36: =sumifs(Math!$G$1:$G1000,Math!$C$1:$C1000,$A36) -> 2 | L36: =sumifs(Math!$H$1:$H1000,Math!$C$1:$C1000,$A36) -> 0 | M36: =(4*J36-4*L36)/$B36 -> 9 | N36: =countifs(PrelimRaw!$D$1:$D1000,14,PrelimRaw!$G$1:$G1000,$A36,PrelimRaw!$K$1:$K1000,"M") -> 7 | O36: =N36/J36 -> 0.77777778 | P36: =(J36*4-L36*4+N36*10)/$B36 -> 26.5 | Q36: =sumifs(Chemistry!$F$1:$F1000,Chemistry!$C$1:$C1000,$A36) -> 7 | R36: =sumifs(Chemistry!$G$1:$G1000,Chemistry!$C$1:$C1000,$A36) -> 4 | S36: =sumifs(Chemistry!$H$1:$H1000,Chemistry!$C$1:$C1000,$A36) -> 0 | T36: =(4*Q36-4*S36)/$B36 -> 7 | U36: =countifs(PrelimRaw!$D$1:$D1000,14,PrelimRaw!$G$1:$G1000,$A36,PrelimRaw!$K$1:$K1000,"C") -> 4 | V36: =U36/Q36 -> 0.57142857 | W36: =(Q36*4-S36*4+U36*10)/$B36 -> 17 | X36: =sumifs(EarthSpace!$F$1:$F1000,EarthSpace!$C$1:$C1000,$A36) -> 9 | Y36: =sumifs(EarthSpace!$G$1:$G1000,EarthSpace!$C$1:$C1000,$A36) -> 2 | Z36: =sumifs(EarthSpace!$H$1:$H1000,EarthSpace!$C$1:$C1000,$A36) -> 0 | AA36: =(4*X36-4*Z36)/$B36 -> 9 | AB36: =countifs(PrelimRaw!$D$1:$D1000,14,PrelimRaw!$G$1:$G1000,$A36,PrelimRaw!$K$1:$K1000,"E") -> 5 | AC36: =AB36/X36 -> 0.55555556 | AD36: =(X36*4-Z36*4+AB36*10)/$B36 -> 21.5 | AE36: =sumifs(Biology!$F$1:$F1000,Biology!$C$1:$C1000,$A36) -> 5 | AF36: =sumifs(Biology!$G$1:$G1000,Biology!$C$1:$C1000,$A36) -> 4 | AG36: =sumifs(Biology!$H$1:$H1000,Biology!$C$1:$C1000,$A36) -> 0 | AH36: =(4*AE36-4*AG36)/$B36 -> 5 | AI36: =countifs(PrelimRaw!$D$1:$D1000,14,PrelimRaw!$G$1:$G1000,$A36,PrelimRaw!$K$1:$K1000,"B") -> 2 | AJ36: =AI36/AE36 -> 0.4 | AK36: =(AE36*4-AG36*4+AI36*10)/$B36 -> 10 | AL36: =sumifs(Physics!$F$1:$F1000,Physics!$C$1:$C1000,$A36) -> 10 | AM36: =sumifs(Physics!$G$1:$G1000,Physics!$C$1:$C1000,$A36) -> 3 | AN36: =sumifs(Physics!$H$1:$H1000,Physics!$C$1:$C1000,$A36) -> 0 | AO36: =(4*AL36-4*AN36)/$B36 -> 10 | AP36: =countifs(PrelimRaw!$D$1:$D1000,14,PrelimRaw!$G$1:$G1000,$A36,PrelimRaw!$K$1:$K1000,"P") -> 8 | AQ36: =AP36/AL36 -> 0.8 | AR36: =(AL36*4-AN36*4+AP36*10)/$B36 -> 30
A37: Fossil Ridge | B37: 3 | C37: =sumifs('X-Risk'!$F$1:$F1000,'X-Risk'!$C$1:$C1000,$A37) -> 7 | D37: =sumifs('X-Risk'!$G$1:$G1000,'X-Risk'!$C$1:$C1000,$A37) -> 1 | E37: =sumifs('X-Risk'!$H$1:$H1000,'X-Risk'!$C$1:$C1000,$A37) -> 0 | F37: =(4*C37-4*E37)/$B37 -> 9.3333333 | G37: =countifs(PrelimRaw!$D$1:$D1000,14,PrelimRaw!$G$1:$G1000,$A37,PrelimRaw!$K$1:$K1000,"X") -> 4 | H37: =G37/C37 -> 0.57142857 | I37: =(C37*4-E37*4+G37*10)/$B37 -> 22.666667 | J37: =sumifs(Math!$F$1:$F1000,Math!$C$1:$C1000,$A37) -> 8 | K37: =sumifs(Math!$G$1:$G1000,Math!$C$1:$C1000,$A37) -> 1 | L37: =sumifs(Math!$H$1:$H1000,Math!$C$1:$C1000,$A37) -> 0 | M37: =(4*J37-4*L37)/$B37 -> 10.666667 | N37: =countifs(PrelimRaw!$D$1:$D1000,14,PrelimRaw!$G$1:$G1000,$A37,PrelimRaw!$K$1:$K1000,"M") -> 6 | O37: =N37/J37 -> 0.75 | P37: =(J37*4-L37*4+N37*10)/$B37 -> 30.666667 | Q37: =sumifs(Chemistry!$F$1:$F1000,Chemistry!$C$1:$C1000,$A37) -> 5 | R37: =sumifs(Chemistry!$G$1:$G1000,Chemistry!$C$1:$C1000,$A37) -> 3 | S37: =sumifs(Chemistry!$H$1:$H1000,Chemistry!$C$1:$C1000,$A37) -> 1 | T37: =(4*Q37-4*S37)/$B37 -> 5.3333333 | U37: =countifs(PrelimRaw!$D$1:$D1000,14,PrelimRaw!$G$1:$G1000,$A37,PrelimRaw!$K$1:$K1000,"C") -> 3 | V37: =U37/Q37 -> 0.6 | W37: =(Q37*4-S37*4+U37*10)/$B37 -> 15.333333 | X37: =sumifs(EarthSpace!$F$1:$F1000,EarthSpace!$C$1:$C1000,$A37) -> 4 | Y37: =sumifs(EarthSpace!$G$1:$G1000,EarthSpace!$C$1:$C1000,$A37) -> 2 | Z37: =sumifs(EarthSpace!$H$1:$H1000,EarthSpace!$C$1:$C1000,$A37) -> 1 | AA37: =(4*X37-4*Z37)/$B37 -> 4 | AB37: =countifs(PrelimRaw!$D$1:$D1000,14,PrelimRaw!$G$1:$G1000,$A37,PrelimRaw!$K$1:$K1000,"E") -> 3 | AC37: =AB37/X37 -> 0.75 | AD37: =(X37*4-Z37*4+AB37*10)/$B37 -> 14 | AE37: =sumifs(Biology!$F$1:$F1000,Biology!$C$1:$C1000,$A37) -> 3 | AF37: =sumifs(Biology!$G$1:$G1000,Biology!$C$1:$C1000,$A37) -> 5 | AG37: =sumifs(Biology!$H$1:$H1000,Biology!$C$1:$C1000,$A37) -> 0 | AH37: =(4*AE37-4*AG37)/$B37 -> 4 | AI37: =countifs(PrelimRaw!$D$1:$D1000,14,PrelimRaw!$G$1:$G1000,$A37,PrelimRaw!$K$1:$K1000,"B") -> 1 | AJ37: =AI37/AE37 -> 0.33333333 | AK37: =(AE37*4-AG37*4+AI37*10)/$B37 -> 7.3333333 | AL37: =sumifs(Physics!$F$1:$F1000,Physics!$C$1:$C1000,$A37) -> 8 | AM37: =sumifs(Physics!$G$1:$G1000,Physics!$C$1:$C1000,$A37) -> 1 | AN37: =sumifs(Physics!$H$1:$H1000,Physics!$C$1:$C1000,$A37) -> 0 | AO37: =(4*AL37-4*AN37)/$B37 -> 10.666667 | AP37: =countifs(PrelimRaw!$D$1:$D1000,14,PrelimRaw!$G$1:$G1000,$A37,PrelimRaw!$K$1:$K1000,"P") -> 5 | AQ37: =AP37/AL37 -> 0.625 | AR37: =(AL37*4-AN37*4+AP37*10)/$B37 -> 27.333333
A38: MCA | B38: 5 | C38: =sumifs('X-Risk'!$F$1:$F1000,'X-Risk'!$C$1:$C1000,$A38) -> 12 | D38: =sumifs('X-Risk'!$G$1:$G1000,'X-Risk'!$C$1:$C1000,$A38) -> 3 | E38: =sumifs('X-Risk'!$H$1:$H1000,'X-Risk'!$C$1:$C1000,$A38) -> 0 | F38: =(4*C38-4*E38)/$B38 -> 9.6 | G38: =countifs(PrelimRaw!$D$1:$D1000,14,PrelimRaw!$G$1:$G1000,$A38,PrelimRaw!$K$1:$K1000,"X") -> 7 | H38: =G38/C38 -> 0.58333333 | I38: =(C38*4-E38*4+G38*10)/$B38 -> 23.6 | J38: =sumifs(Math!$F$1:$F1000,Math!$C$1:$C1000,$A38) -> 11 | K38: =sumifs(Math!$G$1:$G1000,Math!$C$1:$C1000,$A38) -> 2 | L38: =sumifs(Math!$H$1:$H1000,Math!$C$1:$C1000,$A38) -> 1 | M38: =(4*J38-4*L38)/$B38 -> 8 | N38: =countifs(PrelimRaw!$D$1:$D1000,14,PrelimRaw!$G$1:$G1000,$A38,PrelimRaw!$K$1:$K1000,"M") -> 5 | O38: =N38/J38 -> 0.45454545 | P38: =(J38*4-L38*4+N38*10)/$B38 -> 18 | Q38: =sumifs(Chemistry!$F$1:$F1000,Chemistry!$C$1:$C1000,$A38) -> 12 | R38: =sumifs(Chemistry!$G$1:$G1000,Chemistry!$C$1:$C1000,$A38) -> 3 | S38: =sumifs(Chemistry!$H$1:$H1000,Chemistry!$C$1:$C1000,$A38) -> 0 | T38: =(4*Q38-4*S38)/$B38 -> 9.6 | U38: =countifs(PrelimRaw!$D$1:$D1000,14,PrelimRaw!$G$1:$G1000,$A38,PrelimRaw!$K$1:$K1000,"C") -> 5 | V38: =U38/Q38 -> 0.41666667 | W38: =(Q38*4-S38*4+U38*10)/$B38 -> 19.6 | X38: =sumifs(EarthSpace!$F$1:$F1000,EarthSpace!$C$1:$C1000,$A38) -> 10 | Y38: =sumifs(EarthSpace!$G$1:$G1000,EarthSpace!$C$1:$C1000,$A38) -> 6 | Z38: =sumifs(EarthSpace!$H$1:$H1000,EarthSpace!$C$1:$C1000,$A38) -> 0 | AA38: =(4*X38-4*Z38)/$B38 -> 8 | AB38: =countifs(PrelimRaw!$D$1:$D1000,14,PrelimRaw!$G$1:$G1000,$A38,PrelimRaw!$K$1:$K1000,"E") -> 6 | AC38: =AB38/X38 -> 0.6 | AD38: =(X38*4-Z38*4+AB38*10)/$B38 -> 20 | AE38: =sumifs(Biology!$F$1:$F1000,Biology!$C$1:$C1000,$A38) -> 9 | AF38: =sumifs(Biology!$G$1:$G1000,Biology!$C$1:$C1000,$A38) -> 5 | AG38: =sumifs(Biology!$H$1:$H1000,Biology!$C$1:$C1000,$A38) -> 1 | AH38: =(4*AE38-4*AG38)/$B38 -> 6.4 | AI38: =countifs(PrelimRaw!$D$1:$D1000,14,PrelimRaw!$G$1:$G1000,$A38,PrelimRaw!$K$1:$K1000,"B") -> 6 | AJ38: =AI38/AE38 -> 0.66666667 | AK38: =(AE38*4-AG38*4+AI38*10)/$B38 -> 18.4 | AL38: =sumifs(Physics!$F$1:$F1000,Physics!$C$1:$C1000,$A38) -> 11 | AM38: =sumifs(Physics!$G$1:$G1000,Physics!$C$1:$C1000,$A38) -> 7 | AN38: =sumifs(Physics!$H$1:$H1000,Physics!$C$1:$C1000,$A38) -> 0 | AO38: =(4*AL38-4*AN38)/$B38 -> 8.8 | AP38: =countifs(PrelimRaw!$D$1:$D1000,14,PrelimRaw!$G$1:$G1000,$A38,PrelimRaw!$K$1:$K1000,"P") -> 4 | AQ38: =AP38/AL38 -> 0.36363636 | AR38: =(AL38*4-AN38*4+AP38*10)/$B38 -> 16.8
A39: Blair C | B39: 4 | C39: =sumifs('X-Risk'!$F$1:$F1000,'X-Risk'!$C$1:$C1000,$A39) -> 4 | D39: =sumifs('X-Risk'!$G$1:$G1000,'X-Risk'!$C$1:$C1000,$A39) -> 3 | E39: =sumifs('X-Risk'!$H$1:$H1000,'X-Risk'!$C$1:$C1000,$A39) -> 1 | F39: =(4*C39-4*E39)/$B39 -> 3 | G39: =countifs(PrelimRaw!$D$1:$D1000,14,PrelimRaw!$G$1:$G1000,$A39,PrelimRaw!$K$1:$K1000,"X") -> 3 | H39: =G39/C39 -> 0.75 | I39: =(C39*4-E39*4+G39*10)/$B39 -> 10.5 | J39: =sumifs(Math!$F$1:$F1000,Math!$C$1:$C1000,$A39) -> 11 | K39: =sumifs(Math!$G$1:$G1000,Math!$C$1:$C1000,$A39) -> 3 | L39: =sumifs(Math!$H$1:$H1000,Math!$C$1:$C1000,$A39) -> 0 | M39: =(4*J39-4*L39)/$B39 -> 11 | N39: =countifs(PrelimRaw!$D$1:$D1000,14,PrelimRaw!$G$1:$G1000,$A39,PrelimRaw!$K$1:$K1000,"M") -> 10 | O39: =N39/J39 -> 0.90909091 | P39: =(J39*4-L39*4+N39*10)/$B39 -> 36 | Q39: =sumifs(Chemistry!$F$1:$F1000,Chemistry!$C$1:$C1000,$A39) -> 10 | R39: =sumifs(Chemistry!$G$1:$G1000,Chemistry!$C$1:$C1000,$A39) -> 3 | S39: =sumifs(Chemistry!$H$1:$H1000,Chemistry!$C$1:$C1000,$A39) -> 0 | T39: =(4*Q39-4*S39)/$B39 -> 10 | U39: =countifs(PrelimRaw!$D$1:$D1000,14,PrelimRaw!$G$1:$G1000,$A39,PrelimRaw!$K$1:$K1000,"C") -> 7 | V39: =U39/Q39 -> 0.7 | W39: =(Q39*4-S39*4+U39*10)/$B39 -> 27.5 | X39: =sumifs(EarthSpace!$F$1:$F1000,EarthSpace!$C$1:$C1000,$A39) -> 6 | Y39: =sumifs(EarthSpace!$G$1:$G1000,EarthSpace!$C$1:$C1000,$A39) -> 6 | Z39: =sumifs(EarthSpace!$H$1:$H1000,EarthSpace!$C$1:$C1000,$A39) -> 1 | AA39: =(4*X39-4*Z39)/$B39 -> 5 | AB39: =countifs(PrelimRaw!$D$1:$D1000,14,PrelimRaw!$G$1:$G1000,$A39,PrelimRaw!$K$1:$K1000,"E") -> 3 | AC39: =AB39/X39 -> 0.5 | AD39: =(X39*4-Z39*4+AB39*10)/$B39 -> 12.5 | AE39: =sumifs(Biology!$F$1:$F1000,Biology!$C$1:$C1000,$A39) -> 4 | AF39: =sumifs(Biology!$G$1:$G1000,Biology!$C$1:$C1000,$A39) -> 5 | AG39: =sumifs(Biology!$H$1:$H1000,Biology!$C$1:$C1000,$A39) -> 1 | AH39: =(4*AE39-4*AG39)/$B39 -> 3 | AI39: =countifs(PrelimRaw!$D$1:$D1000,14,PrelimRaw!$G$1:$G1000,$A39,PrelimRaw!$K$1:$K1000,"B") -> 2 | AJ39: =AI39/AE39 -> 0.5 | AK39: =(AE39*4-AG39*4+AI39*10)/$B39 -> 8 | AL39: =sumifs(Physics!$F$1:$F1000,Physics!$C$1:$C1000,$A39) -> 8 | AM39: =sumifs(Physics!$G$1:$G1000,Physics!$C$1:$C1000,$A39) -> 6 | AN39: =sumifs(Physics!$H$1:$H1000,Physics!$C$1:$C1000,$A39) -> 2 | AO39: =(4*AL39-4*AN39)/$B39 -> 6 | AP39: =countifs(PrelimRaw!$D$1:$D1000,14,PrelimRaw!$G$1:$G1000,$A39,PrelimRaw!$K$1:$K1000,"P") -> 6 | AQ39: =AP39/AL39 -> 0.75 | AR39: =(AL39*4-AN39*4+AP39*10)/$B39 -> 21
A40: Poolesville A | B40: 4 | C40: =sumifs('X-Risk'!$F$1:$F1000,'X-Risk'!$C$1:$C1000,$A40) -> 9 | D40: =sumifs('X-Risk'!$G$1:$G1000,'X-Risk'!$C$1:$C1000,$A40) -> 2 | E40: =sumifs('X-Risk'!$H$1:$H1000,'X-Risk'!$C$1:$C1000,$A40) -> 2 | F40: =(4*C40-4*E40)/$B40 -> 7 | G40: =countifs(PrelimRaw!$D$1:$D1000,14,PrelimRaw!$G$1:$G1000,$A40,PrelimRaw!$K$1:$K1000,"X") -> 7 | H40: =G40/C40 -> 0.77777778 | I40: =(C40*4-E40*4+G40*10)/$B40 -> 24.5 | J40: =sumifs(Math!$F$1:$F1000,Math!$C$1:$C1000,$A40) -> 7 | K40: =sumifs(Math!$G$1:$G1000,Math!$C$1:$C1000,$A40) -> 1 | L40: =sumifs(Math!$H$1:$H1000,Math!$C$1:$C1000,$A40) -> 3 | M40: =(4*J40-4*L40)/$B40 -> 4 | N40: =countifs(PrelimRaw!$D$1:$D1000,14,PrelimRaw!$G$1:$G1000,$A40,PrelimRaw!$K$1:$K1000,"M") -> 5 | O40: =N40/J40 -> 0.71428571 | P40: =(J40*4-L40*4+N40*10)/$B40 -> 16.5 | Q40: =sumifs(Chemistry!$F$1:$F1000,Chemistry!$C$1:$C1000,$A40) -> 8 | R40: =sumifs(Chemistry!$G$1:$G1000,Chemistry!$C$1:$C1000,$A40) -> 3 | S40: =sumifs(Chemistry!$H$1:$H1000,Chemistry!$C$1:$C1000,$A40) -> 0 | T40: =(4*Q40-4*S40)/$B40 -> 8 | U40: =countifs(PrelimRaw!$D$1:$D1000,14,PrelimRaw!$G$1:$G1000,$A40,PrelimRaw!$K$1:$K1000,"C") -> 6 | V40: =U40/Q40 -> 0.75 | W40: =(Q40*4-S40*4+U40*10)/$B40 -> 23 | X40: =sumifs(EarthSpace!$F$1:$F1000,EarthSpace!$C$1:$C1000,$A40) -> 8 | Y40: =sumifs(EarthSpace!$G$1:$G1000,EarthSpace!$C$1:$C1000,$A40) -> 1 | Z40: =sumifs(EarthSpace!$H$1:$H1000,EarthSpace!$C$1:$C1000,$A40) -> 1 | AA40: =(4*X40-4*Z40)/$B40 -> 7 | AB40: =countifs(PrelimRaw!$D$1:$D1000,14,PrelimRaw!$G$1:$G1000,$A40,PrelimRaw!$K$1:$K1000,"E") -> 4 | AC40: =AB40/X40 -> 0.5 | AD40: =(X40*4-Z40*4+AB40*10)/$B40 -> 17 | AE40: =sumifs(Biology!$F$1:$F1000,Biology!$C$1:$C1000,$A40) -> 4 | AF40: =sumifs(Biology!$G$1:$G1000,Biology!$C$1:$C1000,$A40) -> 4 | AG40: =sumifs(Biology!$H$1:$H1000,Biology!$C$1:$C1000,$A40) -> 1 | AH40: =(4*AE40-4*AG40)/$B40 -> 3 | AI40: =countifs(PrelimRaw!$D$1:$D1000,14,PrelimRaw!$G$1:$G1000,$A40,PrelimRaw!$K$1:$K1000,"B") -> 2 | AJ40: =AI40/AE40 -> 0.5 | AK40: =(AE40*4-AG40*4+AI40*10)/$B40 -> 8 | AL40: =sumifs(Physics!$F$1:$F1000,Physics!$C$1:$C1000,$A40) -> 9 | AM40: =sumifs(Physics!$G$1:$G1000,Physics!$C$1:$C1000,$A40) -> 2 | AN40: =sumifs(Physics!$H$1:$H1000,Physics!$C$1:$C1000,$A40) -> 2 | AO40: =(4*AL40-4*AN40)/$B40 -> 7 | AP40: =countifs(PrelimRaw!$D$1:$D1000,14,PrelimRaw!$G$1:$G1000,$A40,PrelimRaw!$K$1:$K1000,"P") -> 6 | AQ40: =AP40/AL40 -> 0.66666667 | AR40: =(AL40*4-AN40*4+AP40*10)/$B40 -> 22
A41: Bob Jones | B41: 4 | C41: =sumifs('X-Risk'!$F$1:$F1000,'X-Risk'!$C$1:$C1000,$A41) -> 7 | D41: =sumifs('X-Risk'!$G$1:$G1000,'X-Risk'!$C$1:$C1000,$A41) -> 2 | E41: =sumifs('X-Risk'!$H$1:$H1000,'X-Risk'!$C$1:$C1000,$A41) -> 0 | F41: =(4*C41-4*E41)/$B41 -> 7 | G41: =countifs(PrelimRaw!$D$1:$D1000,14,PrelimRaw!$G$1:$G1000,$A41,PrelimRaw!$K$1:$K1000,"X") -> 5 | H41: =G41/C41 -> 0.71428571 | I41: =(C41*4-E41*4+G41*10)/$B41 -> 19.5 | J41: =sumifs(Math!$F$1:$F1000,Math!$C$1:$C1000,$A41) -> 12 | K41: =sumifs(Math!$G$1:$G1000,Math!$C$1:$C1000,$A41) -> 2 | L41: =sumifs(Math!$H$1:$H1000,Math!$C$1:$C1000,$A41) -> 0 | M41: =(4*J41-4*L41)/$B41 -> 12 | N41: =countifs(PrelimRaw!$D$1:$D1000,14,PrelimRaw!$G$1:$G1000,$A41,PrelimRaw!$K$1:$K1000,"M") -> 10 | O41: =N41/J41 -> 0.83333333 | P41: =(J41*4-L41*4+N41*10)/$B41 -> 37 | Q41: =sumifs(Chemistry!$F$1:$F1000,Chemistry!$C$1:$C1000,$A41) -> 6 | R41: =sumifs(Chemistry!$G$1:$G1000,Chemistry!$C$1:$C1000,$A41) -> 3 | S41: =sumifs(Chemistry!$H$1:$H1000,Chemistry!$C$1:$C1000,$A41) -> 1 | T41: =(4*Q41-4*S41)/$B41 -> 5 | U41: =countifs(PrelimRaw!$D$1:$D1000,14,PrelimRaw!$G$1:$G1000,$A41,PrelimRaw!$K$1:$K1000,"C") -> 2 | V41: =U41/Q41 -> 0.33333333 | W41: =(Q41*4-S41*4+U41*10)/$B41 -> 10 | X41: =sumifs(EarthSpace!$F$1:$F1000,EarthSpace!$C$1:$C1000,$A41) -> 7 | Y41: =sumifs(EarthSpace!$G$1:$G1000,EarthSpace!$C$1:$C1000,$A41) -> 2 | Z41: =sumifs(EarthSpace!$H$1:$H1000,EarthSpace!$C$1:$C1000,$A41) -> 0 | AA41: =(4*X41-4*Z41)/$B41 -> 7 | AB41: =countifs(PrelimRaw!$D$1:$D1000,14,PrelimRaw!$G$1:$G1000,$A41,PrelimRaw!$K$1:$K1000,"E") -> 3 | AC41: =AB41/X41 -> 0.42857143 | AD41: =(X41*4-Z41*4+AB41*10)/$B41 -> 14.5 | AE41: =sumifs(Biology!$F$1:$F1000,Biology!$C$1:$C1000,$A41) -> 7 | AF41: =sumifs(Biology!$G$1:$G1000,Biology!$C$1:$C1000,$A41) -> 2 | AG41: =sumifs(Biology!$H$1:$H1000,Biology!$C$1:$C1000,$A41) -> 1 | AH41: =(4*AE41-4*AG41)/$B41 -> 6 | AI41: =countifs(PrelimRaw!$D$1:$D1000,14,PrelimRaw!$G$1:$G1000,$A41,PrelimRaw!$K$1:$K1000,"B") -> 5 | AJ41: =AI41/AE41 -> 0.71428571 | AK41: =(AE41*4-AG41*4+AI41*10)/$B41 -> 18.5 | AL41: =sumifs(Physics!$F$1:$F1000,Physics!$C$1:$C1000,$A41) -> 6 | AM41: =sumifs(Physics!$G$1:$G1000,Physics!$C$1:$C1000,$A41) -> 4 | AN41: =sumifs(Physics!$H$1:$H1000,Physics!$C$1:$C1000,$A41) -> 0 | AO41: =(4*AL41-4*AN41)/$B41 -> 6 | AP41: =countifs(PrelimRaw!$D$1:$D1000,14,PrelimRaw!$G$1:$G1000,$A41,PrelimRaw!$K$1:$K1000,"P") -> 2 | AQ41: =AP41/AL41 -> 0.33333333 | AR41: =(AL41*4-AN41*4+AP41*10)/$B41 -> 11
A42: Canyon Crest B | B42: 4 | C42: =sumifs('X-Risk'!$F$1:$F1000,'X-Risk'!$C$1:$C1000,$A42) -> 11 | D42: =sumifs('X-Risk'!$G$1:$G1000,'X-Risk'!$C$1:$C1000,$A42) -> 3 | E42: =sumifs('X-Risk'!$H$1:$H1000,'X-Risk'!$C$1:$C1000,$A42) -> 0 | F42: =(4*C42-4*E42)/$B42 -> 11 | G42: =countifs(PrelimRaw!$D$1:$D1000,14,PrelimRaw!$G$1:$G1000,$A42,PrelimRaw!$K$1:$K1000,"X") -> 3 | H42: =G42/C42 -> 0.27272727 | I42: =(C42*4-E42*4+G42*10)/$B42 -> 18.5 | J42: =sumifs(Math!$F$1:$F1000,Math!$C$1:$C1000,$A42) -> 10 | K42: =sumifs(Math!$G$1:$G1000,Math!$C$1:$C1000,$A42) -> 2 | L42: =sumifs(Math!$H$1:$H1000,Math!$C$1:$C1000,$A42) -> 0 | M42: =(4*J42-4*L42)/$B42 -> 10 | N42: =countifs(PrelimRaw!$D$1:$D1000,14,PrelimRaw!$G$1:$G1000,$A42,PrelimRaw!$K$1:$K1000,"M") -> 7 | O42: =N42/J42 -> 0.7 | P42: =(J42*4-L42*4+N42*10)/$B42 -> 27.5 | Q42: =sumifs(Chemistry!$F$1:$F1000,Chemistry!$C$1:$C1000,$A42) -> 6 | R42: =sumifs(Chemistry!$G$1:$G1000,Chemistry!$C$1:$C1000,$A42) -> 5 | S42: =sumifs(Chemistry!$H$1:$H1000,Chemistry!$C$1:$C1000,$A42) -> 0 | T42: =(4*Q42-4*S42)/$B42 -> 6 | U42: =countifs(PrelimRaw!$D$1:$D1000,14,PrelimRaw!$G$1:$G1000,$A42,PrelimRaw!$K$1:$K1000,"C") -> 3 | V42: =U42/Q42 -> 0.5 | W42: =(Q42*4-S42*4+U42*10)/$B42 -> 13.5 | X42: =sumifs(EarthSpace!$F$1:$F1000,EarthSpace!$C$1:$C1000,$A42) -> 8 | Y42: =sumifs(EarthSpace!$G$1:$G1000,EarthSpace!$C$1:$C1000,$A42) -> 3 | Z42: =sumifs(EarthSpace!$H$1:$H1000,EarthSpace!$C$1:$C1000,$A42) -> 0 | AA42: =(4*X42-4*Z42)/$B42 -> 8 | AB42: =countifs(PrelimRaw!$D$1:$D1000,14,PrelimRaw!$G$1:$G1000,$A42,PrelimRaw!$K$1:$K1000,"E") -> 7 | AC42: =AB42/X42 -> 0.875 | AD42: =(X42*4-Z42*4+AB42*10)/$B42 -> 25.5 | AE42: =sumifs(Biology!$F$1:$F1000,Biology!$C$1:$C1000,$A42) -> 3 | AF42: =sumifs(Biology!$G$1:$G1000,Biology!$C$1:$C1000,$A42) -> 6 | AG42: =sumifs(Biology!$H$1:$H1000,Biology!$C$1:$C1000,$A42) -> 0 | AH42: =(4*AE42-4*AG42)/$B42 -> 3 | AI42: =countifs(PrelimRaw!$D$1:$D1000,14,PrelimRaw!$G$1:$G1000,$A42,PrelimRaw!$K$1:$K1000,"B") -> 3 | AJ42: =AI42/AE42 -> 1 | AK42: =(AE42*4-AG42*4+AI42*10)/$B42 -> 10.5 | AL42: =sumifs(Physics!$F$1:$F1000,Physics!$C$1:$C1000,$A42) -> 6 | AM42: =sumifs(Physics!$G$1:$G1000,Physics!$C$1:$C1000,$A42) -> 6 | AN42: =sumifs(Physics!$H$1:$H1000,Physics!$C$1:$C1000,$A42) -> 0 | AO42: =(4*AL42-4*AN42)/$B42 -> 6 | AP42: =countifs(PrelimRaw!$D$1:$D1000,14,PrelimRaw!$G$1:$G1000,$A42,PrelimRaw!$K$1:$K1000,"P") -> 3 | AQ42: =AP42/AL42 -> 0.5 | AR42: =(AL42*4-AN42*4+AP42*10)/$B42 -> 13.5
A43: Collierville | B43: 4 | C43: =sumifs('X-Risk'!$F$1:$F1000,'X-Risk'!$C$1:$C1000,$A43) -> 7 | D43: =sumifs('X-Risk'!$G$1:$G1000,'X-Risk'!$C$1:$C1000,$A43) -> 5 | E43: =sumifs('X-Risk'!$H$1:$H1000,'X-Risk'!$C$1:$C1000,$A43) -> 0 | F43: =(4*C43-4*E43)/$B43 -> 7 | G43: =countifs(PrelimRaw!$D$1:$D1000,14,PrelimRaw!$G$1:$G1000,$A43,PrelimRaw!$K$1:$K1000,"X") -> 5 | H43: =G43/C43 -> 0.71428571 | I43: =(C43*4-E43*4+G43*10)/$B43 -> 19.5 | J43: =sumifs(Math!$F$1:$F1000,Math!$C$1:$C1000,$A43) -> 5 | K43: =sumifs(Math!$G$1:$G1000,Math!$C$1:$C1000,$A43) -> 3 | L43: =sumifs(Math!$H$1:$H1000,Math!$C$1:$C1000,$A43) -> 0 | M43: =(4*J43-4*L43)/$B43 -> 5 | N43: =countifs(PrelimRaw!$D$1:$D1000,14,PrelimRaw!$G$1:$G1000,$A43,PrelimRaw!$K$1:$K1000,"M") -> 1 | O43: =N43/J43 -> 0.2 | P43: =(J43*4-L43*4+N43*10)/$B43 -> 7.5 | Q43: =sumifs(Chemistry!$F$1:$F1000,Chemistry!$C$1:$C1000,$A43) -> 7 | R43: =sumifs(Chemistry!$G$1:$G1000,Chemistry!$C$1:$C1000,$A43) -> 3 | S43: =sumifs(Chemistry!$H$1:$H1000,Chemistry!$C$1:$C1000,$A43) -> 0 | T43: =(4*Q43-4*S43)/$B43 -> 7 | U43: =countifs(PrelimRaw!$D$1:$D1000,14,PrelimRaw!$G$1:$G1000,$A43,PrelimRaw!$K$1:$K1000,"C") -> 4 | V43: =U43/Q43 -> 0.57142857 | W43: =(Q43*4-S43*4+U43*10)/$B43 -> 17 | X43: =sumifs(EarthSpace!$F$1:$F1000,EarthSpace!$C$1:$C1000,$A43) -> 8 | Y43: =sumifs(EarthSpace!$G$1:$G1000,EarthSpace!$C$1:$C1000,$A43) -> 2 | Z43: =sumifs(EarthSpace!$H$1:$H1000,EarthSpace!$C$1:$C1000,$A43) -> 1 | AA43: =(4*X43-4*Z43)/$B43 -> 7 | AB43: =countifs(PrelimRaw!$D$1:$D1000,14,PrelimRaw!$G$1:$G1000,$A43,PrelimRaw!$K$1:$K1000,"E") -> 8 | AC43: =AB43/X43 -> 1 | AD43: =(X43*4-Z43*4+AB43*10)/$B43 -> 27 | AE43: =sumifs(Biology!$F$1:$F1000,Biology!$C$1:$C1000,$A43) -> 10 | AF43: =sumifs(Biology!$G$1:$G1000,Biology!$C$1:$C1000,$A43) -> 3 | AG43: =sumifs(Biology!$H$1:$H1000,Biology!$C$1:$C1000,$A43) -> 1 | AH43: =(4*AE43-4*AG43)/$B43 -> 9 | AI43: =countifs(PrelimRaw!$D$1:$D1000,14,PrelimRaw!$G$1:$G1000,$A43,PrelimRaw!$K$1:$K1000,"B") -> 7 | AJ43: =AI43/AE43 -> 0.7 | AK43: =(AE43*4-AG43*4+AI43*10)/$B43 -> 26.5 | AL43: =sumifs(Physics!$F$1:$F1000,Physics!$C$1:$C1000,$A43) -> 4 | AM43: =sumifs(Physics!$G$1:$G1000,Physics!$C$1:$C1000,$A43) -> 6 | AN43: =sumifs(Physics!$H$1:$H1000,Physics!$C$1:$C1000,$A43) -> 0 | AO43: =(4*AL43-4*AN43)/$B43 -> 4 | AP43: =countifs(PrelimRaw!$D$1:$D1000,14,PrelimRaw!$G$1:$G1000,$A43,PrelimRaw!$K$1:$K1000,"P") -> 1 | AQ43: =AP43/AL43 -> 0.25 | AR43: =(AL43*4-AN43*4+AP43*10)/$B43 -> 6.5
A44: Amador Valley A | B44: 4 | C44: =sumifs('X-Risk'!$F$1:$F1000,'X-Risk'!$C$1:$C1000,$A44) -> 6 | D44: =sumifs('X-Risk'!$G$1:$G1000,'X-Risk'!$C$1:$C1000,$A44) -> 3 | E44: =sumifs('X-Risk'!$H$1:$H1000,'X-Risk'!$C$1:$C1000,$A44) -> 3 | F44: =(4*C44-4*E44)/$B44 -> 3 | G44: =countifs(PrelimRaw!$D$1:$D1000,14,PrelimRaw!$G$1:$G1000,$A44,PrelimRaw!$K$1:$K1000,"X") -> 4 | H44: =G44/C44 -> 0.66666667 | I44: =(C44*4-E44*4+G44*10)/$B44 -> 13 | J44: =sumifs(Math!$F$1:$F1000,Math!$C$1:$C1000,$A44) -> 7 | K44: =sumifs(Math!$G$1:$G1000,Math!$C$1:$C1000,$A44) -> 4 | L44: =sumifs(Math!$H$1:$H1000,Math!$C$1:$C1000,$A44) -> 0 | M44: =(4*J44-4*L44)/$B44 -> 7 | N44: =countifs(PrelimRaw!$D$1:$D1000,14,PrelimRaw!$G$1:$G1000,$A44,PrelimRaw!$K$1:$K1000,"M") -> 5 | O44: =N44/J44 -> 0.71428571 | P44: =(J44*4-L44*4+N44*10)/$B44 -> 19.5 | Q44: =sumifs(Chemistry!$F$1:$F1000,Chemistry!$C$1:$C1000,$A44) -> 7 | R44: =sumifs(Chemistry!$G$1:$G1000,Chemistry!$C$1:$C1000,$A44) -> 3 | S44: =sumifs(Chemistry!$H$1:$H1000,Chemistry!$C$1:$C1000,$A44) -> 1 | T44: =(4*Q44-4*S44)/$B44 -> 6 | U44: =countifs(PrelimRaw!$D$1:$D1000,14,PrelimRaw!$G$1:$G1000,$A44,PrelimRaw!$K$1:$K1000,"C") -> 4 | V44: =U44/Q44 -> 0.57142857 | W44: =(Q44*4-S44*4+U44*10)/$B44 -> 16 | X44: =sumifs(EarthSpace!$F$1:$F1000,EarthSpace!$C$1:$C1000,$A44) -> 9 | Y44: =sumifs(EarthSpace!$G$1:$G1000,EarthSpace!$C$1:$C1000,$A44) -> 1 | Z44: =sumifs(EarthSpace!$H$1:$H1000,EarthSpace!$C$1:$C1000,$A44) -> 1 | AA44: =(4*X44-4*Z44)/$B44 -> 8 | AB44: =countifs(PrelimRaw!$D$1:$D1000,14,PrelimRaw!$G$1:$G1000,$A44,PrelimRaw!$K$1:$K1000,"E") -> 5 | AC44: =AB44/X44 -> 0.55555556 | AD44: =(X44*4-Z44*4+AB44*10)/$B44 -> 20.5 | AE44: =sumifs(Biology!$F$1:$F1000,Biology!$C$1:$C1000,$A44) -> 9 | AF44: =sumifs(Biology!$G$1:$G1000,Biology!$C$1:$C1000,$A44) -> 3 | AG44: =sumifs(Biology!$H$1:$H1000,Biology!$C$1:$C1000,$A44) -> 1 | AH44: =(4*AE44-4*AG44)/$B44 -> 8 | AI44: =countifs(PrelimRaw!$D$1:$D1000,14,PrelimRaw!$G$1:$G1000,$A44,PrelimRaw!$K$1:$K1000,"B") -> 7 | AJ44: =AI44/AE44 -> 0.77777778 | AK44: =(AE44*4-AG44*4+AI44*10)/$B44 -> 25.5 | AL44: =sumifs(Physics!$F$1:$F1000,Physics!$C$1:$C1000,$A44) -> 6 | AM44: =sumifs(Physics!$G$1:$G1000,Physics!$C$1:$C1000,$A44) -> 4 | AN44: =sumifs(Physics!$H$1:$H1000,Physics!$C$1:$C1000,$A44) -> 4 | AO44: =(4*AL44-4*AN44)/$B44 -> 2 | AP44: =countifs(PrelimRaw!$D$1:$D1000,14,PrelimRaw!$G$1:$G1000,$A44,PrelimRaw!$K$1:$K1000,"P") -> 1 | AQ44: =AP44/AL44 -> 0.16666667 | AR44: =(AL44*4-AN44*4+AP44*10)/$B44 -> 4.5
A45: Tupelo | B45: 4 | C45: =sumifs('X-Risk'!$F$1:$F1000,'X-Risk'!$C$1:$C1000,$A45) -> 8 | D45: =sumifs('X-Risk'!$G$1:$G1000,'X-Risk'!$C$1:$C1000,$A45) -> 4 | E45: =sumifs('X-Risk'!$H$1:$H1000,'X-Risk'!$C$1:$C1000,$A45) -> 0 | F45: =(4*C45-4*E45)/$B45 -> 8 | G45: =countifs(PrelimRaw!$D$1:$D1000,14,PrelimRaw!$G$1:$G1000,$A45,PrelimRaw!$K$1:$K1000,"X") -> 8 | H45: =G45/C45 -> 1 | I45: =(C45*4-E45*4+G45*10)/$B45 -> 28 | J45: =sumifs(Math!$F$1:$F1000,Math!$C$1:$C1000,$A45) -> 6 | K45: =sumifs(Math!$G$1:$G1000,Math!$C$1:$C1000,$A45) -> 5 | L45: =sumifs(Math!$H$1:$H1000,Math!$C$1:$C1000,$A45) -> 0 | M45: =(4*J45-4*L45)/$B45 -> 6 | N45: =countifs(PrelimRaw!$D$1:$D1000,14,PrelimRaw!$G$1:$G1000,$A45,PrelimRaw!$K$1:$K1000,"M") -> 2 | O45: =N45/J45 -> 0.33333333 | P45: =(J45*4-L45*4+N45*10)/$B45 -> 11 | Q45: =sumifs(Chemistry!$F$1:$F1000,Chemistry!$C$1:$C1000,$A45) -> 5 | R45: =sumifs(Chemistry!$G$1:$G1000,Chemistry!$C$1:$C1000,$A45) -> 7 | S45: =sumifs(Chemistry!$H$1:$H1000,Chemistry!$C$1:$C1000,$A45) -> 0 | T45: =(4*Q45-4*S45)/$B45 -> 5 | U45: =countifs(PrelimRaw!$D$1:$D1000,14,PrelimRaw!$G$1:$G1000,$A45,PrelimRaw!$K$1:$K1000,"C") -> 4 | V45: =U45/Q45 -> 0.8 | W45: =(Q45*4-S45*4+U45*10)/$B45 -> 15 | X45: =sumifs(EarthSpace!$F$1:$F1000,EarthSpace!$C$1:$C1000,$A45) -> 6 | Y45: =sumifs(EarthSpace!$G$1:$G1000,EarthSpace!$C$1:$C1000,$A45) -> 4 | Z45: =sumifs(EarthSpace!$H$1:$H1000,EarthSpace!$C$1:$C1000,$A45) -> 1 | AA45: =(4*X45-4*Z45)/$B45 -> 5 | AB45: =countifs(PrelimRaw!$D$1:$D1000,14,PrelimRaw!$G$1:$G1000,$A45,PrelimRaw!$K$1:$K1000,"E") -> 4 | AC45: =AB45/X45 -> 0.66666667 | AD45: =(X45*4-Z45*4+AB45*10)/$B45 -> 15 | AE45: =sumifs(Biology!$F$1:$F1000,Biology!$C$1:$C1000,$A45) -> 7 | AF45: =sumifs(Biology!$G$1:$G1000,Biology!$C$1:$C1000,$A45) -> 3 | AG45: =sumifs(Biology!$H$1:$H1000,Biology!$C$1:$C1000,$A45) -> 0 | AH45: =(4*AE45-4*AG45)/$B45 -> 7 | AI45: =countifs(PrelimRaw!$D$1:$D1000,14,PrelimRaw!$G$1:$G1000,$A45,PrelimRaw!$K$1:$K1000,"B") -> 2 | AJ45: =AI45/AE45 -> 0.28571429 | AK45: =(AE45*4-AG45*4+AI45*10)/$B45 -> 12 | AL45: =sumifs(Physics!$F$1:$F1000,Physics!$C$1:$C1000,$A45) -> 7 | AM45: =sumifs(Physics!$G$1:$G1000,Physics!$C$1:$C1000,$A45) -> 5 | AN45: =sumifs(Physics!$H$1:$H1000,Physics!$C$1:$C1000,$A45) -> 0 | AO45: =(4*AL45-4*AN45)/$B45 -> 7 | AP45: =countifs(PrelimRaw!$D$1:$D1000,14,PrelimRaw!$G$1:$G1000,$A45,PrelimRaw!$K$1:$K1000,"P") -> 3 | AQ45: =AP45/AL45 -> 0.42857143 | AR45: =(AL45*4-AN45*4+AP45*10)/$B45 -> 14.5
A46: AHS Broward B | B46: 4 | C46: =sumifs('X-Risk'!$F$1:$F1000,'X-Risk'!$C$1:$C1000,$A46) -> 6 | D46: =sumifs('X-Risk'!$G$1:$G1000,'X-Risk'!$C$1:$C1000,$A46) -> 1 | E46: =sumifs('X-Risk'!$H$1:$H1000,'X-Risk'!$C$1:$C1000,$A46) -> 1 | F46: =(4*C46-4*E46)/$B46 -> 5 | G46: =countifs(PrelimRaw!$D$1:$D1000,14,PrelimRaw!$G$1:$G1000,$A46,PrelimRaw!$K$1:$K1000,"X") -> 5 | H46: =G46/C46 -> 0.83333333 | I46: =(C46*4-E46*4+G46*10)/$B46 -> 17.5 | J46: =sumifs(Math!$F$1:$F1000,Math!$C$1:$C1000,$A46) -> 7 | K46: =sumifs(Math!$G$1:$G1000,Math!$C$1:$C1000,$A46) -> 4 | L46: =sumifs(Math!$H$1:$H1000,Math!$C$1:$C1000,$A46) -> 0 | M46: =(4*J46-4*L46)/$B46 -> 7 | N46: =countifs(PrelimRaw!$D$1:$D1000,14,PrelimRaw!$G$1:$G1000,$A46,PrelimRaw!$K$1:$K1000,"M") -> 5 | O46: =N46/J46 -> 0.71428571 | P46: =(J46*4-L46*4+N46*10)/$B46 -> 19.5 | Q46: =sumifs(Chemistry!$F$1:$F1000,Chemistry!$C$1:$C1000,$A46) -> 4 | R46: =sumifs(Chemistry!$G$1:$G1000,Chemistry!$C$1:$C1000,$A46) -> 6 | S46: =sumifs(Chemistry!$H$1:$H1000,Chemistry!$C$1:$C1000,$A46) -> 1 | T46: =(4*Q46-4*S46)/$B46 -> 3 | U46: =countifs(PrelimRaw!$D$1:$D1000,14,PrelimRaw!$G$1:$G1000,$A46,PrelimRaw!$K$1:$K1000,"C") -> 4 | V46: =U46/Q46 -> 1 | W46: =(Q46*4-S46*4+U46*10)/$B46 -> 13 | X46: =sumifs(EarthSpace!$F$1:$F1000,EarthSpace!$C$1:$C1000,$A46) -> 5 | Y46: =sumifs(EarthSpace!$G$1:$G1000,EarthSpace!$C$1:$C1000,$A46) -> 3 | Z46: =sumifs(EarthSpace!$H$1:$H1000,EarthSpace!$C$1:$C1000,$A46) -> 0 | AA46: =(4*X46-4*Z46)/$B46 -> 5 | AB46: =countifs(PrelimRaw!$D$1:$D1000,14,PrelimRaw!$G$1:$G1000,$A46,PrelimRaw!$K$1:$K1000,"E") -> 2 | AC46: =AB46/X46 -> 0.4 | AD46: =(X46*4-Z46*4+AB46*10)/$B46 -> 10 | AE46: =sumifs(Biology!$F$1:$F1000,Biology!$C$1:$C1000,$A46) -> 8 | AF46: =sumifs(Biology!$G$1:$G1000,Biology!$C$1:$C1000,$A46) -> 1 | AG46: =sumifs(Biology!$H$1:$H1000,Biology!$C$1:$C1000,$A46) -> 0 | AH46: =(4*AE46-4*AG46)/$B46 -> 8 | AI46: =countifs(PrelimRaw!$D$1:$D1000,14,PrelimRaw!$G$1:$G1000,$A46,PrelimRaw!$K$1:$K1000,"B") -> 5 | AJ46: =AI46/AE46 -> 0.625 | AK46: =(AE46*4-AG46*4+AI46*10)/$B46 -> 20.5 | AL46: =sumifs(Physics!$F$1:$F1000,Physics!$C$1:$C1000,$A46) -> 6 | AM46: =sumifs(Physics!$G$1:$G1000,Physics!$C$1:$C1000,$A46) -> 6 | AN46: =sumifs(Physics!$H$1:$H1000,Physics!$C$1:$C1000,$A46) -> 0 | AO46: =(4*AL46-4*AN46)/$B46 -> 6 | AP46: =countifs(PrelimRaw!$D$1:$D1000,14,PrelimRaw!$G$1:$G1000,$A46,PrelimRaw!$K$1:$K1000,"P") -> 3 | AQ46: =AP46/AL46 -> 0.5 | AR46: =(AL46*4-AN46*4+AP46*10)/$B46 -> 13.5
A47: Green Hope B | B47: 4 | C47: =sumifs('X-Risk'!$F$1:$F1000,'X-Risk'!$C$1:$C1000,$A47) -> 8 | D47: =sumifs('X-Risk'!$G$1:$G1000,'X-Risk'!$C$1:$C1000,$A47) -> 3 | E47: =sumifs('X-Risk'!$H$1:$H1000,'X-Risk'!$C$1:$C1000,$A47) -> 0 | F47: =(4*C47-4*E47)/$B47 -> 8 | G47: =countifs(PrelimRaw!$D$1:$D1000,14,PrelimRaw!$G$1:$G1000,$A47,PrelimRaw!$K$1:$K1000,"X") -> 7 | H47: =G47/C47 -> 0.875 | I47: =(C47*4-E47*4+G47*10)/$B47 -> 25.5 | J47: =sumifs(Math!$F$1:$F1000,Math!$C$1:$C1000,$A47) -> 6 | K47: =sumifs(Math!$G$1:$G1000,Math!$C$1:$C1000,$A47) -> 3 | L47: =sumifs(Math!$H$1:$H1000,Math!$C$1:$C1000,$A47) -> 2 | M47: =(4*J47-4*L47)/$B47 -> 4 | N47: =countifs(PrelimRaw!$D$1:$D1000,14,PrelimRaw!$G$1:$G1000,$A47,PrelimRaw!$K$1:$K1000,"M") -> 3 | O47: =N47/J47 -> 0.5 | P47: =(J47*4-L47*4+N47*10)/$B47 -> 11.5 | Q47: =sumifs(Chemistry!$F$1:$F1000,Chemistry!$C$1:$C1000,$A47) -> 6 | R47: =sumifs(Chemistry!$G$1:$G1000,Chemistry!$C$1:$C1000,$A47) -> 3 | S47: =sumifs(Chemistry!$H$1:$H1000,Chemistry!$C$1:$C1000,$A47) -> 1 | T47: =(4*Q47-4*S47)/$B47 -> 5 | U47: =countifs(PrelimRaw!$D$1:$D1000,14,PrelimRaw!$G$1:$G1000,$A47,PrelimRaw!$K$1:$K1000,"C") -> 3 | V47: =U47/Q47 -> 0.5 | W47: =(Q47*4-S47*4+U47*10)/$B47 -> 12.5 | X47: =sumifs(EarthSpace!$F$1:$F1000,EarthSpace!$C$1:$C1000,$A47) -> 10 | Y47: =sumifs(EarthSpace!$G$1:$G1000,EarthSpace!$C$1:$C1000,$A47) -> 2 | Z47: =sumifs(EarthSpace!$H$1:$H1000,EarthSpace!$C$1:$C1000,$A47) -> 0 | AA47: =(4*X47-4*Z47)/$B47 -> 10 | AB47: =countifs(PrelimRaw!$D$1:$D1000,14,PrelimRaw!$G$1:$G1000,$A47,PrelimRaw!$K$1:$K1000,"E") -> 6 | AC47: =AB47/X47 -> 0.6 | AD47: =(X47*4-Z47*4+AB47*10)/$B47 -> 25 | AE47: =sumifs(Biology!$F$1:$F1000,Biology!$C$1:$C1000,$A47) -> 3 | AF47: =sumifs(Biology!$G$1:$G1000,Biology!$C$1:$C1000,$A47) -> 7 | AG47: =sumifs(Biology!$H$1:$H1000,Biology!$C$1:$C1000,$A47) -> 0 | AH47: =(4*AE47-4*AG47)/$B47 -> 3 | AI47: =countifs(PrelimRaw!$D$1:$D1000,14,PrelimRaw!$G$1:$G1000,$A47,PrelimRaw!$K$1:$K1000,"B") -> 1 | AJ47: =AI47/AE47 -> 0.33333333 | AK47: =(AE47*4-AG47*4+AI47*10)/$B47 -> 5.5 | AL47: =sumifs(Physics!$F$1:$F1000,Physics!$C$1:$C1000,$A47) -> 6 | AM47: =sumifs(Physics!$G$1:$G1000,Physics!$C$1:$C1000,$A47) -> 4 | AN47: =sumifs(Physics!$H$1:$H1000,Physics!$C$1:$C1000,$A47) -> 1 | AO47: =(4*AL47-4*AN47)/$B47 -> 5 | AP47: =countifs(PrelimRaw!$D$1:$D1000,14,PrelimRaw!$G$1:$G1000,$A47,PrelimRaw!$K$1:$K1000,"P") -> 3 | AQ47: =AP47/AL47 -> 0.5 | AR47: =(AL47*4-AN47*4+AP47*10)/$B47 -> 12.5
A48: American A | B48: 4 | C48: =sumifs('X-Risk'!$F$1:$F1000,'X-Risk'!$C$1:$C1000,$A48) -> 5 | D48: =sumifs('X-Risk'!$G$1:$G1000,'X-Risk'!$C$1:$C1000,$A48) -> 4 | E48: =sumifs('X-Risk'!$H$1:$H1000,'X-Risk'!$C$1:$C1000,$A48) -> 2 | F48: =(4*C48-4*E48)/$B48 -> 3 | G48: =countifs(PrelimRaw!$D$1:$D1000,14,PrelimRaw!$G$1:$G1000,$A48,PrelimRaw!$K$1:$K1000,"X") -> 5 | H48: =G48/C48 -> 1 | I48: =(C48*4-E48*4+G48*10)/$B48 -> 15.5 | J48: =sumifs(Math!$F$1:$F1000,Math!$C$1:$C1000,$A48) -> 8 | K48: =sumifs(Math!$G$1:$G1000,Math!$C$1:$C1000,$A48) -> 1 | L48: =sumifs(Math!$H$1:$H1000,Math!$C$1:$C1000,$A48) -> 1 | M48: =(4*J48-4*L48)/$B48 -> 7 | N48: =countifs(PrelimRaw!$D$1:$D1000,14,PrelimRaw!$G$1:$G1000,$A48,PrelimRaw!$K$1:$K1000,"M") -> 5 | O48: =N48/J48 -> 0.625 | P48: =(J48*4-L48*4+N48*10)/$B48 -> 19.5 | Q48: =sumifs(Chemistry!$F$1:$F1000,Chemistry!$C$1:$C1000,$A48) -> 7 | R48: =sumifs(Chemistry!$G$1:$G1000,Chemistry!$C$1:$C1000,$A48) -> 2 | S48: =sumifs(Chemistry!$H$1:$H1000,Chemistry!$C$1:$C1000,$A48) -> 2 | T48: =(4*Q48-4*S48)/$B48 -> 5 | U48: =countifs(PrelimRaw!$D$1:$D1000,14,PrelimRaw!$G$1:$G1000,$A48,PrelimRaw!$K$1:$K1000,"C") -> 4 | V48: =U48/Q48 -> 0.57142857 | W48: =(Q48*4-S48*4+U48*10)/$B48 -> 15 | X48: =sumifs(EarthSpace!$F$1:$F1000,EarthSpace!$C$1:$C1000,$A48) -> 9 | Y48: =sumifs(EarthSpace!$G$1:$G1000,EarthSpace!$C$1:$C1000,$A48) -> 3 | Z48: =sumifs(EarthSpace!$H$1:$H1000,EarthSpace!$C$1:$C1000,$A48) -> 0 | AA48: =(4*X48-4*Z48)/$B48 -> 9 | AB48: =countifs(PrelimRaw!$D$1:$D1000,14,PrelimRaw!$G$1:$G1000,$A48,PrelimRaw!$K$1:$K1000,"E") -> 6 | AC48: =AB48/X48 -> 0.66666667 | AD48: =(X48*4-Z48*4+AB48*10)/$B48 -> 24 | AE48: =sumifs(Biology!$F$1:$F1000,Biology!$C$1:$C1000,$A48) -> 4 | AF48: =sumifs(Biology!$G$1:$G1000,Biology!$C$1:$C1000,$A48) -> 4 | AG48: =sumifs(Biology!$H$1:$H1000,Biology!$C$1:$C1000,$A48) -> 2 | AH48: =(4*AE48-4*AG48)/$B48 -> 2 | AI48: =countifs(PrelimRaw!$D$1:$D1000,14,PrelimRaw!$G$1:$G1000,$A48,PrelimRaw!$K$1:$K1000,"B") -> 2 | AJ48: =AI48/AE48 -> 0.5 | AK48: =(AE48*4-AG48*4+AI48*10)/$B48 -> 7 | AL48: =sumifs(Physics!$F$1:$F1000,Physics!$C$1:$C1000,$A48) -> 5 | AM48: =sumifs(Physics!$G$1:$G1000,Physics!$C$1:$C1000,$A48) -> 4 | AN48: =sumifs(Physics!$H$1:$H1000,Physics!$C$1:$C1000,$A48) -> 2 | AO48: =(4*AL48-4*AN48)/$B48 -> 3 | AP48: =countifs(PrelimRaw!$D$1:$D1000,14,PrelimRaw!$G$1:$G1000,$A48,PrelimRaw!$K$1:$K1000,"P") -> 3 | AQ48: =AP48/AL48 -> 0.6 | AR48: =(AL48*4-AN48*4+AP48*10)/$B48 -> 10.5
A49: ASFA A | B49: 4 | C49: =sumifs('X-Risk'!$F$1:$F1000,'X-Risk'!$C$1:$C1000,$A49) -> 7 | D49: =sumifs('X-Risk'!$G$1:$G1000,'X-Risk'!$C$1:$C1000,$A49) -> 2 | E49: =sumifs('X-Risk'!$H$1:$H1000,'X-Risk'!$C$1:$C1000,$A49) -> 2 | F49: =(4*C49-4*E49)/$B49 -> 5 | G49: =countifs(PrelimRaw!$D$1:$D1000,14,PrelimRaw!$G$1:$G1000,$A49,PrelimRaw!$K$1:$K1000,"X") -> 5 | H49: =G49/C49 -> 0.71428571 | I49: =(C49*4-E49*4+G49*10)/$B49 -> 17.5 | J49: =sumifs(Math!$F$1:$F1000,Math!$C$1:$C1000,$A49) -> 13 | K49: =sumifs(Math!$G$1:$G1000,Math!$C$1:$C1000,$A49) -> 1 | L49: =sumifs(Math!$H$1:$H1000,Math!$C$1:$C1000,$A49) -> 0 | M49: =(4*J49-4*L49)/$B49 -> 13 | N49: =countifs(PrelimRaw!$D$1:$D1000,14,PrelimRaw!$G$1:$G1000,$A49,PrelimRaw!$K$1:$K1000,"M") -> 9 | O49: =N49/J49 -> 0.69230769 | P49: =(J49*4-L49*4+N49*10)/$B49 -> 35.5 | Q49: =sumifs(Chemistry!$F$1:$F1000,Chemistry!$C$1:$C1000,$A49) -> 6 | R49: =sumifs(Chemistry!$G$1:$G1000,Chemistry!$C$1:$C1000,$A49) -> 4 | S49: =sumifs(Chemistry!$H$1:$H1000,Chemistry!$C$1:$C1000,$A49) -> 2 | T49: =(4*Q49-4*S49)/$B49 -> 4 | U49: =countifs(PrelimRaw!$D$1:$D1000,14,PrelimRaw!$G$1:$G1000,$A49,PrelimRaw!$K$1:$K1000,"C") -> 4 | V49: =U49/Q49 -> 0.66666667 | W49: =(Q49*4-S49*4+U49*10)/$B49 -> 14 | X49: =sumifs(EarthSpace!$F$1:$F1000,EarthSpace!$C$1:$C1000,$A49) -> 7 | Y49: =sumifs(EarthSpace!$G$1:$G1000,EarthSpace!$C$1:$C1000,$A49) -> 5 | Z49: =sumifs(EarthSpace!$H$1:$H1000,EarthSpace!$C$1:$C1000,$A49) -> 0 | AA49: =(4*X49-4*Z49)/$B49 -> 7 | AB49: =countifs(PrelimRaw!$D$1:$D1000,14,PrelimRaw!$G$1:$G1000,$A49,PrelimRaw!$K$1:$K1000,"E") -> 4 | AC49: =AB49/X49 -> 0.57142857 | AD49: =(X49*4-Z49*4+AB49*10)/$B49 -> 17 | AE49: =sumifs(Biology!$F$1:$F1000,Biology!$C$1:$C1000,$A49) -> 6 | AF49: =sumifs(Biology!$G$1:$G1000,Biology!$C$1:$C1000,$A49) -> 4 | AG49: =sumifs(Biology!$H$1:$H1000,Biology!$C$1:$C1000,$A49) -> 2 | AH49: =(4*AE49-4*AG49)/$B49 -> 4 | AI49: =countifs(PrelimRaw!$D$1:$D1000,14,PrelimRaw!$G$1:$G1000,$A49,PrelimRaw!$K$1:$K1000,"B") -> 1 | AJ49: =AI49/AE49 -> 0.16666667 | AK49: =(AE49*4-AG49*4+AI49*10)/$B49 -> 6.5 | AL49: =sumifs(Physics!$F$1:$F1000,Physics!$C$1:$C1000,$A49) -> 2 | AM49: =sumifs(Physics!$G$1:$G1000,Physics!$C$1:$C1000,$A49) -> 6 | AN49: =sumifs(Physics!$H$1:$H1000,Physics!$C$1:$C1000,$A49) -> 4 | AO49: =(4*AL49-4*AN49)/$B49 -> -2 | AP49: =countifs(PrelimRaw!$D$1:$D1000,14,PrelimRaw!$G$1:$G1000,$A49,PrelimRaw!$K$1:$K1000,"P") -> 1 | AQ49: =AP49/AL49 -> 0.5 | AR49: =(AL49*4-AN49*4+AP49*10)/$B49 -> 0.5
A50: Fayetteville | B50: 4 | C50: =sumifs('X-Risk'!$F$1:$F1000,'X-Risk'!$C$1:$C1000,$A50) -> 8 | D50: =sumifs('X-Risk'!$G$1:$G1000,'X-Risk'!$C$1:$C1000,$A50) -> 3 | E50: =sumifs('X-Risk'!$H$1:$H1000,'X-Risk'!$C$1:$C1000,$A50) -> 1 | F50: =(4*C50-4*E50)/$B50 -> 7 | G50: =countifs(PrelimRaw!$D$1:$D1000,14,PrelimRaw!$G$1:$G1000,$A50,PrelimRaw!$K$1:$K1000,"X") -> 6 | H50: =G50/C50 -> 0.75 | I50: =(C50*4-E50*4+G50*10)/$B50 -> 22 | J50: =sumifs(Math!$F$1:$F1000,Math!$C$1:$C1000,$A50) -> 6 | K50: =sumifs(Math!$G$1:$G1000,Math!$C$1:$C1000,$A50) -> 3 | L50: =sumifs(Math!$H$1:$H1000,Math!$C$1:$C1000,$A50) -> 1 | M50: =(4*J50-4*L50)/$B50 -> 5 | N50: =countifs(PrelimRaw!$D$1:$D1000,14,PrelimRaw!$G$1:$G1000,$A50,PrelimRaw!$K$1:$K1000,"M") -> 3 | O50: =N50/J50 -> 0.5 | P50: =(J50*4-L50*4+N50*10)/$B50 -> 12.5 | Q50: =sumifs(Chemistry!$F$1:$F1000,Chemistry!$C$1:$C1000,$A50) -> 5 | R50: =sumifs(Chemistry!$G$1:$G1000,Chemistry!$C$1:$C1000,$A50) -> 5 | S50: =sumifs(Chemistry!$H$1:$H1000,Chemistry!$C$1:$C1000,$A50) -> 0 | T50: =(4*Q50-4*S50)/$B50 -> 5 | U50: =countifs(PrelimRaw!$D$1:$D1000,14,PrelimRaw!$G$1:$G1000,$A50,PrelimRaw!$K$1:$K1000,"C") -> 3 | V50: =U50/Q50 -> 0.6 | W50: =(Q50*4-S50*4+U50*10)/$B50 -> 12.5 | X50: =sumifs(EarthSpace!$F$1:$F1000,EarthSpace!$C$1:$C1000,$A50) -> 4 | Y50: =sumifs(EarthSpace!$G$1:$G1000,EarthSpace!$C$1:$C1000,$A50) -> 7 | Z50: =sumifs(EarthSpace!$H$1:$H1000,EarthSpace!$C$1:$C1000,$A50) -> 0 | AA50: =(4*X50-4*Z50)/$B50 -> 4 | AB50: =countifs(PrelimRaw!$D$1:$D1000,14,PrelimRaw!$G$1:$G1000,$A50,PrelimRaw!$K$1:$K1000,"E") -> 2 | AC50: =AB50/X50 -> 0.5 | AD50: =(X50*4-Z50*4+AB50*10)/$B50 -> 9 | AE50: =sumifs(Biology!$F$1:$F1000,Biology!$C$1:$C1000,$A50) -> 4 | AF50: =sumifs(Biology!$G$1:$G1000,Biology!$C$1:$C1000,$A50) -> 6 | AG50: =sumifs(Biology!$H$1:$H1000,Biology!$C$1:$C1000,$A50) -> 0 | AH50: =(4*AE50-4*AG50)/$B50 -> 4 | AI50: =countifs(PrelimRaw!$D$1:$D1000,14,PrelimRaw!$G$1:$G1000,$A50,PrelimRaw!$K$1:$K1000,"B") -> 1 | AJ50: =AI50/AE50 -> 0.25 | AK50: =(AE50*4-AG50*4+AI50*10)/$B50 -> 6.5 | AL50: =sumifs(Physics!$F$1:$F1000,Physics!$C$1:$C1000,$A50) -> 10 | AM50: =sumifs(Physics!$G$1:$G1000,Physics!$C$1:$C1000,$A50) -> 2 | AN50: =sumifs(Physics!$H$1:$H1000,Physics!$C$1:$C1000,$A50) -> 0 | AO50: =(4*AL50-4*AN50)/$B50 -> 10 | AP50: =countifs(PrelimRaw!$D$1:$D1000,14,PrelimRaw!$G$1:$G1000,$A50,PrelimRaw!$K$1:$K1000,"P") -> 6 | AQ50: =AP50/AL50 -> 0.6 | AR50: =(AL50*4-AN50*4+AP50*10)/$B50 -> 25
A51: Maryville B | B51: 4 | C51: =sumifs('X-Risk'!$F$1:$F1000,'X-Risk'!$C$1:$C1000,$A51) -> 6 | D51: =sumifs('X-Risk'!$G$1:$G1000,'X-Risk'!$C$1:$C1000,$A51) -> 3 | E51: =sumifs('X-Risk'!$H$1:$H1000,'X-Risk'!$C$1:$C1000,$A51) -> 2 | F51: =(4*C51-4*E51)/$B51 -> 4 | G51: =countifs(PrelimRaw!$D$1:$D1000,14,PrelimRaw!$G$1:$G1000,$A51,PrelimRaw!$K$1:$K1000,"X") -> 4 | H51: =G51/C51 -> 0.66666667 | I51: =(C51*4-E51*4+G51*10)/$B51 -> 14 | J51: =sumifs(Math!$F$1:$F1000,Math!$C$1:$C1000,$A51) -> 5 | K51: =sumifs(Math!$G$1:$G1000,Math!$C$1:$C1000,$A51) -> 6 | L51: =sumifs(Math!$H$1:$H1000,Math!$C$1:$C1000,$A51) -> 0 | M51: =(4*J51-4*L51)/$B51 -> 5 | N51: =countifs(PrelimRaw!$D$1:$D1000,14,PrelimRaw!$G$1:$G1000,$A51,PrelimRaw!$K$1:$K1000,"M") -> 2 | O51: =N51/J51 -> 0.4 | P51: =(J51*4-L51*4+N51*10)/$B51 -> 10 | Q51: =sumifs(Chemistry!$F$1:$F1000,Chemistry!$C$1:$C1000,$A51) -> 5 | R51: =sumifs(Chemistry!$G$1:$G1000,Chemistry!$C$1:$C1000,$A51) -> 4 | S51: =sumifs(Chemistry!$H$1:$H1000,Chemistry!$C$1:$C1000,$A51) -> 3 | T51: =(4*Q51-4*S51)/$B51 -> 2 | U51: =countifs(PrelimRaw!$D$1:$D1000,14,PrelimRaw!$G$1:$G1000,$A51,PrelimRaw!$K$1:$K1000,"C") -> 5 | V51: =U51/Q51 -> 1 | W51: =(Q51*4-S51*4+U51*10)/$B51 -> 14.5 | X51: =sumifs(EarthSpace!$F$1:$F1000,EarthSpace!$C$1:$C1000,$A51) -> 7 | Y51: =sumifs(EarthSpace!$G$1:$G1000,EarthSpace!$C$1:$C1000,$A51) -> 2 | Z51: =sumifs(EarthSpace!$H$1:$H1000,EarthSpace!$C$1:$C1000,$A51) -> 0 | AA51: =(4*X51-4*Z51)/$B51 -> 7 | AB51: =countifs(PrelimRaw!$D$1:$D1000,14,PrelimRaw!$G$1:$G1000,$A51,PrelimRaw!$K$1:$K1000,"E") -> 3 | AC51: =AB51/X51 -> 0.42857143 | AD51: =(X51*4-Z51*4+AB51*10)/$B51 -> 14.5 | AE51: =sumifs(Biology!$F$1:$F1000,Biology!$C$1:$C1000,$A51) -> 11 | AF51: =sumifs(Biology!$G$1:$G1000,Biology!$C$1:$C1000,$A51) -> 4 | AG51: =sumifs(Biology!$H$1:$H1000,Biology!$C$1:$C1000,$A51) -> 1 | AH51: =(4*AE51-4*AG51)/$B51 -> 10 | AI51: =countifs(PrelimRaw!$D$1:$D1000,14,PrelimRaw!$G$1:$G1000,$A51,PrelimRaw!$K$1:$K1000,"B") -> 7 | AJ51: =AI51/AE51 -> 0.63636364 | AK51: =(AE51*4-AG51*4+AI51*10)/$B51 -> 27.5 | AL51: =sumifs(Physics!$F$1:$F1000,Physics!$C$1:$C1000,$A51) -> 5 | AM51: =sumifs(Physics!$G$1:$G1000,Physics!$C$1:$C1000,$A51) -> 5 | AN51: =sumifs(Physics!$H$1:$H1000,Physics!$C$1:$C1000,$A51) -> 1 | AO51: =(4*AL51-4*AN51)/$B51 -> 4 | AP51: =countifs(PrelimRaw!$D$1:$D1000,14,PrelimRaw!$G$1:$G1000,$A51,PrelimRaw!$K$1:$K1000,"P") -> 1 | AQ51: =AP51/AL51 -> 0.2 | AR51: =(AL51*4-AN51*4+AP51*10)/$B51 -> 6.5
A52: Lindbergh A | B52: 4 | C52: =sumifs('X-Risk'!$F$1:$F1000,'X-Risk'!$C$1:$C1000,$A52) -> 7 | D52: =sumifs('X-Risk'!$G$1:$G1000,'X-Risk'!$C$1:$C1000,$A52) -> 3 | E52: =sumifs('X-Risk'!$H$1:$H1000,'X-Risk'!$C$1:$C1000,$A52) -> 1 | F52: =(4*C52-4*E52)/$B52 -> 6 | G52: =countifs(PrelimRaw!$D$1:$D1000,14,PrelimRaw!$G$1:$G1000,$A52,PrelimRaw!$K$1:$K1000,"X") -> 5 | H52: =G52/C52 -> 0.71428571 | I52: =(C52*4-E52*4+G52*10)/$B52 -> 18.5 | J52: =sumifs(Math!$F$1:$F1000,Math!$C$1:$C1000,$A52) -> 10 | K52: =sumifs(Math!$G$1:$G1000,Math!$C$1:$C1000,$A52) -> 2 | L52: =sumifs(Math!$H$1:$H1000,Math!$C$1:$C1000,$A52) -> 0 | M52: =(4*J52-4*L52)/$B52 -> 10 | N52: =countifs(PrelimRaw!$D$1:$D1000,14,PrelimRaw!$G$1:$G1000,$A52,PrelimRaw!$K$1:$K1000,"M") -> 5 | O52: =N52/J52 -> 0.5 | P52: =(J52*4-L52*4+N52*10)/$B52 -> 22.5 | Q52: =sumifs(Chemistry!$F$1:$F1000,Chemistry!$C$1:$C1000,$A52) -> 7 | R52: =sumifs(Chemistry!$G$1:$G1000,Chemistry!$C$1:$C1000,$A52) -> 3 | S52: =sumifs(Chemistry!$H$1:$H1000,Chemistry!$C$1:$C1000,$A52) -> 0 | T52: =(4*Q52-4*S52)/$B52 -> 7 | U52: =countifs(PrelimRaw!$D$1:$D1000,14,PrelimRaw!$G$1:$G1000,$A52,PrelimRaw!$K$1:$K1000,"C") -> 4 | V52: =U52/Q52 -> 0.57142857 | W52: =(Q52*4-S52*4+U52*10)/$B52 -> 17 | X52: =sumifs(EarthSpace!$F$1:$F1000,EarthSpace!$C$1:$C1000,$A52) -> 6 | Y52: =sumifs(EarthSpace!$G$1:$G1000,EarthSpace!$C$1:$C1000,$A52) -> 5 | Z52: =sumifs(EarthSpace!$H$1:$H1000,EarthSpace!$C$1:$C1000,$A52) -> 0 | AA52: =(4*X52-4*Z52)/$B52 -> 6 | AB52: =countifs(PrelimRaw!$D$1:$D1000,14,PrelimRaw!$G$1:$G1000,$A52,PrelimRaw!$K$1:$K1000,"E") -> 1 | AC52: =AB52/X52 -> 0.16666667 | AD52: =(X52*4-Z52*4+AB52*10)/$B52 -> 8.5 | AE52: =sumifs(Biology!$F$1:$F1000,Biology!$C$1:$C1000,$A52) -> 4 | AF52: =sumifs(Biology!$G$1:$G1000,Biology!$C$1:$C1000,$A52) -> 7 | AG52: =sumifs(Biology!$H$1:$H1000,Biology!$C$1:$C1000,$A52) -> 0 | AH52: =(4*AE52-4*AG52)/$B52 -> 4 | AI52: =countifs(PrelimRaw!$D$1:$D1000,14,PrelimRaw!$G$1:$G1000,$A52,PrelimRaw!$K$1:$K1000,"B") -> 2 | AJ52: =AI52/AE52 -> 0.5 | AK52: =(AE52*4-AG52*4+AI52*10)/$B52 -> 9 | AL52: =sumifs(Physics!$F$1:$F1000,Physics!$C$1:$C1000,$A52) -> 4 | AM52: =sumifs(Physics!$G$1:$G1000,Physics!$C$1:$C1000,$A52) -> 8 | AN52: =sumifs(Physics!$H$1:$H1000,Physics!$C$1:$C1000,$A52) -> 1 | AO52: =(4*AL52-4*AN52)/$B52 -> 3 | AP52: =countifs(PrelimRaw!$D$1:$D1000,14,PrelimRaw!$G$1:$G1000,$A52,PrelimRaw!$K$1:$K1000,"P") -> 3 | AQ52: =AP52/AL52 -> 0.75 | AR52: =(AL52*4-AN52*4+AP52*10)/$B52 -> 10.5
A53: Edison B | B53: 4 | C53: =sumifs('X-Risk'!$F$1:$F1000,'X-Risk'!$C$1:$C1000,$A53) -> 8 | D53: =sumifs('X-Risk'!$G$1:$G1000,'X-Risk'!$C$1:$C1000,$A53) -> 5 | E53: =sumifs('X-Risk'!$H$1:$H1000,'X-Risk'!$C$1:$C1000,$A53) -> 0 | F53: =(4*C53-4*E53)/$B53 -> 8 | G53: =countifs(PrelimRaw!$D$1:$D1000,14,PrelimRaw!$G$1:$G1000,$A53,PrelimRaw!$K$1:$K1000,"X") -> 5 | H53: =G53/C53 -> 0.625 | I53: =(C53*4-E53*4+G53*10)/$B53 -> 20.5 | J53: =sumifs(Math!$F$1:$F1000,Math!$C$1:$C1000,$A53) -> 7 | K53: =sumifs(Math!$G$1:$G1000,Math!$C$1:$C1000,$A53) -> 4 | L53: =sumifs(Math!$H$1:$H1000,Math!$C$1:$C1000,$A53) -> 0 | M53: =(4*J53-4*L53)/$B53 -> 7 | N53: =countifs(PrelimRaw!$D$1:$D1000,14,PrelimRaw!$G$1:$G1000,$A53,PrelimRaw!$K$1:$K1000,"M") -> 4 | O53: =N53/J53 -> 0.57142857 | P53: =(J53*4-L53*4+N53*10)/$B53 -> 17 | Q53: =sumifs(Chemistry!$F$1:$F1000,Chemistry!$C$1:$C1000,$A53) -> 4 | R53: =sumifs(Chemistry!$G$1:$G1000,Chemistry!$C$1:$C1000,$A53) -> 4 | S53: =sumifs(Chemistry!$H$1:$H1000,Chemistry!$C$1:$C1000,$A53) -> 0 | T53: =(4*Q53-4*S53)/$B53 -> 4 | U53: =countifs(PrelimRaw!$D$1:$D1000,14,PrelimRaw!$G$1:$G1000,$A53,PrelimRaw!$K$1:$K1000,"C") -> 3 | V53: =U53/Q53 -> 0.75 | W53: =(Q53*4-S53*4+U53*10)/$B53 -> 11.5 | X53: =sumifs(EarthSpace!$F$1:$F1000,EarthSpace!$C$1:$C1000,$A53) -> 4 | Y53: =sumifs(EarthSpace!$G$1:$G1000,EarthSpace!$C$1:$C1000,$A53) -> 3 | Z53: =sumifs(EarthSpace!$H$1:$H1000,EarthSpace!$C$1:$C1000,$A53) -> 0 | AA53: =(4*X53-4*Z53)/$B53 -> 4 | AB53: =countifs(PrelimRaw!$D$1:$D1000,14,PrelimRaw!$G$1:$G1000,$A53,PrelimRaw!$K$1:$K1000,"E") -> 2 | AC53: =AB53/X53 -> 0.5 | AD53: =(X53*4-Z53*4+AB53*10)/$B53 -> 9 | AE53: =sumifs(Biology!$F$1:$F1000,Biology!$C$1:$C1000,$A53) -> 8 | AF53: =sumifs(Biology!$G$1:$G1000,Biology!$C$1:$C1000,$A53) -> 0 | AG53: =sumifs(Biology!$H$1:$H1000,Biology!$C$1:$C1000,$A53) -> 0 | AH53: =(4*AE53-4*AG53)/$B53 -> 8 | AI53: =countifs(PrelimRaw!$D$1:$D1000,14,PrelimRaw!$G$1:$G1000,$A53,PrelimRaw!$K$1:$K1000,"B") -> 4 | AJ53: =AI53/AE53 -> 0.5 | AK53: =(AE53*4-AG53*4+AI53*10)/$B53 -> 18 | AL53: =sumifs(Physics!$F$1:$F1000,Physics!$C$1:$C1000,$A53) -> 6 | AM53: =sumifs(Physics!$G$1:$G1000,Physics!$C$1:$C1000,$A53) -> 5 | AN53: =sumifs(Physics!$H$1:$H1000,Physics!$C$1:$C1000,$A53) -> 0 | AO53: =(4*AL53-4*AN53)/$B53 -> 6 | AP53: =countifs(PrelimRaw!$D$1:$D1000,14,PrelimRaw!$G$1:$G1000,$A53,PrelimRaw!$K$1:$K1000,"P") -> 1 | AQ53: =AP53/AL53 -> 0.16666667 | AR53: =(AL53*4-AN53*4+AP53*10)/$B53 -> 8.5
A54: SCDS | B54: 4 | C54: =sumifs('X-Risk'!$F$1:$F1000,'X-Risk'!$C$1:$C1000,$A54) -> 7 | D54: =sumifs('X-Risk'!$G$1:$G1000,'X-Risk'!$C$1:$C1000,$A54) -> 4 | E54: =sumifs('X-Risk'!$H$1:$H1000,'X-Risk'!$C$1:$C1000,$A54) -> 0 | F54: =(4*C54-4*E54)/$B54 -> 7 | G54: =countifs(PrelimRaw!$D$1:$D1000,14,PrelimRaw!$G$1:$G1000,$A54,PrelimRaw!$K$1:$K1000,"X") -> 6 | H54: =G54/C54 -> 0.85714286 | I54: =(C54*4-E54*4+G54*10)/$B54 -> 22 | J54: =sumifs(Math!$F$1:$F1000,Math!$C$1:$C1000,$A54) -> 6 | K54: =sumifs(Math!$G$1:$G1000,Math!$C$1:$C1000,$A54) -> 4 | L54: =sumifs(Math!$H$1:$H1000,Math!$C$1:$C1000,$A54) -> 0 | M54: =(4*J54-4*L54)/$B54 -> 6 | N54: =countifs(PrelimRaw!$D$1:$D1000,14,PrelimRaw!$G$1:$G1000,$A54,PrelimRaw!$K$1:$K1000,"M") -> 2 | O54: =N54/J54 -> 0.33333333 | P54: =(J54*4-L54*4+N54*10)/$B54 -> 11 | Q54: =sumifs(Chemistry!$F$1:$F1000,Chemistry!$C$1:$C1000,$A54) -> 5 | R54: =sumifs(Chemistry!$G$1:$G1000,Chemistry!$C$1:$C1000,$A54) -> 6 | S54: =sumifs(Chemistry!$H$1:$H1000,Chemistry!$C$1:$C1000,$A54) -> 0 | T54: =(4*Q54-4*S54)/$B54 -> 5 | U54: =countifs(PrelimRaw!$D$1:$D1000,14,PrelimRaw!$G$1:$G1000,$A54,PrelimRaw!$K$1:$K1000,"C") -> 3 | V54: =U54/Q54 -> 0.6 | W54: =(Q54*4-S54*4+U54*10)/$B54 -> 12.5 | X54: =sumifs(EarthSpace!$F$1:$F1000,EarthSpace!$C$1:$C1000,$A54) -> 11 | Y54: =sumifs(EarthSpace!$G$1:$G1000,EarthSpace!$C$1:$C1000,$A54) -> 2 | Z54: =sumifs(EarthSpace!$H$1:$H1000,EarthSpace!$C$1:$C1000,$A54) -> 0 | AA54: =(4*X54-4*Z54)/$B54 -> 11 | AB54: =countifs(PrelimRaw!$D$1:$D1000,14,PrelimRaw!$G$1:$G1000,$A54,PrelimRaw!$K$1:$K1000,"E") -> 9 | AC54: =AB54/X54 -> 0.81818182 | AD54: =(X54*4-Z54*4+AB54*10)/$B54 -> 33.5 | AE54: =sumifs(Biology!$F$1:$F1000,Biology!$C$1:$C1000,$A54) -> 3 | AF54: =sumifs(Biology!$G$1:$G1000,Biology!$C$1:$C1000,$A54) -> 6 | AG54: =sumifs(Biology!$H$1:$H1000,Biology!$C$1:$C1000,$A54) -> 2 | AH54: =(4*AE54-4*AG54)/$B54 -> 1 | AI54: =countifs(PrelimRaw!$D$1:$D1000,14,PrelimRaw!$G$1:$G1000,$A54,PrelimRaw!$K$1:$K1000,"B") -> 1 | AJ54: =AI54/AE54 -> 0.33333333 | AK54: =(AE54*4-AG54*4+AI54*10)/$B54 -> 3.5 | AL54: =sumifs(Physics!$F$1:$F1000,Physics!$C$1:$C1000,$A54) -> 1 | AM54: =sumifs(Physics!$G$1:$G1000,Physics!$C$1:$C1000,$A54) -> 5 | AN54: =sumifs(Physics!$H$1:$H1000,Physics!$C$1:$C1000,$A54) -> 1 | AO54: =(4*AL54-4*AN54)/$B54 -> 0 | AP54: =countifs(PrelimRaw!$D$1:$D1000,14,PrelimRaw!$G$1:$G1000,$A54,PrelimRaw!$K$1:$K1000,"P") -> 0 | AQ54: =AP54/AL54 -> 0 | AR54: =(AL54*4-AN54*4+AP54*10)/$B54 -> 0
A55: Interlake C | B55: 4 | C55: =sumifs('X-Risk'!$F$1:$F1000,'X-Risk'!$C$1:$C1000,$A55) -> 7 | D55: =sumifs('X-Risk'!$G$1:$G1000,'X-Risk'!$C$1:$C1000,$A55) -> 0 | E55: =sumifs('X-Risk'!$H$1:$H1000,'X-Risk'!$C$1:$C1000,$A55) -> 2 | F55: =(4*C55-4*E55)/$B55 -> 5 | G55: =countifs(PrelimRaw!$D$1:$D1000,14,PrelimRaw!$G$1:$G1000,$A55,PrelimRaw!$K$1:$K1000,"X") -> 6 | H55: =G55/C55 -> 0.85714286 | I55: =(C55*4-E55*4+G55*10)/$B55 -> 20 | J55: =sumifs(Math!$F$1:$F1000,Math!$C$1:$C1000,$A55) -> 6 | K55: =sumifs(Math!$G$1:$G1000,Math!$C$1:$C1000,$A55) -> 2 | L55: =sumifs(Math!$H$1:$H1000,Math!$C$1:$C1000,$A55) -> 3 | M55: =(4*J55-4*L55)/$B55 -> 3 | N55: =countifs(PrelimRaw!$D$1:$D1000,14,PrelimRaw!$G$1:$G1000,$A55,PrelimRaw!$K$1:$K1000,"M") -> 4 | O55: =N55/J55 -> 0.66666667 | P55: =(J55*4-L55*4+N55*10)/$B55 -> 13 | Q55: =sumifs(Chemistry!$F$1:$F1000,Chemistry!$C$1:$C1000,$A55) -> 4 | R55: =sumifs(Chemistry!$G$1:$G1000,Chemistry!$C$1:$C1000,$A55) -> 1 | S55: =sumifs(Chemistry!$H$1:$H1000,Chemistry!$C$1:$C1000,$A55) -> 0 | T55: =(4*Q55-4*S55)/$B55 -> 4 | U55: =countifs(PrelimRaw!$D$1:$D1000,14,PrelimRaw!$G$1:$G1000,$A55,PrelimRaw!$K$1:$K1000,"C") -> 2 | V55: =U55/Q55 -> 0.5 | W55: =(Q55*4-S55*4+U55*10)/$B55 -> 9 | X55: =sumifs(EarthSpace!$F$1:$F1000,EarthSpace!$C$1:$C1000,$A55) -> 3 | Y55: =sumifs(EarthSpace!$G$1:$G1000,EarthSpace!$C$1:$C1000,$A55) -> 2 | Z55: =sumifs(EarthSpace!$H$1:$H1000,EarthSpace!$C$1:$C1000,$A55) -> 0 | AA55: =(4*X55-4*Z55)/$B55 -> 3 | AB55: =countifs(PrelimRaw!$D$1:$D1000,14,PrelimRaw!$G$1:$G1000,$A55,PrelimRaw!$K$1:$K1000,"E") -> 1 | AC55: =AB55/X55 -> 0.33333333 | AD55: =(X55*4-Z55*4+AB55*10)/$B55 -> 5.5 | AE55: =sumifs(Biology!$F$1:$F1000,Biology!$C$1:$C1000,$A55) -> 9 | AF55: =sumifs(Biology!$G$1:$G1000,Biology!$C$1:$C1000,$A55) -> 1 | AG55: =sumifs(Biology!$H$1:$H1000,Biology!$C$1:$C1000,$A55) -> 2 | AH55: =(4*AE55-4*AG55)/$B55 -> 7 | AI55: =countifs(PrelimRaw!$D$1:$D1000,14,PrelimRaw!$G$1:$G1000,$A55,PrelimRaw!$K$1:$K1000,"B") -> 7 | AJ55: =AI55/AE55 -> 0.77777778 | AK55: =(AE55*4-AG55*4+AI55*10)/$B55 -> 24.5 | AL55: =sumifs(Physics!$F$1:$F1000,Physics!$C$1:$C1000,$A55) -> 3 | AM55: =sumifs(Physics!$G$1:$G1000,Physics!$C$1:$C1000,$A55) -> 5 | AN55: =sumifs(Physics!$H$1:$H1000,Physics!$C$1:$C1000,$A55) -> 1 | AO55: =(4*AL55-4*AN55)/$B55 -> 2 | AP55: =countifs(PrelimRaw!$D$1:$D1000,14,PrelimRaw!$G$1:$G1000,$A55,PrelimRaw!$K$1:$K1000,"P") -> 1 | AQ55: =AP55/AL55 -> 0.33333333 | AR55: =(AL55*4-AN55*4+AP55*10)/$B55 -> 4.5
A56: Rickards | B56: 4 | C56: =sumifs('X-Risk'!$F$1:$F1000,'X-Risk'!$C$1:$C1000,$A56) -> 6 | D56: =sumifs('X-Risk'!$G$1:$G1000,'X-Risk'!$C$1:$C1000,$A56) -> 3 | E56: =sumifs('X-Risk'!$H$1:$H1000,'X-Risk'!$C$1:$C1000,$A56) -> 1 | F56: =(4*C56-4*E56)/$B56 -> 5 | G56: =countifs(PrelimRaw!$D$1:$D1000,14,PrelimRaw!$G$1:$G1000,$A56,PrelimRaw!$K$1:$K1000,"X") -> 2 | H56: =G56/C56 -> 0.33333333 | I56: =(C56*4-E56*4+G56*10)/$B56 -> 10 | J56: =sumifs(Math!$F$1:$F1000,Math!$C$1:$C1000,$A56) -> 7 | K56: =sumifs(Math!$G$1:$G1000,Math!$C$1:$C1000,$A56) -> 3 | L56: =sumifs(Math!$H$1:$H1000,Math!$C$1:$C1000,$A56) -> 0 | M56: =(4*J56-4*L56)/$B56 -> 7 | N56: =countifs(PrelimRaw!$D$1:$D1000,14,PrelimRaw!$G$1:$G1000,$A56,PrelimRaw!$K$1:$K1000,"M") -> 2 | O56: =N56/J56 -> 0.28571429 | P56: =(J56*4-L56*4+N56*10)/$B56 -> 12 | Q56: =sumifs(Chemistry!$F$1:$F1000,Chemistry!$C$1:$C1000,$A56) -> 6 | R56: =sumifs(Chemistry!$G$1:$G1000,Chemistry!$C$1:$C1000,$A56) -> 6 | S56: =sumifs(Chemistry!$H$1:$H1000,Chemistry!$C$1:$C1000,$A56) -> 0 | T56: =(4*Q56-4*S56)/$B56 -> 6 | U56: =countifs(PrelimRaw!$D$1:$D1000,14,PrelimRaw!$G$1:$G1000,$A56,PrelimRaw!$K$1:$K1000,"C") -> 1 | V56: =U56/Q56 -> 0.16666667 | W56: =(Q56*4-S56*4+U56*10)/$B56 -> 8.5 | X56: =sumifs(EarthSpace!$F$1:$F1000,EarthSpace!$C$1:$C1000,$A56) -> 5 | Y56: =sumifs(EarthSpace!$G$1:$G1000,EarthSpace!$C$1:$C1000,$A56) -> 3 | Z56: =sumifs(EarthSpace!$H$1:$H1000,EarthSpace!$C$1:$C1000,$A56) -> 1 | AA56: =(4*X56-4*Z56)/$B56 -> 4 | AB56: =countifs(PrelimRaw!$D$1:$D1000,14,PrelimRaw!$G$1:$G1000,$A56,PrelimRaw!$K$1:$K1000,"E") -> 3 | AC56: =AB56/X56 -> 0.6 | AD56: =(X56*4-Z56*4+AB56*10)/$B56 -> 11.5 | AE56: =sumifs(Biology!$F$1:$F1000,Biology!$C$1:$C1000,$A56) -> 9 | AF56: =sumifs(Biology!$G$1:$G1000,Biology!$C$1:$C1000,$A56) -> 2 | AG56: =sumifs(Biology!$H$1:$H1000,Biology!$C$1:$C1000,$A56) -> 0 | AH56: =(4*AE56-4*AG56)/$B56 -> 9 | AI56: =countifs(PrelimRaw!$D$1:$D1000,14,PrelimRaw!$G$1:$G1000,$A56,PrelimRaw!$K$1:$K1000,"B") -> 7 | AJ56: =AI56/AE56 -> 0.77777778 | AK56: =(AE56*4-AG56*4+AI56*10)/$B56 -> 26.5 | AL56: =sumifs(Physics!$F$1:$F1000,Physics!$C$1:$C1000,$A56) -> 4 | AM56: =sumifs(Physics!$G$1:$G1000,Physics!$C$1:$C1000,$A56) -> 5 | AN56: =sumifs(Physics!$H$1:$H1000,Physics!$C$1:$C1000,$A56) -> 1 | AO56: =(4*AL56-4*AN56)/$B56 -> 3 | AP56: =countifs(PrelimRaw!$D$1:$D1000,14,PrelimRaw!$G$1:$G1000,$A56,PrelimRaw!$K$1:$K1000,"P") -> 2 | AQ56: =AP56/AL56 -> 0.5 | AR56: =(AL56*4-AN56*4+AP56*10)/$B56 -> 8
