Workbook

Sheet Round Robin Scores
A1: Antares | C1: =B2 -> Diamond Bar | E1: =B3 -> Troy | G1: =B4 -> South Pasadena | I1: =B5 -> OCSA | K1: =B6 -> Portola | M1: =B6 -> Portola | O1: Points
A2: A1 | B2: Diamond Bar | E2: 88 | F2: =if(E2>C3,"W",if(E2<C3,"L",if(isblank(E2),"","T"))) -> L | G2: 76 | H2: =if(G2>C4,"W",if(G2<C4,"L",if(isblank(G2),"","T"))) -> L | I2: 38 | J2: L | K2: 56 | L2: L | N2: =if(M2>C6,"W",if(M2<C6,"L",if(isblank(M2),"","T"))) -> L | O2: =(2*COUNTIF(C2:N2, "W"))+COUNTIF(C2:N2, "T") -> 0
A3: A2 | B3: Troy | C3: 134 | D3: =if(E2<C3,"W",if(E2>C3,"L",if(isblank(C3),"","T"))) -> W | G3: 214 | H3: =if(G3>E4,"W",if(G3<E4,"L",if(isblank(G3),"","T"))) -> W | I3: 202 | J3: W | K3: 152 | L3: =if(K3>E5,"W",if(K3<E5,"L",if(isblank(K3),"","T"))) -> W | N3: =if(M3>E6,"W",if(M3<E6,"L",if(isblank(M3),"","T"))) -> L | O3: =(2*COUNTIF(C3:N3, "W"))+COUNTIF(C3:N3, "T") -> 8
A4: A3 | B4: South Pasadena | C4: 100 | D4: =if(G2<C4,"W",if(G2>C4,"L",if(isblank(C4),"","T"))) -> W | E4: 32 | F4: =if(G3<E4,"W",if(G3>E4,"L",if(isblank(E4),"","T"))) -> L | I4: 16 | J4: L | K4: 88 | L4: L | N4: =if(M4>G6,"W",if(M4<G6,"L",if(isblank(M4),"","T"))) -> L | O4: =(2*COUNTIF(C4:N4, "W"))+COUNTIF(C4:N4, "T") -> 2
A5: A4 | B5: OCSA | C5: 100 | D5: W | E5: 18 | F5: L | G5: 184 | H5: =if(K4<G5,"W",if(K4>G5,"L",if(isblank(G5),"","T"))) -> W | K5: 82 | L5: L | N5: =if(M5>K6,"W",if(M5<K6,"L",if(isblank(M5),"","T"))) | O5: =(2*COUNTIF(C5:N5, "W"))+COUNTIF(C5:N5, "T") -> 4
A6: A5 | B6: Portola | C6: 72 | D6: =if(M2<C6,"W",if(M2>C6,"L",if(isblank(C6),"","T"))) -> W | E6: 82 | F6: L | G6: 114 | H6: =if(M4<G6,"W",if(M4>G6,"L",if(isblank(G6),"","T"))) -> W | I6: 94 | J6: W | L6: =if(M5<K6,"W",if(M5>K6,"L",if(isblank(K6),"","T"))) | O6: =(2*COUNTIF(C6:N6, "W"))+COUNTIF(C6:N6, "T") -> 6
A8: Bellatrix | C8: =B9 -> Palm Desert | E8: =B10 -> Santa Monica | G8: =B11 -> San Marino | I8: =B12 -> Palos Verdes | K8: =B13 -> Northwood | O8: Points
A9: B1 | B9: Palm Desert | E9: 30 | F9: =if(E9>C10,"W",if(E9<C10,"L",if(isblank(E9),"","T"))) -> L | G9: 46 | H9: =if(G9>C11,"W",if(G9<C11,"L",if(isblank(G9),"","T"))) -> L | I9: 48 | J9: L | K9: 44 | L9: L | N9: =if(M9>C13,"W",if(M9<C13,"L",if(isblank(M9),"","T"))) -> L | O9: =(2*COUNTIF(C9:N9, "W"))+COUNTIF(C9:N9, "T") -> 0
A10: B2 | B10: Santa Monica | C10: 164 | D10: =if(E9<C10,"W",if(E9>C10,"L",if(isblank(C10),"","T"))) -> W | G10: 156 | H10: =if(G10>E11,"W",if(G10<E11,"L",if(isblank(G10),"","T"))) -> W | I10: 102 | J10: W | K10: 146 | L10: =if(K10>E12,"W",if(K10<E12,"L",if(isblank(K10),"","T"))) -> W | N10: =if(M10>E13,"W",if(M10<E13,"L",if(isblank(M10),"","T"))) -> L | O10: =(2*COUNTIF(C10:N10, "W"))+COUNTIF(C10:N10, "T") -> 8
A11: B3 | B11: San Marino | C11: 182 | D11: =if(G9<C11,"W",if(G9>C11,"L",if(isblank(C11),"","T"))) -> W | E11: 114 | F11: =if(G10<E11,"W",if(G10>E11,"L",if(isblank(E11),"","T"))) -> L | I11: 106 | J11: W | K11: 152 | L11: W | N11: =if(M11>G13,"W",if(M11<G13,"L",if(isblank(M11),"","T"))) -> L | O11: =(2*COUNTIF(C11:N11, "W"))+COUNTIF(C11:N11, "T") -> 6
A12: B4 | B12: Palos Verdes | C12: 90 | D12: W | E12: 100 | F12: L | G12: 82 | H12: L | K12: 68 | L12: W | N12: =if(M12>K13,"W",if(M12<K13,"L",if(isblank(M12),"","T"))) | O12: =(2*COUNTIF(C12:N12, "W"))+COUNTIF(C12:N12, "T") -> 4
A13: B5 | B13: Northwood | C13: 122 | D13: =if(M9<C13,"W",if(M9>C13,"L",if(isblank(C13),"","T"))) -> W | E13: 46 | F13: L | G13: 42 | H13: L | I13: 64 | J13: L | L13: =if(M12<K13,"W",if(M12>K13,"L",if(isblank(K13),"","T"))) | O13: =(2*COUNTIF(C13:N13, "W"))+COUNTIF(C13:N13, "T") -> 2
A15: Copernicus | C15: =B16 -> La Canada | E15: =B17 -> Aquinas | G15: =B18 -> Arcadia 1 | I15: =B19 -> Walnut | K15: =B20 -> Beckman | M15: =B21 -> University | O15: Points
A16: C1 | B16: La Canada | E16: 62 | F16: =if(E16>C17,"W",if(E16<C17,"L",if(isblank(E16),"","T"))) -> L | G16: 80 | H16: =if(G16>C18,"W",if(G16<C18,"L",if(isblank(G16),"","T"))) -> L | I16: 64 | J16: L | K16: 60 | L16: L | M16: 34 | N16: =if(M16>C21,"W",if(M16<C21,"L",if(isblank(M16),"","T"))) -> L | O16: 0
A17: C2 | B17: Aquinas | C17: 68 | D17: =if(E16<C17,"W",if(E16>C17,"L",if(isblank(C17),"","T"))) -> W | G17: 28 | H17: =if(G17>E18,"W",if(G17<E18,"L",if(isblank(G17),"","T"))) -> L | I17: 44 | J17: L | K17: 36 | L17: L | M17: 24 | N17: =if(M17>E21,"W",if(M17<E21,"L",if(isblank(M17),"","T"))) -> L | O17: 2
A18: C3 | B18: Arcadia 1 | C18: 122 | D18: =if(G16<C18,"W",if(G16>C18,"L",if(isblank(C18),"","T"))) -> W | E18: 170 | F18: =if(G17<E18,"W",if(G17>E18,"L",if(isblank(E18),"","T"))) -> W | I18: 146 | J18: W | K18: 86 | L18: =if(K18>G20,"W",if(K18<G20,"L",if(isblank(K18),"","T"))) -> L | M18: 86 | N18: =if(M18>G21,"W",if(M18<G21,"L",if(isblank(M18),"","T"))) -> L | O18: 6
A19: C4 | B19: Walnut | C19: 76 | D19: W | E19: 142 | F19: W | G19: 76 | H19: L | K19: 60 | L19: L | M19: 66 | N19: L | O19: 4
A20: C5 | B20: Beckman | C20: 112 | D20: W | E20: 118 | F20: =if(K17<E20,"W",if(K17>E20,"L",if(isblank(E20),"","T"))) -> W | G20: 132 | H20: =if(K18<G20,"W",if(K18>G20,"L",if(isblank(G20),"","T"))) -> W | I20: 136 | J20: W | M20: 94 | N20: =if(M20>K21,"W",if(M20<K21,"L",if(isblank(M20),"","T"))) -> L | O20: 8
A21: C6 | B21: University | C21: 270 | D21: =if(M16<C21,"W",if(M16>C21,"L",if(isblank(C21),"","T"))) -> W | E21: 230 | F21: =if(M17<E21,"W",if(M17>E21,"L",if(isblank(E21),"","T"))) -> W | G21: 164 | H21: =if(M18<G21,"W",if(M18>G21,"L",if(isblank(G21),"","T"))) -> W | I21: 212 | J21: W | K21: 164 | L21: =if(M20<K21,"W",if(M20>K21,"L",if(isblank(K21),"","T"))) -> W | O21: 10
A23: Diadem | C23: =B24 -> Temple City | E23: =B25 -> Whitney | G23: =B26 -> Arcadia 2 | I23: =B27 -> Simi Valley | K23: =B28 -> Marshall | M23: =B29 -> St. Margaret's | O23: Points
A24: D1 | B24: Temple City | E24: 94 | F24: =if(E24>C25,"W",if(E24<C25,"L",if(isblank(E24),"","T"))) -> L | G24: 108 | H24: =if(G24>C26,"W",if(G24<C26,"L",if(isblank(G24),"","T"))) -> W | I24: 66 | J24: W | K24: 164 | L24: =if(K24>C28,"W",if(K24<C28,"L",if(isblank(K24),"","T"))) -> W | M24: 102 | N24: =if(M24>C29,"W",if(M24<C29,"L",if(isblank(M24),"","T"))) -> W | O24: 8
A25: D2 | B25: Whitney | C25: 148 | D25: =if(E24<C25,"W",if(E24>C25,"L",if(isblank(C25),"","T"))) -> W | G25: 128 | H25: =if(G25>E26,"W",if(G25<E26,"L",if(isblank(G25),"","T"))) -> W | I25: 168 | J25: W | K25: 152 | L25: =if(K25>E28,"W",if(K25<E28,"L",if(isblank(K25),"","T"))) -> W | M25: 134 | N25: =if(M25>E29,"W",if(M25<E29,"L",if(isblank(M25),"","T"))) -> W | O25: 10
A26: D3 | B26: Arcadia 2 | C26: 66 | D26: =if(G24<C26,"W",if(G24>C26,"L",if(isblank(C26),"","T"))) -> L | E26: 72 | F26: =if(G25<E26,"W",if(G25>E26,"L",if(isblank(E26),"","T"))) -> L | I26: 140 | J26: W | K26: 68 | L26: =if(K26>G28,"W",if(K26<G28,"L",if(isblank(K26),"","T"))) -> L | M26: 62 | N26: =if(M26>G29,"W",if(M26<G29,"L",if(isblank(M26),"","T"))) -> L | O26: 2
A27: D4 | B27: Simi Valley | C27: 44 | D27: L | E27: 22 | F27: L | G27: 12 | H27: L | K27: 20 | L27: L | M27: 36 | N27: L | O27: 0
A28: D5 | B28: Marshall | C28: 64 | D28: =if(K24<C28,"W",if(K24>C28,"L",if(isblank(C28),"","T"))) -> L | E28: 54 | F28: =if(K25<E28,"W",if(K25>E28,"L",if(isblank(E28),"","T"))) -> L | G28: 72 | H28: =if(K26<G28,"W",if(K26>G28,"L",if(isblank(G28),"","T"))) -> W | I28: 98 | J28: W | M28: 40 | N28: =if(M28>K29,"W",if(M28<K29,"L",if(isblank(M28),"","T"))) -> L | O28: 4
A29: D6 | B29: St. Margaret's | C29: 64 | D29: =if(M24<C29,"W",if(M24>C29,"L",if(isblank(C29),"","T"))) -> L | E29: 58 | F29: =if(M25<E29,"W",if(M25>E29,"L",if(isblank(E29),"","T"))) -> L | G29: 108 | H29: =if(M26<G29,"W",if(M26>G29,"L",if(isblank(G29),"","T"))) -> W | I29: 144 | J29: W | K29: 104 | L29: =if(M28<K29,"W",if(M28>K29,"L",if(isblank(K29),"","T"))) -> W | O29: 6

Sheet Round Robin Schedule
B1: Antares | E1: Bellatrix | H1: Copernicus | K1: Diadem
B2: Team 1 | C2: Team 2 | D2: Room | E2: Team 1 | F2: Team 2 | G2: Room | H2: Team 1 | I2: Team 2 | J2: Room | K2: Team 1 | L2: Team 2 | M2: Room
A3: Round 1 9:00-9:30 | B3: =vlookup(B19,'Round Robin Scores'!$A$1:$B999,2,false) -> Diamond Bar | C3: =vlookup(C19,'Round Robin Scores'!$A$1:$B999,2,false) -> Troy | D3: Kaplan A30 | E3: =vlookup(E19,'Round Robin Scores'!$A$1:$B999,2,false) -> Palm Desert | F3: =vlookup(F19,'Round Robin Scores'!$A$1:$B999,2,false) -> Santa Monica | G3: Kaplan A60 | H3: =vlookup(H19,'Round Robin Scores'!$A$1:$B999,2,false) -> La Canada | I3: =vlookup(I19,'Round Robin Scores'!$A$1:$B999,2,false) -> Aquinas | J3: Math Sci 5128 | K3: =vlookup(K19,'Round Robin Scores'!$A$1:$B999,2,false) -> Temple City | L3: =vlookup(L19,'Round Robin Scores'!$A$1:$B999,2,false) -> Whitney | M3: Dodd 167
B4: =vlookup(B20,'Round Robin Scores'!$A$1:$B999,2,false) -> South Pasadena | C4: BYE | E4: =vlookup(E20,'Round Robin Scores'!$A$1:$B999,2,false) -> San Marino | F4: BYE | H4: =vlookup(H20,'Round Robin Scores'!$A$1:$B999,2,false) -> Arcadia 1 | I4: University | J4: Math Sci 5118 | K4: =vlookup(K20,'Round Robin Scores'!$A$1:$B999,2,false) -> Arcadia 2 | L4: St. Margaret's | M4: Math Sci 5138
B5: =vlookup(B21,'Round Robin Scores'!$A$1:$B999,2,false) -> OCSA | C5: =vlookup(C21,'Round Robin Scores'!$A$1:$B999,2,false) -> Portola | D5: Kaplan A56 | E5: =vlookup(E21,'Round Robin Scores'!$A$1:$B999,2,false) -> Palos Verdes | F5: =vlookup(F21,'Round Robin Scores'!$A$1:$B999,2,false) -> Northwood | G5: Math Sci 5147 | H5: =vlookup(H21,'Round Robin Scores'!$A$1:$B999,2,false) -> Walnut | I5: =vlookup(I21,'Round Robin Scores'!$A$1:$B999,2,false) -> Beckman | J5: Math Sci 5127 | K5: =vlookup(K21,'Round Robin Scores'!$A$1:$B999,2,false) -> Simi Valley | L5: =vlookup(L21,'Round Robin Scores'!$A$1:$B999,2,false) -> Marshall | M5: Math Sci 5137
A6: Round 2 9:35-10:05 | B6: =vlookup(B22,'Round Robin Scores'!$A$1:$B999,2,false) -> Diamond Bar | C6: BYE | E6: =vlookup(E22,'Round Robin Scores'!$A$1:$B999,2,false) -> Palm Desert | F6: BYE | H6: =vlookup(H22,'Round Robin Scores'!$A$1:$B999,2,false) -> La Canada | I6: University | J6: Math Sci 5127 | K6: =vlookup(K22,'Round Robin Scores'!$A$1:$B999,2,false) -> Temple City | L6: St. Margaret's | M6: Math Sci 5128
B7: =vlookup(B23,'Round Robin Scores'!$A$1:$B999,2,false) -> Troy | C7: =vlookup(C23,'Round Robin Scores'!$A$1:$B999,2,false) -> Portola | D7: Kaplan A60 | E7: =vlookup(E23,'Round Robin Scores'!$A$1:$B999,2,false) -> Santa Monica | F7: =vlookup(F23,'Round Robin Scores'!$A$1:$B999,2,false) -> Northwood | G7: Kaplan A30 | H7: =vlookup(H23,'Round Robin Scores'!$A$1:$B999,2,false) -> Aquinas | I7: =vlookup(I23,'Round Robin Scores'!$A$1:$B999,2,false) -> Beckman | J7: Math Sci 5118 | K7: =vlookup(K23,'Round Robin Scores'!$A$1:$B999,2,false) -> Whitney | L7: =vlookup(L23,'Round Robin Scores'!$A$1:$B999,2,false) -> Marshall | M7: Math Sci 5137
B8: =vlookup(B24,'Round Robin Scores'!$A$1:$B999,2,false) -> South Pasadena | C8: =vlookup(C24,'Round Robin Scores'!$A$1:$B999,2,false) -> OCSA | D8: Math Sci 5147 | E8: =vlookup(E24,'Round Robin Scores'!$A$1:$B999,2,false) -> San Marino | F8: =vlookup(F24,'Round Robin Scores'!$A$1:$B999,2,false) -> Palos Verdes | G8: Kaplan A56 | H8: =vlookup(H24,'Round Robin Scores'!$A$1:$B999,2,false) -> Arcadia 1 | I8: =vlookup(I24,'Round Robin Scores'!$A$1:$B999,2,false) -> Walnut | J8: Math Sci 5138 | K8: =vlookup(K24,'Round Robin Scores'!$A$1:$B999,2,false) -> Arcadia 2 | L8: =vlookup(L24,'Round Robin Scores'!$A$1:$B999,2,false) -> Simi Valley | M8: Dodd 167
A9: Round 3 10:15-10:45 | B9: =vlookup(B25,'Round Robin Scores'!$A$1:$B999,2,false) -> Diamond Bar | C9: =vlookup(C25,'Round Robin Scores'!$A$1:$B999,2,false) -> Portola | D9: Kaplan A56 | E9: =vlookup(E25,'Round Robin Scores'!$A$1:$B999,2,false) -> Palm Desert | F9: =vlookup(F25,'Round Robin Scores'!$A$1:$B999,2,false) -> Northwood | G9: Math Sci 5147 | H9: =vlookup(H25,'Round Robin Scores'!$A$1:$B999,2,false) -> La Canada | I9: =vlookup(I25,'Round Robin Scores'!$A$1:$B999,2,false) -> Beckman | J9: Math Sci 5118 | K9: =vlookup(K25,'Round Robin Scores'!$A$1:$B999,2,false) -> Temple City | L9: =vlookup(L25,'Round Robin Scores'!$A$1:$B999,2,false) -> Marshall | M9: Dodd 167
B10: =vlookup(B26,'Round Robin Scores'!$A$1:$B999,2,false) -> Troy | C10: =vlookup(C26,'Round Robin Scores'!$A$1:$B999,2,false) -> South Pasadena | D10: Kaplan A30 | E10: =vlookup(E26,'Round Robin Scores'!$A$1:$B999,2,false) -> Santa Monica | F10: =vlookup(F26,'Round Robin Scores'!$A$1:$B999,2,false) -> San Marino | G10: Kaplan A60 | H10: =vlookup(H26,'Round Robin Scores'!$A$1:$B999,2,false) -> Aquinas | I10: =vlookup(I26,'Round Robin Scores'!$A$1:$B999,2,false) -> Arcadia 1 | J10: Math Sci 5127 | K10: =vlookup(K26,'Round Robin Scores'!$A$1:$B999,2,false) -> Whitney | L10: =vlookup(L26,'Round Robin Scores'!$A$1:$B999,2,false) -> Arcadia 2 | M10: Math Sci 5128
B11: =vlookup(B27,'Round Robin Scores'!$A$1:$B999,2,false) -> OCSA | C11: BYE | E11: =vlookup(E27,'Round Robin Scores'!$A$1:$B999,2,false) -> Palos Verdes | F11: BYE | H11: =vlookup(H27,'Round Robin Scores'!$A$1:$B999,2,false) -> Walnut | I11: University | J11: Math Sci 5138 | K11: =vlookup(K27,'Round Robin Scores'!$A$1:$B999,2,false) -> Simi Valley | L11: St. Margaret's | M11: Math Sci 5137
A12: Round 4 10:50-11:20 | B12: =vlookup(B28,'Round Robin Scores'!$A$1:$B999,2,false) -> Diamond Bar | C12: =vlookup(C28,'Round Robin Scores'!$A$1:$B999,2,false) -> OCSA | D12: Math Sci 5147 | E12: =vlookup(E28,'Round Robin Scores'!$A$1:$B999,2,false) -> Palm Desert | F12: =vlookup(F28,'Round Robin Scores'!$A$1:$B999,2,false) -> Palos Verdes | G12: Kaplan A56 | H12: =vlookup(H28,'Round Robin Scores'!$A$1:$B999,2,false) -> La Canada | I12: =vlookup(I28,'Round Robin Scores'!$A$1:$B999,2,false) -> Walnut | J12: Math Sci 5128 | K12: =vlookup(K28,'Round Robin Scores'!$A$1:$B999,2,false) -> Temple City | L12: =vlookup(L28,'Round Robin Scores'!$A$1:$B999,2,false) -> Simi Valley | M12: Math Sci 5137
B13: =vlookup(B29,'Round Robin Scores'!$A$1:$B999,2,false) -> South Pasadena | C13: =vlookup(C29,'Round Robin Scores'!$A$1:$B999,2,false) -> Portola | D13: Kaplan A60 | E13: =vlookup(E29,'Round Robin Scores'!$A$1:$B999,2,false) -> San Marino | F13: =vlookup(F29,'Round Robin Scores'!$A$1:$B999,2,false) -> Northwood | G13: Kaplan A30 | H13: =vlookup(H29,'Round Robin Scores'!$A$1:$B999,2,false) -> Arcadia 1 | I13: =vlookup(I29,'Round Robin Scores'!$A$1:$B999,2,false) -> Beckman | J13: Math Sci 5138 | K13: =vlookup(K29,'Round Robin Scores'!$A$1:$B999,2,false) -> Arcadia 2 | L13: =vlookup(L29,'Round Robin Scores'!$A$1:$B999,2,false) -> Marshall | M13: Dodd 167
B14: =vlookup(B30,'Round Robin Scores'!$A$1:$B999,2,false) -> Troy | C14: BYE | E14: =vlookup(E30,'Round Robin Scores'!$A$1:$B999,2,false) -> Santa Monica | F14: BYE | H14: =vlookup(H30,'Round Robin Scores'!$A$1:$B999,2,false) -> Aquinas | I14: University | J14: Math Sci 5127 | K14: =vlookup(K30,'Round Robin Scores'!$A$1:$B999,2,false) -> Whitney | L14: St. Margaret's | M14: Math Sci 5118
A15: Round 5 11:25-11:55 | B15: =vlookup(B31,'Round Robin Scores'!$A$1:$B999,2,false) -> Diamond Bar | C15: =vlookup(C31,'Round Robin Scores'!$A$1:$B999,2,false) -> South Pasadena | D15: Kaplan A30 | E15: =vlookup(E31,'Round Robin Scores'!$A$1:$B999,2,false) -> Palm Desert | F15: =vlookup(F31,'Round Robin Scores'!$A$1:$B999,2,false) -> San Marino | G15: Kaplan A60 | H15: =vlookup(H31,'Round Robin Scores'!$A$1:$B999,2,false) -> La Canada | I15: =vlookup(I31,'Round Robin Scores'!$A$1:$B999,2,false) -> Arcadia 1 | J15: Math Sci 5138 | K15: =vlookup(K31,'Round Robin Scores'!$A$1:$B999,2,false) -> Temple City | L15: =vlookup(L31,'Round Robin Scores'!$A$1:$B999,2,false) -> Arcadia 2 | M15: Math Sci 5118
B16: =vlookup(B32,'Round Robin Scores'!$A$1:$B999,2,false) -> Troy | C16: =vlookup(C32,'Round Robin Scores'!$A$1:$B999,2,false) -> OCSA | D16: Kaplan A56 | E16: =vlookup(E32,'Round Robin Scores'!$A$1:$B999,2,false) -> Santa Monica | F16: =vlookup(F32,'Round Robin Scores'!$A$1:$B999,2,false) -> Palos Verdes | G16: Math Sci 5147 | H16: =vlookup(H32,'Round Robin Scores'!$A$1:$B999,2,false) -> Aquinas | I16: =vlookup(I32,'Round Robin Scores'!$A$1:$B999,2,false) -> Walnut | J16: Math Sci 5128 | K16: =vlookup(K32,'Round Robin Scores'!$A$1:$B999,2,false) -> Whitney | L16: =vlookup(L32,'Round Robin Scores'!$A$1:$B999,2,false) -> Simi Valley | M16: Dodd 167
B17: =vlookup(B33,'Round Robin Scores'!$A$1:$B999,2,false) -> Portola | C17: BYE | E17: =vlookup(E33,'Round Robin Scores'!$A$1:$B999,2,false) -> Northwood | F17: BYE | H17: =vlookup(H33,'Round Robin Scores'!$A$1:$B999,2,false) -> Beckman | I17: University | J17: Math Sci 5137 | K17: =vlookup(K33,'Round Robin Scores'!$A$1:$B999,2,false) -> Marshall | L17: St. Margaret's | M17: Math Sci 5127
B19: A1 | C19: A2 | E19: B1 | F19: B2 | H19: C1 | I19: C2 | K19: D1 | L19: D2 | N19: E1 | O19: E2 | Q19: F1 | R19: F2
B20: A3 | C20: A6 | E20: B3 | F20: B6 | H20: C3 | I20: C6 | K20: D3 | L20: D6 | N20: E3 | O20: E6 | Q20: F3 | R20: F6
B21: A4 | C21: A5 | E21: B4 | F21: B5 | H21: C4 | I21: C5 | K21: D4 | L21: D5 | N21: E4 | O21: E5 | Q21: F4 | R21: F5
B22: A1 | C22: A6 | E22: B1 | F22: B6 | H22: C1 | I22: C6 | K22: D1 | L22: D6 | N22: E1 | O22: E6 | Q22: F1 | R22: F6
B23: A2 | C23: A5 | E23: B2 | F23: B5 | H23: C2 | I23: C5 | K23: D2 | L23: D5 | N23: E2 | O23: E5 | Q23: F2 | R23: F5
B24: A3 | C24: A4 | E24: B3 | F24: B4 | H24: C3 | I24: C4 | K24: D3 | L24: D4 | N24: E3 | O24: E4 | Q24: F3 | R24: F4
B25: A1 | C25: A5 | E25: B1 | F25: B5 | H25: C1 | I25: C5 | K25: D1 | L25: D5 | N25: E1 | O25: E5 | Q25: F1 | R25: F5
B26: A2 | C26: A3 | E26: B2 | F26: B3 | H26: C2 | I26: C3 | K26: D2 | L26: D3 | N26: E2 | O26: E3 | Q26: F2 | R26: F3
B27: A4 | C27: A6 | E27: B4 | F27: B6 | H27: C4 | I27: C6 | K27: D4 | L27: D6 | N27: E4 | O27: E6 | Q27: F4 | R27: F6
B28: A1 | C28: A4 | E28: B1 | F28: B4 | H28: C1 | I28: C4 | K28: D1 | L28: D4 | N28: E1 | O28: E4 | Q28: F1 | R28: F4
B29: A3 | C29: A5 | E29: B3 | F29: B5 | H29: C3 | I29: C5 | K29: D3 | L29: D5 | N29: E3 | O29: E5 | Q29: F3 | R29: F5
B30: A2 | C30: A6 | E30: B2 | F30: B6 | H30: C2 | I30: C6 | K30: D2 | L30: D6 | N30: E2 | O30: E6 | Q30: F2 | R30: F6
... B33: A5 | C33: A6 | E33: B5 | F33: B6 | H33: C5 | I33: C6 | K33: D5 | L33: D6 | N33: E5 | O33: E6 | Q33: F5 | R33: F6

Sheet Double Elimination
A1: Round 1 | C1: Round 2 | G1: Round 3 | I1: Round 4 | K1: Round 5 | M1: Finals
A2: 2:30-3:00 PM | C2: 3:05-3:35 PM | G2: 3:40-4:10 PM | I2: 4:15-4:45 PM | K2: 5:00-5:30 PM | M2: 5:35-6:30 PM
A4: University | B4: 210
A5: Kaplan A30 | D5: =iferror(vlookup(concat(C5,C9),Raw!$K$1:$L990,2,false),iferror(vlookup(concat(C5,C9),Raw!$M$1:$N990,2,false),"")) | E5: University | F5: 172
A6: Portola | B6: 64
E7: Kaplan A30 | I7: University | J7: 134
A8: San Marino | B8: 96
A9: Kaplan A56 | E9: San Marino | F9: 112
A10: Santa Monica | B10: 44
I11: Dodd 167 | L11: =iferror(vlookup(concat(K11,K22),Raw!$K$1:$L990,2,false),iferror(vlookup(concat(K11,K22),Raw!$M$1:$N990,2,false),""))
A12: Whitney | B12: 78
A13: Kaplan A60 | D13: =iferror(vlookup(concat(C13,C17),Raw!$K$1:$L990,2,false),iferror(vlookup(concat(C13,C17),Raw!$M$1:$N990,2,false),"")) | E13: Whitney | F13: 122
A14: Beckman | B14: 72
E15: Dodd 167 | I15: Whitney | J15: 126
A16: Temple City | B16: 54
A17: Dodd 167 | E17: Troy | F17: 92
A18: Troy | B18: 152
M19: University | N19: 150
M20: Haines A18
L22: =iferror(vlookup(concat(K22,K11),Raw!$K$1:$L990,2,false),iferror(vlookup(concat(K22,K11),Raw!$M$1:$N990,2,false),""))
G25: Troy | H25: 156 | K25: Whitney | L25: 54
K26: Haines A18
E27: Santa Monica | F27: 84 | G27: Kaplan A30
I28: Troy | J28: 138
E30: Kaplan A56 | G30: Santa Monica | H30: 76
M31: Troy | N31: 114
E33: Portola | F33: 78
I34: Kaplan A56
G37: San Marino | H37: 68 | K37: Troy | L37: 162
E39: Temple City | F39: 56 | G39: Kaplan A56
I40: Beckman | J40: 50
E42: Kaplan A60 | G42: Beckman | H42: 88
E45: Beckman | F45: 76

Sheet Raw
B1: =IFERROR(__xludf.DUMMYFUNCTION("importrange(""https://docs.google.com/spreadsheets/d/1sfb2iVS50i8Mp2l-Nup_CN4oz6K0oTcRctM-cGqGISI/edit?gid=133829336#gid=133829336"",""Scores!A2:E15"")"),"RR1") -> RR1 | C1: =IFERROR(__xludf.DUMMYFUNCTION("""COMPUTED_VALUE"""),"Canyon Crest A") -> Canyon Crest A | D1: =IFERROR(__xludf.DUMMYFUNCTION("""COMPUTED_VALUE"""),154.0) -> 154 | E1: =IFERROR(__xludf.DUMMYFUNCTION("""COMPUTED_VALUE"""),"North Hollywood B") -> North Hollywood B | F1: =IFERROR(__xludf.DUMMYFUNCTION("""COMPUTED_VALUE"""),62.0) -> 62 | G1: =IFERROR(__xludf.DUMMYFUNCTION("if(regexmatch($B1,""RR""),concat(C1,E1),"""")"),"Canyon Crest ANorth Hollywood B") -> Canyon Crest ANorth Hollywood B | H1: =IFERROR(__xludf.DUMMYFUNCTION("if(regexmatch($B1,""RR""),D1,"""")"),154.0) -> 154 | I1: =IFERROR(__xludf.DUMMYFUNCTION("if(regexmatch($B1,""RR""),concat(E1,C1),"""")"),"North Hollywood BCanyon Crest A") -> North Hollywood BCanyon Crest A | J1: =IFERROR(__xludf.DUMMYFUNCTION("if(regexmatch($B1,""RR""),F1,"""")"),62.0) -> 62 | K1: =IFERROR(__xludf.DUMMYFUNCTION("if(regexmatch($B1,""DE""),concat(C1,E1),"""")"),"") | L1: =IFERROR(__xludf.DUMMYFUNCTION("if(regexmatch($B1,""DE""),D1,"""")"),"") | M1: =IFERROR(__xludf.DUMMYFUNCTION("if(regexmatch($B1,""DE""),concat(E1,C1),"""")"),"") | N1: =IFERROR(__xludf.DUMMYFUNCTION("if(regexmatch($B1,""DE""),F1,"""")"),"")
B2: =IFERROR(__xludf.DUMMYFUNCTION("""COMPUTED_VALUE"""),"RR2") -> RR2 | C2: =IFERROR(__xludf.DUMMYFUNCTION("""COMPUTED_VALUE"""),"Sci Acad A") -> Sci Acad A | D2: =IFERROR(__xludf.DUMMYFUNCTION("""COMPUTED_VALUE"""),154.0) -> 154 | E2: =IFERROR(__xludf.DUMMYFUNCTION("""COMPUTED_VALUE"""),"Arcadia B") -> Arcadia B | F2: =IFERROR(__xludf.DUMMYFUNCTION("""COMPUTED_VALUE"""),44.0) -> 44 | G2: =IFERROR(__xludf.DUMMYFUNCTION("if(regexmatch($B2,""RR""),concat(C2,E2),"""")"),"Sci Acad AArcadia B") -> Sci Acad AArcadia B | H2: =IFERROR(__xludf.DUMMYFUNCTION("if(regexmatch($B2,""RR""),D2,"""")"),154.0) -> 154 | I2: =IFERROR(__xludf.DUMMYFUNCTION("if(regexmatch($B2,""RR""),concat(E2,C2),"""")"),"Arcadia BSci Acad A") -> Arcadia BSci Acad A | J2: =IFERROR(__xludf.DUMMYFUNCTION("if(regexmatch($B2,""RR""),F2,"""")"),44.0) -> 44 | K2: =IFERROR(__xludf.DUMMYFUNCTION("if(regexmatch($B2,""DE""),concat(C2,E2),"""")"),"") | L2: =IFERROR(__xludf.DUMMYFUNCTION("if(regexmatch($B2,""DE""),D2,"""")"),"") | M2: =IFERROR(__xludf.DUMMYFUNCTION("if(regexmatch($B2,""DE""),concat(E2,C2),"""")"),"") | N2: =IFERROR(__xludf.DUMMYFUNCTION("if(regexmatch($B2,""DE""),F2,"""")"),"")
B3: =IFERROR(__xludf.DUMMYFUNCTION("""COMPUTED_VALUE"""),"RR3") -> RR3 | C3: =IFERROR(__xludf.DUMMYFUNCTION("""COMPUTED_VALUE"""),"Sci Acad A") -> Sci Acad A | D3: =IFERROR(__xludf.DUMMYFUNCTION("""COMPUTED_VALUE"""),138.0) -> 138 | E3: =IFERROR(__xludf.DUMMYFUNCTION("""COMPUTED_VALUE"""),"Venice A") -> Venice A | F3: =IFERROR(__xludf.DUMMYFUNCTION("""COMPUTED_VALUE"""),100.0) -> 100 | G3: =IFERROR(__xludf.DUMMYFUNCTION("if(regexmatch($B3,""RR""),concat(C3,E3),"""")"),"Sci Acad AVenice A") -> Sci Acad AVenice A | H3: =IFERROR(__xludf.DUMMYFUNCTION("if(regexmatch($B3,""RR""),D3,"""")"),138.0) -> 138 | I3: =IFERROR(__xludf.DUMMYFUNCTION("if(regexmatch($B3,""RR""),concat(E3,C3),"""")"),"Venice ASci Acad A") -> Venice ASci Acad A | J3: =IFERROR(__xludf.DUMMYFUNCTION("if(regexmatch($B3,""RR""),F3,"""")"),100.0) -> 100 | K3: =IFERROR(__xludf.DUMMYFUNCTION("if(regexmatch($B3,""DE""),concat(C3,E3),"""")"),"") | L3: =IFERROR(__xludf.DUMMYFUNCTION("if(regexmatch($B3,""DE""),D3,"""")"),"") | M3: =IFERROR(__xludf.DUMMYFUNCTION("if(regexmatch($B3,""DE""),concat(E3,C3),"""")"),"") | N3: =IFERROR(__xludf.DUMMYFUNCTION("if(regexmatch($B3,""DE""),F3,"""")"),"")
B4: =IFERROR(__xludf.DUMMYFUNCTION("""COMPUTED_VALUE"""),"RR4") -> RR4 | C4: =IFERROR(__xludf.DUMMYFUNCTION("""COMPUTED_VALUE"""),"Sci Acad B") -> Sci Acad B | D4: =IFERROR(__xludf.DUMMYFUNCTION("""COMPUTED_VALUE"""),132.0) -> 132 | E4: =IFERROR(__xludf.DUMMYFUNCTION("""COMPUTED_VALUE"""),"Beckman A") -> Beckman A | F4: =IFERROR(__xludf.DUMMYFUNCTION("""COMPUTED_VALUE"""),68.0) -> 68 | G4: =IFERROR(__xludf.DUMMYFUNCTION("if(regexmatch($B4,""RR""),concat(C4,E4),"""")"),"Sci Acad BBeckman A") -> Sci Acad BBeckman A | H4: =IFERROR(__xludf.DUMMYFUNCTION("if(regexmatch($B4,""RR""),D4,"""")"),132.0) -> 132 | I4: =IFERROR(__xludf.DUMMYFUNCTION("if(regexmatch($B4,""RR""),concat(E4,C4),"""")"),"Beckman ASci Acad B") -> Beckman ASci Acad B | J4: =IFERROR(__xludf.DUMMYFUNCTION("if(regexmatch($B4,""RR""),F4,"""")"),68.0) -> 68 | K4: =IFERROR(__xludf.DUMMYFUNCTION("if(regexmatch($B4,""DE""),concat(C4,E4),"""")"),"") | L4: =IFERROR(__xludf.DUMMYFUNCTION("if(regexmatch($B4,""DE""),D4,"""")"),"") | M4: =IFERROR(__xludf.DUMMYFUNCTION("if(regexmatch($B4,""DE""),concat(E4,C4),"""")"),"") | N4: =IFERROR(__xludf.DUMMYFUNCTION("if(regexmatch($B4,""DE""),F4,"""")"),"")
B5: =IFERROR(__xludf.DUMMYFUNCTION("""COMPUTED_VALUE"""),"RR5") -> RR5 | C5: =IFERROR(__xludf.DUMMYFUNCTION("""COMPUTED_VALUE"""),"Canyon Crest B") -> Canyon Crest B | D5: =IFERROR(__xludf.DUMMYFUNCTION("""COMPUTED_VALUE"""),92.0) -> 92 | E5: =IFERROR(__xludf.DUMMYFUNCTION("""COMPUTED_VALUE"""),"Beckman A") -> Beckman A | F5: =IFERROR(__xludf.DUMMYFUNCTION("""COMPUTED_VALUE"""),68.0) -> 68 | G5: =IFERROR(__xludf.DUMMYFUNCTION("if(regexmatch($B5,""RR""),concat(C5,E5),"""")"),"Canyon Crest BBeckman A") -> Canyon Crest BBeckman A | H5: =IFERROR(__xludf.DUMMYFUNCTION("if(regexmatch($B5,""RR""),D5,"""")"),92.0) -> 92 | I5: =IFERROR(__xludf.DUMMYFUNCTION("if(regexmatch($B5,""RR""),concat(E5,C5),"""")"),"Beckman ACanyon Crest B") -> Beckman ACanyon Crest B | J5: =IFERROR(__xludf.DUMMYFUNCTION("if(regexmatch($B5,""RR""),F5,"""")"),68.0) -> 68 | K5: =IFERROR(__xludf.DUMMYFUNCTION("if(regexmatch($B5,""DE""),concat(C5,E5),"""")"),"") | L5: =IFERROR(__xludf.DUMMYFUNCTION("if(regexmatch($B5,""DE""),D5,"""")"),"") | M5: =IFERROR(__xludf.DUMMYFUNCTION("if(regexmatch($B5,""DE""),concat(E5,C5),"""")"),"") | N5: =IFERROR(__xludf.DUMMYFUNCTION("if(regexmatch($B5,""DE""),F5,"""")"),"")
B6: =IFERROR(__xludf.DUMMYFUNCTION("""COMPUTED_VALUE"""),"DE1") -> DE1 | C6: =IFERROR(__xludf.DUMMYFUNCTION("""COMPUTED_VALUE"""),"Granada Hills A") -> Granada Hills A | D6: =IFERROR(__xludf.DUMMYFUNCTION("""COMPUTED_VALUE"""),18.0) -> 18 | E6: =IFERROR(__xludf.DUMMYFUNCTION("""COMPUTED_VALUE"""),"North Hollywood A") -> North Hollywood A | F6: =IFERROR(__xludf.DUMMYFUNCTION("""COMPUTED_VALUE"""),138.0) -> 138 | G6: =IFERROR(__xludf.DUMMYFUNCTION("if(regexmatch($B6,""RR""),concat(C6,E6),"""")"),"") | H6: =IFERROR(__xludf.DUMMYFUNCTION("if(regexmatch($B6,""RR""),D6,"""")"),"") | I6: =IFERROR(__xludf.DUMMYFUNCTION("if(regexmatch($B6,""RR""),concat(E6,C6),"""")"),"") | J6: =IFERROR(__xludf.DUMMYFUNCTION("if(regexmatch($B6,""RR""),F6,"""")"),"") | K6: =IFERROR(__xludf.DUMMYFUNCTION("if(regexmatch($B6,""DE""),concat(C6,E6),"""")"),"Granada Hills ANorth Hollywood A") -> Granada Hills ANorth Hollywood A | L6: =IFERROR(__xludf.DUMMYFUNCTION("if(regexmatch($B6,""DE""),D6,"""")"),18.0) -> 18 | M6: =IFERROR(__xludf.DUMMYFUNCTION("if(regexmatch($B6,""DE""),concat(E6,C6),"""")"),"North Hollywood AGranada Hills A") -> North Hollywood AGranada Hills A | N6: =IFERROR(__xludf.DUMMYFUNCTION("if(regexmatch($B6,""DE""),F6,"""")"),138.0) -> 138
B7: =IFERROR(__xludf.DUMMYFUNCTION("""COMPUTED_VALUE"""),"DE2") -> DE2 | C7: =IFERROR(__xludf.DUMMYFUNCTION("""COMPUTED_VALUE"""),"Canyon Crest B") -> Canyon Crest B | D7: =IFERROR(__xludf.DUMMYFUNCTION("""COMPUTED_VALUE"""),66.0) -> 66 | E7: =IFERROR(__xludf.DUMMYFUNCTION("""COMPUTED_VALUE"""),"OCSA") -> OCSA | F7: =IFERROR(__xludf.DUMMYFUNCTION("""COMPUTED_VALUE"""),118.0) -> 118 | G7: =IFERROR(__xludf.DUMMYFUNCTION("if(regexmatch($B7,""RR""),concat(C7,E7),"""")"),"") | H7: =IFERROR(__xludf.DUMMYFUNCTION("if(regexmatch($B7,""RR""),D7,"""")"),"") | I7: =IFERROR(__xludf.DUMMYFUNCTION("if(regexmatch($B7,""RR""),concat(E7,C7),"""")"),"") | J7: =IFERROR(__xludf.DUMMYFUNCTION("if(regexmatch($B7,""RR""),F7,"""")"),"") | K7: =IFERROR(__xludf.DUMMYFUNCTION("if(regexmatch($B7,""DE""),concat(C7,E7),"""")"),"Canyon Crest BOCSA") -> Canyon Crest BOCSA | L7: =IFERROR(__xludf.DUMMYFUNCTION("if(regexmatch($B7,""DE""),D7,"""")"),66.0) -> 66 | M7: =IFERROR(__xludf.DUMMYFUNCTION("if(regexmatch($B7,""DE""),concat(E7,C7),"""")"),"OCSACanyon Crest B") -> OCSACanyon Crest B | N7: =IFERROR(__xludf.DUMMYFUNCTION("if(regexmatch($B7,""DE""),F7,"""")"),118.0) -> 118
B8: =IFERROR(__xludf.DUMMYFUNCTION("""COMPUTED_VALUE"""),"DE3") -> DE3 | C8: =IFERROR(__xludf.DUMMYFUNCTION("""COMPUTED_VALUE"""),"Venice A") -> Venice A | D8: =IFERROR(__xludf.DUMMYFUNCTION("""COMPUTED_VALUE"""),86.0) -> 86 | E8: =IFERROR(__xludf.DUMMYFUNCTION("""COMPUTED_VALUE"""),"University") -> University | F8: =IFERROR(__xludf.DUMMYFUNCTION("""COMPUTED_VALUE"""),54.0) -> 54 | G8: =IFERROR(__xludf.DUMMYFUNCTION("if(regexmatch($B8,""RR""),concat(C8,E8),"""")"),"") | H8: =IFERROR(__xludf.DUMMYFUNCTION("if(regexmatch($B8,""RR""),D8,"""")"),"") | I8: =IFERROR(__xludf.DUMMYFUNCTION("if(regexmatch($B8,""RR""),concat(E8,C8),"""")"),"") | J8: =IFERROR(__xludf.DUMMYFUNCTION("if(regexmatch($B8,""RR""),F8,"""")"),"") | K8: =IFERROR(__xludf.DUMMYFUNCTION("if(regexmatch($B8,""DE""),concat(C8,E8),"""")"),"Venice AUniversity") -> Venice AUniversity | L8: =IFERROR(__xludf.DUMMYFUNCTION("if(regexmatch($B8,""DE""),D8,"""")"),86.0) -> 86 | M8: =IFERROR(__xludf.DUMMYFUNCTION("if(regexmatch($B8,""DE""),concat(E8,C8),"""")"),"UniversityVenice A") -> UniversityVenice A | N8: =IFERROR(__xludf.DUMMYFUNCTION("if(regexmatch($B8,""DE""),F8,"""")"),54.0) -> 54
B9: =IFERROR(__xludf.DUMMYFUNCTION("""COMPUTED_VALUE"""),"DE4") -> DE4 | C9: =IFERROR(__xludf.DUMMYFUNCTION("""COMPUTED_VALUE"""),"[Select Team Name]") -> [Select Team Name] | D9: =IFERROR(__xludf.DUMMYFUNCTION("""COMPUTED_VALUE"""),0.0) -> 0 | E9: =IFERROR(__xludf.DUMMYFUNCTION("""COMPUTED_VALUE"""),"[Select Team Name]") -> [Select Team Name] | F9: =IFERROR(__xludf.DUMMYFUNCTION("""COMPUTED_VALUE"""),0.0) -> 0 | G9: =IFERROR(__xludf.DUMMYFUNCTION("if(regexmatch($B9,""RR""),concat(C9,E9),"""")"),"") | H9: =IFERROR(__xludf.DUMMYFUNCTION("if(regexmatch($B9,""RR""),D9,"""")"),"") | I9: =IFERROR(__xludf.DUMMYFUNCTION("if(regexmatch($B9,""RR""),concat(E9,C9),"""")"),"") | J9: =IFERROR(__xludf.DUMMYFUNCTION("if(regexmatch($B9,""RR""),F9,"""")"),"") | K9: =IFERROR(__xludf.DUMMYFUNCTION("if(regexmatch($B9,""DE""),concat(C9,E9),"""")"),"[Select Team Name][Select Team Name]") -> [Select Team Name][Select Team Name] | L9: =IFERROR(__xludf.DUMMYFUNCTION("if(regexmatch($B9,""DE""),D9,"""")"),0.0) -> 0 | M9: =IFERROR(__xludf.DUMMYFUNCTION("if(regexmatch($B9,""DE""),concat(E9,C9),"""")"),"[Select Team Name][Select Team Name]") -> [Select Team Name][Select Team Name] | N9: =IFERROR(__xludf.DUMMYFUNCTION("if(regexmatch($B9,""DE""),F9,"""")"),0.0) -> 0
B10: =IFERROR(__xludf.DUMMYFUNCTION("""COMPUTED_VALUE"""),"DE5") -> DE5 | C10: =IFERROR(__xludf.DUMMYFUNCTION("""COMPUTED_VALUE"""),"[Select Team Name]") -> [Select Team Name] | D10: =IFERROR(__xludf.DUMMYFUNCTION("""COMPUTED_VALUE"""),0.0) -> 0 | E10: =IFERROR(__xludf.DUMMYFUNCTION("""COMPUTED_VALUE"""),"[Select Team Name]") -> [Select Team Name] | F10: =IFERROR(__xludf.DUMMYFUNCTION("""COMPUTED_VALUE"""),0.0) -> 0 | G10: =IFERROR(__xludf.DUMMYFUNCTION("if(regexmatch($B10,""RR""),concat(C10,E10),"""")"),"") | H10: =IFERROR(__xludf.DUMMYFUNCTION("if(regexmatch($B10,""RR""),D10,"""")"),"") | I10: =IFERROR(__xludf.DUMMYFUNCTION("if(regexmatch($B10,""RR""),concat(E10,C10),"""")"),"") | J10: =IFERROR(__xludf.DUMMYFUNCTION("if(regexmatch($B10,""RR""),F10,"""")"),"") | K10: =IFERROR(__xludf.DUMMYFUNCTION("if(regexmatch($B10,""DE""),concat(C10,E10),"""")"),"[Select Team Name][Select Team Name]") -> [Select Team Name][Select Team Name] | L10: =IFERROR(__xludf.DUMMYFUNCTION("if(regexmatch($B10,""DE""),D10,"""")"),0.0) -> 0 | M10: =IFERROR(__xludf.DUMMYFUNCTION("if(regexmatch($B10,""DE""),concat(E10,C10),"""")"),"[Select Team Name][Select Team Name]") -> [Select Team Name][Select Team Name] | N10: =IFERROR(__xludf.DUMMYFUNCTION("if(regexmatch($B10,""DE""),F10,"""")"),0.0) -> 0
B11: =IFERROR(__xludf.DUMMYFUNCTION("""COMPUTED_VALUE"""),"DE6") -> DE6 | C11: =IFERROR(__xludf.DUMMYFUNCTION("""COMPUTED_VALUE"""),"[Select Team Name]") -> [Select Team Name] | D11: =IFERROR(__xludf.DUMMYFUNCTION("""COMPUTED_VALUE"""),0.0) -> 0 | E11: =IFERROR(__xludf.DUMMYFUNCTION("""COMPUTED_VALUE"""),"[Select Team Name]") -> [Select Team Name] | F11: =IFERROR(__xludf.DUMMYFUNCTION("""COMPUTED_VALUE"""),0.0) -> 0 | G11: =IFERROR(__xludf.DUMMYFUNCTION("if(regexmatch($B11,""RR""),concat(C11,E11),"""")"),"") | H11: =IFERROR(__xludf.DUMMYFUNCTION("if(regexmatch($B11,""RR""),D11,"""")"),"") | I11: =IFERROR(__xludf.DUMMYFUNCTION("if(regexmatch($B11,""RR""),concat(E11,C11),"""")"),"") | J11: =IFERROR(__xludf.DUMMYFUNCTION("if(regexmatch($B11,""RR""),F11,"""")"),"") | K11: =IFERROR(__xludf.DUMMYFUNCTION("if(regexmatch($B11,""DE""),concat(C11,E11),"""")"),"[Select Team Name][Select Team Name]") -> [Select Team Name][Select Team Name] | L11: =IFERROR(__xludf.DUMMYFUNCTION("if(regexmatch($B11,""DE""),D11,"""")"),0.0) -> 0 | M11: =IFERROR(__xludf.DUMMYFUNCTION("if(regexmatch($B11,""DE""),concat(E11,C11),"""")"),"[Select Team Name][Select Team Name]") -> [Select Team Name][Select Team Name] | N11: =IFERROR(__xludf.DUMMYFUNCTION("if(regexmatch($B11,""DE""),F11,"""")"),0.0) -> 0
B12: =IFERROR(__xludf.DUMMYFUNCTION("""COMPUTED_VALUE"""),"DE7") -> DE7 | C12: =IFERROR(__xludf.DUMMYFUNCTION("""COMPUTED_VALUE"""),"[Select Team Name]") -> [Select Team Name] | D12: =IFERROR(__xludf.DUMMYFUNCTION("""COMPUTED_VALUE"""),0.0) -> 0 | E12: =IFERROR(__xludf.DUMMYFUNCTION("""COMPUTED_VALUE"""),"[Select Team Name]") -> [Select Team Name] | F12: =IFERROR(__xludf.DUMMYFUNCTION("""COMPUTED_VALUE"""),0.0) -> 0 | G12: =IFERROR(__xludf.DUMMYFUNCTION("if(regexmatch($B12,""RR""),concat(C12,E12),"""")"),"") | H12: =IFERROR(__xludf.DUMMYFUNCTION("if(regexmatch($B12,""RR""),D12,"""")"),"") | I12: =IFERROR(__xludf.DUMMYFUNCTION("if(regexmatch($B12,""RR""),concat(E12,C12),"""")"),"") | J12: =IFERROR(__xludf.DUMMYFUNCTION("if(regexmatch($B12,""RR""),F12,"""")"),"") | K12: =IFERROR(__xludf.DUMMYFUNCTION("if(regexmatch($B12,""DE""),concat(C12,E12),"""")"),"[Select Team Name][Select Team Name]") -> [Select Team Name][Select Team Name] | L12: =IFERROR(__xludf.DUMMYFUNCTION("if(regexmatch($B12,""DE""),D12,"""")"),0.0) -> 0 | M12: =IFERROR(__xludf.DUMMYFUNCTION("if(regexmatch($B12,""DE""),concat(E12,C12),"""")"),"[Select Team Name][Select Team Name]") -> [Select Team Name][Select Team Name] | N12: =IFERROR(__xludf.DUMMYFUNCTION("if(regexmatch($B12,""DE""),F12,"""")"),0.0) -> 0
B13: =IFERROR(__xludf.DUMMYFUNCTION("""COMPUTED_VALUE"""),"DE8") -> DE8 | C13: =IFERROR(__xludf.DUMMYFUNCTION("""COMPUTED_VALUE"""),"[Select Team Name]") -> [Select Team Name] | D13: =IFERROR(__xludf.DUMMYFUNCTION("""COMPUTED_VALUE"""),0.0) -> 0 | E13: =IFERROR(__xludf.DUMMYFUNCTION("""COMPUTED_VALUE"""),"[Select Team Name]") -> [Select Team Name] | F13: =IFERROR(__xludf.DUMMYFUNCTION("""COMPUTED_VALUE"""),0.0) -> 0 | G13: =IFERROR(__xludf.DUMMYFUNCTION("if(regexmatch($B13,""RR""),concat(C13,E13),"""")"),"") | H13: =IFERROR(__xludf.DUMMYFUNCTION("if(regexmatch($B13,""RR""),D13,"""")"),"") | I13: =IFERROR(__xludf.DUMMYFUNCTION("if(regexmatch($B13,""RR""),concat(E13,C13),"""")"),"") | J13: =IFERROR(__xludf.DUMMYFUNCTION("if(regexmatch($B13,""RR""),F13,"""")"),"") | K13: =IFERROR(__xludf.DUMMYFUNCTION("if(regexmatch($B13,""DE""),concat(C13,E13),"""")"),"[Select Team Name][Select Team Name]") -> [Select Team Name][Select Team Name] | L13: =IFERROR(__xludf.DUMMYFUNCTION("if(regexmatch($B13,""DE""),D13,"""")"),0.0) -> 0 | M13: =IFERROR(__xludf.DUMMYFUNCTION("if(regexmatch($B13,""DE""),concat(E13,C13),"""")"),"[Select Team Name][Select Team Name]") -> [Select Team Name][Select Team Name] | N13: =IFERROR(__xludf.DUMMYFUNCTION("if(regexmatch($B13,""DE""),F13,"""")"),0.0) -> 0
B14: =IFERROR(__xludf.DUMMYFUNCTION("""COMPUTED_VALUE"""),"DE9") -> DE9 | C14: =IFERROR(__xludf.DUMMYFUNCTION("""COMPUTED_VALUE"""),"[Select Team Name]") -> [Select Team Name] | D14: =IFERROR(__xludf.DUMMYFUNCTION("""COMPUTED_VALUE"""),0.0) -> 0 | E14: =IFERROR(__xludf.DUMMYFUNCTION("""COMPUTED_VALUE"""),"[Select Team Name]") -> [Select Team Name] | F14: =IFERROR(__xludf.DUMMYFUNCTION("""COMPUTED_VALUE"""),0.0) -> 0 | G14: =IFERROR(__xludf.DUMMYFUNCTION("if(regexmatch($B14,""RR""),concat(C14,E14),"""")"),"") | H14: =IFERROR(__xludf.DUMMYFUNCTION("if(regexmatch($B14,""RR""),D14,"""")"),"") | I14: =IFERROR(__xludf.DUMMYFUNCTION("if(regexmatch($B14,""RR""),concat(E14,C14),"""")"),"") | J14: =IFERROR(__xludf.DUMMYFUNCTION("if(regexmatch($B14,""RR""),F14,"""")"),"") | K14: =IFERROR(__xludf.DUMMYFUNCTION("if(regexmatch($B14,""DE""),concat(C14,E14),"""")"),"[Select Team Name][Select Team Name]") -> [Select Team Name][Select Team Name] | L14: =IFERROR(__xludf.DUMMYFUNCTION("if(regexmatch($B14,""DE""),D14,"""")"),0.0) -> 0 | M14: =IFERROR(__xludf.DUMMYFUNCTION("if(regexmatch($B14,""DE""),concat(E14,C14),"""")"),"[Select Team Name][Select Team Name]") -> [Select Team Name][Select Team Name] | N14: =IFERROR(__xludf.DUMMYFUNCTION("if(regexmatch($B14,""DE""),F14,"""")"),0.0) -> 0
B15: =IFERROR(__xludf.DUMMYFUNCTION("importrange(""https://docs.google.com/spreadsheets/d/1PrHA2qOcRnj3qQiPlEjCIGgdoTa2xExIam1kz3NVJno/edit?gid=0#gid=0"",""Scores!A2:E15"")"),"RR1") -> RR1 | C15: =IFERROR(__xludf.DUMMYFUNCTION("""COMPUTED_VALUE"""),"Granada Hills A") -> Granada Hills A | D15: =IFERROR(__xludf.DUMMYFUNCTION("""COMPUTED_VALUE"""),72.0) -> 72 | E15: =IFERROR(__xludf.DUMMYFUNCTION("""COMPUTED_VALUE"""),"Oak Avenue") -> Oak Avenue | F15: =IFERROR(__xludf.DUMMYFUNCTION("""COMPUTED_VALUE"""),68.0) -> 68 | G15: =IFERROR(__xludf.DUMMYFUNCTION("if(regexmatch($B15,""RR""),concat(C15,E15),"""")"),"Granada Hills AOak Avenue") -> Granada Hills AOak Avenue | H15: =IFERROR(__xludf.DUMMYFUNCTION("if(regexmatch($B15,""RR""),D15,"""")"),72.0) -> 72 | I15: =IFERROR(__xludf.DUMMYFUNCTION("if(regexmatch($B15,""RR""),concat(E15,C15),"""")"),"Oak AvenueGranada Hills A") -> Oak AvenueGranada Hills A | J15: =IFERROR(__xludf.DUMMYFUNCTION("if(regexmatch($B15,""RR""),F15,"""")"),68.0) -> 68 | K15: =IFERROR(__xludf.DUMMYFUNCTION("if(regexmatch($B15,""DE""),concat(C15,E15),"""")"),"") | L15: =IFERROR(__xludf.DUMMYFUNCTION("if(regexmatch($B15,""DE""),D15,"""")"),"") | M15: =IFERROR(__xludf.DUMMYFUNCTION("if(regexmatch($B15,""DE""),concat(E15,C15),"""")"),"") | N15: =IFERROR(__xludf.DUMMYFUNCTION("if(regexmatch($B15,""DE""),F15,"""")"),"")
B16: =IFERROR(__xludf.DUMMYFUNCTION("""COMPUTED_VALUE"""),"RR2") -> RR2 | C16: =IFERROR(__xludf.DUMMYFUNCTION("""COMPUTED_VALUE"""),"North Hollywood B") -> North Hollywood B | D16: =IFERROR(__xludf.DUMMYFUNCTION("""COMPUTED_VALUE"""),54.0) -> 54 | E16: =IFERROR(__xludf.DUMMYFUNCTION("""COMPUTED_VALUE"""),"Oak Avenue") -> Oak Avenue | F16: =IFERROR(__xludf.DUMMYFUNCTION("""COMPUTED_VALUE"""),86.0) -> 86 | G16: =IFERROR(__xludf.DUMMYFUNCTION("if(regexmatch($B16,""RR""),concat(C16,E16),"""")"),"North Hollywood BOak Avenue") -> North Hollywood BOak Avenue | H16: =IFERROR(__xludf.DUMMYFUNCTION("if(regexmatch($B16,""RR""),D16,"""")"),54.0) -> 54 | I16: =IFERROR(__xludf.DUMMYFUNCTION("if(regexmatch($B16,""RR""),concat(E16,C16),"""")"),"Oak AvenueNorth Hollywood B") -> Oak AvenueNorth Hollywood B | J16: =IFERROR(__xludf.DUMMYFUNCTION("if(regexmatch($B16,""RR""),F16,"""")"),86.0) -> 86 | K16: =IFERROR(__xludf.DUMMYFUNCTION("if(regexmatch($B16,""DE""),concat(C16,E16),"""")"),"") | L16: =IFERROR(__xludf.DUMMYFUNCTION("if(regexmatch($B16,""DE""),D16,"""")"),"") | M16: =IFERROR(__xludf.DUMMYFUNCTION("if(regexmatch($B16,""DE""),concat(E16,C16),"""")"),"") | N16: =IFERROR(__xludf.DUMMYFUNCTION("if(regexmatch($B16,""DE""),F16,"""")"),"")
B17: =IFERROR(__xludf.DUMMYFUNCTION("""COMPUTED_VALUE"""),"RR3") -> RR3 | C17: =IFERROR(__xludf.DUMMYFUNCTION("""COMPUTED_VALUE"""),"Arcadia B") -> Arcadia B | D17: =IFERROR(__xludf.DUMMYFUNCTION("""COMPUTED_VALUE"""),104.0) -> 104 | E17: =IFERROR(__xludf.DUMMYFUNCTION("""COMPUTED_VALUE"""),"University") -> University | F17: =IFERROR(__xludf.DUMMYFUNCTION("""COMPUTED_VALUE"""),114.0) -> 114 | G17: =IFERROR(__xludf.DUMMYFUNCTION("if(regexmatch($B17,""RR""),concat(C17,E17),"""")"),"Arcadia BUniversity") -> Arcadia BUniversity | H17: =IFERROR(__xludf.DUMMYFUNCTION("if(regexmatch($B17,""RR""),D17,"""")"),104.0) -> 104 | I17: =IFERROR(__xludf.DUMMYFUNCTION("if(regexmatch($B17,""RR""),concat(E17,C17),"""")"),"UniversityArcadia B") -> UniversityArcadia B | J17: =IFERROR(__xludf.DUMMYFUNCTION("if(regexmatch($B17,""RR""),F17,"""")"),114.0) -> 114 | K17: =IFERROR(__xludf.DUMMYFUNCTION("if(regexmatch($B17,""DE""),concat(C17,E17),"""")"),"") | L17: =IFERROR(__xludf.DUMMYFUNCTION("if(regexmatch($B17,""DE""),D17,"""")"),"") | M17: =IFERROR(__xludf.DUMMYFUNCTION("if(regexmatch($B17,""DE""),concat(E17,C17),"""")"),"") | N17: =IFERROR(__xludf.DUMMYFUNCTION("if(regexmatch($B17,""DE""),F17,"""")"),"")
B18: =IFERROR(__xludf.DUMMYFUNCTION("""COMPUTED_VALUE"""),"RR4") -> RR4 | C18: =IFERROR(__xludf.DUMMYFUNCTION("""COMPUTED_VALUE"""),"Westview") -> Westview | D18: =IFERROR(__xludf.DUMMYFUNCTION("""COMPUTED_VALUE"""),48.0) -> 48 | E18: =IFERROR(__xludf.DUMMYFUNCTION("""COMPUTED_VALUE"""),"Canyon Crest B") -> Canyon Crest B | F18: =IFERROR(__xludf.DUMMYFUNCTION("""COMPUTED_VALUE"""),76.0) -> 76 | G18: =IFERROR(__xludf.DUMMYFUNCTION("if(regexmatch($B18,""RR""),concat(C18,E18),"""")"),"WestviewCanyon Crest B") -> WestviewCanyon Crest B | H18: =IFERROR(__xludf.DUMMYFUNCTION("if(regexmatch($B18,""RR""),D18,"""")"),48.0) -> 48 | I18: =IFERROR(__xludf.DUMMYFUNCTION("if(regexmatch($B18,""RR""),concat(E18,C18),"""")"),"Canyon Crest BWestview") -> Canyon Crest BWestview | J18: =IFERROR(__xludf.DUMMYFUNCTION("if(regexmatch($B18,""RR""),F18,"""")"),76.0) -> 76 | K18: =IFERROR(__xludf.DUMMYFUNCTION("if(regexmatch($B18,""DE""),concat(C18,E18),"""")"),"") | L18: =IFERROR(__xludf.DUMMYFUNCTION("if(regexmatch($B18,""DE""),D18,"""")"),"") | M18: =IFERROR(__xludf.DUMMYFUNCTION("if(regexmatch($B18,""DE""),concat(E18,C18),"""")"),"") | N18: =IFERROR(__xludf.DUMMYFUNCTION("if(regexmatch($B18,""DE""),F18,"""")"),"")
B19: =IFERROR(__xludf.DUMMYFUNCTION("""COMPUTED_VALUE"""),"RR5") -> RR5 | C19: =IFERROR(__xludf.DUMMYFUNCTION("""COMPUTED_VALUE"""),"Canyon Crest A") -> Canyon Crest A | D19: =IFERROR(__xludf.DUMMYFUNCTION("""COMPUTED_VALUE"""),170.0) -> 170 | E19: =IFERROR(__xludf.DUMMYFUNCTION("""COMPUTED_VALUE"""),"Beckman B") -> Beckman B | F19: =IFERROR(__xludf.DUMMYFUNCTION("""COMPUTED_VALUE"""),34.0) -> 34 | G19: =IFERROR(__xludf.DUMMYFUNCTION("if(regexmatch($B19,""RR""),concat(C19,E19),"""")"),"Canyon Crest ABeckman B") -> Canyon Crest ABeckman B | H19: =IFERROR(__xludf.DUMMYFUNCTION("if(regexmatch($B19,""RR""),D19,"""")"),170.0) -> 170 | I19: =IFERROR(__xludf.DUMMYFUNCTION("if(regexmatch($B19,""RR""),concat(E19,C19),"""")"),"Beckman BCanyon Crest A") -> Beckman BCanyon Crest A | J19: =IFERROR(__xludf.DUMMYFUNCTION("if(regexmatch($B19,""RR""),F19,"""")"),34.0) -> 34 | K19: =IFERROR(__xludf.DUMMYFUNCTION("if(regexmatch($B19,""DE""),concat(C19,E19),"""")"),"") | L19: =IFERROR(__xludf.DUMMYFUNCTION("if(regexmatch($B19,""DE""),D19,"""")"),"") | M19: =IFERROR(__xludf.DUMMYFUNCTION("if(regexmatch($B19,""DE""),concat(E19,C19),"""")"),"") | N19: =IFERROR(__xludf.DUMMYFUNCTION("if(regexmatch($B19,""DE""),F19,"""")"),"")
B20: =IFERROR(__xludf.DUMMYFUNCTION("""COMPUTED_VALUE"""),"DE1") -> DE1 | C20: =IFERROR(__xludf.DUMMYFUNCTION("""COMPUTED_VALUE"""),"[Select Team Name]") -> [Select Team Name] | D20: =IFERROR(__xludf.DUMMYFUNCTION("""COMPUTED_VALUE"""),0.0) -> 0 | E20: =IFERROR(__xludf.DUMMYFUNCTION("""COMPUTED_VALUE"""),"[Select Team Name]") -> [Select Team Name] | F20: =IFERROR(__xludf.DUMMYFUNCTION("""COMPUTED_VALUE"""),0.0) -> 0 | G20: =IFERROR(__xludf.DUMMYFUNCTION("if(regexmatch($B20,""RR""),concat(C20,E20),"""")"),"") | H20: =IFERROR(__xludf.DUMMYFUNCTION("if(regexmatch($B20,""RR""),D20,"""")"),"") | I20: =IFERROR(__xludf.DUMMYFUNCTION("if(regexmatch($B20,""RR""),concat(E20,C20),"""")"),"") | J20: =IFERROR(__xludf.DUMMYFUNCTION("if(regexmatch($B20,""RR""),F20,"""")"),"") | K20: =IFERROR(__xludf.DUMMYFUNCTION("if(regexmatch($B20,""DE""),concat(C20,E20),"""")"),"[Select Team Name][Select Team Name]") -> [Select Team Name][Select Team Name] | L20: =IFERROR(__xludf.DUMMYFUNCTION("if(regexmatch($B20,""DE""),D20,"""")"),0.0) -> 0 | M20: =IFERROR(__xludf.DUMMYFUNCTION("if(regexmatch($B20,""DE""),concat(E20,C20),"""")"),"[Select Team Name][Select Team Name]") -> [Select Team Name][Select Team Name] | N20: =IFERROR(__xludf.DUMMYFUNCTION("if(regexmatch($B20,""DE""),F20,"""")"),0.0) -> 0
B21: =IFERROR(__xludf.DUMMYFUNCTION("""COMPUTED_VALUE"""),"DE2") -> DE2 | C21: =IFERROR(__xludf.DUMMYFUNCTION("""COMPUTED_VALUE"""),"[Select Team Name]") -> [Select Team Name] | D21: =IFERROR(__xludf.DUMMYFUNCTION("""COMPUTED_VALUE"""),0.0) -> 0 | E21: =IFERROR(__xludf.DUMMYFUNCTION("""COMPUTED_VALUE"""),"[Select Team Name]") -> [Select Team Name] | F21: =IFERROR(__xludf.DUMMYFUNCTION("""COMPUTED_VALUE"""),0.0) -> 0 | G21: =IFERROR(__xludf.DUMMYFUNCTION("if(regexmatch($B21,""RR""),concat(C21,E21),"""")"),"") | H21: =IFERROR(__xludf.DUMMYFUNCTION("if(regexmatch($B21,""RR""),D21,"""")"),"") | I21: =IFERROR(__xludf.DUMMYFUNCTION("if(regexmatch($B21,""RR""),concat(E21,C21),"""")"),"") | J21: =IFERROR(__xludf.DUMMYFUNCTION("if(regexmatch($B21,""RR""),F21,"""")"),"") | K21: =IFERROR(__xludf.DUMMYFUNCTION("if(regexmatch($B21,""DE""),concat(C21,E21),"""")"),"[Select Team Name][Select Team Name]") -> [Select Team Name][Select Team Name] | L21: =IFERROR(__xludf.DUMMYFUNCTION("if(regexmatch($B21,""DE""),D21,"""")"),0.0) -> 0 | M21: =IFERROR(__xludf.DUMMYFUNCTION("if(regexmatch($B21,""DE""),concat(E21,C21),"""")"),"[Select Team Name][Select Team Name]") -> [Select Team Name][Select Team Name] | N21: =IFERROR(__xludf.DUMMYFUNCTION("if(regexmatch($B21,""DE""),F21,"""")"),0.0) -> 0
B22: =IFERROR(__xludf.DUMMYFUNCTION("""COMPUTED_VALUE"""),"DE3") -> DE3 | C22: =IFERROR(__xludf.DUMMYFUNCTION("""COMPUTED_VALUE"""),"[Select Team Name]") -> [Select Team Name] | D22: =IFERROR(__xludf.DUMMYFUNCTION("""COMPUTED_VALUE"""),0.0) -> 0 | E22: =IFERROR(__xludf.DUMMYFUNCTION("""COMPUTED_VALUE"""),"[Select Team Name]") -> [Select Team Name] | F22: =IFERROR(__xludf.DUMMYFUNCTION("""COMPUTED_VALUE"""),0.0) -> 0 | G22: =IFERROR(__xludf.DUMMYFUNCTION("if(regexmatch($B22,""RR""),concat(C22,E22),"""")"),"") | H22: =IFERROR(__xludf.DUMMYFUNCTION("if(regexmatch($B22,""RR""),D22,"""")"),"") | I22: =IFERROR(__xludf.DUMMYFUNCTION("if(regexmatch($B22,""RR""),concat(E22,C22),"""")"),"") | J22: =IFERROR(__xludf.DUMMYFUNCTION("if(regexmatch($B22,""RR""),F22,"""")"),"") | K22: =IFERROR(__xludf.DUMMYFUNCTION("if(regexmatch($B22,""DE""),concat(C22,E22),"""")"),"[Select Team Name][Select Team Name]") -> [Select Team Name][Select Team Name] | L22: =IFERROR(__xludf.DUMMYFUNCTION("if(regexmatch($B22,""DE""),D22,"""")"),0.0) -> 0 | M22: =IFERROR(__xludf.DUMMYFUNCTION("if(regexmatch($B22,""DE""),concat(E22,C22),"""")"),"[Select Team Name][Select Team Name]") -> [Select Team Name][Select Team Name] | N22: =IFERROR(__xludf.DUMMYFUNCTION("if(regexmatch($B22,""DE""),F22,"""")"),0.0) -> 0
B23: =IFERROR(__xludf.DUMMYFUNCTION("""COMPUTED_VALUE"""),"DE4") -> DE4 | C23: =IFERROR(__xludf.DUMMYFUNCTION("""COMPUTED_VALUE"""),"[Select Team Name]") -> [Select Team Name] | D23: =IFERROR(__xludf.DUMMYFUNCTION("""COMPUTED_VALUE"""),0.0) -> 0 | E23: =IFERROR(__xludf.DUMMYFUNCTION("""COMPUTED_VALUE"""),"[Select Team Name]") -> [Select Team Name] | F23: =IFERROR(__xludf.DUMMYFUNCTION("""COMPUTED_VALUE"""),0.0) -> 0 | G23: =IFERROR(__xludf.DUMMYFUNCTION("if(regexmatch($B23,""RR""),concat(C23,E23),"""")"),"") | H23: =IFERROR(__xludf.DUMMYFUNCTION("if(regexmatch($B23,""RR""),D23,"""")"),"") | I23: =IFERROR(__xludf.DUMMYFUNCTION("if(regexmatch($B23,""RR""),concat(E23,C23),"""")"),"") | J23: =IFERROR(__xludf.DUMMYFUNCTION("if(regexmatch($B23,""RR""),F23,"""")"),"") | K23: =IFERROR(__xludf.DUMMYFUNCTION("if(regexmatch($B23,""DE""),concat(C23,E23),"""")"),"[Select Team Name][Select Team Name]") -> [Select Team Name][Select Team Name] | L23: =IFERROR(__xludf.DUMMYFUNCTION("if(regexmatch($B23,""DE""),D23,"""")"),0.0) -> 0 | M23: =IFERROR(__xludf.DUMMYFUNCTION("if(regexmatch($B23,""DE""),concat(E23,C23),"""")"),"[Select Team Name][Select Team Name]") -> [Select Team Name][Select Team Name] | N23: =IFERROR(__xludf.DUMMYFUNCTION("if(regexmatch($B23,""DE""),F23,"""")"),0.0) -> 0
B24: =IFERROR(__xludf.DUMMYFUNCTION("""COMPUTED_VALUE"""),"DE5") -> DE5 | C24: =IFERROR(__xludf.DUMMYFUNCTION("""COMPUTED_VALUE"""),"[Select Team Name]") -> [Select Team Name] | D24: =IFERROR(__xludf.DUMMYFUNCTION("""COMPUTED_VALUE"""),0.0) -> 0 | E24: =IFERROR(__xludf.DUMMYFUNCTION("""COMPUTED_VALUE"""),"[Select Team Name]") -> [Select Team Name] | F24: =IFERROR(__xludf.DUMMYFUNCTION("""COMPUTED_VALUE"""),0.0) -> 0 | G24: =IFERROR(__xludf.DUMMYFUNCTION("if(regexmatch($B24,""RR""),concat(C24,E24),"""")"),"") | H24: =IFERROR(__xludf.DUMMYFUNCTION("if(regexmatch($B24,""RR""),D24,"""")"),"") | I24: =IFERROR(__xludf.DUMMYFUNCTION("if(regexmatch($B24,""RR""),concat(E24,C24),"""")"),"") | J24: =IFERROR(__xludf.DUMMYFUNCTION("if(regexmatch($B24,""RR""),F24,"""")"),"") | K24: =IFERROR(__xludf.DUMMYFUNCTION("if(regexmatch($B24,""DE""),concat(C24,E24),"""")"),"[Select Team Name][Select Team Name]") -> [Select Team Name][Select Team Name] | L24: =IFERROR(__xludf.DUMMYFUNCTION("if(regexmatch($B24,""DE""),D24,"""")"),0.0) -> 0 | M24: =IFERROR(__xludf.DUMMYFUNCTION("if(regexmatch($B24,""DE""),concat(E24,C24),"""")"),"[Select Team Name][Select Team Name]") -> [Select Team Name][Select Team Name] | N24: =IFERROR(__xludf.DUMMYFUNCTION("if(regexmatch($B24,""DE""),F24,"""")"),0.0) -> 0
B25: =IFERROR(__xludf.DUMMYFUNCTION("""COMPUTED_VALUE"""),"DE6") -> DE6 | C25: =IFERROR(__xludf.DUMMYFUNCTION("""COMPUTED_VALUE"""),"[Select Team Name]") -> [Select Team Name] | D25: =IFERROR(__xludf.DUMMYFUNCTION("""COMPUTED_VALUE"""),0.0) -> 0 | E25: =IFERROR(__xludf.DUMMYFUNCTION("""COMPUTED_VALUE"""),"[Select Team Name]") -> [Select Team Name] | F25: =IFERROR(__xludf.DUMMYFUNCTION("""COMPUTED_VALUE"""),0.0) -> 0 | G25: =IFERROR(__xludf.DUMMYFUNCTION("if(regexmatch($B25,""RR""),concat(C25,E25),"""")"),"") | H25: =IFERROR(__xludf.DUMMYFUNCTION("if(regexmatch($B25,""RR""),D25,"""")"),"") | I25: =IFERROR(__xludf.DUMMYFUNCTION("if(regexmatch($B25,""RR""),concat(E25,C25),"""")"),"") | J25: =IFERROR(__xludf.DUMMYFUNCTION("if(regexmatch($B25,""RR""),F25,"""")"),"") | K25: =IFERROR(__xludf.DUMMYFUNCTION("if(regexmatch($B25,""DE""),concat(C25,E25),"""")"),"[Select Team Name][Select Team Name]") -> [Select Team Name][Select Team Name] | L25: =IFERROR(__xludf.DUMMYFUNCTION("if(regexmatch($B25,""DE""),D25,"""")"),0.0) -> 0 | M25: =IFERROR(__xludf.DUMMYFUNCTION("if(regexmatch($B25,""DE""),concat(E25,C25),"""")"),"[Select Team Name][Select Team Name]") -> [Select Team Name][Select Team Name] | N25: =IFERROR(__xludf.DUMMYFUNCTION("if(regexmatch($B25,""DE""),F25,"""")"),0.0) -> 0
B26: =IFERROR(__xludf.DUMMYFUNCTION("""COMPUTED_VALUE"""),"DE7") -> DE7 | C26: =IFERROR(__xludf.DUMMYFUNCTION("""COMPUTED_VALUE"""),"[Select Team Name]") -> [Select Team Name] | D26: =IFERROR(__xludf.DUMMYFUNCTION("""COMPUTED_VALUE"""),0.0) -> 0 | E26: =IFERROR(__xludf.DUMMYFUNCTION("""COMPUTED_VALUE"""),"[Select Team Name]") -> [Select Team Name] | F26: =IFERROR(__xludf.DUMMYFUNCTION("""COMPUTED_VALUE"""),0.0) -> 0 | G26: =IFERROR(__xludf.DUMMYFUNCTION("if(regexmatch($B26,""RR""),concat(C26,E26),"""")"),"") | H26: =IFERROR(__xludf.DUMMYFUNCTION("if(regexmatch($B26,""RR""),D26,"""")"),"") | I26: =IFERROR(__xludf.DUMMYFUNCTION("if(regexmatch($B26,""RR""),concat(E26,C26),"""")"),"") | J26: =IFERROR(__xludf.DUMMYFUNCTION("if(regexmatch($B26,""RR""),F26,"""")"),"") | K26: =IFERROR(__xludf.DUMMYFUNCTION("if(regexmatch($B26,""DE""),concat(C26,E26),"""")"),"[Select Team Name][Select Team Name]") -> [Select Team Name][Select Team Name] | L26: =IFERROR(__xludf.DUMMYFUNCTION("if(regexmatch($B26,""DE""),D26,"""")"),0.0) -> 0 | M26: =IFERROR(__xludf.DUMMYFUNCTION("if(regexmatch($B26,""DE""),concat(E26,C26),"""")"),"[Select Team Name][Select Team Name]") -> [Select Team Name][Select Team Name] | N26: =IFERROR(__xludf.DUMMYFUNCTION("if(regexmatch($B26,""DE""),F26,"""")"),0.0) -> 0
B27: =IFERROR(__xludf.DUMMYFUNCTION("""COMPUTED_VALUE"""),"DE8") -> DE8 | C27: =IFERROR(__xludf.DUMMYFUNCTION("""COMPUTED_VALUE"""),"[Select Team Name]") -> [Select Team Name] | D27: =IFERROR(__xludf.DUMMYFUNCTION("""COMPUTED_VALUE"""),0.0) -> 0 | E27: =IFERROR(__xludf.DUMMYFUNCTION("""COMPUTED_VALUE"""),"[Select Team Name]") -> [Select Team Name] | F27: =IFERROR(__xludf.DUMMYFUNCTION("""COMPUTED_VALUE"""),0.0) -> 0 | G27: =IFERROR(__xludf.DUMMYFUNCTION("if(regexmatch($B27,""RR""),concat(C27,E27),"""")"),"") | H27: =IFERROR(__xludf.DUMMYFUNCTION("if(regexmatch($B27,""RR""),D27,"""")"),"") | I27: =IFERROR(__xludf.DUMMYFUNCTION("if(regexmatch($B27,""RR""),concat(E27,C27),"""")"),"") | J27: =IFERROR(__xludf.DUMMYFUNCTION("if(regexmatch($B27,""RR""),F27,"""")"),"") | K27: =IFERROR(__xludf.DUMMYFUNCTION("if(regexmatch($B27,""DE""),concat(C27,E27),"""")"),"[Select Team Name][Select Team Name]") -> [Select Team Name][Select Team Name] | L27: =IFERROR(__xludf.DUMMYFUNCTION("if(regexmatch($B27,""DE""),D27,"""")"),0.0) -> 0 | M27: =IFERROR(__xludf.DUMMYFUNCTION("if(regexmatch($B27,""DE""),concat(E27,C27),"""")"),"[Select Team Name][Select Team Name]") -> [Select Team Name][Select Team Name] | N27: =IFERROR(__xludf.DUMMYFUNCTION("if(regexmatch($B27,""DE""),F27,"""")"),0.0) -> 0
B28: =IFERROR(__xludf.DUMMYFUNCTION("""COMPUTED_VALUE"""),"DE9") -> DE9 | C28: =IFERROR(__xludf.DUMMYFUNCTION("""COMPUTED_VALUE"""),"[Select Team Name]") -> [Select Team Name] | D28: =IFERROR(__xludf.DUMMYFUNCTION("""COMPUTED_VALUE"""),0.0) -> 0 | E28: =IFERROR(__xludf.DUMMYFUNCTION("""COMPUTED_VALUE"""),"[Select Team Name]") -> [Select Team Name] | F28: =IFERROR(__xludf.DUMMYFUNCTION("""COMPUTED_VALUE"""),0.0) -> 0 | G28: =IFERROR(__xludf.DUMMYFUNCTION("if(regexmatch($B28,""RR""),concat(C28,E28),"""")"),"") | H28: =IFERROR(__xludf.DUMMYFUNCTION("if(regexmatch($B28,""RR""),D28,"""")"),"") | I28: =IFERROR(__xludf.DUMMYFUNCTION("if(regexmatch($B28,""RR""),concat(E28,C28),"""")"),"") | J28: =IFERROR(__xludf.DUMMYFUNCTION("if(regexmatch($B28,""RR""),F28,"""")"),"") | K28: =IFERROR(__xludf.DUMMYFUNCTION("if(regexmatch($B28,""DE""),concat(C28,E28),"""")"),"[Select Team Name][Select Team Name]") -> [Select Team Name][Select Team Name] | L28: =IFERROR(__xludf.DUMMYFUNCTION("if(regexmatch($B28,""DE""),D28,"""")"),0.0) -> 0 | M28: =IFERROR(__xludf.DUMMYFUNCTION("if(regexmatch($B28,""DE""),concat(E28,C28),"""")"),"[Select Team Name][Select Team Name]") -> [Select Team Name][Select Team Name] | N28: =IFERROR(__xludf.DUMMYFUNCTION("if(regexmatch($B28,""DE""),F28,"""")"),0.0) -> 0
B29: =IFERROR(__xludf.DUMMYFUNCTION("importrange(""https://docs.google.com/spreadsheets/d/1v3Plj3RjU3BJi7RhvJ9zd-0BmodIVTY64rszllWMLxo/edit?gid=0#gid=0"",""Scores!A2:E15"")"),"RR1") -> RR1 | C29: =IFERROR(__xludf.DUMMYFUNCTION("""COMPUTED_VALUE"""),"Westview") -> Westview | D29: =IFERROR(__xludf.DUMMYFUNCTION("""COMPUTED_VALUE"""),60.0) -> 60 | E29: =IFERROR(__xludf.DUMMYFUNCTION("""COMPUTED_VALUE"""),"Sci Acad B") -> Sci Acad B | F29: =IFERROR(__xludf.DUMMYFUNCTION("""COMPUTED_VALUE"""),86.0) -> 86 | G29: =IFERROR(__xludf.DUMMYFUNCTION("if(regexmatch($B29,""RR""),concat(C29,E29),"""")"),"WestviewSci Acad B") -> WestviewSci Acad B | H29: =IFERROR(__xludf.DUMMYFUNCTION("if(regexmatch($B29,""RR""),D29,"""")"),60.0) -> 60 | I29: =IFERROR(__xludf.DUMMYFUNCTION("if(regexmatch($B29,""RR""),concat(E29,C29),"""")"),"Sci Acad BWestview") -> Sci Acad BWestview | J29: =IFERROR(__xludf.DUMMYFUNCTION("if(regexmatch($B29,""RR""),F29,"""")"),86.0) -> 86 | K29: =IFERROR(__xludf.DUMMYFUNCTION("if(regexmatch($B29,""DE""),concat(C29,E29),"""")"),"") | L29: =IFERROR(__xludf.DUMMYFUNCTION("if(regexmatch($B29,""DE""),D29,"""")"),"") | M29: =IFERROR(__xludf.DUMMYFUNCTION("if(regexmatch($B29,""DE""),concat(E29,C29),"""")"),"") | N29: =IFERROR(__xludf.DUMMYFUNCTION("if(regexmatch($B29,""DE""),F29,"""")"),"")
B30: =IFERROR(__xludf.DUMMYFUNCTION("""COMPUTED_VALUE"""),"RR2") -> RR2 | C30: =IFERROR(__xludf.DUMMYFUNCTION("""COMPUTED_VALUE"""),"Temple City A") -> Temple City A | D30: =IFERROR(__xludf.DUMMYFUNCTION("""COMPUTED_VALUE"""),68.0) -> 68 | E30: =IFERROR(__xludf.DUMMYFUNCTION("""COMPUTED_VALUE"""),"Venice A") -> Venice A | F30: =IFERROR(__xludf.DUMMYFUNCTION("""COMPUTED_VALUE"""),156.0) -> 156 | G30: =IFERROR(__xludf.DUMMYFUNCTION("if(regexmatch($B30,""RR""),concat(C30,E30),"""")"),"Temple City AVenice A") -> Temple City AVenice A | H30: =IFERROR(__xludf.DUMMYFUNCTION("if(regexmatch($B30,""RR""),D30,"""")"),68.0) -> 68 | I30: =IFERROR(__xludf.DUMMYFUNCTION("if(regexmatch($B30,""RR""),concat(E30,C30),"""")"),"Venice ATemple City A") -> Venice ATemple City A | J30: =IFERROR(__xludf.DUMMYFUNCTION("if(regexmatch($B30,""RR""),F30,"""")"),156.0) -> 156 | K30: =IFERROR(__xludf.DUMMYFUNCTION("if(regexmatch($B30,""DE""),concat(C30,E30),"""")"),"") | L30: =IFERROR(__xludf.DUMMYFUNCTION("if(regexmatch($B30,""DE""),D30,"""")"),"") | M30: =IFERROR(__xludf.DUMMYFUNCTION("if(regexmatch($B30,""DE""),concat(E30,C30),"""")"),"") | N30: =IFERROR(__xludf.DUMMYFUNCTION("if(regexmatch($B30,""DE""),F30,"""")"),"")
B31: =IFERROR(__xludf.DUMMYFUNCTION("""COMPUTED_VALUE"""),"RR3") -> RR3 | C31: =IFERROR(__xludf.DUMMYFUNCTION("""COMPUTED_VALUE"""),"Beckman B") -> Beckman B | D31: =IFERROR(__xludf.DUMMYFUNCTION("""COMPUTED_VALUE"""),44.0) -> 44 | E31: =IFERROR(__xludf.DUMMYFUNCTION("""COMPUTED_VALUE"""),"North Hollywood B") -> North Hollywood B | F31: =IFERROR(__xludf.DUMMYFUNCTION("""COMPUTED_VALUE"""),102.0) -> 102 | G31: =IFERROR(__xludf.DUMMYFUNCTION("if(regexmatch($B31,""RR""),concat(C31,E31),"""")"),"Beckman BNorth Hollywood B") -> Beckman BNorth Hollywood B | H31: =IFERROR(__xludf.DUMMYFUNCTION("if(regexmatch($B31,""RR""),D31,"""")"),44.0) -> 44 | I31: =IFERROR(__xludf.DUMMYFUNCTION("if(regexmatch($B31,""RR""),concat(E31,C31),"""")"),"North Hollywood BBeckman B") -> North Hollywood BBeckman B | J31: =IFERROR(__xludf.DUMMYFUNCTION("if(regexmatch($B31,""RR""),F31,"""")"),102.0) -> 102 | K31: =IFERROR(__xludf.DUMMYFUNCTION("if(regexmatch($B31,""DE""),concat(C31,E31),"""")"),"") | L31: =IFERROR(__xludf.DUMMYFUNCTION("if(regexmatch($B31,""DE""),D31,"""")"),"") | M31: =IFERROR(__xludf.DUMMYFUNCTION("if(regexmatch($B31,""DE""),concat(E31,C31),"""")"),"") | N31: =IFERROR(__xludf.DUMMYFUNCTION("if(regexmatch($B31,""DE""),F31,"""")"),"")
B32: =IFERROR(__xludf.DUMMYFUNCTION("""COMPUTED_VALUE"""),"RR4") -> RR4 | C32: =IFERROR(__xludf.DUMMYFUNCTION("""COMPUTED_VALUE"""),"OCSA") -> OCSA | D32: =IFERROR(__xludf.DUMMYFUNCTION("""COMPUTED_VALUE"""),44.0) -> 44 | E32: =IFERROR(__xludf.DUMMYFUNCTION("""COMPUTED_VALUE"""),"North Hollywood A") -> North Hollywood A | F32: =IFERROR(__xludf.DUMMYFUNCTION("""COMPUTED_VALUE"""),176.0) -> 176 | G32: =IFERROR(__xludf.DUMMYFUNCTION("if(regexmatch($B32,""RR""),concat(C32,E32),"""")"),"OCSANorth Hollywood A") -> OCSANorth Hollywood A | H32: =IFERROR(__xludf.DUMMYFUNCTION("if(regexmatch($B32,""RR""),D32,"""")"),44.0) -> 44 | I32: =IFERROR(__xludf.DUMMYFUNCTION("if(regexmatch($B32,""RR""),concat(E32,C32),"""")"),"North Hollywood AOCSA") -> North Hollywood AOCSA | J32: =IFERROR(__xludf.DUMMYFUNCTION("if(regexmatch($B32,""RR""),F32,"""")"),176.0) -> 176 | K32: =IFERROR(__xludf.DUMMYFUNCTION("if(regexmatch($B32,""DE""),concat(C32,E32),"""")"),"") | L32: =IFERROR(__xludf.DUMMYFUNCTION("if(regexmatch($B32,""DE""),D32,"""")"),"") | M32: =IFERROR(__xludf.DUMMYFUNCTION("if(regexmatch($B32,""DE""),concat(E32,C32),"""")"),"") | N32: =IFERROR(__xludf.DUMMYFUNCTION("if(regexmatch($B32,""DE""),F32,"""")"),"")
B33: =IFERROR(__xludf.DUMMYFUNCTION("""COMPUTED_VALUE"""),"RR5") -> RR5 | C33: =IFERROR(__xludf.DUMMYFUNCTION("""COMPUTED_VALUE"""),"University") -> University | D33: =IFERROR(__xludf.DUMMYFUNCTION("""COMPUTED_VALUE"""),146.0) -> 146 | E33: =IFERROR(__xludf.DUMMYFUNCTION("""COMPUTED_VALUE"""),"Venice A") -> Venice A | F33: =IFERROR(__xludf.DUMMYFUNCTION("""COMPUTED_VALUE"""),100.0) -> 100 | G33: =IFERROR(__xludf.DUMMYFUNCTION("if(regexmatch($B33,""RR""),concat(C33,E33),"""")"),"UniversityVenice A") -> UniversityVenice A | H33: =IFERROR(__xludf.DUMMYFUNCTION("if(regexmatch($B33,""RR""),D33,"""")"),146.0) -> 146 | I33: =IFERROR(__xludf.DUMMYFUNCTION("if(regexmatch($B33,""RR""),concat(E33,C33),"""")"),"Venice AUniversity") -> Venice AUniversity | J33: =IFERROR(__xludf.DUMMYFUNCTION("if(regexmatch($B33,""RR""),F33,"""")"),100.0) -> 100 | K33: =IFERROR(__xludf.DUMMYFUNCTION("if(regexmatch($B33,""DE""),concat(C33,E33),"""")"),"") | L33: =IFERROR(__xludf.DUMMYFUNCTION("if(regexmatch($B33,""DE""),D33,"""")"),"") | M33: =IFERROR(__xludf.DUMMYFUNCTION("if(regexmatch($B33,""DE""),concat(E33,C33),"""")"),"") | N33: =IFERROR(__xludf.DUMMYFUNCTION("if(regexmatch($B33,""DE""),F33,"""")"),"")
B34: =IFERROR(__xludf.DUMMYFUNCTION("""COMPUTED_VALUE"""),"DE1") -> DE1 | C34: =IFERROR(__xludf.DUMMYFUNCTION("""COMPUTED_VALUE"""),"OCSA") -> OCSA | D34: =IFERROR(__xludf.DUMMYFUNCTION("""COMPUTED_VALUE"""),62.0) -> 62 | E34: =IFERROR(__xludf.DUMMYFUNCTION("""COMPUTED_VALUE"""),"Troy") -> Troy | F34: =IFERROR(__xludf.DUMMYFUNCTION("""COMPUTED_VALUE"""),148.0) -> 148 | G34: =IFERROR(__xludf.DUMMYFUNCTION("if(regexmatch($B34,""RR""),concat(C34,E34),"""")"),"") | H34: =IFERROR(__xludf.DUMMYFUNCTION("if(regexmatch($B34,""RR""),D34,"""")"),"") | I34: =IFERROR(__xludf.DUMMYFUNCTION("if(regexmatch($B34,""RR""),concat(E34,C34),"""")"),"") | J34: =IFERROR(__xludf.DUMMYFUNCTION("if(regexmatch($B34,""RR""),F34,"""")"),"") | K34: =IFERROR(__xludf.DUMMYFUNCTION("if(regexmatch($B34,""DE""),concat(C34,E34),"""")"),"OCSATroy") -> OCSATroy | L34: =IFERROR(__xludf.DUMMYFUNCTION("if(regexmatch($B34,""DE""),D34,"""")"),62.0) -> 62 | M34: =IFERROR(__xludf.DUMMYFUNCTION("if(regexmatch($B34,""DE""),concat(E34,C34),"""")"),"TroyOCSA") -> TroyOCSA | N34: =IFERROR(__xludf.DUMMYFUNCTION("if(regexmatch($B34,""DE""),F34,"""")"),148.0) -> 148
B35: =IFERROR(__xludf.DUMMYFUNCTION("""COMPUTED_VALUE"""),"DE2") -> DE2 | C35: =IFERROR(__xludf.DUMMYFUNCTION("""COMPUTED_VALUE"""),"Granada Hills A") -> Granada Hills A | D35: =IFERROR(__xludf.DUMMYFUNCTION("""COMPUTED_VALUE"""),32.0) -> 32 | E35: =IFERROR(__xludf.DUMMYFUNCTION("""COMPUTED_VALUE"""),"Portola") -> Portola | F35: =IFERROR(__xludf.DUMMYFUNCTION("""COMPUTED_VALUE"""),96.0) -> 96 | G35: =IFERROR(__xludf.DUMMYFUNCTION("if(regexmatch($B35,""RR""),concat(C35,E35),"""")"),"") | H35: =IFERROR(__xludf.DUMMYFUNCTION("if(regexmatch($B35,""RR""),D35,"""")"),"") | I35: =IFERROR(__xludf.DUMMYFUNCTION("if(regexmatch($B35,""RR""),concat(E35,C35),"""")"),"") | J35: =IFERROR(__xludf.DUMMYFUNCTION("if(regexmatch($B35,""RR""),F35,"""")"),"") | K35: =IFERROR(__xludf.DUMMYFUNCTION("if(regexmatch($B35,""DE""),concat(C35,E35),"""")"),"Granada Hills APortola") -> Granada Hills APortola | L35: =IFERROR(__xludf.DUMMYFUNCTION("if(regexmatch($B35,""DE""),D35,"""")"),32.0) -> 32 | M35: =IFERROR(__xludf.DUMMYFUNCTION("if(regexmatch($B35,""DE""),concat(E35,C35),"""")"),"PortolaGranada Hills A") -> PortolaGranada Hills A | N35: =IFERROR(__xludf.DUMMYFUNCTION("if(regexmatch($B35,""DE""),F35,"""")"),96.0) -> 96
B36: =IFERROR(__xludf.DUMMYFUNCTION("""COMPUTED_VALUE"""),"DE3") -> DE3 | C36: =IFERROR(__xludf.DUMMYFUNCTION("""COMPUTED_VALUE"""),"OCSA") -> OCSA | D36: =IFERROR(__xludf.DUMMYFUNCTION("""COMPUTED_VALUE"""),20.0) -> 20 | E36: =IFERROR(__xludf.DUMMYFUNCTION("""COMPUTED_VALUE"""),"Portola") -> Portola | F36: =IFERROR(__xludf.DUMMYFUNCTION("""COMPUTED_VALUE"""),106.0) -> 106 | G36: =IFERROR(__xludf.DUMMYFUNCTION("if(regexmatch($B36,""RR""),concat(C36,E36),"""")"),"") | H36: =IFERROR(__xludf.DUMMYFUNCTION("if(regexmatch($B36,""RR""),D36,"""")"),"") | I36: =IFERROR(__xludf.DUMMYFUNCTION("if(regexmatch($B36,""RR""),concat(E36,C36),"""")"),"") | J36: =IFERROR(__xludf.DUMMYFUNCTION("if(regexmatch($B36,""RR""),F36,"""")"),"") | K36: =IFERROR(__xludf.DUMMYFUNCTION("if(regexmatch($B36,""DE""),concat(C36,E36),"""")"),"OCSAPortola") -> OCSAPortola | L36: =IFERROR(__xludf.DUMMYFUNCTION("if(regexmatch($B36,""DE""),D36,"""")"),20.0) -> 20 | M36: =IFERROR(__xludf.DUMMYFUNCTION("if(regexmatch($B36,""DE""),concat(E36,C36),"""")"),"PortolaOCSA") -> PortolaOCSA | N36: =IFERROR(__xludf.DUMMYFUNCTION("if(regexmatch($B36,""DE""),F36,"""")"),106.0) -> 106
B37: =IFERROR(__xludf.DUMMYFUNCTION("""COMPUTED_VALUE"""),"DE4") -> DE4 | C37: =IFERROR(__xludf.DUMMYFUNCTION("""COMPUTED_VALUE"""),"Venice A") -> Venice A | D37: =IFERROR(__xludf.DUMMYFUNCTION("""COMPUTED_VALUE"""),50.0) -> 50 | E37: =IFERROR(__xludf.DUMMYFUNCTION("""COMPUTED_VALUE"""),"Sci Acad A") -> Sci Acad A | F37: =IFERROR(__xludf.DUMMYFUNCTION("""COMPUTED_VALUE"""),60.0) -> 60 | G37: =IFERROR(__xludf.DUMMYFUNCTION("if(regexmatch($B37,""RR""),concat(C37,E37),"""")"),"") | H37: =IFERROR(__xludf.DUMMYFUNCTION("if(regexmatch($B37,""RR""),D37,"""")"),"") | I37: =IFERROR(__xludf.DUMMYFUNCTION("if(regexmatch($B37,""RR""),concat(E37,C37),"""")"),"") | J37: =IFERROR(__xludf.DUMMYFUNCTION("if(regexmatch($B37,""RR""),F37,"""")"),"") | K37: =IFERROR(__xludf.DUMMYFUNCTION("if(regexmatch($B37,""DE""),concat(C37,E37),"""")"),"Venice ASci Acad A") -> Venice ASci Acad A | L37: =IFERROR(__xludf.DUMMYFUNCTION("if(regexmatch($B37,""DE""),D37,"""")"),50.0) -> 50 | M37: =IFERROR(__xludf.DUMMYFUNCTION("if(regexmatch($B37,""DE""),concat(E37,C37),"""")"),"Sci Acad AVenice A") -> Sci Acad AVenice A | N37: =IFERROR(__xludf.DUMMYFUNCTION("if(regexmatch($B37,""DE""),F37,"""")"),60.0) -> 60
B38: =IFERROR(__xludf.DUMMYFUNCTION("""COMPUTED_VALUE"""),"DE5") -> DE5 | C38: =IFERROR(__xludf.DUMMYFUNCTION("""COMPUTED_VALUE"""),"Canyon Crest A") -> Canyon Crest A | D38: =IFERROR(__xludf.DUMMYFUNCTION("""COMPUTED_VALUE"""),42.0) -> 42 | E38: =IFERROR(__xludf.DUMMYFUNCTION("""COMPUTED_VALUE"""),"North Hollywood A") -> North Hollywood A | F38: =IFERROR(__xludf.DUMMYFUNCTION("""COMPUTED_VALUE"""),88.0) -> 88 | G38: =IFERROR(__xludf.DUMMYFUNCTION("if(regexmatch($B38,""RR""),concat(C38,E38),"""")"),"") | H38: =IFERROR(__xludf.DUMMYFUNCTION("if(regexmatch($B38,""RR""),D38,"""")"),"") | I38: =IFERROR(__xludf.DUMMYFUNCTION("if(regexmatch($B38,""RR""),concat(E38,C38),"""")"),"") | J38: =IFERROR(__xludf.DUMMYFUNCTION("if(regexmatch($B38,""RR""),F38,"""")"),"") | K38: =IFERROR(__xludf.DUMMYFUNCTION("if(regexmatch($B38,""DE""),concat(C38,E38),"""")"),"Canyon Crest ANorth Hollywood A") -> Canyon Crest ANorth Hollywood A | L38: =IFERROR(__xludf.DUMMYFUNCTION("if(regexmatch($B38,""DE""),D38,"""")"),42.0) -> 42 | M38: =IFERROR(__xludf.DUMMYFUNCTION("if(regexmatch($B38,""DE""),concat(E38,C38),"""")"),"North Hollywood ACanyon Crest A") -> North Hollywood ACanyon Crest A | N38: =IFERROR(__xludf.DUMMYFUNCTION("if(regexmatch($B38,""DE""),F38,"""")"),88.0) -> 88
B39: =IFERROR(__xludf.DUMMYFUNCTION("""COMPUTED_VALUE"""),"DE6") -> DE6 | C39: =IFERROR(__xludf.DUMMYFUNCTION("""COMPUTED_VALUE"""),"[Select Team Name]") -> [Select Team Name] | D39: =IFERROR(__xludf.DUMMYFUNCTION("""COMPUTED_VALUE"""),0.0) -> 0 | E39: =IFERROR(__xludf.DUMMYFUNCTION("""COMPUTED_VALUE"""),"[Select Team Name]") -> [Select Team Name] | F39: =IFERROR(__xludf.DUMMYFUNCTION("""COMPUTED_VALUE"""),0.0) -> 0 | G39: =IFERROR(__xludf.DUMMYFUNCTION("if(regexmatch($B39,""RR""),concat(C39,E39),"""")"),"") | H39: =IFERROR(__xludf.DUMMYFUNCTION("if(regexmatch($B39,""RR""),D39,"""")"),"") | I39: =IFERROR(__xludf.DUMMYFUNCTION("if(regexmatch($B39,""RR""),concat(E39,C39),"""")"),"") | J39: =IFERROR(__xludf.DUMMYFUNCTION("if(regexmatch($B39,""RR""),F39,"""")"),"") | K39: =IFERROR(__xludf.DUMMYFUNCTION("if(regexmatch($B39,""DE""),concat(C39,E39),"""")"),"[Select Team Name][Select Team Name]") -> [Select Team Name][Select Team Name] | L39: =IFERROR(__xludf.DUMMYFUNCTION("if(regexmatch($B39,""DE""),D39,"""")"),0.0) -> 0 | M39: =IFERROR(__xludf.DUMMYFUNCTION("if(regexmatch($B39,""DE""),concat(E39,C39),"""")"),"[Select Team Name][Select Team Name]") -> [Select Team Name][Select Team Name] | N39: =IFERROR(__xludf.DUMMYFUNCTION("if(regexmatch($B39,""DE""),F39,"""")"),0.0) -> 0
B40: =IFERROR(__xludf.DUMMYFUNCTION("""COMPUTED_VALUE"""),"DE7") -> DE7 | C40: =IFERROR(__xludf.DUMMYFUNCTION("""COMPUTED_VALUE"""),"[Select Team Name]") -> [Select Team Name] | D40: =IFERROR(__xludf.DUMMYFUNCTION("""COMPUTED_VALUE"""),0.0) -> 0 | E40: =IFERROR(__xludf.DUMMYFUNCTION("""COMPUTED_VALUE"""),"[Select Team Name]") -> [Select Team Name] | F40: =IFERROR(__xludf.DUMMYFUNCTION("""COMPUTED_VALUE"""),0.0) -> 0 | G40: =IFERROR(__xludf.DUMMYFUNCTION("if(regexmatch($B40,""RR""),concat(C40,E40),"""")"),"") | H40: =IFERROR(__xludf.DUMMYFUNCTION("if(regexmatch($B40,""RR""),D40,"""")"),"") | I40: =IFERROR(__xludf.DUMMYFUNCTION("if(regexmatch($B40,""RR""),concat(E40,C40),"""")"),"") | J40: =IFERROR(__xludf.DUMMYFUNCTION("if(regexmatch($B40,""RR""),F40,"""")"),"") | K40: =IFERROR(__xludf.DUMMYFUNCTION("if(regexmatch($B40,""DE""),concat(C40,E40),"""")"),"[Select Team Name][Select Team Name]") -> [Select Team Name][Select Team Name] | L40: =IFERROR(__xludf.DUMMYFUNCTION("if(regexmatch($B40,""DE""),D40,"""")"),0.0) -> 0 | M40: =IFERROR(__xludf.DUMMYFUNCTION("if(regexmatch($B40,""DE""),concat(E40,C40),"""")"),"[Select Team Name][Select Team Name]") -> [Select Team Name][Select Team Name] | N40: =IFERROR(__xludf.DUMMYFUNCTION("if(regexmatch($B40,""DE""),F40,"""")"),0.0) -> 0
B41: =IFERROR(__xludf.DUMMYFUNCTION("""COMPUTED_VALUE"""),"DE8") -> DE8 | C41: =IFERROR(__xludf.DUMMYFUNCTION("""COMPUTED_VALUE"""),"[Select Team Name]") -> [Select Team Name] | D41: =IFERROR(__xludf.DUMMYFUNCTION("""COMPUTED_VALUE"""),0.0) -> 0 | E41: =IFERROR(__xludf.DUMMYFUNCTION("""COMPUTED_VALUE"""),"[Select Team Name]") -> [Select Team Name] | F41: =IFERROR(__xludf.DUMMYFUNCTION("""COMPUTED_VALUE"""),0.0) -> 0 | G41: =IFERROR(__xludf.DUMMYFUNCTION("if(regexmatch($B41,""RR""),concat(C41,E41),"""")"),"") | H41: =IFERROR(__xludf.DUMMYFUNCTION("if(regexmatch($B41,""RR""),D41,"""")"),"") | I41: =IFERROR(__xludf.DUMMYFUNCTION("if(regexmatch($B41,""RR""),concat(E41,C41),"""")"),"") | J41: =IFERROR(__xludf.DUMMYFUNCTION("if(regexmatch($B41,""RR""),F41,"""")"),"") | K41: =IFERROR(__xludf.DUMMYFUNCTION("if(regexmatch($B41,""DE""),concat(C41,E41),"""")"),"[Select Team Name][Select Team Name]") -> [Select Team Name][Select Team Name] | L41: =IFERROR(__xludf.DUMMYFUNCTION("if(regexmatch($B41,""DE""),D41,"""")"),0.0) -> 0 | M41: =IFERROR(__xludf.DUMMYFUNCTION("if(regexmatch($B41,""DE""),concat(E41,C41),"""")"),"[Select Team Name][Select Team Name]") -> [Select Team Name][Select Team Name] | N41: =IFERROR(__xludf.DUMMYFUNCTION("if(regexmatch($B41,""DE""),F41,"""")"),0.0) -> 0
B42: =IFERROR(__xludf.DUMMYFUNCTION("""COMPUTED_VALUE"""),"DE9") -> DE9 | C42: =IFERROR(__xludf.DUMMYFUNCTION("""COMPUTED_VALUE"""),"[Select Team Name]") -> [Select Team Name] | D42: =IFERROR(__xludf.DUMMYFUNCTION("""COMPUTED_VALUE"""),0.0) -> 0 | E42: =IFERROR(__xludf.DUMMYFUNCTION("""COMPUTED_VALUE"""),"[Select Team Name]") -> [Select Team Name] | F42: =IFERROR(__xludf.DUMMYFUNCTION("""COMPUTED_VALUE"""),0.0) -> 0 | G42: =IFERROR(__xludf.DUMMYFUNCTION("if(regexmatch($B42,""RR""),concat(C42,E42),"""")"),"") | H42: =IFERROR(__xludf.DUMMYFUNCTION("if(regexmatch($B42,""RR""),D42,"""")"),"") | I42: =IFERROR(__xludf.DUMMYFUNCTION("if(regexmatch($B42,""RR""),concat(E42,C42),"""")"),"") | J42: =IFERROR(__xludf.DUMMYFUNCTION("if(regexmatch($B42,""RR""),F42,"""")"),"") | K42: =IFERROR(__xludf.DUMMYFUNCTION("if(regexmatch($B42,""DE""),concat(C42,E42),"""")"),"[Select Team Name][Select Team Name]") -> [Select Team Name][Select Team Name] | L42: =IFERROR(__xludf.DUMMYFUNCTION("if(regexmatch($B42,""DE""),D42,"""")"),0.0) -> 0 | M42: =IFERROR(__xludf.DUMMYFUNCTION("if(regexmatch($B42,""DE""),concat(E42,C42),"""")"),"[Select Team Name][Select Team Name]") -> [Select Team Name][Select Team Name] | N42: =IFERROR(__xludf.DUMMYFUNCTION("if(regexmatch($B42,""DE""),F42,"""")"),0.0) -> 0
B43: =IFERROR(__xludf.DUMMYFUNCTION("importrange(""hhttps://docs.google.com/spreadsheets/d/1ZfJWfcaUkfwJPxQnHxGDZHI4bwy6YE8h0quq-6OqWmc/edit?gid=0#gid=0"",""Scores!A2:E15"")"),"RR1") -> RR1 | C43: =IFERROR(__xludf.DUMMYFUNCTION("""COMPUTED_VALUE"""),"Arcadia A") -> Arcadia A | D43: =IFERROR(__xludf.DUMMYFUNCTION("""COMPUTED_VALUE"""),100.0) -> 100 | E43: =IFERROR(__xludf.DUMMYFUNCTION("""COMPUTED_VALUE"""),"North Hollywood A") -> North Hollywood A | F43: =IFERROR(__xludf.DUMMYFUNCTION("""COMPUTED_VALUE"""),156.0) -> 156 | G43: =IFERROR(__xludf.DUMMYFUNCTION("if(regexmatch($B43,""RR""),concat(C43,E43),"""")"),"Arcadia ANorth Hollywood A") -> Arcadia ANorth Hollywood A | H43: =IFERROR(__xludf.DUMMYFUNCTION("if(regexmatch($B43,""RR""),D43,"""")"),100.0) -> 100 | I43: =IFERROR(__xludf.DUMMYFUNCTION("if(regexmatch($B43,""RR""),concat(E43,C43),"""")"),"North Hollywood AArcadia A") -> North Hollywood AArcadia A | J43: =IFERROR(__xludf.DUMMYFUNCTION("if(regexmatch($B43,""RR""),F43,"""")"),156.0) -> 156 | K43: =IFERROR(__xludf.DUMMYFUNCTION("if(regexmatch($B43,""DE""),concat(C43,E43),"""")"),"") | L43: =IFERROR(__xludf.DUMMYFUNCTION("if(regexmatch($B43,""DE""),D43,"""")"),"") | M43: =IFERROR(__xludf.DUMMYFUNCTION("if(regexmatch($B43,""DE""),concat(E43,C43),"""")"),"") | N43: =IFERROR(__xludf.DUMMYFUNCTION("if(regexmatch($B43,""DE""),F43,"""")"),"")
B44: =IFERROR(__xludf.DUMMYFUNCTION("""COMPUTED_VALUE"""),"RR2") -> RR2 | C44: =IFERROR(__xludf.DUMMYFUNCTION("""COMPUTED_VALUE"""),"OCSA") -> OCSA | D44: =IFERROR(__xludf.DUMMYFUNCTION("""COMPUTED_VALUE"""),122.0) -> 122 | E44: =IFERROR(__xludf.DUMMYFUNCTION("""COMPUTED_VALUE"""),"Portola") -> Portola | F44: =IFERROR(__xludf.DUMMYFUNCTION("""COMPUTED_VALUE"""),116.0) -> 116 | G44: =IFERROR(__xludf.DUMMYFUNCTION("if(regexmatch($B44,""RR""),concat(C44,E44),"""")"),"OCSAPortola") -> OCSAPortola | H44: =IFERROR(__xludf.DUMMYFUNCTION("if(regexmatch($B44,""RR""),D44,"""")"),122.0) -> 122 | I44: =IFERROR(__xludf.DUMMYFUNCTION("if(regexmatch($B44,""RR""),concat(E44,C44),"""")"),"PortolaOCSA") -> PortolaOCSA | J44: =IFERROR(__xludf.DUMMYFUNCTION("if(regexmatch($B44,""RR""),F44,"""")"),116.0) -> 116 | K44: =IFERROR(__xludf.DUMMYFUNCTION("if(regexmatch($B44,""DE""),concat(C44,E44),"""")"),"") | L44: =IFERROR(__xludf.DUMMYFUNCTION("if(regexmatch($B44,""DE""),D44,"""")"),"") | M44: =IFERROR(__xludf.DUMMYFUNCTION("if(regexmatch($B44,""DE""),concat(E44,C44),"""")"),"") | N44: =IFERROR(__xludf.DUMMYFUNCTION("if(regexmatch($B44,""DE""),F44,"""")"),"")
B45: =IFERROR(__xludf.DUMMYFUNCTION("""COMPUTED_VALUE"""),"RR3") -> RR3 | C45: =IFERROR(__xludf.DUMMYFUNCTION("""COMPUTED_VALUE"""),"Canyon Crest B") -> Canyon Crest B | D45: =IFERROR(__xludf.DUMMYFUNCTION("""COMPUTED_VALUE"""),52.0) -> 52 | E45: =IFERROR(__xludf.DUMMYFUNCTION("""COMPUTED_VALUE"""),"Sci Acad B") -> Sci Acad B | F45: =IFERROR(__xludf.DUMMYFUNCTION("""COMPUTED_VALUE"""),128.0) -> 128 | G45: =IFERROR(__xludf.DUMMYFUNCTION("if(regexmatch($B45,""RR""),concat(C45,E45),"""")"),"Canyon Crest BSci Acad B") -> Canyon Crest BSci Acad B | H45: =IFERROR(__xludf.DUMMYFUNCTION("if(regexmatch($B45,""RR""),D45,"""")"),52.0) -> 52 | I45: =IFERROR(__xludf.DUMMYFUNCTION("if(regexmatch($B45,""RR""),concat(E45,C45),"""")"),"Sci Acad BCanyon Crest B") -> Sci Acad BCanyon Crest B | J45: =IFERROR(__xludf.DUMMYFUNCTION("if(regexmatch($B45,""RR""),F45,"""")"),128.0) -> 128 | K45: =IFERROR(__xludf.DUMMYFUNCTION("if(regexmatch($B45,""DE""),concat(C45,E45),"""")"),"") | L45: =IFERROR(__xludf.DUMMYFUNCTION("if(regexmatch($B45,""DE""),D45,"""")"),"") | M45: =IFERROR(__xludf.DUMMYFUNCTION("if(regexmatch($B45,""DE""),concat(E45,C45),"""")"),"") | N45: =IFERROR(__xludf.DUMMYFUNCTION("if(regexmatch($B45,""DE""),F45,"""")"),"")
B46: =IFERROR(__xludf.DUMMYFUNCTION("""COMPUTED_VALUE"""),"RR4") -> RR4 | C46: =IFERROR(__xludf.DUMMYFUNCTION("""COMPUTED_VALUE"""),"Canyon Crest A") -> Canyon Crest A | D46: =IFERROR(__xludf.DUMMYFUNCTION("""COMPUTED_VALUE"""),148.0) -> 148 | E46: =IFERROR(__xludf.DUMMYFUNCTION("""COMPUTED_VALUE"""),"Granada Hills A") -> Granada Hills A | F46: =IFERROR(__xludf.DUMMYFUNCTION("""COMPUTED_VALUE"""),108.0) -> 108 | G46: =IFERROR(__xludf.DUMMYFUNCTION("if(regexmatch($B46,""RR""),concat(C46,E46),"""")"),"Canyon Crest AGranada Hills A") -> Canyon Crest AGranada Hills A | H46: =IFERROR(__xludf.DUMMYFUNCTION("if(regexmatch($B46,""RR""),D46,"""")"),148.0) -> 148 | I46: =IFERROR(__xludf.DUMMYFUNCTION("if(regexmatch($B46,""RR""),concat(E46,C46),"""")"),"Granada Hills ACanyon Crest A") -> Granada Hills ACanyon Crest A | J46: =IFERROR(__xludf.DUMMYFUNCTION("if(regexmatch($B46,""RR""),F46,"""")"),108.0) -> 108 | K46: =IFERROR(__xludf.DUMMYFUNCTION("if(regexmatch($B46,""DE""),concat(C46,E46),"""")"),"") | L46: =IFERROR(__xludf.DUMMYFUNCTION("if(regexmatch($B46,""DE""),D46,"""")"),"") | M46: =IFERROR(__xludf.DUMMYFUNCTION("if(regexmatch($B46,""DE""),concat(E46,C46),"""")"),"") | N46: =IFERROR(__xludf.DUMMYFUNCTION("if(regexmatch($B46,""DE""),F46,"""")"),"")
B47: =IFERROR(__xludf.DUMMYFUNCTION("""COMPUTED_VALUE"""),"RR5") -> RR5 | C47: =IFERROR(__xludf.DUMMYFUNCTION("""COMPUTED_VALUE"""),"OCSA") -> OCSA | D47: =IFERROR(__xludf.DUMMYFUNCTION("""COMPUTED_VALUE"""),172.0) -> 172 | E47: =IFERROR(__xludf.DUMMYFUNCTION("""COMPUTED_VALUE"""),"Arcadia A") -> Arcadia A | F47: =IFERROR(__xludf.DUMMYFUNCTION("""COMPUTED_VALUE"""),50.0) -> 50 | G47: =IFERROR(__xludf.DUMMYFUNCTION("if(regexmatch($B47,""RR""),concat(C47,E47),"""")"),"OCSAArcadia A") -> OCSAArcadia A | H47: =IFERROR(__xludf.DUMMYFUNCTION("if(regexmatch($B47,""RR""),D47,"""")"),172.0) -> 172 | I47: =IFERROR(__xludf.DUMMYFUNCTION("if(regexmatch($B47,""RR""),concat(E47,C47),"""")"),"Arcadia AOCSA") -> Arcadia AOCSA | J47: =IFERROR(__xludf.DUMMYFUNCTION("if(regexmatch($B47,""RR""),F47,"""")"),50.0) -> 50 | K47: =IFERROR(__xludf.DUMMYFUNCTION("if(regexmatch($B47,""DE""),concat(C47,E47),"""")"),"") | L47: =IFERROR(__xludf.DUMMYFUNCTION("if(regexmatch($B47,""DE""),D47,"""")"),"") | M47: =IFERROR(__xludf.DUMMYFUNCTION("if(regexmatch($B47,""DE""),concat(E47,C47),"""")"),"") | N47: =IFERROR(__xludf.DUMMYFUNCTION("if(regexmatch($B47,""DE""),F47,"""")"),"")
B48: =IFERROR(__xludf.DUMMYFUNCTION("""COMPUTED_VALUE"""),"DE1") -> DE1 | C48: =IFERROR(__xludf.DUMMYFUNCTION("""COMPUTED_VALUE"""),"[Select Team Name]") -> [Select Team Name] | D48: =IFERROR(__xludf.DUMMYFUNCTION("""COMPUTED_VALUE"""),0.0) -> 0 | E48: =IFERROR(__xludf.DUMMYFUNCTION("""COMPUTED_VALUE"""),"[Select Team Name]") -> [Select Team Name] | F48: =IFERROR(__xludf.DUMMYFUNCTION("""COMPUTED_VALUE"""),0.0) -> 0 | G48: =IFERROR(__xludf.DUMMYFUNCTION("if(regexmatch($B48,""RR""),concat(C48,E48),"""")"),"") | H48: =IFERROR(__xludf.DUMMYFUNCTION("if(regexmatch($B48,""RR""),D48,"""")"),"") | I48: =IFERROR(__xludf.DUMMYFUNCTION("if(regexmatch($B48,""RR""),concat(E48,C48),"""")"),"") | J48: =IFERROR(__xludf.DUMMYFUNCTION("if(regexmatch($B48,""RR""),F48,"""")"),"") | K48: =IFERROR(__xludf.DUMMYFUNCTION("if(regexmatch($B48,""DE""),concat(C48,E48),"""")"),"[Select Team Name][Select Team Name]") -> [Select Team Name][Select Team Name] | L48: =IFERROR(__xludf.DUMMYFUNCTION("if(regexmatch($B48,""DE""),D48,"""")"),0.0) -> 0 | M48: =IFERROR(__xludf.DUMMYFUNCTION("if(regexmatch($B48,""DE""),concat(E48,C48),"""")"),"[Select Team Name][Select Team Name]") -> [Select Team Name][Select Team Name] | N48: =IFERROR(__xludf.DUMMYFUNCTION("if(regexmatch($B48,""DE""),F48,"""")"),0.0) -> 0
B49: =IFERROR(__xludf.DUMMYFUNCTION("""COMPUTED_VALUE"""),"DE2") -> DE2 | C49: =IFERROR(__xludf.DUMMYFUNCTION("""COMPUTED_VALUE"""),"[Select Team Name]") -> [Select Team Name] | D49: =IFERROR(__xludf.DUMMYFUNCTION("""COMPUTED_VALUE"""),0.0) -> 0 | E49: =IFERROR(__xludf.DUMMYFUNCTION("""COMPUTED_VALUE"""),"[Select Team Name]") -> [Select Team Name] | F49: =IFERROR(__xludf.DUMMYFUNCTION("""COMPUTED_VALUE"""),0.0) -> 0 | G49: =IFERROR(__xludf.DUMMYFUNCTION("if(regexmatch($B49,""RR""),concat(C49,E49),"""")"),"") | H49: =IFERROR(__xludf.DUMMYFUNCTION("if(regexmatch($B49,""RR""),D49,"""")"),"") | I49: =IFERROR(__xludf.DUMMYFUNCTION("if(regexmatch($B49,""RR""),concat(E49,C49),"""")"),"") | J49: =IFERROR(__xludf.DUMMYFUNCTION("if(regexmatch($B49,""RR""),F49,"""")"),"") | K49: =IFERROR(__xludf.DUMMYFUNCTION("if(regexmatch($B49,""DE""),concat(C49,E49),"""")"),"[Select Team Name][Select Team Name]") -> [Select Team Name][Select Team Name] | L49: =IFERROR(__xludf.DUMMYFUNCTION("if(regexmatch($B49,""DE""),D49,"""")"),0.0) -> 0 | M49: =IFERROR(__xludf.DUMMYFUNCTION("if(regexmatch($B49,""DE""),concat(E49,C49),"""")"),"[Select Team Name][Select Team Name]") -> [Select Team Name][Select Team Name] | N49: =IFERROR(__xludf.DUMMYFUNCTION("if(regexmatch($B49,""DE""),F49,"""")"),0.0) -> 0
B50: =IFERROR(__xludf.DUMMYFUNCTION("""COMPUTED_VALUE"""),"DE3") -> DE3 | C50: =IFERROR(__xludf.DUMMYFUNCTION("""COMPUTED_VALUE"""),"[Select Team Name]") -> [Select Team Name] | D50: =IFERROR(__xludf.DUMMYFUNCTION("""COMPUTED_VALUE"""),0.0) -> 0 | E50: =IFERROR(__xludf.DUMMYFUNCTION("""COMPUTED_VALUE"""),"[Select Team Name]") -> [Select Team Name] | F50: =IFERROR(__xludf.DUMMYFUNCTION("""COMPUTED_VALUE"""),0.0) -> 0 | G50: =IFERROR(__xludf.DUMMYFUNCTION("if(regexmatch($B50,""RR""),concat(C50,E50),"""")"),"") | H50: =IFERROR(__xludf.DUMMYFUNCTION("if(regexmatch($B50,""RR""),D50,"""")"),"") | I50: =IFERROR(__xludf.DUMMYFUNCTION("if(regexmatch($B50,""RR""),concat(E50,C50),"""")"),"") | J50: =IFERROR(__xludf.DUMMYFUNCTION("if(regexmatch($B50,""RR""),F50,"""")"),"") | K50: =IFERROR(__xludf.DUMMYFUNCTION("if(regexmatch($B50,""DE""),concat(C50,E50),"""")"),"[Select Team Name][Select Team Name]") -> [Select Team Name][Select Team Name] | L50: =IFERROR(__xludf.DUMMYFUNCTION("if(regexmatch($B50,""DE""),D50,"""")"),0.0) -> 0 | M50: =IFERROR(__xludf.DUMMYFUNCTION("if(regexmatch($B50,""DE""),concat(E50,C50),"""")"),"[Select Team Name][Select Team Name]") -> [Select Team Name][Select Team Name] | N50: =IFERROR(__xludf.DUMMYFUNCTION("if(regexmatch($B50,""DE""),F50,"""")"),0.0) -> 0
B51: =IFERROR(__xludf.DUMMYFUNCTION("""COMPUTED_VALUE"""),"DE4") -> DE4 | C51: =IFERROR(__xludf.DUMMYFUNCTION("""COMPUTED_VALUE"""),"[Select Team Name]") -> [Select Team Name] | D51: =IFERROR(__xludf.DUMMYFUNCTION("""COMPUTED_VALUE"""),0.0) -> 0 | E51: =IFERROR(__xludf.DUMMYFUNCTION("""COMPUTED_VALUE"""),"[Select Team Name]") -> [Select Team Name] | F51: =IFERROR(__xludf.DUMMYFUNCTION("""COMPUTED_VALUE"""),0.0) -> 0 | G51: =IFERROR(__xludf.DUMMYFUNCTION("if(regexmatch($B51,""RR""),concat(C51,E51),"""")"),"") | H51: =IFERROR(__xludf.DUMMYFUNCTION("if(regexmatch($B51,""RR""),D51,"""")"),"") | I51: =IFERROR(__xludf.DUMMYFUNCTION("if(regexmatch($B51,""RR""),concat(E51,C51),"""")"),"") | J51: =IFERROR(__xludf.DUMMYFUNCTION("if(regexmatch($B51,""RR""),F51,"""")"),"") | K51: =IFERROR(__xludf.DUMMYFUNCTION("if(regexmatch($B51,""DE""),concat(C51,E51),"""")"),"[Select Team Name][Select Team Name]") -> [Select Team Name][Select Team Name] | L51: =IFERROR(__xludf.DUMMYFUNCTION("if(regexmatch($B51,""DE""),D51,"""")"),0.0) -> 0 | M51: =IFERROR(__xludf.DUMMYFUNCTION("if(regexmatch($B51,""DE""),concat(E51,C51),"""")"),"[Select Team Name][Select Team Name]") -> [Select Team Name][Select Team Name] | N51: =IFERROR(__xludf.DUMMYFUNCTION("if(regexmatch($B51,""DE""),F51,"""")"),0.0) -> 0
B52: =IFERROR(__xludf.DUMMYFUNCTION("""COMPUTED_VALUE"""),"DE5") -> DE5 | C52: =IFERROR(__xludf.DUMMYFUNCTION("""COMPUTED_VALUE"""),"[Select Team Name]") -> [Select Team Name] | D52: =IFERROR(__xludf.DUMMYFUNCTION("""COMPUTED_VALUE"""),0.0) -> 0 | E52: =IFERROR(__xludf.DUMMYFUNCTION("""COMPUTED_VALUE"""),"[Select Team Name]") -> [Select Team Name] | F52: =IFERROR(__xludf.DUMMYFUNCTION("""COMPUTED_VALUE"""),0.0) -> 0 | G52: =IFERROR(__xludf.DUMMYFUNCTION("if(regexmatch($B52,""RR""),concat(C52,E52),"""")"),"") | H52: =IFERROR(__xludf.DUMMYFUNCTION("if(regexmatch($B52,""RR""),D52,"""")"),"") | I52: =IFERROR(__xludf.DUMMYFUNCTION("if(regexmatch($B52,""RR""),concat(E52,C52),"""")"),"") | J52: =IFERROR(__xludf.DUMMYFUNCTION("if(regexmatch($B52,""RR""),F52,"""")"),"") | K52: =IFERROR(__xludf.DUMMYFUNCTION("if(regexmatch($B52,""DE""),concat(C52,E52),"""")"),"[Select Team Name][Select Team Name]") -> [Select Team Name][Select Team Name] | L52: =IFERROR(__xludf.DUMMYFUNCTION("if(regexmatch($B52,""DE""),D52,"""")"),0.0) -> 0 | M52: =IFERROR(__xludf.DUMMYFUNCTION("if(regexmatch($B52,""DE""),concat(E52,C52),"""")"),"[Select Team Name][Select Team Name]") -> [Select Team Name][Select Team Name] | N52: =IFERROR(__xludf.DUMMYFUNCTION("if(regexmatch($B52,""DE""),F52,"""")"),0.0) -> 0
B53: =IFERROR(__xludf.DUMMYFUNCTION("""COMPUTED_VALUE"""),"DE6") -> DE6 | C53: =IFERROR(__xludf.DUMMYFUNCTION("""COMPUTED_VALUE"""),"[Select Team Name]") -> [Select Team Name] | D53: =IFERROR(__xludf.DUMMYFUNCTION("""COMPUTED_VALUE"""),0.0) -> 0 | E53: =IFERROR(__xludf.DUMMYFUNCTION("""COMPUTED_VALUE"""),"[Select Team Name]") -> [Select Team Name] | F53: =IFERROR(__xludf.DUMMYFUNCTION("""COMPUTED_VALUE"""),0.0) -> 0 | G53: =IFERROR(__xludf.DUMMYFUNCTION("if(regexmatch($B53,""RR""),concat(C53,E53),"""")"),"") | H53: =IFERROR(__xludf.DUMMYFUNCTION("if(regexmatch($B53,""RR""),D53,"""")"),"") | I53: =IFERROR(__xludf.DUMMYFUNCTION("if(regexmatch($B53,""RR""),concat(E53,C53),"""")"),"") | J53: =IFERROR(__xludf.DUMMYFUNCTION("if(regexmatch($B53,""RR""),F53,"""")"),"") | K53: =IFERROR(__xludf.DUMMYFUNCTION("if(regexmatch($B53,""DE""),concat(C53,E53),"""")"),"[Select Team Name][Select Team Name]") -> [Select Team Name][Select Team Name] | L53: =IFERROR(__xludf.DUMMYFUNCTION("if(regexmatch($B53,""DE""),D53,"""")"),0.0) -> 0 | M53: =IFERROR(__xludf.DUMMYFUNCTION("if(regexmatch($B53,""DE""),concat(E53,C53),"""")"),"[Select Team Name][Select Team Name]") -> [Select Team Name][Select Team Name] | N53: =IFERROR(__xludf.DUMMYFUNCTION("if(regexmatch($B53,""DE""),F53,"""")"),0.0) -> 0
B54: =IFERROR(__xludf.DUMMYFUNCTION("""COMPUTED_VALUE"""),"DE7") -> DE7 | C54: =IFERROR(__xludf.DUMMYFUNCTION("""COMPUTED_VALUE"""),"[Select Team Name]") -> [Select Team Name] | D54: =IFERROR(__xludf.DUMMYFUNCTION("""COMPUTED_VALUE"""),0.0) -> 0 | E54: =IFERROR(__xludf.DUMMYFUNCTION("""COMPUTED_VALUE"""),"[Select Team Name]") -> [Select Team Name] | F54: =IFERROR(__xludf.DUMMYFUNCTION("""COMPUTED_VALUE"""),0.0) -> 0 | G54: =IFERROR(__xludf.DUMMYFUNCTION("if(regexmatch($B54,""RR""),concat(C54,E54),"""")"),"") | H54: =IFERROR(__xludf.DUMMYFUNCTION("if(regexmatch($B54,""RR""),D54,"""")"),"") | I54: =IFERROR(__xludf.DUMMYFUNCTION("if(regexmatch($B54,""RR""),concat(E54,C54),"""")"),"") | J54: =IFERROR(__xludf.DUMMYFUNCTION("if(regexmatch($B54,""RR""),F54,"""")"),"") | K54: =IFERROR(__xludf.DUMMYFUNCTION("if(regexmatch($B54,""DE""),concat(C54,E54),"""")"),"[Select Team Name][Select Team Name]") -> [Select Team Name][Select Team Name] | L54: =IFERROR(__xludf.DUMMYFUNCTION("if(regexmatch($B54,""DE""),D54,"""")"),0.0) -> 0 | M54: =IFERROR(__xludf.DUMMYFUNCTION("if(regexmatch($B54,""DE""),concat(E54,C54),"""")"),"[Select Team Name][Select Team Name]") -> [Select Team Name][Select Team Name] | N54: =IFERROR(__xludf.DUMMYFUNCTION("if(regexmatch($B54,""DE""),F54,"""")"),0.0) -> 0
B55: =IFERROR(__xludf.DUMMYFUNCTION("""COMPUTED_VALUE"""),"DE8") -> DE8 | C55: =IFERROR(__xludf.DUMMYFUNCTION("""COMPUTED_VALUE"""),"[Select Team Name]") -> [Select Team Name] | D55: =IFERROR(__xludf.DUMMYFUNCTION("""COMPUTED_VALUE"""),0.0) -> 0 | E55: =IFERROR(__xludf.DUMMYFUNCTION("""COMPUTED_VALUE"""),"[Select Team Name]") -> [Select Team Name] | F55: =IFERROR(__xludf.DUMMYFUNCTION("""COMPUTED_VALUE"""),0.0) -> 0 | G55: =IFERROR(__xludf.DUMMYFUNCTION("if(regexmatch($B55,""RR""),concat(C55,E55),"""")"),"") | H55: =IFERROR(__xludf.DUMMYFUNCTION("if(regexmatch($B55,""RR""),D55,"""")"),"") | I55: =IFERROR(__xludf.DUMMYFUNCTION("if(regexmatch($B55,""RR""),concat(E55,C55),"""")"),"") | J55: =IFERROR(__xludf.DUMMYFUNCTION("if(regexmatch($B55,""RR""),F55,"""")"),"") | K55: =IFERROR(__xludf.DUMMYFUNCTION("if(regexmatch($B55,""DE""),concat(C55,E55),"""")"),"[Select Team Name][Select Team Name]") -> [Select Team Name][Select Team Name] | L55: =IFERROR(__xludf.DUMMYFUNCTION("if(regexmatch($B55,""DE""),D55,"""")"),0.0) -> 0 | M55: =IFERROR(__xludf.DUMMYFUNCTION("if(regexmatch($B55,""DE""),concat(E55,C55),"""")"),"[Select Team Name][Select Team Name]") -> [Select Team Name][Select Team Name] | N55: =IFERROR(__xludf.DUMMYFUNCTION("if(regexmatch($B55,""DE""),F55,"""")"),0.0) -> 0
B56: =IFERROR(__xludf.DUMMYFUNCTION("""COMPUTED_VALUE"""),"DE9") -> DE9 | C56: =IFERROR(__xludf.DUMMYFUNCTION("""COMPUTED_VALUE"""),"[Select Team Name]") -> [Select Team Name] | D56: =IFERROR(__xludf.DUMMYFUNCTION("""COMPUTED_VALUE"""),0.0) -> 0 | E56: =IFERROR(__xludf.DUMMYFUNCTION("""COMPUTED_VALUE"""),"[Select Team Name]") -> [Select Team Name] | F56: =IFERROR(__xludf.DUMMYFUNCTION("""COMPUTED_VALUE"""),0.0) -> 0 | G56: =IFERROR(__xludf.DUMMYFUNCTION("if(regexmatch($B56,""RR""),concat(C56,E56),"""")"),"") | H56: =IFERROR(__xludf.DUMMYFUNCTION("if(regexmatch($B56,""RR""),D56,"""")"),"") | I56: =IFERROR(__xludf.DUMMYFUNCTION("if(regexmatch($B56,""RR""),concat(E56,C56),"""")"),"") | J56: =IFERROR(__xludf.DUMMYFUNCTION("if(regexmatch($B56,""RR""),F56,"""")"),"") | K56: =IFERROR(__xludf.DUMMYFUNCTION("if(regexmatch($B56,""DE""),concat(C56,E56),"""")"),"[Select Team Name][Select Team Name]") -> [Select Team Name][Select Team Name] | L56: =IFERROR(__xludf.DUMMYFUNCTION("if(regexmatch($B56,""DE""),D56,"""")"),0.0) -> 0 | M56: =IFERROR(__xludf.DUMMYFUNCTION("if(regexmatch($B56,""DE""),concat(E56,C56),"""")"),"[Select Team Name][Select Team Name]") -> [Select Team Name][Select Team Name] | N56: =IFERROR(__xludf.DUMMYFUNCTION("if(regexmatch($B56,""DE""),F56,"""")"),0.0) -> 0
B57: =IFERROR(__xludf.DUMMYFUNCTION("importrange(""https://docs.google.com/spreadsheets/d/1uUhvtr9u-bSman3cG0EohGkBgcqYD43XGUR4g2884WE/edit?gid=0#gid=0"",""Scores!A2:E15"")"),"RR1") -> RR1 | C57: =IFERROR(__xludf.DUMMYFUNCTION("""COMPUTED_VALUE"""),"Venice B") -> Venice B | D57: =IFERROR(__xludf.DUMMYFUNCTION("""COMPUTED_VALUE"""),66.0) -> 66 | E57: =IFERROR(__xludf.DUMMYFUNCTION("""COMPUTED_VALUE"""),"OCSA") -> OCSA | F57: =IFERROR(__xludf.DUMMYFUNCTION("""COMPUTED_VALUE"""),106.0) -> 106 | G57: =IFERROR(__xludf.DUMMYFUNCTION("if(regexmatch($B57,""RR""),concat(C57,E57),"""")"),"Venice BOCSA") -> Venice BOCSA | H57: =IFERROR(__xludf.DUMMYFUNCTION("if(regexmatch($B57,""RR""),D57,"""")"),66.0) -> 66 | I57: =IFERROR(__xludf.DUMMYFUNCTION("if(regexmatch($B57,""RR""),concat(E57,C57),"""")"),"OCSAVenice B") -> OCSAVenice B | J57: =IFERROR(__xludf.DUMMYFUNCTION("if(regexmatch($B57,""RR""),F57,"""")"),106.0) -> 106 | K57: =IFERROR(__xludf.DUMMYFUNCTION("if(regexmatch($B57,""DE""),concat(C57,E57),"""")"),"") | L57: =IFERROR(__xludf.DUMMYFUNCTION("if(regexmatch($B57,""DE""),D57,"""")"),"") | M57: =IFERROR(__xludf.DUMMYFUNCTION("if(regexmatch($B57,""DE""),concat(E57,C57),"""")"),"") | N57: =IFERROR(__xludf.DUMMYFUNCTION("if(regexmatch($B57,""DE""),F57,"""")"),"")
B58: =IFERROR(__xludf.DUMMYFUNCTION("""COMPUTED_VALUE"""),"RR2") -> RR2 | C58: =IFERROR(__xludf.DUMMYFUNCTION("""COMPUTED_VALUE"""),"Arcadia A") -> Arcadia A | D58: =IFERROR(__xludf.DUMMYFUNCTION("""COMPUTED_VALUE"""),152.0) -> 152 | E58: =IFERROR(__xludf.DUMMYFUNCTION("""COMPUTED_VALUE"""),"Venice B") -> Venice B | F58: =IFERROR(__xludf.DUMMYFUNCTION("""COMPUTED_VALUE"""),8.0) -> 8 | G58: =IFERROR(__xludf.DUMMYFUNCTION("if(regexmatch($B58,""RR""),concat(C58,E58),"""")"),"Arcadia AVenice B") -> Arcadia AVenice B | H58: =IFERROR(__xludf.DUMMYFUNCTION("if(regexmatch($B58,""RR""),D58,"""")"),152.0) -> 152 | I58: =IFERROR(__xludf.DUMMYFUNCTION("if(regexmatch($B58,""RR""),concat(E58,C58),"""")"),"Venice BArcadia A") -> Venice BArcadia A | J58: =IFERROR(__xludf.DUMMYFUNCTION("if(regexmatch($B58,""RR""),F58,"""")"),8.0) -> 8 | K58: =IFERROR(__xludf.DUMMYFUNCTION("if(regexmatch($B58,""DE""),concat(C58,E58),"""")"),"") | L58: =IFERROR(__xludf.DUMMYFUNCTION("if(regexmatch($B58,""DE""),D58,"""")"),"") | M58: =IFERROR(__xludf.DUMMYFUNCTION("if(regexmatch($B58,""DE""),concat(E58,C58),"""")"),"") | N58: =IFERROR(__xludf.DUMMYFUNCTION("if(regexmatch($B58,""DE""),F58,"""")"),"")
B59: =IFERROR(__xludf.DUMMYFUNCTION("""COMPUTED_VALUE"""),"RR3") -> RR3 | C59: =IFERROR(__xludf.DUMMYFUNCTION("""COMPUTED_VALUE"""),"Troy") -> Troy | D59: =IFERROR(__xludf.DUMMYFUNCTION("""COMPUTED_VALUE"""),112.0) -> 112 | E59: =IFERROR(__xludf.DUMMYFUNCTION("""COMPUTED_VALUE"""),"Beckman A") -> Beckman A | F59: =IFERROR(__xludf.DUMMYFUNCTION("""COMPUTED_VALUE"""),90.0) -> 90 | G59: =IFERROR(__xludf.DUMMYFUNCTION("if(regexmatch($B59,""RR""),concat(C59,E59),"""")"),"TroyBeckman A") -> TroyBeckman A | H59: =IFERROR(__xludf.DUMMYFUNCTION("if(regexmatch($B59,""RR""),D59,"""")"),112.0) -> 112 | I59: =IFERROR(__xludf.DUMMYFUNCTION("if(regexmatch($B59,""RR""),concat(E59,C59),"""")"),"Beckman ATroy") -> Beckman ATroy | J59: =IFERROR(__xludf.DUMMYFUNCTION("if(regexmatch($B59,""RR""),F59,"""")"),90.0) -> 90 | K59: =IFERROR(__xludf.DUMMYFUNCTION("if(regexmatch($B59,""DE""),concat(C59,E59),"""")"),"") | L59: =IFERROR(__xludf.DUMMYFUNCTION("if(regexmatch($B59,""DE""),D59,"""")"),"") | M59: =IFERROR(__xludf.DUMMYFUNCTION("if(regexmatch($B59,""DE""),concat(E59,C59),"""")"),"") | N59: =IFERROR(__xludf.DUMMYFUNCTION("if(regexmatch($B59,""DE""),F59,"""")"),"")
B60: =IFERROR(__xludf.DUMMYFUNCTION("""COMPUTED_VALUE"""),"RR4") -> RR4 | C60: =IFERROR(__xludf.DUMMYFUNCTION("""COMPUTED_VALUE"""),"Beckman B") -> Beckman B | D60: =IFERROR(__xludf.DUMMYFUNCTION("""COMPUTED_VALUE"""),36.0) -> 36 | E60: =IFERROR(__xludf.DUMMYFUNCTION("""COMPUTED_VALUE"""),"Oak Avenue") -> Oak Avenue | F60: =IFERROR(__xludf.DUMMYFUNCTION("""COMPUTED_VALUE"""),94.0) -> 94 | G60: =IFERROR(__xludf.DUMMYFUNCTION("if(regexmatch($B60,""RR""),concat(C60,E60),"""")"),"Beckman BOak Avenue") -> Beckman BOak Avenue | H60: =IFERROR(__xludf.DUMMYFUNCTION("if(regexmatch($B60,""RR""),D60,"""")"),36.0) -> 36 | I60: =IFERROR(__xludf.DUMMYFUNCTION("if(regexmatch($B60,""RR""),concat(E60,C60),"""")"),"Oak AvenueBeckman B") -> Oak AvenueBeckman B | J60: =IFERROR(__xludf.DUMMYFUNCTION("if(regexmatch($B60,""RR""),F60,"""")"),94.0) -> 94 | K60: =IFERROR(__xludf.DUMMYFUNCTION("if(regexmatch($B60,""DE""),concat(C60,E60),"""")"),"") | L60: =IFERROR(__xludf.DUMMYFUNCTION("if(regexmatch($B60,""DE""),D60,"""")"),"") | M60: =IFERROR(__xludf.DUMMYFUNCTION("if(regexmatch($B60,""DE""),concat(E60,C60),"""")"),"") | N60: =IFERROR(__xludf.DUMMYFUNCTION("if(regexmatch($B60,""DE""),F60,"""")"),"")
B61: =IFERROR(__xludf.DUMMYFUNCTION("""COMPUTED_VALUE"""),"RR5") -> RR5 | C61: =IFERROR(__xludf.DUMMYFUNCTION("""COMPUTED_VALUE"""),"Westview") -> Westview | D61: =IFERROR(__xludf.DUMMYFUNCTION("""COMPUTED_VALUE"""),44.0) -> 44 | E61: =IFERROR(__xludf.DUMMYFUNCTION("""COMPUTED_VALUE"""),"Troy") -> Troy | F61: =IFERROR(__xludf.DUMMYFUNCTION("""COMPUTED_VALUE"""),140.0) -> 140 | G61: =IFERROR(__xludf.DUMMYFUNCTION("if(regexmatch($B61,""RR""),concat(C61,E61),"""")"),"WestviewTroy") -> WestviewTroy | H61: =IFERROR(__xludf.DUMMYFUNCTION("if(regexmatch($B61,""RR""),D61,"""")"),44.0) -> 44 | I61: =IFERROR(__xludf.DUMMYFUNCTION("if(regexmatch($B61,""RR""),concat(E61,C61),"""")"),"TroyWestview") -> TroyWestview | J61: =IFERROR(__xludf.DUMMYFUNCTION("if(regexmatch($B61,""RR""),F61,"""")"),140.0) -> 140 | K61: =IFERROR(__xludf.DUMMYFUNCTION("if(regexmatch($B61,""DE""),concat(C61,E61),"""")"),"") | L61: =IFERROR(__xludf.DUMMYFUNCTION("if(regexmatch($B61,""DE""),D61,"""")"),"") | M61: =IFERROR(__xludf.DUMMYFUNCTION("if(regexmatch($B61,""DE""),concat(E61,C61),"""")"),"") | N61: =IFERROR(__xludf.DUMMYFUNCTION("if(regexmatch($B61,""DE""),F61,"""")"),"")
B62: =IFERROR(__xludf.DUMMYFUNCTION("""COMPUTED_VALUE"""),"DE1") -> DE1 | C62: =IFERROR(__xludf.DUMMYFUNCTION("""COMPUTED_VALUE"""),"[Select Team Name]") -> [Select Team Name] | D62: =IFERROR(__xludf.DUMMYFUNCTION("""COMPUTED_VALUE"""),0.0) -> 0 | E62: =IFERROR(__xludf.DUMMYFUNCTION("""COMPUTED_VALUE"""),"[Select Team Name]") -> [Select Team Name] | F62: =IFERROR(__xludf.DUMMYFUNCTION("""COMPUTED_VALUE"""),0.0) -> 0 | G62: =IFERROR(__xludf.DUMMYFUNCTION("if(regexmatch($B62,""RR""),concat(C62,E62),"""")"),"") | H62: =IFERROR(__xludf.DUMMYFUNCTION("if(regexmatch($B62,""RR""),D62,"""")"),"") | I62: =IFERROR(__xludf.DUMMYFUNCTION("if(regexmatch($B62,""RR""),concat(E62,C62),"""")"),"") | J62: =IFERROR(__xludf.DUMMYFUNCTION("if(regexmatch($B62,""RR""),F62,"""")"),"") | K62: =IFERROR(__xludf.DUMMYFUNCTION("if(regexmatch($B62,""DE""),concat(C62,E62),"""")"),"[Select Team Name][Select Team Name]") -> [Select Team Name][Select Team Name] | L62: =IFERROR(__xludf.DUMMYFUNCTION("if(regexmatch($B62,""DE""),D62,"""")"),0.0) -> 0 | M62: =IFERROR(__xludf.DUMMYFUNCTION("if(regexmatch($B62,""DE""),concat(E62,C62),"""")"),"[Select Team Name][Select Team Name]") -> [Select Team Name][Select Team Name] | N62: =IFERROR(__xludf.DUMMYFUNCTION("if(regexmatch($B62,""DE""),F62,"""")"),0.0) -> 0
B63: =IFERROR(__xludf.DUMMYFUNCTION("""COMPUTED_VALUE"""),"DE2") -> DE2 | C63: =IFERROR(__xludf.DUMMYFUNCTION("""COMPUTED_VALUE"""),"[Select Team Name]") -> [Select Team Name] | D63: =IFERROR(__xludf.DUMMYFUNCTION("""COMPUTED_VALUE"""),0.0) -> 0 | E63: =IFERROR(__xludf.DUMMYFUNCTION("""COMPUTED_VALUE"""),"[Select Team Name]") -> [Select Team Name] | F63: =IFERROR(__xludf.DUMMYFUNCTION("""COMPUTED_VALUE"""),0.0) -> 0 | G63: =IFERROR(__xludf.DUMMYFUNCTION("if(regexmatch($B63,""RR""),concat(C63,E63),"""")"),"") | H63: =IFERROR(__xludf.DUMMYFUNCTION("if(regexmatch($B63,""RR""),D63,"""")"),"") | I63: =IFERROR(__xludf.DUMMYFUNCTION("if(regexmatch($B63,""RR""),concat(E63,C63),"""")"),"") | J63: =IFERROR(__xludf.DUMMYFUNCTION("if(regexmatch($B63,""RR""),F63,"""")"),"") | K63: =IFERROR(__xludf.DUMMYFUNCTION("if(regexmatch($B63,""DE""),concat(C63,E63),"""")"),"[Select Team Name][Select Team Name]") -> [Select Team Name][Select Team Name] | L63: =IFERROR(__xludf.DUMMYFUNCTION("if(regexmatch($B63,""DE""),D63,"""")"),0.0) -> 0 | M63: =IFERROR(__xludf.DUMMYFUNCTION("if(regexmatch($B63,""DE""),concat(E63,C63),"""")"),"[Select Team Name][Select Team Name]") -> [Select Team Name][Select Team Name] | N63: =IFERROR(__xludf.DUMMYFUNCTION("if(regexmatch($B63,""DE""),F63,"""")"),0.0) -> 0
B64: =IFERROR(__xludf.DUMMYFUNCTION("""COMPUTED_VALUE"""),"DE3") -> DE3 | C64: =IFERROR(__xludf.DUMMYFUNCTION("""COMPUTED_VALUE"""),"[Select Team Name]") -> [Select Team Name] | D64: =IFERROR(__xludf.DUMMYFUNCTION("""COMPUTED_VALUE"""),0.0) -> 0 | E64: =IFERROR(__xludf.DUMMYFUNCTION("""COMPUTED_VALUE"""),"[Select Team Name]") -> [Select Team Name] | F64: =IFERROR(__xludf.DUMMYFUNCTION("""COMPUTED_VALUE"""),0.0) -> 0 | G64: =IFERROR(__xludf.DUMMYFUNCTION("if(regexmatch($B64,""RR""),concat(C64,E64),"""")"),"") | H64: =IFERROR(__xludf.DUMMYFUNCTION("if(regexmatch($B64,""RR""),D64,"""")"),"") | I64: =IFERROR(__xludf.DUMMYFUNCTION("if(regexmatch($B64,""RR""),concat(E64,C64),"""")"),"") | J64: =IFERROR(__xludf.DUMMYFUNCTION("if(regexmatch($B64,""RR""),F64,"""")"),"") | K64: =IFERROR(__xludf.DUMMYFUNCTION("if(regexmatch($B64,""DE""),concat(C64,E64),"""")"),"[Select Team Name][Select Team Name]") -> [Select Team Name][Select Team Name] | L64: =IFERROR(__xludf.DUMMYFUNCTION("if(regexmatch($B64,""DE""),D64,"""")"),0.0) -> 0 | M64: =IFERROR(__xludf.DUMMYFUNCTION("if(regexmatch($B64,""DE""),concat(E64,C64),"""")"),"[Select Team Name][Select Team Name]") -> [Select Team Name][Select Team Name] | N64: =IFERROR(__xludf.DUMMYFUNCTION("if(regexmatch($B64,""DE""),F64,"""")"),0.0) -> 0
B65: =IFERROR(__xludf.DUMMYFUNCTION("""COMPUTED_VALUE"""),"DE4") -> DE4 | C65: =IFERROR(__xludf.DUMMYFUNCTION("""COMPUTED_VALUE"""),"[Select Team Name]") -> [Select Team Name] | D65: =IFERROR(__xludf.DUMMYFUNCTION("""COMPUTED_VALUE"""),0.0) -> 0 | E65: =IFERROR(__xludf.DUMMYFUNCTION("""COMPUTED_VALUE"""),"[Select Team Name]") -> [Select Team Name] | F65: =IFERROR(__xludf.DUMMYFUNCTION("""COMPUTED_VALUE"""),0.0) -> 0 | G65: =IFERROR(__xludf.DUMMYFUNCTION("if(regexmatch($B65,""RR""),concat(C65,E65),"""")"),"") | H65: =IFERROR(__xludf.DUMMYFUNCTION("if(regexmatch($B65,""RR""),D65,"""")"),"") | I65: =IFERROR(__xludf.DUMMYFUNCTION("if(regexmatch($B65,""RR""),concat(E65,C65),"""")"),"") | J65: =IFERROR(__xludf.DUMMYFUNCTION("if(regexmatch($B65,""RR""),F65,"""")"),"") | K65: =IFERROR(__xludf.DUMMYFUNCTION("if(regexmatch($B65,""DE""),concat(C65,E65),"""")"),"[Select Team Name][Select Team Name]") -> [Select Team Name][Select Team Name] | L65: =IFERROR(__xludf.DUMMYFUNCTION("if(regexmatch($B65,""DE""),D65,"""")"),0.0) -> 0 | M65: =IFERROR(__xludf.DUMMYFUNCTION("if(regexmatch($B65,""DE""),concat(E65,C65),"""")"),"[Select Team Name][Select Team Name]") -> [Select Team Name][Select Team Name] | N65: =IFERROR(__xludf.DUMMYFUNCTION("if(regexmatch($B65,""DE""),F65,"""")"),0.0) -> 0
B66: =IFERROR(__xludf.DUMMYFUNCTION("""COMPUTED_VALUE"""),"DE5") -> DE5 | C66: =IFERROR(__xludf.DUMMYFUNCTION("""COMPUTED_VALUE"""),"[Select Team Name]") -> [Select Team Name] | D66: =IFERROR(__xludf.DUMMYFUNCTION("""COMPUTED_VALUE"""),0.0) -> 0 | E66: =IFERROR(__xludf.DUMMYFUNCTION("""COMPUTED_VALUE"""),"[Select Team Name]") -> [Select Team Name] | F66: =IFERROR(__xludf.DUMMYFUNCTION("""COMPUTED_VALUE"""),0.0) -> 0 | G66: =IFERROR(__xludf.DUMMYFUNCTION("if(regexmatch($B66,""RR""),concat(C66,E66),"""")"),"") | H66: =IFERROR(__xludf.DUMMYFUNCTION("if(regexmatch($B66,""RR""),D66,"""")"),"") | I66: =IFERROR(__xludf.DUMMYFUNCTION("if(regexmatch($B66,""RR""),concat(E66,C66),"""")"),"") | J66: =IFERROR(__xludf.DUMMYFUNCTION("if(regexmatch($B66,""RR""),F66,"""")"),"") | K66: =IFERROR(__xludf.DUMMYFUNCTION("if(regexmatch($B66,""DE""),concat(C66,E66),"""")"),"[Select Team Name][Select Team Name]") -> [Select Team Name][Select Team Name] | L66: =IFERROR(__xludf.DUMMYFUNCTION("if(regexmatch($B66,""DE""),D66,"""")"),0.0) -> 0 | M66: =IFERROR(__xludf.DUMMYFUNCTION("if(regexmatch($B66,""DE""),concat(E66,C66),"""")"),"[Select Team Name][Select Team Name]") -> [Select Team Name][Select Team Name] | N66: =IFERROR(__xludf.DUMMYFUNCTION("if(regexmatch($B66,""DE""),F66,"""")"),0.0) -> 0
B67: =IFERROR(__xludf.DUMMYFUNCTION("""COMPUTED_VALUE"""),"DE6") -> DE6 | C67: =IFERROR(__xludf.DUMMYFUNCTION("""COMPUTED_VALUE"""),"[Select Team Name]") -> [Select Team Name] | D67: =IFERROR(__xludf.DUMMYFUNCTION("""COMPUTED_VALUE"""),0.0) -> 0 | E67: =IFERROR(__xludf.DUMMYFUNCTION("""COMPUTED_VALUE"""),"[Select Team Name]") -> [Select Team Name] | F67: =IFERROR(__xludf.DUMMYFUNCTION("""COMPUTED_VALUE"""),0.0) -> 0 | G67: =IFERROR(__xludf.DUMMYFUNCTION("if(regexmatch($B67,""RR""),concat(C67,E67),"""")"),"") | H67: =IFERROR(__xludf.DUMMYFUNCTION("if(regexmatch($B67,""RR""),D67,"""")"),"") | I67: =IFERROR(__xludf.DUMMYFUNCTION("if(regexmatch($B67,""RR""),concat(E67,C67),"""")"),"") | J67: =IFERROR(__xludf.DUMMYFUNCTION("if(regexmatch($B67,""RR""),F67,"""")"),"") | K67: =IFERROR(__xludf.DUMMYFUNCTION("if(regexmatch($B67,""DE""),concat(C67,E67),"""")"),"[Select Team Name][Select Team Name]") -> [Select Team Name][Select Team Name] | L67: =IFERROR(__xludf.DUMMYFUNCTION("if(regexmatch($B67,""DE""),D67,"""")"),0.0) -> 0 | M67: =IFERROR(__xludf.DUMMYFUNCTION("if(regexmatch($B67,""DE""),concat(E67,C67),"""")"),"[Select Team Name][Select Team Name]") -> [Select Team Name][Select Team Name] | N67: =IFERROR(__xludf.DUMMYFUNCTION("if(regexmatch($B67,""DE""),F67,"""")"),0.0) -> 0
B68: =IFERROR(__xludf.DUMMYFUNCTION("""COMPUTED_VALUE"""),"DE7") -> DE7 | C68: =IFERROR(__xludf.DUMMYFUNCTION("""COMPUTED_VALUE"""),"[Select Team Name]") -> [Select Team Name] | D68: =IFERROR(__xludf.DUMMYFUNCTION("""COMPUTED_VALUE"""),0.0) -> 0 | E68: =IFERROR(__xludf.DUMMYFUNCTION("""COMPUTED_VALUE"""),"[Select Team Name]") -> [Select Team Name] | F68: =IFERROR(__xludf.DUMMYFUNCTION("""COMPUTED_VALUE"""),0.0) -> 0 | G68: =IFERROR(__xludf.DUMMYFUNCTION("if(regexmatch($B68,""RR""),concat(C68,E68),"""")"),"") | H68: =IFERROR(__xludf.DUMMYFUNCTION("if(regexmatch($B68,""RR""),D68,"""")"),"") | I68: =IFERROR(__xludf.DUMMYFUNCTION("if(regexmatch($B68,""RR""),concat(E68,C68),"""")"),"") | J68: =IFERROR(__xludf.DUMMYFUNCTION("if(regexmatch($B68,""RR""),F68,"""")"),"") | K68: =IFERROR(__xludf.DUMMYFUNCTION("if(regexmatch($B68,""DE""),concat(C68,E68),"""")"),"[Select Team Name][Select Team Name]") -> [Select Team Name][Select Team Name] | L68: =IFERROR(__xludf.DUMMYFUNCTION("if(regexmatch($B68,""DE""),D68,"""")"),0.0) -> 0 | M68: =IFERROR(__xludf.DUMMYFUNCTION("if(regexmatch($B68,""DE""),concat(E68,C68),"""")"),"[Select Team Name][Select Team Name]") -> [Select Team Name][Select Team Name] | N68: =IFERROR(__xludf.DUMMYFUNCTION("if(regexmatch($B68,""DE""),F68,"""")"),0.0) -> 0
B69: =IFERROR(__xludf.DUMMYFUNCTION("""COMPUTED_VALUE"""),"DE8") -> DE8 | C69: =IFERROR(__xludf.DUMMYFUNCTION("""COMPUTED_VALUE"""),"[Select Team Name]") -> [Select Team Name] | D69: =IFERROR(__xludf.DUMMYFUNCTION("""COMPUTED_VALUE"""),0.0) -> 0 | E69: =IFERROR(__xludf.DUMMYFUNCTION("""COMPUTED_VALUE"""),"[Select Team Name]") -> [Select Team Name] | F69: =IFERROR(__xludf.DUMMYFUNCTION("""COMPUTED_VALUE"""),0.0) -> 0 | G69: =IFERROR(__xludf.DUMMYFUNCTION("if(regexmatch($B69,""RR""),concat(C69,E69),"""")"),"") | H69: =IFERROR(__xludf.DUMMYFUNCTION("if(regexmatch($B69,""RR""),D69,"""")"),"") | I69: =IFERROR(__xludf.DUMMYFUNCTION("if(regexmatch($B69,""RR""),concat(E69,C69),"""")"),"") | J69: =IFERROR(__xludf.DUMMYFUNCTION("if(regexmatch($B69,""RR""),F69,"""")"),"") | K69: =IFERROR(__xludf.DUMMYFUNCTION("if(regexmatch($B69,""DE""),concat(C69,E69),"""")"),"[Select Team Name][Select Team Name]") -> [Select Team Name][Select Team Name] | L69: =IFERROR(__xludf.DUMMYFUNCTION("if(regexmatch($B69,""DE""),D69,"""")"),0.0) -> 0 | M69: =IFERROR(__xludf.DUMMYFUNCTION("if(regexmatch($B69,""DE""),concat(E69,C69),"""")"),"[Select Team Name][Select Team Name]") -> [Select Team Name][Select Team Name] | N69: =IFERROR(__xludf.DUMMYFUNCTION("if(regexmatch($B69,""DE""),F69,"""")"),0.0) -> 0
B70: =IFERROR(__xludf.DUMMYFUNCTION("""COMPUTED_VALUE"""),"DE9") -> DE9 | C70: =IFERROR(__xludf.DUMMYFUNCTION("""COMPUTED_VALUE"""),"[Select Team Name]") -> [Select Team Name] | D70: =IFERROR(__xludf.DUMMYFUNCTION("""COMPUTED_VALUE"""),0.0) -> 0 | E70: =IFERROR(__xludf.DUMMYFUNCTION("""COMPUTED_VALUE"""),"[Select Team Name]") -> [Select Team Name] | F70: =IFERROR(__xludf.DUMMYFUNCTION("""COMPUTED_VALUE"""),0.0) -> 0 | G70: =IFERROR(__xludf.DUMMYFUNCTION("if(regexmatch($B70,""RR""),concat(C70,E70),"""")"),"") | H70: =IFERROR(__xludf.DUMMYFUNCTION("if(regexmatch($B70,""RR""),D70,"""")"),"") | I70: =IFERROR(__xludf.DUMMYFUNCTION("if(regexmatch($B70,""RR""),concat(E70,C70),"""")"),"") | J70: =IFERROR(__xludf.DUMMYFUNCTION("if(regexmatch($B70,""RR""),F70,"""")"),"") | K70: =IFERROR(__xludf.DUMMYFUNCTION("if(regexmatch($B70,""DE""),concat(C70,E70),"""")"),"[Select Team Name][Select Team Name]") -> [Select Team Name][Select Team Name] | L70: =IFERROR(__xludf.DUMMYFUNCTION("if(regexmatch($B70,""DE""),D70,"""")"),0.0) -> 0 | M70: =IFERROR(__xludf.DUMMYFUNCTION("if(regexmatch($B70,""DE""),concat(E70,C70),"""")"),"[Select Team Name][Select Team Name]") -> [Select Team Name][Select Team Name] | N70: =IFERROR(__xludf.DUMMYFUNCTION("if(regexmatch($B70,""DE""),F70,"""")"),0.0) -> 0
B71: =IFERROR(__xludf.DUMMYFUNCTION("importrange(""https://docs.google.com/spreadsheets/d/1QQqh1LMcgcn9h4qv1qGXOn_1VskgKm7qOnVT8hgcGnk/edit?gid=0#gid=0"",""Scores!A2:E15"")"),"RR1") -> RR1 | C71: =IFERROR(__xludf.DUMMYFUNCTION("""COMPUTED_VALUE"""),"Troy") -> Troy | D71: =IFERROR(__xludf.DUMMYFUNCTION("""COMPUTED_VALUE"""),138.0) -> 138 | E71: =IFERROR(__xludf.DUMMYFUNCTION("""COMPUTED_VALUE"""),"Canyon Crest B") -> Canyon Crest B | F71: =IFERROR(__xludf.DUMMYFUNCTION("""COMPUTED_VALUE"""),38.0) -> 38 | G71: =IFERROR(__xludf.DUMMYFUNCTION("if(regexmatch($B71,""RR""),concat(C71,E71),"""")"),"TroyCanyon Crest B") -> TroyCanyon Crest B | H71: =IFERROR(__xludf.DUMMYFUNCTION("if(regexmatch($B71,""RR""),D71,"""")"),138.0) -> 138 | I71: =IFERROR(__xludf.DUMMYFUNCTION("if(regexmatch($B71,""RR""),concat(E71,C71),"""")"),"Canyon Crest BTroy") -> Canyon Crest BTroy | J71: =IFERROR(__xludf.DUMMYFUNCTION("if(regexmatch($B71,""RR""),F71,"""")"),38.0) -> 38 | K71: =IFERROR(__xludf.DUMMYFUNCTION("if(regexmatch($B71,""DE""),concat(C71,E71),"""")"),"") | L71: =IFERROR(__xludf.DUMMYFUNCTION("if(regexmatch($B71,""DE""),D71,"""")"),"") | M71: =IFERROR(__xludf.DUMMYFUNCTION("if(regexmatch($B71,""DE""),concat(E71,C71),"""")"),"") | N71: =IFERROR(__xludf.DUMMYFUNCTION("if(regexmatch($B71,""DE""),F71,"""")"),"")
B72: =IFERROR(__xludf.DUMMYFUNCTION("""COMPUTED_VALUE"""),"RR2") -> RR2 | C72: =IFERROR(__xludf.DUMMYFUNCTION("""COMPUTED_VALUE"""),"Granada Hills A") -> Granada Hills A | D72: =IFERROR(__xludf.DUMMYFUNCTION("""COMPUTED_VALUE"""),130.0) -> 130 | E72: =IFERROR(__xludf.DUMMYFUNCTION("""COMPUTED_VALUE"""),"Beckman B") -> Beckman B | F72: =IFERROR(__xludf.DUMMYFUNCTION("""COMPUTED_VALUE"""),38.0) -> 38 | G72: =IFERROR(__xludf.DUMMYFUNCTION("if(regexmatch($B72,""RR""),concat(C72,E72),"""")"),"Granada Hills ABeckman B") -> Granada Hills ABeckman B | H72: =IFERROR(__xludf.DUMMYFUNCTION("if(regexmatch($B72,""RR""),D72,"""")"),130.0) -> 130 | I72: =IFERROR(__xludf.DUMMYFUNCTION("if(regexmatch($B72,""RR""),concat(E72,C72),"""")"),"Beckman BGranada Hills A") -> Beckman BGranada Hills A | J72: =IFERROR(__xludf.DUMMYFUNCTION("if(regexmatch($B72,""RR""),F72,"""")"),38.0) -> 38 | K72: =IFERROR(__xludf.DUMMYFUNCTION("if(regexmatch($B72,""DE""),concat(C72,E72),"""")"),"") | L72: =IFERROR(__xludf.DUMMYFUNCTION("if(regexmatch($B72,""DE""),D72,"""")"),"") | M72: =IFERROR(__xludf.DUMMYFUNCTION("if(regexmatch($B72,""DE""),concat(E72,C72),"""")"),"") | N72: =IFERROR(__xludf.DUMMYFUNCTION("if(regexmatch($B72,""DE""),F72,"""")"),"")
B73: =IFERROR(__xludf.DUMMYFUNCTION("""COMPUTED_VALUE"""),"RR3") -> RR3 | C73: =IFERROR(__xludf.DUMMYFUNCTION("""COMPUTED_VALUE"""),"Portola") -> Portola | D73: =IFERROR(__xludf.DUMMYFUNCTION("""COMPUTED_VALUE"""),164.0) -> 164 | E73: =IFERROR(__xludf.DUMMYFUNCTION("""COMPUTED_VALUE"""),"Arcadia A") -> Arcadia A | F73: =IFERROR(__xludf.DUMMYFUNCTION("""COMPUTED_VALUE"""),86.0) -> 86 | G73: =IFERROR(__xludf.DUMMYFUNCTION("if(regexmatch($B73,""RR""),concat(C73,E73),"""")"),"PortolaArcadia A") -> PortolaArcadia A | H73: =IFERROR(__xludf.DUMMYFUNCTION("if(regexmatch($B73,""RR""),D73,"""")"),164.0) -> 164 | I73: =IFERROR(__xludf.DUMMYFUNCTION("if(regexmatch($B73,""RR""),concat(E73,C73),"""")"),"Arcadia APortola") -> Arcadia APortola | J73: =IFERROR(__xludf.DUMMYFUNCTION("if(regexmatch($B73,""RR""),F73,"""")"),86.0) -> 86 | K73: =IFERROR(__xludf.DUMMYFUNCTION("if(regexmatch($B73,""DE""),concat(C73,E73),"""")"),"") | L73: =IFERROR(__xludf.DUMMYFUNCTION("if(regexmatch($B73,""DE""),D73,"""")"),"") | M73: =IFERROR(__xludf.DUMMYFUNCTION("if(regexmatch($B73,""DE""),concat(E73,C73),"""")"),"") | N73: =IFERROR(__xludf.DUMMYFUNCTION("if(regexmatch($B73,""DE""),F73,"""")"),"")
B74: =IFERROR(__xludf.DUMMYFUNCTION("""COMPUTED_VALUE"""),"RR4") -> RR4 | C74: =IFERROR(__xludf.DUMMYFUNCTION("""COMPUTED_VALUE"""),"Temple City A") -> Temple City A | D74: =IFERROR(__xludf.DUMMYFUNCTION("""COMPUTED_VALUE"""),54.0) -> 54 | E74: =IFERROR(__xludf.DUMMYFUNCTION("""COMPUTED_VALUE"""),"University") -> University | F74: =IFERROR(__xludf.DUMMYFUNCTION("""COMPUTED_VALUE"""),100.0) -> 100 | G74: =IFERROR(__xludf.DUMMYFUNCTION("if(regexmatch($B74,""RR""),concat(C74,E74),"""")"),"Temple City AUniversity") -> Temple City AUniversity | H74: =IFERROR(__xludf.DUMMYFUNCTION("if(regexmatch($B74,""RR""),D74,"""")"),54.0) -> 54 | I74: =IFERROR(__xludf.DUMMYFUNCTION("if(regexmatch($B74,""RR""),concat(E74,C74),"""")"),"UniversityTemple City A") -> UniversityTemple City A | J74: =IFERROR(__xludf.DUMMYFUNCTION("if(regexmatch($B74,""RR""),F74,"""")"),100.0) -> 100 | K74: =IFERROR(__xludf.DUMMYFUNCTION("if(regexmatch($B74,""DE""),concat(C74,E74),"""")"),"") | L74: =IFERROR(__xludf.DUMMYFUNCTION("if(regexmatch($B74,""DE""),D74,"""")"),"") | M74: =IFERROR(__xludf.DUMMYFUNCTION("if(regexmatch($B74,""DE""),concat(E74,C74),"""")"),"") | N74: =IFERROR(__xludf.DUMMYFUNCTION("if(regexmatch($B74,""DE""),F74,"""")"),"")
B75: =IFERROR(__xludf.DUMMYFUNCTION("""COMPUTED_VALUE"""),"RR5") -> RR5 | C75: =IFERROR(__xludf.DUMMYFUNCTION("""COMPUTED_VALUE"""),"Sci Acad A") -> Sci Acad A | D75: =IFERROR(__xludf.DUMMYFUNCTION("""COMPUTED_VALUE"""),152.0) -> 152 | E75: =IFERROR(__xludf.DUMMYFUNCTION("""COMPUTED_VALUE"""),"Temple City A") -> Temple City A | F75: =IFERROR(__xludf.DUMMYFUNCTION("""COMPUTED_VALUE"""),72.0) -> 72 | G75: =IFERROR(__xludf.DUMMYFUNCTION("if(regexmatch($B75,""RR""),concat(C75,E75),"""")"),"Sci Acad ATemple City A") -> Sci Acad ATemple City A | H75: =IFERROR(__xludf.DUMMYFUNCTION("if(regexmatch($B75,""RR""),D75,"""")"),152.0) -> 152 | I75: =IFERROR(__xludf.DUMMYFUNCTION("if(regexmatch($B75,""RR""),concat(E75,C75),"""")"),"Temple City ASci Acad A") -> Temple City ASci Acad A | J75: =IFERROR(__xludf.DUMMYFUNCTION("if(regexmatch($B75,""RR""),F75,"""")"),72.0) -> 72 | K75: =IFERROR(__xludf.DUMMYFUNCTION("if(regexmatch($B75,""DE""),concat(C75,E75),"""")"),"") | L75: =IFERROR(__xludf.DUMMYFUNCTION("if(regexmatch($B75,""DE""),D75,"""")"),"") | M75: =IFERROR(__xludf.DUMMYFUNCTION("if(regexmatch($B75,""DE""),concat(E75,C75),"""")"),"") | N75: =IFERROR(__xludf.DUMMYFUNCTION("if(regexmatch($B75,""DE""),F75,"""")"),"")
B76: =IFERROR(__xludf.DUMMYFUNCTION("""COMPUTED_VALUE"""),"DE1") -> DE1 | C76: =IFERROR(__xludf.DUMMYFUNCTION("""COMPUTED_VALUE"""),"Sci Acad B") -> Sci Acad B | D76: =IFERROR(__xludf.DUMMYFUNCTION("""COMPUTED_VALUE"""),70.0) -> 70 | E76: =IFERROR(__xludf.DUMMYFUNCTION("""COMPUTED_VALUE"""),"Canyon Crest A") -> Canyon Crest A | F76: =IFERROR(__xludf.DUMMYFUNCTION("""COMPUTED_VALUE"""),126.0) -> 126 | G76: =IFERROR(__xludf.DUMMYFUNCTION("if(regexmatch($B76,""RR""),concat(C76,E76),"""")"),"") | H76: =IFERROR(__xludf.DUMMYFUNCTION("if(regexmatch($B76,""RR""),D76,"""")"),"") | I76: =IFERROR(__xludf.DUMMYFUNCTION("if(regexmatch($B76,""RR""),concat(E76,C76),"""")"),"") | J76: =IFERROR(__xludf.DUMMYFUNCTION("if(regexmatch($B76,""RR""),F76,"""")"),"") | K76: =IFERROR(__xludf.DUMMYFUNCTION("if(regexmatch($B76,""DE""),concat(C76,E76),"""")"),"Sci Acad BCanyon Crest A") -> Sci Acad BCanyon Crest A | L76: =IFERROR(__xludf.DUMMYFUNCTION("if(regexmatch($B76,""DE""),D76,"""")"),70.0) -> 70 | M76: =IFERROR(__xludf.DUMMYFUNCTION("if(regexmatch($B76,""DE""),concat(E76,C76),"""")"),"Canyon Crest ASci Acad B") -> Canyon Crest ASci Acad B | N76: =IFERROR(__xludf.DUMMYFUNCTION("if(regexmatch($B76,""DE""),F76,"""")"),126.0) -> 126
B77: =IFERROR(__xludf.DUMMYFUNCTION("""COMPUTED_VALUE"""),"DE2") -> DE2 | C77: =IFERROR(__xludf.DUMMYFUNCTION("""COMPUTED_VALUE"""),"University") -> University | D77: =IFERROR(__xludf.DUMMYFUNCTION("""COMPUTED_VALUE"""),118.0) -> 118 | E77: =IFERROR(__xludf.DUMMYFUNCTION("""COMPUTED_VALUE"""),"North Hollywood B") -> North Hollywood B | F77: =IFERROR(__xludf.DUMMYFUNCTION("""COMPUTED_VALUE"""),44.0) -> 44 | G77: =IFERROR(__xludf.DUMMYFUNCTION("if(regexmatch($B77,""RR""),concat(C77,E77),"""")"),"") | H77: =IFERROR(__xludf.DUMMYFUNCTION("if(regexmatch($B77,""RR""),D77,"""")"),"") | I77: =IFERROR(__xludf.DUMMYFUNCTION("if(regexmatch($B77,""RR""),concat(E77,C77),"""")"),"") | J77: =IFERROR(__xludf.DUMMYFUNCTION("if(regexmatch($B77,""RR""),F77,"""")"),"") | K77: =IFERROR(__xludf.DUMMYFUNCTION("if(regexmatch($B77,""DE""),concat(C77,E77),"""")"),"UniversityNorth Hollywood B") -> UniversityNorth Hollywood B | L77: =IFERROR(__xludf.DUMMYFUNCTION("if(regexmatch($B77,""DE""),D77,"""")"),118.0) -> 118 | M77: =IFERROR(__xludf.DUMMYFUNCTION("if(regexmatch($B77,""DE""),concat(E77,C77),"""")"),"North Hollywood BUniversity") -> North Hollywood BUniversity | N77: =IFERROR(__xludf.DUMMYFUNCTION("if(regexmatch($B77,""DE""),F77,"""")"),44.0) -> 44
B78: =IFERROR(__xludf.DUMMYFUNCTION("""COMPUTED_VALUE"""),"DE3") -> DE3 | C78: =IFERROR(__xludf.DUMMYFUNCTION("""COMPUTED_VALUE"""),"Sci Acad A") -> Sci Acad A | D78: =IFERROR(__xludf.DUMMYFUNCTION("""COMPUTED_VALUE"""),94.0) -> 94 | E78: =IFERROR(__xludf.DUMMYFUNCTION("""COMPUTED_VALUE"""),"Canyon Crest A") -> Canyon Crest A | F78: =IFERROR(__xludf.DUMMYFUNCTION("""COMPUTED_VALUE"""),106.0) -> 106 | G78: =IFERROR(__xludf.DUMMYFUNCTION("if(regexmatch($B78,""RR""),concat(C78,E78),"""")"),"") | H78: =IFERROR(__xludf.DUMMYFUNCTION("if(regexmatch($B78,""RR""),D78,"""")"),"") | I78: =IFERROR(__xludf.DUMMYFUNCTION("if(regexmatch($B78,""RR""),concat(E78,C78),"""")"),"") | J78: =IFERROR(__xludf.DUMMYFUNCTION("if(regexmatch($B78,""RR""),F78,"""")"),"") | K78: =IFERROR(__xludf.DUMMYFUNCTION("if(regexmatch($B78,""DE""),concat(C78,E78),"""")"),"Sci Acad ACanyon Crest A") -> Sci Acad ACanyon Crest A | L78: =IFERROR(__xludf.DUMMYFUNCTION("if(regexmatch($B78,""DE""),D78,"""")"),94.0) -> 94 | M78: =IFERROR(__xludf.DUMMYFUNCTION("if(regexmatch($B78,""DE""),concat(E78,C78),"""")"),"Canyon Crest ASci Acad A") -> Canyon Crest ASci Acad A | N78: =IFERROR(__xludf.DUMMYFUNCTION("if(regexmatch($B78,""DE""),F78,"""")"),106.0) -> 106
B79: =IFERROR(__xludf.DUMMYFUNCTION("""COMPUTED_VALUE"""),"DE4") -> DE4 | C79: =IFERROR(__xludf.DUMMYFUNCTION("""COMPUTED_VALUE"""),"Troy") -> Troy | D79: =IFERROR(__xludf.DUMMYFUNCTION("""COMPUTED_VALUE"""),60.0) -> 60 | E79: =IFERROR(__xludf.DUMMYFUNCTION("""COMPUTED_VALUE"""),"Portola") -> Portola | F79: =IFERROR(__xludf.DUMMYFUNCTION("""COMPUTED_VALUE"""),62.0) -> 62 | G79: =IFERROR(__xludf.DUMMYFUNCTION("if(regexmatch($B79,""RR""),concat(C79,E79),"""")"),"") | H79: =IFERROR(__xludf.DUMMYFUNCTION("if(regexmatch($B79,""RR""),D79,"""")"),"") | I79: =IFERROR(__xludf.DUMMYFUNCTION("if(regexmatch($B79,""RR""),concat(E79,C79),"""")"),"") | J79: =IFERROR(__xludf.DUMMYFUNCTION("if(regexmatch($B79,""RR""),F79,"""")"),"") | K79: =IFERROR(__xludf.DUMMYFUNCTION("if(regexmatch($B79,""DE""),concat(C79,E79),"""")"),"TroyPortola") -> TroyPortola | L79: =IFERROR(__xludf.DUMMYFUNCTION("if(regexmatch($B79,""DE""),D79,"""")"),60.0) -> 60 | M79: =IFERROR(__xludf.DUMMYFUNCTION("if(regexmatch($B79,""DE""),concat(E79,C79),"""")"),"PortolaTroy") -> PortolaTroy | N79: =IFERROR(__xludf.DUMMYFUNCTION("if(regexmatch($B79,""DE""),F79,"""")"),62.0) -> 62
B80: =IFERROR(__xludf.DUMMYFUNCTION("""COMPUTED_VALUE"""),"DE5") -> DE5 | C80: =IFERROR(__xludf.DUMMYFUNCTION("""COMPUTED_VALUE"""),"Sci Acad A") -> Sci Acad A | D80: =IFERROR(__xludf.DUMMYFUNCTION("""COMPUTED_VALUE"""),36.0) -> 36 | E80: =IFERROR(__xludf.DUMMYFUNCTION("""COMPUTED_VALUE"""),"Portola") -> Portola | F80: =IFERROR(__xludf.DUMMYFUNCTION("""COMPUTED_VALUE"""),60.0) -> 60 | G80: =IFERROR(__xludf.DUMMYFUNCTION("if(regexmatch($B80,""RR""),concat(C80,E80),"""")"),"") | H80: =IFERROR(__xludf.DUMMYFUNCTION("if(regexmatch($B80,""RR""),D80,"""")"),"") | I80: =IFERROR(__xludf.DUMMYFUNCTION("if(regexmatch($B80,""RR""),concat(E80,C80),"""")"),"") | J80: =IFERROR(__xludf.DUMMYFUNCTION("if(regexmatch($B80,""RR""),F80,"""")"),"") | K80: =IFERROR(__xludf.DUMMYFUNCTION("if(regexmatch($B80,""DE""),concat(C80,E80),"""")"),"Sci Acad APortola") -> Sci Acad APortola | L80: =IFERROR(__xludf.DUMMYFUNCTION("if(regexmatch($B80,""DE""),D80,"""")"),36.0) -> 36 | M80: =IFERROR(__xludf.DUMMYFUNCTION("if(regexmatch($B80,""DE""),concat(E80,C80),"""")"),"PortolaSci Acad A") -> PortolaSci Acad A | N80: =IFERROR(__xludf.DUMMYFUNCTION("if(regexmatch($B80,""DE""),F80,"""")"),60.0) -> 60
B81: =IFERROR(__xludf.DUMMYFUNCTION("""COMPUTED_VALUE"""),"DE6") -> DE6 | C81: =IFERROR(__xludf.DUMMYFUNCTION("""COMPUTED_VALUE"""),"[Select Team Name]") -> [Select Team Name] | D81: =IFERROR(__xludf.DUMMYFUNCTION("""COMPUTED_VALUE"""),0.0) -> 0 | E81: =IFERROR(__xludf.DUMMYFUNCTION("""COMPUTED_VALUE"""),"[Select Team Name]") -> [Select Team Name] | F81: =IFERROR(__xludf.DUMMYFUNCTION("""COMPUTED_VALUE"""),0.0) -> 0 | G81: =IFERROR(__xludf.DUMMYFUNCTION("if(regexmatch($B81,""RR""),concat(C81,E81),"""")"),"") | H81: =IFERROR(__xludf.DUMMYFUNCTION("if(regexmatch($B81,""RR""),D81,"""")"),"") | I81: =IFERROR(__xludf.DUMMYFUNCTION("if(regexmatch($B81,""RR""),concat(E81,C81),"""")"),"") | J81: =IFERROR(__xludf.DUMMYFUNCTION("if(regexmatch($B81,""RR""),F81,"""")"),"") | K81: =IFERROR(__xludf.DUMMYFUNCTION("if(regexmatch($B81,""DE""),concat(C81,E81),"""")"),"[Select Team Name][Select Team Name]") -> [Select Team Name][Select Team Name] | L81: =IFERROR(__xludf.DUMMYFUNCTION("if(regexmatch($B81,""DE""),D81,"""")"),0.0) -> 0 | M81: =IFERROR(__xludf.DUMMYFUNCTION("if(regexmatch($B81,""DE""),concat(E81,C81),"""")"),"[Select Team Name][Select Team Name]") -> [Select Team Name][Select Team Name] | N81: =IFERROR(__xludf.DUMMYFUNCTION("if(regexmatch($B81,""DE""),F81,"""")"),0.0) -> 0
B82: =IFERROR(__xludf.DUMMYFUNCTION("""COMPUTED_VALUE"""),"DE7") -> DE7 | C82: =IFERROR(__xludf.DUMMYFUNCTION("""COMPUTED_VALUE"""),"[Select Team Name]") -> [Select Team Name] | D82: =IFERROR(__xludf.DUMMYFUNCTION("""COMPUTED_VALUE"""),0.0) -> 0 | E82: =IFERROR(__xludf.DUMMYFUNCTION("""COMPUTED_VALUE"""),"[Select Team Name]") -> [Select Team Name] | F82: =IFERROR(__xludf.DUMMYFUNCTION("""COMPUTED_VALUE"""),0.0) -> 0 | G82: =IFERROR(__xludf.DUMMYFUNCTION("if(regexmatch($B82,""RR""),concat(C82,E82),"""")"),"") | H82: =IFERROR(__xludf.DUMMYFUNCTION("if(regexmatch($B82,""RR""),D82,"""")"),"") | I82: =IFERROR(__xludf.DUMMYFUNCTION("if(regexmatch($B82,""RR""),concat(E82,C82),"""")"),"") | J82: =IFERROR(__xludf.DUMMYFUNCTION("if(regexmatch($B82,""RR""),F82,"""")"),"") | K82: =IFERROR(__xludf.DUMMYFUNCTION("if(regexmatch($B82,""DE""),concat(C82,E82),"""")"),"[Select Team Name][Select Team Name]") -> [Select Team Name][Select Team Name] | L82: =IFERROR(__xludf.DUMMYFUNCTION("if(regexmatch($B82,""DE""),D82,"""")"),0.0) -> 0 | M82: =IFERROR(__xludf.DUMMYFUNCTION("if(regexmatch($B82,""DE""),concat(E82,C82),"""")"),"[Select Team Name][Select Team Name]") -> [Select Team Name][Select Team Name] | N82: =IFERROR(__xludf.DUMMYFUNCTION("if(regexmatch($B82,""DE""),F82,"""")"),0.0) -> 0
B83: =IFERROR(__xludf.DUMMYFUNCTION("""COMPUTED_VALUE"""),"DE8") -> DE8 | C83: =IFERROR(__xludf.DUMMYFUNCTION("""COMPUTED_VALUE"""),"[Select Team Name]") -> [Select Team Name] | D83: =IFERROR(__xludf.DUMMYFUNCTION("""COMPUTED_VALUE"""),0.0) -> 0 | E83: =IFERROR(__xludf.DUMMYFUNCTION("""COMPUTED_VALUE"""),"[Select Team Name]") -> [Select Team Name] | F83: =IFERROR(__xludf.DUMMYFUNCTION("""COMPUTED_VALUE"""),0.0) -> 0 | G83: =IFERROR(__xludf.DUMMYFUNCTION("if(regexmatch($B83,""RR""),concat(C83,E83),"""")"),"") | H83: =IFERROR(__xludf.DUMMYFUNCTION("if(regexmatch($B83,""RR""),D83,"""")"),"") | I83: =IFERROR(__xludf.DUMMYFUNCTION("if(regexmatch($B83,""RR""),concat(E83,C83),"""")"),"") | J83: =IFERROR(__xludf.DUMMYFUNCTION("if(regexmatch($B83,""RR""),F83,"""")"),"") | K83: =IFERROR(__xludf.DUMMYFUNCTION("if(regexmatch($B83,""DE""),concat(C83,E83),"""")"),"[Select Team Name][Select Team Name]") -> [Select Team Name][Select Team Name] | L83: =IFERROR(__xludf.DUMMYFUNCTION("if(regexmatch($B83,""DE""),D83,"""")"),0.0) -> 0 | M83: =IFERROR(__xludf.DUMMYFUNCTION("if(regexmatch($B83,""DE""),concat(E83,C83),"""")"),"[Select Team Name][Select Team Name]") -> [Select Team Name][Select Team Name] | N83: =IFERROR(__xludf.DUMMYFUNCTION("if(regexmatch($B83,""DE""),F83,"""")"),0.0) -> 0
B84: =IFERROR(__xludf.DUMMYFUNCTION("""COMPUTED_VALUE"""),"DE9") -> DE9 | C84: =IFERROR(__xludf.DUMMYFUNCTION("""COMPUTED_VALUE"""),"[Select Team Name]") -> [Select Team Name] | D84: =IFERROR(__xludf.DUMMYFUNCTION("""COMPUTED_VALUE"""),0.0) -> 0 | E84: =IFERROR(__xludf.DUMMYFUNCTION("""COMPUTED_VALUE"""),"[Select Team Name]") -> [Select Team Name] | F84: =IFERROR(__xludf.DUMMYFUNCTION("""COMPUTED_VALUE"""),0.0) -> 0 | G84: =IFERROR(__xludf.DUMMYFUNCTION("if(regexmatch($B84,""RR""),concat(C84,E84),"""")"),"") | H84: =IFERROR(__xludf.DUMMYFUNCTION("if(regexmatch($B84,""RR""),D84,"""")"),"") | I84: =IFERROR(__xludf.DUMMYFUNCTION("if(regexmatch($B84,""RR""),concat(E84,C84),"""")"),"") | J84: =IFERROR(__xludf.DUMMYFUNCTION("if(regexmatch($B84,""RR""),F84,"""")"),"") | K84: =IFERROR(__xludf.DUMMYFUNCTION("if(regexmatch($B84,""DE""),concat(C84,E84),"""")"),"[Select Team Name][Select Team Name]") -> [Select Team Name][Select Team Name] | L84: =IFERROR(__xludf.DUMMYFUNCTION("if(regexmatch($B84,""DE""),D84,"""")"),0.0) -> 0 | M84: =IFERROR(__xludf.DUMMYFUNCTION("if(regexmatch($B84,""DE""),concat(E84,C84),"""")"),"[Select Team Name][Select Team Name]") -> [Select Team Name][Select Team Name] | N84: =IFERROR(__xludf.DUMMYFUNCTION("if(regexmatch($B84,""DE""),F84,"""")"),0.0) -> 0
B85: =IFERROR(__xludf.DUMMYFUNCTION("importrange(""https://docs.google.com/spreadsheets/d/1_mBQCVDfmrXNTP5kf5UxmRoYNJ13A65oWG_uMLZw0is/edit?gid=0#gid=0"",""Scores!A2:E15"")"),"RR1") -> RR1 | C85: =IFERROR(__xludf.DUMMYFUNCTION("""COMPUTED_VALUE"""),"Arcadia B") -> Arcadia B | D85: =IFERROR(__xludf.DUMMYFUNCTION("""COMPUTED_VALUE"""),104.0) -> 104 | E85: =IFERROR(__xludf.DUMMYFUNCTION("""COMPUTED_VALUE"""),"Temple City A") -> Temple City A | F85: =IFERROR(__xludf.DUMMYFUNCTION("""COMPUTED_VALUE"""),126.0) -> 126 | G85: =IFERROR(__xludf.DUMMYFUNCTION("if(regexmatch($B85,""RR""),concat(C85,E85),"""")"),"Arcadia BTemple City A") -> Arcadia BTemple City A | H85: =IFERROR(__xludf.DUMMYFUNCTION("if(regexmatch($B85,""RR""),D85,"""")"),104.0) -> 104 | I85: =IFERROR(__xludf.DUMMYFUNCTION("if(regexmatch($B85,""RR""),concat(E85,C85),"""")"),"Temple City AArcadia B") -> Temple City AArcadia B | J85: =IFERROR(__xludf.DUMMYFUNCTION("if(regexmatch($B85,""RR""),F85,"""")"),126.0) -> 126 | K85: =IFERROR(__xludf.DUMMYFUNCTION("if(regexmatch($B85,""DE""),concat(C85,E85),"""")"),"") | L85: =IFERROR(__xludf.DUMMYFUNCTION("if(regexmatch($B85,""DE""),D85,"""")"),"") | M85: =IFERROR(__xludf.DUMMYFUNCTION("if(regexmatch($B85,""DE""),concat(E85,C85),"""")"),"") | N85: =IFERROR(__xludf.DUMMYFUNCTION("if(regexmatch($B85,""DE""),F85,"""")"),"")
B86: =IFERROR(__xludf.DUMMYFUNCTION("""COMPUTED_VALUE"""),"RR2") -> RR2 | C86: =IFERROR(__xludf.DUMMYFUNCTION("""COMPUTED_VALUE"""),"Beckman A") -> Beckman A | D86: =IFERROR(__xludf.DUMMYFUNCTION("""COMPUTED_VALUE"""),104.0) -> 104 | E86: =IFERROR(__xludf.DUMMYFUNCTION("""COMPUTED_VALUE"""),"Westview") -> Westview | F86: =IFERROR(__xludf.DUMMYFUNCTION("""COMPUTED_VALUE"""),60.0) -> 60 | G86: =IFERROR(__xludf.DUMMYFUNCTION("if(regexmatch($B86,""RR""),concat(C86,E86),"""")"),"Beckman AWestview") -> Beckman AWestview | H86: =IFERROR(__xludf.DUMMYFUNCTION("if(regexmatch($B86,""RR""),D86,"""")"),104.0) -> 104 | I86: =IFERROR(__xludf.DUMMYFUNCTION("if(regexmatch($B86,""RR""),concat(E86,C86),"""")"),"WestviewBeckman A") -> WestviewBeckman A | J86: =IFERROR(__xludf.DUMMYFUNCTION("if(regexmatch($B86,""RR""),F86,"""")"),60.0) -> 60 | K86: =IFERROR(__xludf.DUMMYFUNCTION("if(regexmatch($B86,""DE""),concat(C86,E86),"""")"),"") | L86: =IFERROR(__xludf.DUMMYFUNCTION("if(regexmatch($B86,""DE""),D86,"""")"),"") | M86: =IFERROR(__xludf.DUMMYFUNCTION("if(regexmatch($B86,""DE""),concat(E86,C86),"""")"),"") | N86: =IFERROR(__xludf.DUMMYFUNCTION("if(regexmatch($B86,""DE""),F86,"""")"),"")
B87: =IFERROR(__xludf.DUMMYFUNCTION("""COMPUTED_VALUE"""),"RR3") -> RR3 | C87: =IFERROR(__xludf.DUMMYFUNCTION("""COMPUTED_VALUE"""),"Canyon Crest A") -> Canyon Crest A | D87: =IFERROR(__xludf.DUMMYFUNCTION("""COMPUTED_VALUE"""),170.0) -> 170 | E87: =IFERROR(__xludf.DUMMYFUNCTION("""COMPUTED_VALUE"""),"Oak Avenue") -> Oak Avenue | F87: =IFERROR(__xludf.DUMMYFUNCTION("""COMPUTED_VALUE"""),72.0) -> 72 | G87: =IFERROR(__xludf.DUMMYFUNCTION("if(regexmatch($B87,""RR""),concat(C87,E87),"""")"),"Canyon Crest AOak Avenue") -> Canyon Crest AOak Avenue | H87: =IFERROR(__xludf.DUMMYFUNCTION("if(regexmatch($B87,""RR""),D87,"""")"),170.0) -> 170 | I87: =IFERROR(__xludf.DUMMYFUNCTION("if(regexmatch($B87,""RR""),concat(E87,C87),"""")"),"Oak AvenueCanyon Crest A") -> Oak AvenueCanyon Crest A | J87: =IFERROR(__xludf.DUMMYFUNCTION("if(regexmatch($B87,""RR""),F87,"""")"),72.0) -> 72 | K87: =IFERROR(__xludf.DUMMYFUNCTION("if(regexmatch($B87,""DE""),concat(C87,E87),"""")"),"") | L87: =IFERROR(__xludf.DUMMYFUNCTION("if(regexmatch($B87,""DE""),D87,"""")"),"") | M87: =IFERROR(__xludf.DUMMYFUNCTION("if(regexmatch($B87,""DE""),concat(E87,C87),"""")"),"") | N87: =IFERROR(__xludf.DUMMYFUNCTION("if(regexmatch($B87,""DE""),F87,"""")"),"")
B88: =IFERROR(__xludf.DUMMYFUNCTION("""COMPUTED_VALUE"""),"RR4") -> RR4 | C88: =IFERROR(__xludf.DUMMYFUNCTION("""COMPUTED_VALUE"""),"Venice B") -> Venice B | D88: =IFERROR(__xludf.DUMMYFUNCTION("""COMPUTED_VALUE"""),54.0) -> 54 | E88: =IFERROR(__xludf.DUMMYFUNCTION("""COMPUTED_VALUE"""),"Portola") -> Portola | F88: =IFERROR(__xludf.DUMMYFUNCTION("""COMPUTED_VALUE"""),118.0) -> 118 | G88: =IFERROR(__xludf.DUMMYFUNCTION("if(regexmatch($B88,""RR""),concat(C88,E88),"""")"),"Venice BPortola") -> Venice BPortola | H88: =IFERROR(__xludf.DUMMYFUNCTION("if(regexmatch($B88,""RR""),D88,"""")"),54.0) -> 54 | I88: =IFERROR(__xludf.DUMMYFUNCTION("if(regexmatch($B88,""RR""),concat(E88,C88),"""")"),"PortolaVenice B") -> PortolaVenice B | J88: =IFERROR(__xludf.DUMMYFUNCTION("if(regexmatch($B88,""RR""),F88,"""")"),118.0) -> 118 | K88: =IFERROR(__xludf.DUMMYFUNCTION("if(regexmatch($B88,""DE""),concat(C88,E88),"""")"),"") | L88: =IFERROR(__xludf.DUMMYFUNCTION("if(regexmatch($B88,""DE""),D88,"""")"),"") | M88: =IFERROR(__xludf.DUMMYFUNCTION("if(regexmatch($B88,""DE""),concat(E88,C88),"""")"),"") | N88: =IFERROR(__xludf.DUMMYFUNCTION("if(regexmatch($B88,""DE""),F88,"""")"),"")
B89: =IFERROR(__xludf.DUMMYFUNCTION("""COMPUTED_VALUE"""),"RR5") -> RR5 | C89: =IFERROR(__xludf.DUMMYFUNCTION("""COMPUTED_VALUE"""),"North Hollywood B") -> North Hollywood B | D89: =IFERROR(__xludf.DUMMYFUNCTION("""COMPUTED_VALUE"""),106.0) -> 106 | E89: =IFERROR(__xludf.DUMMYFUNCTION("""COMPUTED_VALUE"""),"Granada Hills A") -> Granada Hills A | F89: =IFERROR(__xludf.DUMMYFUNCTION("""COMPUTED_VALUE"""),68.0) -> 68 | G89: =IFERROR(__xludf.DUMMYFUNCTION("if(regexmatch($B89,""RR""),concat(C89,E89),"""")"),"North Hollywood BGranada Hills A") -> North Hollywood BGranada Hills A | H89: =IFERROR(__xludf.DUMMYFUNCTION("if(regexmatch($B89,""RR""),D89,"""")"),106.0) -> 106 | I89: =IFERROR(__xludf.DUMMYFUNCTION("if(regexmatch($B89,""RR""),concat(E89,C89),"""")"),"Granada Hills ANorth Hollywood B") -> Granada Hills ANorth Hollywood B | J89: =IFERROR(__xludf.DUMMYFUNCTION("if(regexmatch($B89,""RR""),F89,"""")"),68.0) -> 68 | K89: =IFERROR(__xludf.DUMMYFUNCTION("if(regexmatch($B89,""DE""),concat(C89,E89),"""")"),"") | L89: =IFERROR(__xludf.DUMMYFUNCTION("if(regexmatch($B89,""DE""),D89,"""")"),"") | M89: =IFERROR(__xludf.DUMMYFUNCTION("if(regexmatch($B89,""DE""),concat(E89,C89),"""")"),"") | N89: =IFERROR(__xludf.DUMMYFUNCTION("if(regexmatch($B89,""DE""),F89,"""")"),"")
B90: =IFERROR(__xludf.DUMMYFUNCTION("""COMPUTED_VALUE"""),"DE1") -> DE1 | C90: =IFERROR(__xludf.DUMMYFUNCTION("""COMPUTED_VALUE"""),"[Select Team Name]") -> [Select Team Name] | D90: =IFERROR(__xludf.DUMMYFUNCTION("""COMPUTED_VALUE"""),0.0) -> 0 | E90: =IFERROR(__xludf.DUMMYFUNCTION("""COMPUTED_VALUE"""),"[Select Team Name]") -> [Select Team Name] | F90: =IFERROR(__xludf.DUMMYFUNCTION("""COMPUTED_VALUE"""),0.0) -> 0 | G90: =IFERROR(__xludf.DUMMYFUNCTION("if(regexmatch($B90,""RR""),concat(C90,E90),"""")"),"") | H90: =IFERROR(__xludf.DUMMYFUNCTION("if(regexmatch($B90,""RR""),D90,"""")"),"") | I90: =IFERROR(__xludf.DUMMYFUNCTION("if(regexmatch($B90,""RR""),concat(E90,C90),"""")"),"") | J90: =IFERROR(__xludf.DUMMYFUNCTION("if(regexmatch($B90,""RR""),F90,"""")"),"") | K90: =IFERROR(__xludf.DUMMYFUNCTION("if(regexmatch($B90,""DE""),concat(C90,E90),"""")"),"[Select Team Name][Select Team Name]") -> [Select Team Name][Select Team Name] | L90: =IFERROR(__xludf.DUMMYFUNCTION("if(regexmatch($B90,""DE""),D90,"""")"),0.0) -> 0 | M90: =IFERROR(__xludf.DUMMYFUNCTION("if(regexmatch($B90,""DE""),concat(E90,C90),"""")"),"[Select Team Name][Select Team Name]") -> [Select Team Name][Select Team Name] | N90: =IFERROR(__xludf.DUMMYFUNCTION("if(regexmatch($B90,""DE""),F90,"""")"),0.0) -> 0
B91: =IFERROR(__xludf.DUMMYFUNCTION("""COMPUTED_VALUE"""),"DE2") -> DE2 | C91: =IFERROR(__xludf.DUMMYFUNCTION("""COMPUTED_VALUE"""),"[Select Team Name]") -> [Select Team Name] | D91: =IFERROR(__xludf.DUMMYFUNCTION("""COMPUTED_VALUE"""),0.0) -> 0 | E91: =IFERROR(__xludf.DUMMYFUNCTION("""COMPUTED_VALUE"""),"[Select Team Name]") -> [Select Team Name] | F91: =IFERROR(__xludf.DUMMYFUNCTION("""COMPUTED_VALUE"""),0.0) -> 0 | G91: =IFERROR(__xludf.DUMMYFUNCTION("if(regexmatch($B91,""RR""),concat(C91,E91),"""")"),"") | H91: =IFERROR(__xludf.DUMMYFUNCTION("if(regexmatch($B91,""RR""),D91,"""")"),"") | I91: =IFERROR(__xludf.DUMMYFUNCTION("if(regexmatch($B91,""RR""),concat(E91,C91),"""")"),"") | J91: =IFERROR(__xludf.DUMMYFUNCTION("if(regexmatch($B91,""RR""),F91,"""")"),"") | K91: =IFERROR(__xludf.DUMMYFUNCTION("if(regexmatch($B91,""DE""),concat(C91,E91),"""")"),"[Select Team Name][Select Team Name]") -> [Select Team Name][Select Team Name] | L91: =IFERROR(__xludf.DUMMYFUNCTION("if(regexmatch($B91,""DE""),D91,"""")"),0.0) -> 0 | M91: =IFERROR(__xludf.DUMMYFUNCTION("if(regexmatch($B91,""DE""),concat(E91,C91),"""")"),"[Select Team Name][Select Team Name]") -> [Select Team Name][Select Team Name] | N91: =IFERROR(__xludf.DUMMYFUNCTION("if(regexmatch($B91,""DE""),F91,"""")"),0.0) -> 0
B92: =IFERROR(__xludf.DUMMYFUNCTION("""COMPUTED_VALUE"""),"DE3") -> DE3 | C92: =IFERROR(__xludf.DUMMYFUNCTION("""COMPUTED_VALUE"""),"[Select Team Name]") -> [Select Team Name] | D92: =IFERROR(__xludf.DUMMYFUNCTION("""COMPUTED_VALUE"""),0.0) -> 0 | E92: =IFERROR(__xludf.DUMMYFUNCTION("""COMPUTED_VALUE"""),"[Select Team Name]") -> [Select Team Name] | F92: =IFERROR(__xludf.DUMMYFUNCTION("""COMPUTED_VALUE"""),0.0) -> 0 | G92: =IFERROR(__xludf.DUMMYFUNCTION("if(regexmatch($B92,""RR""),concat(C92,E92),"""")"),"") | H92: =IFERROR(__xludf.DUMMYFUNCTION("if(regexmatch($B92,""RR""),D92,"""")"),"") | I92: =IFERROR(__xludf.DUMMYFUNCTION("if(regexmatch($B92,""RR""),concat(E92,C92),"""")"),"") | J92: =IFERROR(__xludf.DUMMYFUNCTION("if(regexmatch($B92,""RR""),F92,"""")"),"") | K92: =IFERROR(__xludf.DUMMYFUNCTION("if(regexmatch($B92,""DE""),concat(C92,E92),"""")"),"[Select Team Name][Select Team Name]") -> [Select Team Name][Select Team Name] | L92: =IFERROR(__xludf.DUMMYFUNCTION("if(regexmatch($B92,""DE""),D92,"""")"),0.0) -> 0 | M92: =IFERROR(__xludf.DUMMYFUNCTION("if(regexmatch($B92,""DE""),concat(E92,C92),"""")"),"[Select Team Name][Select Team Name]") -> [Select Team Name][Select Team Name] | N92: =IFERROR(__xludf.DUMMYFUNCTION("if(regexmatch($B92,""DE""),F92,"""")"),0.0) -> 0
B93: =IFERROR(__xludf.DUMMYFUNCTION("""COMPUTED_VALUE"""),"DE4") -> DE4 | C93: =IFERROR(__xludf.DUMMYFUNCTION("""COMPUTED_VALUE"""),"[Select Team Name]") -> [Select Team Name] | D93: =IFERROR(__xludf.DUMMYFUNCTION("""COMPUTED_VALUE"""),0.0) -> 0 | E93: =IFERROR(__xludf.DUMMYFUNCTION("""COMPUTED_VALUE"""),"[Select Team Name]") -> [Select Team Name] | F93: =IFERROR(__xludf.DUMMYFUNCTION("""COMPUTED_VALUE"""),0.0) -> 0 | G93: =IFERROR(__xludf.DUMMYFUNCTION("if(regexmatch($B93,""RR""),concat(C93,E93),"""")"),"") | H93: =IFERROR(__xludf.DUMMYFUNCTION("if(regexmatch($B93,""RR""),D93,"""")"),"") | I93: =IFERROR(__xludf.DUMMYFUNCTION("if(regexmatch($B93,""RR""),concat(E93,C93),"""")"),"") | J93: =IFERROR(__xludf.DUMMYFUNCTION("if(regexmatch($B93,""RR""),F93,"""")"),"") | K93: =IFERROR(__xludf.DUMMYFUNCTION("if(regexmatch($B93,""DE""),concat(C93,E93),"""")"),"[Select Team Name][Select Team Name]") -> [Select Team Name][Select Team Name] | L93: =IFERROR(__xludf.DUMMYFUNCTION("if(regexmatch($B93,""DE""),D93,"""")"),0.0) -> 0 | M93: =IFERROR(__xludf.DUMMYFUNCTION("if(regexmatch($B93,""DE""),concat(E93,C93),"""")"),"[Select Team Name][Select Team Name]") -> [Select Team Name][Select Team Name] | N93: =IFERROR(__xludf.DUMMYFUNCTION("if(regexmatch($B93,""DE""),F93,"""")"),0.0) -> 0
B94: =IFERROR(__xludf.DUMMYFUNCTION("""COMPUTED_VALUE"""),"DE5") -> DE5 | C94: =IFERROR(__xludf.DUMMYFUNCTION("""COMPUTED_VALUE"""),"[Select Team Name]") -> [Select Team Name] | D94: =IFERROR(__xludf.DUMMYFUNCTION("""COMPUTED_VALUE"""),0.0) -> 0 | E94: =IFERROR(__xludf.DUMMYFUNCTION("""COMPUTED_VALUE"""),"[Select Team Name]") -> [Select Team Name] | F94: =IFERROR(__xludf.DUMMYFUNCTION("""COMPUTED_VALUE"""),0.0) -> 0 | G94: =IFERROR(__xludf.DUMMYFUNCTION("if(regexmatch($B94,""RR""),concat(C94,E94),"""")"),"") | H94: =IFERROR(__xludf.DUMMYFUNCTION("if(regexmatch($B94,""RR""),D94,"""")"),"") | I94: =IFERROR(__xludf.DUMMYFUNCTION("if(regexmatch($B94,""RR""),concat(E94,C94),"""")"),"") | J94: =IFERROR(__xludf.DUMMYFUNCTION("if(regexmatch($B94,""RR""),F94,"""")"),"") | K94: =IFERROR(__xludf.DUMMYFUNCTION("if(regexmatch($B94,""DE""),concat(C94,E94),"""")"),"[Select Team Name][Select Team Name]") -> [Select Team Name][Select Team Name] | L94: =IFERROR(__xludf.DUMMYFUNCTION("if(regexmatch($B94,""DE""),D94,"""")"),0.0) -> 0 | M94: =IFERROR(__xludf.DUMMYFUNCTION("if(regexmatch($B94,""DE""),concat(E94,C94),"""")"),"[Select Team Name][Select Team Name]") -> [Select Team Name][Select Team Name] | N94: =IFERROR(__xludf.DUMMYFUNCTION("if(regexmatch($B94,""DE""),F94,"""")"),0.0) -> 0
B95: =IFERROR(__xludf.DUMMYFUNCTION("""COMPUTED_VALUE"""),"DE6") -> DE6 | C95: =IFERROR(__xludf.DUMMYFUNCTION("""COMPUTED_VALUE"""),"[Select Team Name]") -> [Select Team Name] | D95: =IFERROR(__xludf.DUMMYFUNCTION("""COMPUTED_VALUE"""),0.0) -> 0 | E95: =IFERROR(__xludf.DUMMYFUNCTION("""COMPUTED_VALUE"""),"[Select Team Name]") -> [Select Team Name] | F95: =IFERROR(__xludf.DUMMYFUNCTION("""COMPUTED_VALUE"""),0.0) -> 0 | G95: =IFERROR(__xludf.DUMMYFUNCTION("if(regexmatch($B95,""RR""),concat(C95,E95),"""")"),"") | H95: =IFERROR(__xludf.DUMMYFUNCTION("if(regexmatch($B95,""RR""),D95,"""")"),"") | I95: =IFERROR(__xludf.DUMMYFUNCTION("if(regexmatch($B95,""RR""),concat(E95,C95),"""")"),"") | J95: =IFERROR(__xludf.DUMMYFUNCTION("if(regexmatch($B95,""RR""),F95,"""")"),"") | K95: =IFERROR(__xludf.DUMMYFUNCTION("if(regexmatch($B95,""DE""),concat(C95,E95),"""")"),"[Select Team Name][Select Team Name]") -> [Select Team Name][Select Team Name] | L95: =IFERROR(__xludf.DUMMYFUNCTION("if(regexmatch($B95,""DE""),D95,"""")"),0.0) -> 0 | M95: =IFERROR(__xludf.DUMMYFUNCTION("if(regexmatch($B95,""DE""),concat(E95,C95),"""")"),"[Select Team Name][Select Team Name]") -> [Select Team Name][Select Team Name] | N95: =IFERROR(__xludf.DUMMYFUNCTION("if(regexmatch($B95,""DE""),F95,"""")"),0.0) -> 0
B96: =IFERROR(__xludf.DUMMYFUNCTION("""COMPUTED_VALUE"""),"DE7") -> DE7 | C96: =IFERROR(__xludf.DUMMYFUNCTION("""COMPUTED_VALUE"""),"[Select Team Name]") -> [Select Team Name] | D96: =IFERROR(__xludf.DUMMYFUNCTION("""COMPUTED_VALUE"""),0.0) -> 0 | E96: =IFERROR(__xludf.DUMMYFUNCTION("""COMPUTED_VALUE"""),"[Select Team Name]") -> [Select Team Name] | F96: =IFERROR(__xludf.DUMMYFUNCTION("""COMPUTED_VALUE"""),0.0) -> 0 | G96: =IFERROR(__xludf.DUMMYFUNCTION("if(regexmatch($B96,""RR""),concat(C96,E96),"""")"),"") | H96: =IFERROR(__xludf.DUMMYFUNCTION("if(regexmatch($B96,""RR""),D96,"""")"),"") | I96: =IFERROR(__xludf.DUMMYFUNCTION("if(regexmatch($B96,""RR""),concat(E96,C96),"""")"),"") | J96: =IFERROR(__xludf.DUMMYFUNCTION("if(regexmatch($B96,""RR""),F96,"""")"),"") | K96: =IFERROR(__xludf.DUMMYFUNCTION("if(regexmatch($B96,""DE""),concat(C96,E96),"""")"),"[Select Team Name][Select Team Name]") -> [Select Team Name][Select Team Name] | L96: =IFERROR(__xludf.DUMMYFUNCTION("if(regexmatch($B96,""DE""),D96,"""")"),0.0) -> 0 | M96: =IFERROR(__xludf.DUMMYFUNCTION("if(regexmatch($B96,""DE""),concat(E96,C96),"""")"),"[Select Team Name][Select Team Name]") -> [Select Team Name][Select Team Name] | N96: =IFERROR(__xludf.DUMMYFUNCTION("if(regexmatch($B96,""DE""),F96,"""")"),0.0) -> 0
B97: =IFERROR(__xludf.DUMMYFUNCTION("""COMPUTED_VALUE"""),"DE8") -> DE8 | C97: =IFERROR(__xludf.DUMMYFUNCTION("""COMPUTED_VALUE"""),"[Select Team Name]") -> [Select Team Name] | D97: =IFERROR(__xludf.DUMMYFUNCTION("""COMPUTED_VALUE"""),0.0) -> 0 | E97: =IFERROR(__xludf.DUMMYFUNCTION("""COMPUTED_VALUE"""),"[Select Team Name]") -> [Select Team Name] | F97: =IFERROR(__xludf.DUMMYFUNCTION("""COMPUTED_VALUE"""),0.0) -> 0 | G97: =IFERROR(__xludf.DUMMYFUNCTION("if(regexmatch($B97,""RR""),concat(C97,E97),"""")"),"") | H97: =IFERROR(__xludf.DUMMYFUNCTION("if(regexmatch($B97,""RR""),D97,"""")"),"") | I97: =IFERROR(__xludf.DUMMYFUNCTION("if(regexmatch($B97,""RR""),concat(E97,C97),"""")"),"") | J97: =IFERROR(__xludf.DUMMYFUNCTION("if(regexmatch($B97,""RR""),F97,"""")"),"") | K97: =IFERROR(__xludf.DUMMYFUNCTION("if(regexmatch($B97,""DE""),concat(C97,E97),"""")"),"[Select Team Name][Select Team Name]") -> [Select Team Name][Select Team Name] | L97: =IFERROR(__xludf.DUMMYFUNCTION("if(regexmatch($B97,""DE""),D97,"""")"),0.0) -> 0 | M97: =IFERROR(__xludf.DUMMYFUNCTION("if(regexmatch($B97,""DE""),concat(E97,C97),"""")"),"[Select Team Name][Select Team Name]") -> [Select Team Name][Select Team Name] | N97: =IFERROR(__xludf.DUMMYFUNCTION("if(regexmatch($B97,""DE""),F97,"""")"),0.0) -> 0
B98: =IFERROR(__xludf.DUMMYFUNCTION("""COMPUTED_VALUE"""),"DE9") -> DE9 | C98: =IFERROR(__xludf.DUMMYFUNCTION("""COMPUTED_VALUE"""),"[Select Team Name]") -> [Select Team Name] | D98: =IFERROR(__xludf.DUMMYFUNCTION("""COMPUTED_VALUE"""),0.0) -> 0 | E98: =IFERROR(__xludf.DUMMYFUNCTION("""COMPUTED_VALUE"""),"[Select Team Name]") -> [Select Team Name] | F98: =IFERROR(__xludf.DUMMYFUNCTION("""COMPUTED_VALUE"""),0.0) -> 0 | G98: =IFERROR(__xludf.DUMMYFUNCTION("if(regexmatch($B98,""RR""),concat(C98,E98),"""")"),"") | H98: =IFERROR(__xludf.DUMMYFUNCTION("if(regexmatch($B98,""RR""),D98,"""")"),"") | I98: =IFERROR(__xludf.DUMMYFUNCTION("if(regexmatch($B98,""RR""),concat(E98,C98),"""")"),"") | J98: =IFERROR(__xludf.DUMMYFUNCTION("if(regexmatch($B98,""RR""),F98,"""")"),"") | K98: =IFERROR(__xludf.DUMMYFUNCTION("if(regexmatch($B98,""DE""),concat(C98,E98),"""")"),"[Select Team Name][Select Team Name]") -> [Select Team Name][Select Team Name] | L98: =IFERROR(__xludf.DUMMYFUNCTION("if(regexmatch($B98,""DE""),D98,"""")"),0.0) -> 0 | M98: =IFERROR(__xludf.DUMMYFUNCTION("if(regexmatch($B98,""DE""),concat(E98,C98),"""")"),"[Select Team Name][Select Team Name]") -> [Select Team Name][Select Team Name] | N98: =IFERROR(__xludf.DUMMYFUNCTION("if(regexmatch($B98,""DE""),F98,"""")"),0.0) -> 0
B99: =IFERROR(__xludf.DUMMYFUNCTION("importrange(""https://docs.google.com/spreadsheets/d/1FZXq0_LMhwPQRubOB3QIO5V3Q25VcrCRXGxhE8j1MUY/edit?gid=0#gid=0"",""Scores!A2:E15"")"),"RR1") -> RR1 | C99: =IFERROR(__xludf.DUMMYFUNCTION("""COMPUTED_VALUE"""),"University") -> University | D99: =IFERROR(__xludf.DUMMYFUNCTION("""COMPUTED_VALUE"""),68.0) -> 68 | E99: =IFERROR(__xludf.DUMMYFUNCTION("""COMPUTED_VALUE"""),"Sci Acad A") -> Sci Acad A | F99: =IFERROR(__xludf.DUMMYFUNCTION("""COMPUTED_VALUE"""),158.0) -> 158 | G99: =IFERROR(__xludf.DUMMYFUNCTION("if(regexmatch($B99,""RR""),concat(C99,E99),"""")"),"UniversitySci Acad A") -> UniversitySci Acad A | H99: =IFERROR(__xludf.DUMMYFUNCTION("if(regexmatch($B99,""RR""),D99,"""")"),68.0) -> 68 | I99: =IFERROR(__xludf.DUMMYFUNCTION("if(regexmatch($B99,""RR""),concat(E99,C99),"""")"),"Sci Acad AUniversity") -> Sci Acad AUniversity | J99: =IFERROR(__xludf.DUMMYFUNCTION("if(regexmatch($B99,""RR""),F99,"""")"),158.0) -> 158 | K99: =IFERROR(__xludf.DUMMYFUNCTION("if(regexmatch($B99,""DE""),concat(C99,E99),"""")"),"") | L99: =IFERROR(__xludf.DUMMYFUNCTION("if(regexmatch($B99,""DE""),D99,"""")"),"") | M99: =IFERROR(__xludf.DUMMYFUNCTION("if(regexmatch($B99,""DE""),concat(E99,C99),"""")"),"") | N99: =IFERROR(__xludf.DUMMYFUNCTION("if(regexmatch($B99,""DE""),F99,"""")"),"")
B100: =IFERROR(__xludf.DUMMYFUNCTION("""COMPUTED_VALUE"""),"RR2") -> RR2 | C100: =IFERROR(__xludf.DUMMYFUNCTION("""COMPUTED_VALUE"""),"Sci Acad B") -> Sci Acad B | D100: =IFERROR(__xludf.DUMMYFUNCTION("""COMPUTED_VALUE"""),72.0) -> 72 | E100: =IFERROR(__xludf.DUMMYFUNCTION("""COMPUTED_VALUE"""),"Troy") -> Troy | F100: =IFERROR(__xludf.DUMMYFUNCTION("""COMPUTED_VALUE"""),162.0) -> 162 | G100: =IFERROR(__xludf.DUMMYFUNCTION("if(regexmatch($B100,""RR""),concat(C100,E100),"""")"),"Sci Acad BTroy") -> Sci Acad BTroy | H100: =IFERROR(__xludf.DUMMYFUNCTION("if(regexmatch($B100,""RR""),D100,"""")"),72.0) -> 72 | I100: =IFERROR(__xludf.DUMMYFUNCTION("if(regexmatch($B100,""RR""),concat(E100,C100),"""")"),"TroySci Acad B") -> TroySci Acad B | J100: =IFERROR(__xludf.DUMMYFUNCTION("if(regexmatch($B100,""RR""),F100,"""")"),162.0) -> 162 | K100: =IFERROR(__xludf.DUMMYFUNCTION("if(regexmatch($B100,""DE""),concat(C100,E100),"""")"),"") | L100: =IFERROR(__xludf.DUMMYFUNCTION("if(regexmatch($B100,""DE""),D100,"""")"),"") | M100: =IFERROR(__xludf.DUMMYFUNCTION("if(regexmatch($B100,""DE""),concat(E100,C100),"""")"),"") | N100: =IFERROR(__xludf.DUMMYFUNCTION("if(regexmatch($B100,""DE""),F100,"""")"),"")
...

Sheet Seeding
A1: Seeded Teams | E1: Round Robin Results | I1: Sorted by Points
A2: Team Name | B2: Wins | C2: Points | E2: Team Name | F2: Wins | G2: Points | I2: Team Name | J2: Wins | K2: Points
A3: Lynbrook A | B3: 5 | C3: 1052 | E3: Lynbrook A | F3: 5 | G3: 1052 | I3: {=sort(E3:G38,G3:G38,false)} -> Lynbrook A | J3: 5 | K3: 1052
A4: Middleton | B4: 5 | C4: 1018 | E4: Middleton | F4: 5 | G4: 1018 | I4: Middleton | J4: 5 | K4: 1018
A5: Mission San Jose A | B5: 5 | C5: 852 | E5: Mission San Jose A | F5: 5 | G5: 852 | I5: Davidson A | J5: 4.5 | K5: 898
A6: Davidson A | B6: 4.5 | C6: 898 | E6: AVHS | F6: 5 | G6: 796 | I6: Mission San Jose A | J6: 5 | K6: 852
A7: AVHS | B7: 5 | C7: 796 | E7: Davidson A | F7: 4.5 | G7: 898 | I7: AVHS | J7: 5 | K7: 796
A8: Palo Alto | B8: 4 | C8: 758 | E8: Mission San Jose B | F8: 4.5 | G8: 762 | I8: Mission San Jose B | J8: 4.5 | K8: 762
A9: Mission San Jose B | B9: 4.5 | C9: 762 | E9: Palo Alto | F9: 4 | G9: 758 | I9: Palo Alto | J9: 4 | K9: 758
A10: Lynbrook B | B10: 4 | C10: 716 | E10: Lynbrook B | F10: 4 | G10: 716 | I10: Lynbrook B | J10: 4 | K10: 716
A11: Saratoga | B11: 4 | C11: 704 | E11: Saratoga | F11: 4 | G11: 704 | I11: Saratoga | J11: 4 | K11: 704
A12: BASIS Silicon Valley | B12: 4 | C12: 696 | E12: BASIS Silicon Valley | F12: 4 | G12: 696 | I12: BASIS Silicon Valley | J12: 4 | K12: 696
A13: Foothill A | B13: 4 | C13: 632 | E13: Foothill A | F13: 4 | G13: 632 | I13: Foothill A | J13: 4 | K13: 632
A14: American | B14: 4 | C14: 576 | E14: Clovis North | F14: 4 | G14: 624 | I14: Clovis North | J14: 4 | K14: 624
A15: Clovis North | B15: 4 | C15: 624 | E15: American | F15: 4 | G15: 576 | I15: American | J15: 4 | K15: 576
... A18: Davidson B | B18: 3 | C18: 544 | E18: Davidson B | F18: 3 | G18: 544 | I18: Davidson B | J18: 3 | K18: 544
A19: Harker | B19: 3 | C19: 404 | D19: D | E19: Harker | F19: 3 | G19: 404 | I19: Dougherty Valley A | J19: 2 | K19: 412
A20: Dougherty Valley A | B20: 2 | C20: 412 | D20: B | E20: Dougherty Valley A | F20: 2 | G20: 412 | I20: Harker | J20: 3 | K20: 404
A21: Dougherty Valley B | B21: 2 | C21: 380 | D21: F | E21: Dougherty Valley B | F21: 2 | G21: 380 | I21: Dougherty Valley B | J21: 2 | K21: 380
A22: Gunn | B22: 2 | C22: 304 | D22: E | E22: Gunn | F22: 2 | G22: 304 | I22: A-Tech A | J22: 1.5 | K22: 320
A23: Cupertino B | B23: 2 | C23: 260 | D23: A | E23: Cupertino B | F23: 2 | G23: 260 | I23: Gunn | J23: 2 | K23: 304
A24: Foothill B | B24: 2 | C24: 220 | D24: C | E24: Foothill B | F24: 2 | G24: 220 | I24: California A | J24: 1 | K24: 302
A25: A-Tech A | B25: 1.5 | C25: 320 | D25: C | E25: A-Tech A | F25: 1.5 | G25: 320 | I25: Saint Francis | J25: 1 | K25: 300
A26: Stanford Online | B26: 1.5 | C26: 288 | D26: C | E26: Stanford Online | F26: 1.5 | G26: 288 | I26: Stanford Online | J26: 1.5 | K26: 288
A27: California A | B27: 1 | C27: 302 | D27: D | E27: California A | F27: 1 | G27: 302 | I27: Cupertino B | J27: 2 | K27: 260
A28: Saint Francis | B28: 1 | C28: 300 | D28: F | E28: Saint Francis | F28: 1 | G28: 300 | I28: Los Gatos | J28: 1 | K28: 256
A29: Los Gatos | B29: 1 | C29: 256 | D29: C | E29: Los Gatos | F29: 1 | G29: 256 | I29: Homestead | J29: 1 | K29: 230
A30: Homestead | B30: 1 | C30: 230 | D30: D | E30: Homestead | F30: 1 | G30: 230 | I30: Foothill B | J30: 2 | K30: 220
... A38: California B | B38: 0 | C38: 50 | D38: E | E38: California B | F38: 0 | G38: 50 | I38: California B | J38: 0 | K38: 50
