Workbook

Sheet SW1
C1: game 1
B2: school
A3: 1 | B3: Amity Regional - Team 1 | C3: 12
A4: 2 | B4: Bacon Academy - Team 1 | C4: 20
A5: 3 | B5: Bacon Academy - Team 2
A6: 4 | B6: Cheshire HS - Team 1
A7: 5 | B7: Cheshire HS - Team 2
A8: 6 | B8: CT IB Acad
A9: 7 | B9: EO Smith HS - Team 1
A10: 8 | B10: EO Smith HS - Team 2
A11: 9 | B11: East Lyme HS - Team 1
A12: 10 | B12: East Lyme HS - Team 2
A13: 11 | B13: Fairfield Ludlowe HS
A14: 12 | B14: Fairfield Warde HS
A15: 13 | B15: Farmington HS - Team 1
A16: 14 | B16: Farmington HS - Team 2
... A44: 42 | B44: Waterford HS - Team 2

Sheet SW2
C1: game 1 | E1: T/F | F1: Winning Score | G1: Team
B2: school
B3: Academy of Aerospace and Engineering | C3: 12 | E3: =IF('SW1'!C3=C3,"TRUE") -> TRUE
B4: Advanced Math and Science Academy Charter School | C4: 20 | E4: =IF('SW1'!C4=C4,"TRUE") -> TRUE | F4: =MAX(C3:C4) -> 20
B5: Amity Regional HS
B6: Bacon Academy
B7: Bedford High
B8: Boston Latin
B9: Boston University Academy
B10: Cheshire HS
B11: Cheshire HS
B12: Choate Rosemary Hall
B13: Conard HS
B14: Cranston HS East
B15: Deerfield Academy
B16: E. O. Smith HS
... B51: Wayland HS

Sheet NE Regional CHAMPIONSHIP Bracke
B1: NE Regional (NORTH) CHAMPIONSHIP Bracket
B3: Round 6 | C3: Round 7 | D3: Round 8 | E3: Round 9 | F3: Round 10 | G3: Round 11 | H3: Round 12 | I3: Round 13 | J3: Round 14
B4: 0.58333333 | C4: =B4+"00:30" -> 0.60416667 | D4: =C4+"00:30" -> 0.625 | E4: =D4+"00:30" -> 0.64583333 | F4: =E4+"00:30" -> 0.66666667 | G4: =F4+"00:30" -> 0.6875 | H4: =G4+"00:30" -> 0.70833333 | I4: =H4+"00:30" -> 0.72916667 | J4: =I4+"00:30" -> 0.75
B8: MCHU 305
C10: MCHU 101 | D10: BYE
B12: MCHU 306
E14: MCHU 110 | F14: BYE
B16: MCHU 205
C18: MCHU 111 | D18: BYE
B20: MCHU 206
G22: MCHU 101 | H22: BYE
B24: MCHU 111
C26: MCHU 110 | D26: BYE
B28: MCHU 109
E30: MCHU 111 | F30: BYE
I31: MCHU 101
B32: MCHU 110
C34: MCHU 109 | D34: BYE
B36: MCHU 101
D41: MCHU 110 | F41: MCHU 101 | H41: MCHU 101
C42: MCHU 305
E43: MCHU 109
D45: MCHU 101 | G45: MCHU 111
C46: MCHU 306
D49: MCHU 111 | F49: MCHU 111
C50: MCHU 205
E51: MCHU 101
D53: MCHU 109
C54: MCHU 206

Sheet CT Region ROUND ROBIN Scores (P
B1: CT Regional ROUND ROBIN Scores
A3: Room | B3: Round 1 | F3: Round 2 | J3: Round 3 | N3: Round 4 | R3: Round 5
B4: 0.40972222 | F4: 0.4375 | J4: 0.46041667 | N4: 0.48958333 | R4: 0.51388889 | Y4: Points are awarded for wins (2 pts) or ties (1 pt). Scores are the sum of correct responses & pentalties earned within matches
B5: Division 1 (Temple Grandin)
Y6: Points and Scores by Team | AH6: Scores by Division
B7: Teams | C7: Score | D7: CC Verification | E7: Points | F7: Teams | G7: Score | H7: CC Verification | I7: Points | J7: Teams | K7: Score | L7: CC Verification | M7: Points | N7: Teams | O7: Score | P7: CC Verification | Q7: Points | R7: Teams | S7: Score | T7: CC Verification | U7: Points | W7: Seed # | X7: Team | Y7: Team (Alphabetical) | Z7: Division | AA7: Total Points | AB7: Total Score | AC7: =X7 -> Team | AE7: Rank | AF7: Points w/ DB | AG7: Team | AH7: Division | AI7: Total Points | AJ7: Total Scores
A8: SHH 101 | B8: =X8 -> Farmington HS - Team 1 | C8: 260 | D8: TRUE | E8: =IF(D8=True, IF(C8>C9,2,IF(C8=C9,1,0)),0) -> 2 | F8: =B10 -> Southington HS - Team 1 | G8: 84 | H8: TRUE | I8: =IF(H8=True, IF(G8>G9,2,IF(G8=G9,1,0)),0) -> 2 | J8: =F12 -> Farmington HS - Team 1 | K8: 218 | L8: TRUE | M8: =IF(L8=True, IF(K8>K9,2,IF(K8=K9,1,0)),0) -> 2 | N8: =J13 -> Ethel Walker School | O8: 8 | P8: TRUE | Q8: =IF(P8=True, IF(O8>O9,2,IF(O8=O9,1,0)),0) -> 0 | R8: =N12 -> Loomis Chaffee - Team 2 | S8: 114 | T8: TRUE | U8: =IF(T8=True, IF(S8>S9,2,IF(S8=S9,1,0)),0) -> 2 | W8: 1 | X8: Farmington HS - Team 1 | Y8: {=sort(X8:X55)} -> Amity Regional HS | Z8: =IF(MATCH(Y8,R:R,0)<14,$B$5,IF(MATCH(Y8,R:R,0)<23,$B$14,IF(MATCH(Y8,R:R,0)<32,$B$23,IF(MATCH(Y8,R:R,0)<41,$B$32,IF(MATCH(Y8,R:R,0)<50,$B$41,IF(MATCH(Y8,R:R,0)<59,$B$50,IF(MATCH(Y8,R:R,0)<68,$B$59,$B$68))))))) -> Division 3 (Silas Adekunle) | AA8: =SUM(VLOOKUP(Y8,B:E,4,FALSE),VLOOKUP(Y8,F:I,4,FALSE),VLOOKUP(Y8,J:M,4,FALSE),VLOOKUP(Y8,N:Q,4,FALSE),VLOOKUP(Y8,R:U,4,FALSE)) -> 8 | AB8: =SUM(VLOOKUP(Y8,$B:$E,2,FALSE),VLOOKUP(Y8,$F:$I,2,FALSE),VLOOKUP(Y8,$J:$M,2,FALSE),VLOOKUP(Y8,$N:$Q,2,FALSE),VLOOKUP(Y8,$R:$U,2,FALSE)) -> 438 | AC8: =X9 -> Waterford HS - Team 1 | AE8: 1 | AF8: 1489.5698 | AH8: =B5 -> Division 1 (Temple Grandin) | AI8: =SUM(E8:E13,I8:I13,M8:M13,Q8:Q13,U8:U13) -> 30 | AJ8: =SUM(C$8:C$13,G$8:G$13,K$8:K$13,O$8:O$13,S$8:S$13) -> 2466
B9: =X23 -> Ethel Walker School | C9: 8 | D9: TRUE | E9: =IF(D9=True, IF(C9>C8,2,IF(C9=C8,1,0)),0) -> 0 | F9: =B13 -> CT IB Acad - Team 2 | G9: 34 | H9: TRUE | I9: =IF(H9=True, IF(G9>G8,2,IF(G9=G8,1,0)),0) -> 0 | J9: =F10 -> Loomis Chaffee - Team 2 | K9: 40 | L9: TRUE | M9: =IF(L9=True, IF(K9>K8,2,IF(K9=K8,1,0)),0) -> 0 | N9: =J11 -> Fairfield Ludlowe HS | O9: 66 | P9: TRUE | Q9: =IF(P9=True, IF(O9>O8,2,IF(O9=O8,1,0)),0) -> 2 | R9: =N9 -> Fairfield Ludlowe HS | S9: 40 | T9: TRUE | U9: =IF(T9=True, IF(S9>S8,2,IF(S9=S8,1,0)),0) -> 0 | W9: =W8+1 -> 2 | X9: Waterford HS - Team 1 | Y9: Bacon Academy | Z9: =IF(MATCH(Y9,R:R,0)<14,$B$5,IF(MATCH(Y9,R:R,0)<23,$B$14,IF(MATCH(Y9,R:R,0)<32,$B$23,IF(MATCH(Y9,R:R,0)<41,$B$32,IF(MATCH(Y9,R:R,0)<50,$B$41,IF(MATCH(Y9,R:R,0)<59,$B$50,IF(MATCH(Y9,R:R,0)<68,$B$59,$B$68))))))) -> Division 2 (Marian Croak) | AA9: =SUM(VLOOKUP(Y9,B:E,4,FALSE),VLOOKUP(Y9,F:I,4,FALSE),VLOOKUP(Y9,J:M,4,FALSE),VLOOKUP(Y9,N:Q,4,FALSE),VLOOKUP(Y9,R:U,4,FALSE)) -> 2 | AB9: =SUM(VLOOKUP(Y9,$B:$E,2,FALSE),VLOOKUP(Y9,$F:$I,2,FALSE),VLOOKUP(Y9,$J:$M,2,FALSE),VLOOKUP(Y9,$N:$Q,2,FALSE),VLOOKUP(Y9,$R:$U,2,FALSE)) -> 152 | AC9: =X10 -> EO Smith HS - Team 1 | AE9: =AE8+1 -> 2 | AF9: 1487.3284 | AH9: =B14 -> Division 2 (Marian Croak) | AI9: =SUM(E$17:E$22,I$17:I$22,M$17:M$22,Q$17:Q$22,U$17:U$22) -> 30 | AJ9: =SUM(C$17:C$22,G$17:G$22,K$17:K$22,O$17:O$22,S$17:S$22) -> 1812
A10: SHH 104 | B10: =X24 -> Southington HS - Team 1 | C10: 166 | D10: TRUE | E10: =IF(D10=True, IF(C10>C11,2,IF(C10=C11,1,0)),0) -> 2 | F10: =B12 -> Loomis Chaffee - Team 2 | G10: 80 | H10: TRUE | I10: =IF(H10=True, IF(G10>G11,2,IF(G10=G11,1,0)),0) -> 2 | J10: =F9 -> CT IB Acad - Team 2 | K10: 74 | L10: TRUE | M10: =IF(L10=True, IF(K10>K11,2,IF(K10=K11,1,0)),0) -> 2 | N10: =J8 -> Farmington HS - Team 1 | O10: 176 | P10: TRUE | Q10: =IF(P10=True, IF(O10>O11,2,IF(O10=O11,1,0)),0) -> 2 | R10: =N10 -> Farmington HS - Team 1 | S10: 198 | T10: TRUE | U10: =IF(T10=True, IF(S10>S11,2,IF(S10=S11,1,0)),0) -> 2 | W10: =W9+1 -> 3 | X10: EO Smith HS - Team 1 | Y10: Choate Rosemary Hall | Z10: =IF(MATCH(Y10,R:R,0)<14,$B$5,IF(MATCH(Y10,R:R,0)<23,$B$14,IF(MATCH(Y10,R:R,0)<32,$B$23,IF(MATCH(Y10,R:R,0)<41,$B$32,IF(MATCH(Y10,R:R,0)<50,$B$41,IF(MATCH(Y10,R:R,0)<59,$B$50,IF(MATCH(Y10,R:R,0)<68,$B$59,$B$68))))))) -> Division 7 (Irene Uchida) | AA10: =SUM(VLOOKUP(Y10,B:E,4,FALSE),VLOOKUP(Y10,F:I,4,FALSE),VLOOKUP(Y10,J:M,4,FALSE),VLOOKUP(Y10,N:Q,4,FALSE),VLOOKUP(Y10,R:U,4,FALSE)) -> 6 | AB10: =SUM(VLOOKUP(Y10,$B:$E,2,FALSE),VLOOKUP(Y10,$F:$I,2,FALSE),VLOOKUP(Y10,$J:$M,2,FALSE),VLOOKUP(Y10,$N:$Q,2,FALSE),VLOOKUP(Y10,$R:$U,2,FALSE)) -> 294 | AC10: =X11 -> Greenwich HS - Team 1 | AE10: =AE9+1 -> 3 | AF10: 1117.2772 | AH10: =B23 -> Division 3 (Silas Adekunle) | AI10: =SUM(E$26:E$31,I$26:I$31,M$26:M$31,Q$26:Q$31,U$26:U$31) -> 30 | AJ10: =SUM(C$26:C$31,G$26:G$31,K$26:K$31,O$26:O$31,S$26:S$31) -> 2024
B11: =X39 -> Fairfield Ludlowe HS | C11: 40 | D11: TRUE | E11: =IF(D11=True, IF(C11>C10,2,IF(C11=C10,1,0)),0) -> 0 | F11: =B9 -> Ethel Walker School | G11: 16 | H11: TRUE | I11: =IF(H11=True, IF(G11>G10,2,IF(G11=G10,1,0)),0) -> 0 | J11: =F13 -> Fairfield Ludlowe HS | K11: 20 | L11: TRUE | M11: =IF(L11=True, IF(K11>K10,2,IF(K11=K10,1,0)),0) -> 0 | N11: =J10 -> CT IB Acad - Team 2 | O11: 16 | P11: TRUE | Q11: =IF(P11=True, IF(O11>O10,2,IF(O11=O10,1,0)),0) -> 0 | R11: =N13 -> Southington HS - Team 1 | S11: 62 | T11: TRUE | U11: =IF(T11=True, IF(S11>S10,2,IF(S11=S10,1,0)),0) -> 0 | W11: =W10+1 -> 4 | X11: Greenwich HS - Team 1 | Y11: Conard HS - Team 1 | Z11: =IF(MATCH(Y11,R:R,0)<14,$B$5,IF(MATCH(Y11,R:R,0)<23,$B$14,IF(MATCH(Y11,R:R,0)<32,$B$23,IF(MATCH(Y11,R:R,0)<41,$B$32,IF(MATCH(Y11,R:R,0)<50,$B$41,IF(MATCH(Y11,R:R,0)<59,$B$50,IF(MATCH(Y11,R:R,0)<68,$B$59,$B$68))))))) -> Division 4 (Ellen Ochoa) | AA11: =SUM(VLOOKUP(Y11,B:E,4,FALSE),VLOOKUP(Y11,F:I,4,FALSE),VLOOKUP(Y11,J:M,4,FALSE),VLOOKUP(Y11,N:Q,4,FALSE),VLOOKUP(Y11,R:U,4,FALSE)) -> 6 | AB11: =SUM(VLOOKUP(Y11,$B:$E,2,FALSE),VLOOKUP(Y11,$F:$I,2,FALSE),VLOOKUP(Y11,$J:$M,2,FALSE),VLOOKUP(Y11,$N:$Q,2,FALSE),VLOOKUP(Y11,$R:$U,2,FALSE)) -> 290 | AC11: =X12 -> East Lyme HS - Team 1 | AE11: =AE10+1 -> 4 | AF11: 1097.2772 | AH11: =B32 -> Division 4 (Ellen Ochoa) | AI11: =SUM(E35:E40,I35:I40,M35:M40,Q35:Q40,U35:U40) -> 30 | AJ11: =SUM(C$35:C$40,G$35:G$40,K$35:K$40,O$35:O$40,S$35:S$40) -> 1916
A12: SHH 105 | B12: =X40 -> Loomis Chaffee - Team 2 | C12: 70 | D12: TRUE | E12: =IF(D12=True, IF(C12>C13,2,IF(C12=C13,1,0)),0) -> 2 | F12: =B8 -> Farmington HS - Team 1 | G12: 178 | H12: TRUE | I12: =IF(H12=True, IF(G12>G13,2,IF(G12=G13,1,0)),0) -> 2 | J12: =F8 -> Southington HS - Team 1 | K12: 158 | L12: TRUE | M12: =IF(L12=True, IF(K12>K13,2,IF(K12=K13,1,0)),0) -> 2 | N12: =J9 -> Loomis Chaffee - Team 2 | O12: 30 | P12: TRUE | Q12: =IF(P12=True, IF(O12>O13,2,IF(O12=O13,1,0)),0) -> 0 | R12: =N11 -> CT IB Acad - Team 2 | S12: 48 | T12: TRUE | U12: =IF(T12=True, IF(S12>S13,2,IF(S12=S13,1,0)),0) -> 2 | W12: =W11+1 -> 5 | X12: East Lyme HS - Team 1 | Y12: Conard HS - Team 2 | Z12: =IF(MATCH(Y12,R:R,0)<14,$B$5,IF(MATCH(Y12,R:R,0)<23,$B$14,IF(MATCH(Y12,R:R,0)<32,$B$23,IF(MATCH(Y12,R:R,0)<41,$B$32,IF(MATCH(Y12,R:R,0)<50,$B$41,IF(MATCH(Y12,R:R,0)<59,$B$50,IF(MATCH(Y12,R:R,0)<68,$B$59,$B$68))))))) -> Division 2 (Marian Croak) | AA12: =SUM(VLOOKUP(Y12,B:E,4,FALSE),VLOOKUP(Y12,F:I,4,FALSE),VLOOKUP(Y12,J:M,4,FALSE),VLOOKUP(Y12,N:Q,4,FALSE),VLOOKUP(Y12,R:U,4,FALSE)) -> 6 | AB12: =SUM(VLOOKUP(Y12,$B:$E,2,FALSE),VLOOKUP(Y12,$F:$I,2,FALSE),VLOOKUP(Y12,$J:$M,2,FALSE),VLOOKUP(Y12,$N:$Q,2,FALSE),VLOOKUP(Y12,$R:$U,2,FALSE)) -> 220 | AC12: =X13 -> Rocky Hill HS - Team 1 | AE12: =AE11+1 -> 5 | AF12: 1095.3284 | AH12: =B41 -> Division 5 (Ursula Burns) | AI12: =SUM(E44:E49,I44:I49,M44:M49,Q44:Q49,U44:U49) -> 30 | AJ12: =SUM(C$44:C$49,G$44:G$49,K$44:K$49,O$44:O$49,S$44:S$49) -> 1842
B13: =X55 -> CT IB Acad - Team 2 | C13: 54 | D13: TRUE | E13: =IF(D13=True, IF(C13>C12,2,IF(C13=C12,1,0)),0) -> 0 | F13: =B11 -> Fairfield Ludlowe HS | G13: 34 | H13: TRUE | I13: =IF(H13=True, IF(G13>G12,2,IF(G13=G12,1,0)),0) -> 0 | J13: =F11 -> Ethel Walker School | K13: 12 | L13: TRUE | M13: =IF(L13=True, IF(K13>K12,2,IF(K13=K12,1,0)),0) -> 0 | N13: =J12 -> Southington HS - Team 1 | O13: 136 | P13: TRUE | Q13: =IF(P13=True, IF(O13>O12,2,IF(O13=O12,1,0)),0) -> 2 | R13: =N8 -> Ethel Walker School | S13: 26 | T13: TRUE | U13: =IF(T13=True, IF(S13>S12,2,IF(S13=S12,1,0)),0) -> 0 | W13: =W12+1 -> 6 | X13: Rocky Hill HS - Team 1 | Y13: CT IB Acad - Team 1 | Z13: =IF(MATCH(Y13,R:R,0)<14,$B$5,IF(MATCH(Y13,R:R,0)<23,$B$14,IF(MATCH(Y13,R:R,0)<32,$B$23,IF(MATCH(Y13,R:R,0)<41,$B$32,IF(MATCH(Y13,R:R,0)<50,$B$41,IF(MATCH(Y13,R:R,0)<59,$B$50,IF(MATCH(Y13,R:R,0)<68,$B$59,$B$68))))))) -> Division 3 (Silas Adekunle) | AA13: =SUM(VLOOKUP(Y13,B:E,4,FALSE),VLOOKUP(Y13,F:I,4,FALSE),VLOOKUP(Y13,J:M,4,FALSE),VLOOKUP(Y13,N:Q,4,FALSE),VLOOKUP(Y13,R:U,4,FALSE)) -> 0 | AB13: =SUM(VLOOKUP(Y13,$B:$E,2,FALSE),VLOOKUP(Y13,$F:$I,2,FALSE),VLOOKUP(Y13,$J:$M,2,FALSE),VLOOKUP(Y13,$N:$Q,2,FALSE),VLOOKUP(Y13,$R:$U,2,FALSE)) -> 72 | AC13: =X14 -> Choate Rosemary Hall | AE13: =AE12+1 -> 6 | AF13: 1069.1174 | AH13: =B50 -> Division 6 (Guillermo Camarena) | AI13: =SUM(E53:E58,I53:I58,M53:M58,Q53:Q58,U53:U58) -> 30 | AJ13: =SUM(C$53:C$58,G$53:G$58,K$53:K$58,O$53:O$58,S$53:S$58) -> 1982
B14: Division 2 (Marian Croak) | W14: =W13+1 -> 7 | X14: Choate Rosemary Hall | Y14: CT IB Acad - Team 2 | Z14: =IF(MATCH(Y14,R:R,0)<14,$B$5,IF(MATCH(Y14,R:R,0)<23,$B$14,IF(MATCH(Y14,R:R,0)<32,$B$23,IF(MATCH(Y14,R:R,0)<41,$B$32,IF(MATCH(Y14,R:R,0)<50,$B$41,IF(MATCH(Y14,R:R,0)<59,$B$50,IF(MATCH(Y14,R:R,0)<68,$B$59,$B$68))))))) -> Division 1 (Temple Grandin) | AA14: =SUM(VLOOKUP(Y14,B:E,4,FALSE),VLOOKUP(Y14,F:I,4,FALSE),VLOOKUP(Y14,J:M,4,FALSE),VLOOKUP(Y14,N:Q,4,FALSE),VLOOKUP(Y14,R:U,4,FALSE)) -> 4 | AB14: =SUM(VLOOKUP(Y14,$B:$E,2,FALSE),VLOOKUP(Y14,$F:$I,2,FALSE),VLOOKUP(Y14,$J:$M,2,FALSE),VLOOKUP(Y14,$N:$Q,2,FALSE),VLOOKUP(Y14,$R:$U,2,FALSE)) -> 226 | AC14: =X15 -> Open Spot - 1 | AE14: =AE13+1 -> 7 | AF14: 1065.1174 | AH14: =B59 -> Division 7 (Irene Uchida) | AI14: =SUM(E62:E67,I62:I67,M62:M67,Q62:Q67,U62:U67) -> 30 | AJ14: =SUM(C$62:C$67,G$62:G$67,K$62:K$67,O$62:O$67,S$62:S$67) -> 1586
W15: =W14+1 -> 8 | X15: Open Spot - 1 | Y15: CT IB Acad - Team 3 | Z15: =IF(MATCH(Y15,R:R,0)<14,$B$5,IF(MATCH(Y15,R:R,0)<23,$B$14,IF(MATCH(Y15,R:R,0)<32,$B$23,IF(MATCH(Y15,R:R,0)<41,$B$32,IF(MATCH(Y15,R:R,0)<50,$B$41,IF(MATCH(Y15,R:R,0)<59,$B$50,IF(MATCH(Y15,R:R,0)<68,$B$59,$B$68))))))) -> Division 4 (Ellen Ochoa) | AA15: =SUM(VLOOKUP(Y15,B:E,4,FALSE),VLOOKUP(Y15,F:I,4,FALSE),VLOOKUP(Y15,J:M,4,FALSE),VLOOKUP(Y15,N:Q,4,FALSE),VLOOKUP(Y15,R:U,4,FALSE)) -> 0 | AB15: =SUM(VLOOKUP(Y15,$B:$E,2,FALSE),VLOOKUP(Y15,$F:$I,2,FALSE),VLOOKUP(Y15,$J:$M,2,FALSE),VLOOKUP(Y15,$N:$Q,2,FALSE),VLOOKUP(Y15,$R:$U,2,FALSE)) -> 146 | AC15: =X16 -> Open Spot - 2 | AE15: =AE14+1 -> 8 | AF15: 1016.9804 | AH15: =B68 -> Division 8 (Bernardo Houssay) - Canceled Division - Sorry! | AI15: =SUM(E71:E76,I71:I76,M71:M76,Q71:Q76,U71:U76) -> 1 | AJ15: =SUM(C$71:C$76,G$71:G$76,K$71:K$76,O$71:O$76,S$71:S$76) -> 0
B16: Teams | C16: Score | D16: CC Verification | E16: Points | F16: Teams | G16: Score | H16: CC Verification | I16: Points | J16: Teams | K16: Score | L16: CC Verification | M16: Points | N16: Teams | O16: Score | P16: CC Verification | Q16: Points | R16: Teams | S16: Score | T16: CC Verification | U16: Points | W16: =W15+1 -> 9 | X16: Open Spot - 2 | Y16: East Lyme HS - Team 1 | Z16: =IF(MATCH(Y16,R:R,0)<14,$B$5,IF(MATCH(Y16,R:R,0)<23,$B$14,IF(MATCH(Y16,R:R,0)<32,$B$23,IF(MATCH(Y16,R:R,0)<41,$B$32,IF(MATCH(Y16,R:R,0)<50,$B$41,IF(MATCH(Y16,R:R,0)<59,$B$50,IF(MATCH(Y16,R:R,0)<68,$B$59,$B$68))))))) -> Division 5 (Ursula Burns) | AA16: =SUM(VLOOKUP(Y16,B:E,4,FALSE),VLOOKUP(Y16,F:I,4,FALSE),VLOOKUP(Y16,J:M,4,FALSE),VLOOKUP(Y16,N:Q,4,FALSE),VLOOKUP(Y16,R:U,4,FALSE)) -> 4 | AB16: =SUM(VLOOKUP(Y16,$B:$E,2,FALSE),VLOOKUP(Y16,$F:$I,2,FALSE),VLOOKUP(Y16,$J:$M,2,FALSE),VLOOKUP(Y16,$N:$Q,2,FALSE),VLOOKUP(Y16,$R:$U,2,FALSE)) -> 422 | AC16: =X17 -> New Canaan HS - Team 3 | AE16: =AE15+1 -> 9 | AF16: 1009.1174
A17: SHH 106 | B17: =X9 -> Waterford HS - Team 1 | C17: 216 | D17: TRUE | E17: =IF(D17=True, IF(C17>C18,2,IF(C17=C18,1,0)),0) -> 2 | F17: =B19 -> Bacon Academy | G17: 4 | H17: TRUE | I17: =IF(H17=True, IF(G17>G18,2,IF(G17=G18,1,0)),0) -> 0 | J17: =F21 -> Waterford HS - Team 1 | K17: 130 | L17: TRUE | M17: =IF(L17=True, IF(K17>K18,2,IF(K17=K18,1,0)),0) -> 2 | N17: =J22 -> Conard HS - Team 2 | O17: 60 | P17: TRUE | Q17: =IF(P17=True, IF(O17>O18,2,IF(O17=O18,1,0)),0) -> 2 | R17: =N21 -> South Windsor HS - Team 2 | S17: 86 | T17: TRUE | U17: =IF(T17=True, IF(S17>S18,2,IF(S17=S18,1,0)),0) -> 2 | W17: =W16+1 -> 10 | X17: New Canaan HS - Team 3 | Y17: East Lyme HS - Team 2 | Z17: =IF(MATCH(Y17,R:R,0)<14,$B$5,IF(MATCH(Y17,R:R,0)<23,$B$14,IF(MATCH(Y17,R:R,0)<32,$B$23,IF(MATCH(Y17,R:R,0)<41,$B$32,IF(MATCH(Y17,R:R,0)<50,$B$41,IF(MATCH(Y17,R:R,0)<59,$B$50,IF(MATCH(Y17,R:R,0)<68,$B$59,$B$68))))))) -> Division 3 (Silas Adekunle) | AA17: =SUM(VLOOKUP(Y17,B:E,4,FALSE),VLOOKUP(Y17,F:I,4,FALSE),VLOOKUP(Y17,J:M,4,FALSE),VLOOKUP(Y17,N:Q,4,FALSE),VLOOKUP(Y17,R:U,4,FALSE)) -> 4 | AB17: =SUM(VLOOKUP(Y17,$B:$E,2,FALSE),VLOOKUP(Y17,$F:$I,2,FALSE),VLOOKUP(Y17,$J:$M,2,FALSE),VLOOKUP(Y17,$N:$Q,2,FALSE),VLOOKUP(Y17,$R:$U,2,FALSE)) -> 294 | AC17: =X18 -> New Canaan HS - Team 1 | AE17: =AE16+1 -> 10 | AF17: 878.9804
B18: =X22 -> Conard HS - Team 2 | C18: 12 | D18: TRUE | E18: =IF(D18=True, IF(C18>C17,2,IF(C18=C17,1,0)),0) -> 0 | F18: =B22 -> Southington HS - Team 2 | G18: 56 | H18: TRUE | I18: =IF(H18=True, IF(G18>G17,2,IF(G18=G17,1,0)),0) -> 2 | J18: =F19 -> South Windsor HS - Team 2 | K18: 58 | L18: TRUE | M18: =IF(L18=True, IF(K18>K17,2,IF(K18=K17,1,0)),0) -> 0 | N18: =J20 -> Greenwich HS - Team 3 | O18: 20 | P18: TRUE | Q18: =IF(P18=True, IF(O18>O17,2,IF(O18=O17,1,0)),0) -> 0 | R18: =N18 -> Greenwich HS - Team 3 | S18: 64 | T18: TRUE | U18: =IF(T18=True, IF(S18>S17,2,IF(S18=S17,1,0)),0) -> 0 | W18: =W17+1 -> 11 | X18: New Canaan HS - Team 1 | Y18: Enfield HS - Team 1 | Z18: =IF(MATCH(Y18,R:R,0)<14,$B$5,IF(MATCH(Y18,R:R,0)<23,$B$14,IF(MATCH(Y18,R:R,0)<32,$B$23,IF(MATCH(Y18,R:R,0)<41,$B$32,IF(MATCH(Y18,R:R,0)<50,$B$41,IF(MATCH(Y18,R:R,0)<59,$B$50,IF(MATCH(Y18,R:R,0)<68,$B$59,$B$68))))))) -> Division 3 (Silas Adekunle) | AA18: =SUM(VLOOKUP(Y18,B:E,4,FALSE),VLOOKUP(Y18,F:I,4,FALSE),VLOOKUP(Y18,J:M,4,FALSE),VLOOKUP(Y18,N:Q,4,FALSE),VLOOKUP(Y18,R:U,4,FALSE)) -> 2 | AB18: =SUM(VLOOKUP(Y18,$B:$E,2,FALSE),VLOOKUP(Y18,$F:$I,2,FALSE),VLOOKUP(Y18,$J:$M,2,FALSE),VLOOKUP(Y18,$N:$Q,2,FALSE),VLOOKUP(Y18,$R:$U,2,FALSE)) -> 142 | AC18: =X19 -> Loomis Chaffee - Team 1 | AE18: =AE17+1 -> 11 | AF18: 695.3284
A19: SHH 235 | B19: =X25 -> Bacon Academy | C19: 48 | D19: TRUE | E19: =IF(D19=True, IF(C19>C20,2,IF(C19=C20,1,0)),0) -> 2 | F19: =B21 -> South Windsor HS - Team 2 | G19: 60 | H19: TRUE | I19: =IF(H19=True, IF(G19>G20,2,IF(G19=G20,1,0)),0) -> 2 | J19: =F18 -> Southington HS - Team 2 | K19: 42 | L19: TRUE | M19: =IF(L19=True, IF(K19>K20,2,IF(K19=K20,1,0)),0) -> 2 | N19: =J17 -> Waterford HS - Team 1 | O19: 142 | P19: TRUE | Q19: =IF(P19=True, IF(O19>O20,2,IF(O19=O20,1,0)),0) -> 2 | R19: =N19 -> Waterford HS - Team 1 | S19: 152 | T19: TRUE | U19: =IF(T19=True, IF(S19>S20,2,IF(S19=S20,1,0)),0) -> 2 | W19: =W18+1 -> 12 | X19: Loomis Chaffee - Team 1 | Y19: Enfield HS - Team 2 | Z19: =IF(MATCH(Y19,R:R,0)<14,$B$5,IF(MATCH(Y19,R:R,0)<23,$B$14,IF(MATCH(Y19,R:R,0)<32,$B$23,IF(MATCH(Y19,R:R,0)<41,$B$32,IF(MATCH(Y19,R:R,0)<50,$B$41,IF(MATCH(Y19,R:R,0)<59,$B$50,IF(MATCH(Y19,R:R,0)<68,$B$59,$B$68))))))) -> Division 6 (Guillermo Camarena) | AA19: =SUM(VLOOKUP(Y19,B:E,4,FALSE),VLOOKUP(Y19,F:I,4,FALSE),VLOOKUP(Y19,J:M,4,FALSE),VLOOKUP(Y19,N:Q,4,FALSE),VLOOKUP(Y19,R:U,4,FALSE)) -> 2 | AB19: =SUM(VLOOKUP(Y19,$B:$E,2,FALSE),VLOOKUP(Y19,$F:$I,2,FALSE),VLOOKUP(Y19,$J:$M,2,FALSE),VLOOKUP(Y19,$N:$Q,2,FALSE),VLOOKUP(Y19,$R:$U,2,FALSE)) -> 158 | AC19: =X20 -> Conard HS - Team 1 | AE19: =AE18+1 -> 12 | AF19: 693.1174
B20: =X38 -> Greenwich HS - Team 3 | C20: 36 | D20: TRUE | E20: =IF(D20=True, IF(C20>C19,2,IF(C20=C19,1,0)),0) -> 0 | F20: =B18 -> Conard HS - Team 2 | G20: 22 | H20: TRUE | I20: =IF(H20=True, IF(G20>G19,2,IF(G20=G19,1,0)),0) -> 0 | J20: =F22 -> Greenwich HS - Team 3 | K20: 34 | L20: TRUE | M20: =IF(L20=True, IF(K20>K19,2,IF(K20=K19,1,0)),0) -> 0 | N20: =J19 -> Southington HS - Team 2 | O20: 16 | P20: TRUE | Q20: =IF(P20=True, IF(O20>O19,2,IF(O20=O19,1,0)),0) -> 0 | R20: =N22 -> Bacon Academy | S20: 38 | T20: TRUE | U20: =IF(T20=True, IF(S20>S19,2,IF(S20=S19,1,0)),0) -> 0 | W20: =W19+1 -> 13 | X20: Conard HS - Team 1 | Y20: Enfield HS - Team 3 | Z20: =IF(MATCH(Y20,R:R,0)<14,$B$5,IF(MATCH(Y20,R:R,0)<23,$B$14,IF(MATCH(Y20,R:R,0)<32,$B$23,IF(MATCH(Y20,R:R,0)<41,$B$32,IF(MATCH(Y20,R:R,0)<50,$B$41,IF(MATCH(Y20,R:R,0)<59,$B$50,IF(MATCH(Y20,R:R,0)<68,$B$59,$B$68))))))) -> Division 7 (Irene Uchida) | AA20: =SUM(VLOOKUP(Y20,B:E,4,FALSE),VLOOKUP(Y20,F:I,4,FALSE),VLOOKUP(Y20,J:M,4,FALSE),VLOOKUP(Y20,N:Q,4,FALSE),VLOOKUP(Y20,R:U,4,FALSE)) -> 2 | AB20: =SUM(VLOOKUP(Y20,$B:$E,2,FALSE),VLOOKUP(Y20,$F:$I,2,FALSE),VLOOKUP(Y20,$J:$M,2,FALSE),VLOOKUP(Y20,$N:$Q,2,FALSE),VLOOKUP(Y20,$R:$U,2,FALSE)) -> 156 | AC20: =X21 -> CT IB Acad - Team 1 | AE20: =AE19+1 -> 13 | AF20: 665.5698
A21: SHH 107 | B21: =X41 -> South Windsor HS - Team 2 | C21: 92 | D21: TRUE | E21: =IF(D21=True, IF(C21>C22,2,IF(C21=C22,1,0)),0) -> 2 | F21: =B17 -> Waterford HS - Team 1 | G21: 122 | H21: TRUE | I21: =IF(H21=True, IF(G21>G22,2,IF(G21=G22,1,0)),0) -> 2 | J21: =F17 -> Bacon Academy | K21: 38 | L21: TRUE | M21: =IF(L21=True, IF(K21>K22,2,IF(K21=K22,1,0)),0) -> 0 | N21: =J18 -> South Windsor HS - Team 2 | O21: 50 | P21: TRUE | Q21: =IF(P21=True, IF(O21>O22,2,IF(O21=O22,1,0)),0) -> 2 | R21: =N20 -> Southington HS - Team 2 | S21: 26 | T21: TRUE | U21: =IF(T21=True, IF(S21>S22,2,IF(S21=S22,1,0)),0) -> 0 | W21: =W20+1 -> 14 | X21: CT IB Acad - Team 1 | Y21: EO Smith HS - Team 1 | Z21: =IF(MATCH(Y21,R:R,0)<14,$B$5,IF(MATCH(Y21,R:R,0)<23,$B$14,IF(MATCH(Y21,R:R,0)<32,$B$23,IF(MATCH(Y21,R:R,0)<41,$B$32,IF(MATCH(Y21,R:R,0)<50,$B$41,IF(MATCH(Y21,R:R,0)<59,$B$50,IF(MATCH(Y21,R:R,0)<68,$B$59,$B$68))))))) -> Division 3 (Silas Adekunle) | AA21: =SUM(VLOOKUP(Y21,B:E,4,FALSE),VLOOKUP(Y21,F:I,4,FALSE),VLOOKUP(Y21,J:M,4,FALSE),VLOOKUP(Y21,N:Q,4,FALSE),VLOOKUP(Y21,R:U,4,FALSE)) -> 10 | AB21: =SUM(VLOOKUP(Y21,$B:$E,2,FALSE),VLOOKUP(Y21,$F:$I,2,FALSE),VLOOKUP(Y21,$J:$M,2,FALSE),VLOOKUP(Y21,$N:$Q,2,FALSE),VLOOKUP(Y21,$R:$U,2,FALSE)) -> 750 | AC21: =X22 -> Conard HS - Team 2 | AE21: =AE20+1 -> 14 | AF21: 662.9804
B22: =X54 -> Southington HS - Team 2 | C22: 22 | D22: TRUE | E22: =IF(D22=True, IF(C22>C21,2,IF(C22=C21,1,0)),0) -> 0 | F22: =B20 -> Greenwich HS - Team 3 | G22: 16 | H22: TRUE | I22: =IF(H22=True, IF(G22>G21,2,IF(G22=G21,1,0)),0) -> 0 | J22: =F20 -> Conard HS - Team 2 | K22: 56 | L22: TRUE | M22: =IF(L22=True, IF(K22>K21,2,IF(K22=K21,1,0)),0) -> 2 | N22: =J21 -> Bacon Academy | O22: 24 | P22: TRUE | Q22: =IF(P22=True, IF(O22>O21,2,IF(O22=O21,1,0)),0) -> 0 | R22: =N17 -> Conard HS - Team 2 | S22: 70 | T22: TRUE | U22: =IF(T22=True, IF(S22>S21,2,IF(S22=S21,1,0)),0) -> 2 | W22: =W21+1 -> 15 | X22: Conard HS - Team 2 | Y22: EO Smith HS - Team 2 | Z22: =IF(MATCH(Y22,R:R,0)<14,$B$5,IF(MATCH(Y22,R:R,0)<23,$B$14,IF(MATCH(Y22,R:R,0)<32,$B$23,IF(MATCH(Y22,R:R,0)<41,$B$32,IF(MATCH(Y22,R:R,0)<50,$B$41,IF(MATCH(Y22,R:R,0)<59,$B$50,IF(MATCH(Y22,R:R,0)<68,$B$59,$B$68))))))) -> Division 5 (Ursula Burns) | AA22: =SUM(VLOOKUP(Y22,B:E,4,FALSE),VLOOKUP(Y22,F:I,4,FALSE),VLOOKUP(Y22,J:M,4,FALSE),VLOOKUP(Y22,N:Q,4,FALSE),VLOOKUP(Y22,R:U,4,FALSE)) -> 6 | AB22: =SUM(VLOOKUP(Y22,$B:$E,2,FALSE),VLOOKUP(Y22,$F:$I,2,FALSE),VLOOKUP(Y22,$J:$M,2,FALSE),VLOOKUP(Y22,$N:$Q,2,FALSE),VLOOKUP(Y22,$R:$U,2,FALSE)) -> 298 | AC22: =X23 -> Ethel Walker School | AE22: =AE21+1 -> 15 | AF22: 617.2772
B23: Division 3 (Silas Adekunle) | W23: =W22+1 -> 16 | X23: Ethel Walker School | Y23: Ethel Walker School | Z23: =IF(MATCH(Y23,R:R,0)<14,$B$5,IF(MATCH(Y23,R:R,0)<23,$B$14,IF(MATCH(Y23,R:R,0)<32,$B$23,IF(MATCH(Y23,R:R,0)<41,$B$32,IF(MATCH(Y23,R:R,0)<50,$B$41,IF(MATCH(Y23,R:R,0)<59,$B$50,IF(MATCH(Y23,R:R,0)<68,$B$59,$B$68))))))) -> Division 1 (Temple Grandin) | AA23: =SUM(VLOOKUP(Y23,B:E,4,FALSE),VLOOKUP(Y23,F:I,4,FALSE),VLOOKUP(Y23,J:M,4,FALSE),VLOOKUP(Y23,N:Q,4,FALSE),VLOOKUP(Y23,R:U,4,FALSE)) -> 0 | AB23: =SUM(VLOOKUP(Y23,$B:$E,2,FALSE),VLOOKUP(Y23,$F:$I,2,FALSE),VLOOKUP(Y23,$J:$M,2,FALSE),VLOOKUP(Y23,$N:$Q,2,FALSE),VLOOKUP(Y23,$R:$U,2,FALSE)) -> 70 | AC23: =X24 -> Southington HS - Team 1 | AE23: =AE22+1 -> 16 | AF23: 609.5698
W24: =W23+1 -> 17 | X24: Southington HS - Team 1 | Y24: Fairfield Ludlowe HS | Z24: =IF(MATCH(Y24,R:R,0)<14,$B$5,IF(MATCH(Y24,R:R,0)<23,$B$14,IF(MATCH(Y24,R:R,0)<32,$B$23,IF(MATCH(Y24,R:R,0)<41,$B$32,IF(MATCH(Y24,R:R,0)<50,$B$41,IF(MATCH(Y24,R:R,0)<59,$B$50,IF(MATCH(Y24,R:R,0)<68,$B$59,$B$68))))))) -> Division 1 (Temple Grandin) | AA24: =SUM(VLOOKUP(Y24,B:E,4,FALSE),VLOOKUP(Y24,F:I,4,FALSE),VLOOKUP(Y24,J:M,4,FALSE),VLOOKUP(Y24,N:Q,4,FALSE),VLOOKUP(Y24,R:U,4,FALSE)) -> 2 | AB24: =SUM(VLOOKUP(Y24,$B:$E,2,FALSE),VLOOKUP(Y24,$F:$I,2,FALSE),VLOOKUP(Y24,$J:$M,2,FALSE),VLOOKUP(Y24,$N:$Q,2,FALSE),VLOOKUP(Y24,$R:$U,2,FALSE)) -> 200 | AC24: =X25 -> Bacon Academy | AE24: =AE23+1 -> 17 | AF24: 575.5698
B25: Teams | C25: Score | D25: CC Verification | E25: Points | F25: Teams | G25: Score | H25: CC Verification | I25: Points | J25: Teams | K25: Score | L25: CC Verification | M25: Points | N25: Teams | O25: Score | P25: CC Verification | Q25: Points | R25: Teams | S25: Score | T25: CC Verification | U25: Points | W25: =W24+1 -> 18 | X25: Bacon Academy | Y25: Fairfield Warde HS - Team 1 | Z25: =IF(MATCH(Y25,R:R,0)<14,$B$5,IF(MATCH(Y25,R:R,0)<23,$B$14,IF(MATCH(Y25,R:R,0)<32,$B$23,IF(MATCH(Y25,R:R,0)<41,$B$32,IF(MATCH(Y25,R:R,0)<50,$B$41,IF(MATCH(Y25,R:R,0)<59,$B$50,IF(MATCH(Y25,R:R,0)<68,$B$59,$B$68))))))) -> Division 4 (Ellen Ochoa) | AA25: =SUM(VLOOKUP(Y25,B:E,4,FALSE),VLOOKUP(Y25,F:I,4,FALSE),VLOOKUP(Y25,J:M,4,FALSE),VLOOKUP(Y25,N:Q,4,FALSE),VLOOKUP(Y25,R:U,4,FALSE)) -> 8 | AB25: =SUM(VLOOKUP(Y25,$B:$E,2,FALSE),VLOOKUP(Y25,$F:$I,2,FALSE),VLOOKUP(Y25,$J:$M,2,FALSE),VLOOKUP(Y25,$N:$Q,2,FALSE),VLOOKUP(Y25,$R:$U,2,FALSE)) -> 370 | AC25: =X26 -> Amity Regional HS | AE25: =AE24+1 -> 18 | AF25: 551.3284
A26: SHH 108 | B26: =X10 -> EO Smith HS - Team 1 | C26: 164 | D26: TRUE | E26: =IF(D26=True, IF(C26>C27,2,IF(C26=C27,1,0)),0) -> 2 | F26: =B28 -> Amity Regional HS | G26: 88 | H26: TRUE | I26: =IF(H26=True, IF(G26>G27,2,IF(G26=G27,1,0)),0) -> 2 | J26: =F30 -> EO Smith HS - Team 1 | K26: 186 | L26: TRUE | M26: =IF(L26=True, IF(K26>K27,2,IF(K26=K27,1,0)),0) -> 2 | N26: =J31 -> CT IB Acad - Team 1 | O26: 20 | P26: TRUE | Q26: =IF(P26=True, IF(O26>O27,2,IF(O26=O27,1,0)),0) -> 0 | R26: =N30 -> Rocky Hill HS - Team 2 | S26: 102 | T26: TRUE | U26: =IF(T26=True, IF(S26>S27,2,IF(S26=S27,1,0)),0) -> 2 | W26: =W25+1 -> 19 | X26: Amity Regional HS | Y26: Fairfield Warde HS - Team 2 | Z26: =IF(MATCH(Y26,R:R,0)<14,$B$5,IF(MATCH(Y26,R:R,0)<23,$B$14,IF(MATCH(Y26,R:R,0)<32,$B$23,IF(MATCH(Y26,R:R,0)<41,$B$32,IF(MATCH(Y26,R:R,0)<50,$B$41,IF(MATCH(Y26,R:R,0)<59,$B$50,IF(MATCH(Y26,R:R,0)<68,$B$59,$B$68))))))) -> Division 6 (Guillermo Camarena) | AA26: =SUM(VLOOKUP(Y26,B:E,4,FALSE),VLOOKUP(Y26,F:I,4,FALSE),VLOOKUP(Y26,J:M,4,FALSE),VLOOKUP(Y26,N:Q,4,FALSE),VLOOKUP(Y26,R:U,4,FALSE)) -> 0 | AB26: =SUM(VLOOKUP(Y26,$B:$E,2,FALSE),VLOOKUP(Y26,$F:$I,2,FALSE),VLOOKUP(Y26,$J:$M,2,FALSE),VLOOKUP(Y26,$N:$Q,2,FALSE),VLOOKUP(Y26,$R:$U,2,FALSE)) -> 146 | AC26: =X27 -> New Canaan HS - Team 2 | AE26: =AE25+1 -> 19 | AF26: 551.2772
B27: =X21 -> CT IB Acad - Team 1 | C27: 8 | D27: TRUE | E27: =IF(D27=True, IF(C27>C26,2,IF(C27=C26,1,0)),0) -> 0 | F27: =B31 -> East Lyme HS - Team 2 | G27: 36 | H27: TRUE | I27: =IF(H27=True, IF(G27>G26,2,IF(G27=G26,1,0)),0) -> 0 | J27: =F28 -> Rocky Hill HS - Team 2 | K27: 40 | L27: TRUE | M27: =IF(L27=True, IF(K27>K26,2,IF(K27=K26,1,0)),0) -> 0 | N27: =J29 -> Enfield HS - Team 1 | O27: 42 | P27: TRUE | Q27: =IF(P27=True, IF(O27>O26,2,IF(O27=O26,1,0)),0) -> 2 | R27: =N27 -> Enfield HS - Team 1 | S27: 32 | T27: TRUE | U27: =IF(T27=True, IF(S27>S26,2,IF(S27=S26,1,0)),0) -> 0 | W27: =W26+1 -> 20 | X27: New Canaan HS - Team 2 | Y27: Farmington HS - Team 1 | Z27: =IF(MATCH(Y27,R:R,0)<14,$B$5,IF(MATCH(Y27,R:R,0)<23,$B$14,IF(MATCH(Y27,R:R,0)<32,$B$23,IF(MATCH(Y27,R:R,0)<41,$B$32,IF(MATCH(Y27,R:R,0)<50,$B$41,IF(MATCH(Y27,R:R,0)<59,$B$50,IF(MATCH(Y27,R:R,0)<68,$B$59,$B$68))))))) -> Division 1 (Temple Grandin) | AA27: =SUM(VLOOKUP(Y27,B:E,4,FALSE),VLOOKUP(Y27,F:I,4,FALSE),VLOOKUP(Y27,J:M,4,FALSE),VLOOKUP(Y27,N:Q,4,FALSE),VLOOKUP(Y27,R:U,4,FALSE)) -> 10 | AB27: =SUM(VLOOKUP(Y27,$B:$E,2,FALSE),VLOOKUP(Y27,$F:$I,2,FALSE),VLOOKUP(Y27,$J:$M,2,FALSE),VLOOKUP(Y27,$N:$Q,2,FALSE),VLOOKUP(Y27,$R:$U,2,FALSE)) -> 1030 | AC27: =X28 -> Waterford HS - Team 2 | AE27: =AE26+1 -> 20 | AF27: 547.2772
A28: SHH 109 | B28: =X26 -> Amity Regional HS | C28: 128 | D28: TRUE | E28: =IF(D28=True, IF(C28>C29,2,IF(C28=C29,1,0)),0) -> 2 | F28: =B30 -> Rocky Hill HS - Team 2 | G28: 72 | H28: TRUE | I28: =IF(H28=True, IF(G28>G29,2,IF(G28=G29,1,0)),0) -> 2 | J28: =F27 -> East Lyme HS - Team 2 | K28: 98 | L28: TRUE | M28: =IF(L28=True, IF(K28>K29,2,IF(K28=K29,1,0)),0) -> 2 | N28: =J26 -> EO Smith HS - Team 1 | O28: 92 | P28: TRUE | Q28: =IF(P28=True, IF(O28>O29,2,IF(O28=O29,1,0)),0) -> 2 | R28: =N28 -> EO Smith HS - Team 1 | S28: 156 | T28: TRUE | U28: =IF(T28=True, IF(S28>S29,2,IF(S28=S29,1,0)),0) -> 2 | W28: =W27+1 -> 21 | X28: Waterford HS - Team 2 | Y28: Farmington HS - Team 2 | Z28: =IF(MATCH(Y28,R:R,0)<14,$B$5,IF(MATCH(Y28,R:R,0)<23,$B$14,IF(MATCH(Y28,R:R,0)<32,$B$23,IF(MATCH(Y28,R:R,0)<41,$B$32,IF(MATCH(Y28,R:R,0)<50,$B$41,IF(MATCH(Y28,R:R,0)<59,$B$50,IF(MATCH(Y28,R:R,0)<68,$B$59,$B$68))))))) -> Division 6 (Guillermo Camarena) | AA28: =SUM(VLOOKUP(Y28,B:E,4,FALSE),VLOOKUP(Y28,F:I,4,FALSE),VLOOKUP(Y28,J:M,4,FALSE),VLOOKUP(Y28,N:Q,4,FALSE),VLOOKUP(Y28,R:U,4,FALSE)) -> 8 | AB28: =SUM(VLOOKUP(Y28,$B:$E,2,FALSE),VLOOKUP(Y28,$F:$I,2,FALSE),VLOOKUP(Y28,$J:$M,2,FALSE),VLOOKUP(Y28,$N:$Q,2,FALSE),VLOOKUP(Y28,$R:$U,2,FALSE)) -> 508 | AC28: =X29 -> Farmington HS - Team 2 | AE28: =AE27+1 -> 21 | AF28: 506.9804
B29: =X37 -> Enfield HS - Team 1 | C29: 22 | D29: TRUE | E29: =IF(D29=True, IF(C29>C28,2,IF(C29=C28,1,0)),0) -> 0 | F29: =B27 -> CT IB Acad - Team 1 | G29: 4 | H29: TRUE | I29: =IF(H29=True, IF(G29>G28,2,IF(G29=G28,1,0)),0) -> 0 | J29: =F31 -> Enfield HS - Team 1 | K29: 20 | L29: TRUE | M29: =IF(L29=True, IF(K29>K28,2,IF(K29=K28,1,0)),0) -> 0 | N29: =J28 -> East Lyme HS - Team 2 | O29: 42 | P29: TRUE | Q29: =IF(P29=True, IF(O29>O28,2,IF(O29=O28,1,0)),0) -> 0 | R29: =N31 -> Amity Regional HS | S29: 92 | T29: TRUE | U29: =IF(T29=True, IF(S29>S28,2,IF(S29=S28,1,0)),0) -> 0 | W29: =W28+1 -> 22 | X29: Farmington HS - Team 2 | Y29: Greenwich HS - Team 1 | Z29: =IF(MATCH(Y29,R:R,0)<14,$B$5,IF(MATCH(Y29,R:R,0)<23,$B$14,IF(MATCH(Y29,R:R,0)<32,$B$23,IF(MATCH(Y29,R:R,0)<41,$B$32,IF(MATCH(Y29,R:R,0)<50,$B$41,IF(MATCH(Y29,R:R,0)<59,$B$50,IF(MATCH(Y29,R:R,0)<68,$B$59,$B$68))))))) -> Division 4 (Ellen Ochoa) | AA29: =SUM(VLOOKUP(Y29,B:E,4,FALSE),VLOOKUP(Y29,F:I,4,FALSE),VLOOKUP(Y29,J:M,4,FALSE),VLOOKUP(Y29,N:Q,4,FALSE),VLOOKUP(Y29,R:U,4,FALSE)) -> 10 | AB29: =SUM(VLOOKUP(Y29,$B:$E,2,FALSE),VLOOKUP(Y29,$F:$I,2,FALSE),VLOOKUP(Y29,$J:$M,2,FALSE),VLOOKUP(Y29,$N:$Q,2,FALSE),VLOOKUP(Y29,$R:$U,2,FALSE)) -> 650 | AC29: =X30 -> Greenwich HS - Team 2 | AE29: =AE28+1 -> 22 | AF29: 487.5698
A30: SHH 110 | B30: =X42 -> Rocky Hill HS - Team 2 | C30: 68 | D30: TRUE | E30: =IF(D30=True, IF(C30>C31,2,IF(C30=C31,1,0)),0) -> 2 | F30: =B26 -> EO Smith HS - Team 1 | G30: 152 | H30: TRUE | I30: =IF(H30=True, IF(G30>G31,2,IF(G30=G31,1,0)),0) -> 2 | J30: =F26 -> Amity Regional HS | K30: 76 | L30: TRUE | M30: =IF(L30=True, IF(K30>K31,2,IF(K30=K31,1,0)),0) -> 2 | N30: =J27 -> Rocky Hill HS - Team 2 | O30: 46 | P30: TRUE | Q30: =IF(P30=True, IF(O30>O31,2,IF(O30=O31,1,0)),0) -> 0 | R30: =N29 -> East Lyme HS - Team 2 | S30: 74 | T30: TRUE | U30: =IF(T30=True, IF(S30>S31,2,IF(S30=S31,1,0)),0) -> 2 | W30: =W29+1 -> 23 | X30: Greenwich HS - Team 2 | Y30: Greenwich HS - Team 2 | Z30: =IF(MATCH(Y30,R:R,0)<14,$B$5,IF(MATCH(Y30,R:R,0)<23,$B$14,IF(MATCH(Y30,R:R,0)<32,$B$23,IF(MATCH(Y30,R:R,0)<41,$B$32,IF(MATCH(Y30,R:R,0)<50,$B$41,IF(MATCH(Y30,R:R,0)<59,$B$50,IF(MATCH(Y30,R:R,0)<68,$B$59,$B$68))))))) -> Division 7 (Irene Uchida) | AA30: =SUM(VLOOKUP(Y30,B:E,4,FALSE),VLOOKUP(Y30,F:I,4,FALSE),VLOOKUP(Y30,J:M,4,FALSE),VLOOKUP(Y30,N:Q,4,FALSE),VLOOKUP(Y30,R:U,4,FALSE)) -> 10 | AB30: =SUM(VLOOKUP(Y30,$B:$E,2,FALSE),VLOOKUP(Y30,$F:$I,2,FALSE),VLOOKUP(Y30,$J:$M,2,FALSE),VLOOKUP(Y30,$N:$Q,2,FALSE),VLOOKUP(Y30,$R:$U,2,FALSE)) -> 420 | AC30: =X31 -> Open Spot - 3 | AE30: =AE29+1 -> 23 | AF30: 469.1174
B31: =X53 -> East Lyme HS - Team 2 | C31: 44 | D31: TRUE | E31: =IF(D31=True, IF(C31>C30,2,IF(C31=C30,1,0)),0) -> 0 | F31: =B29 -> Enfield HS - Team 1 | G31: 26 | H31: TRUE | I31: =IF(H31=True, IF(G31>G30,2,IF(G31=G30,1,0)),0) -> 0 | J31: =F29 -> CT IB Acad - Team 1 | K31: 28 | L31: TRUE | M31: =IF(L31=True, IF(K31>K30,2,IF(K31=K30,1,0)),0) -> 0 | N31: =J30 -> Amity Regional HS | O31: 54 | P31: TRUE | Q31: =IF(P31=True, IF(O31>O30,2,IF(O31=O30,1,0)),0) -> 2 | R31: =N26 -> CT IB Acad - Team 1 | S31: 12 | T31: TRUE | U31: =IF(T31=True, IF(S31>S30,2,IF(S31=S30,1,0)),0) -> 0 | W31: =W30+1 -> 24 | X31: Open Spot - 3 | Y31: Greenwich HS - Team 3 | Z31: =IF(MATCH(Y31,R:R,0)<14,$B$5,IF(MATCH(Y31,R:R,0)<23,$B$14,IF(MATCH(Y31,R:R,0)<32,$B$23,IF(MATCH(Y31,R:R,0)<41,$B$32,IF(MATCH(Y31,R:R,0)<50,$B$41,IF(MATCH(Y31,R:R,0)<59,$B$50,IF(MATCH(Y31,R:R,0)<68,$B$59,$B$68))))))) -> Division 2 (Marian Croak) | AA31: =SUM(VLOOKUP(Y31,B:E,4,FALSE),VLOOKUP(Y31,F:I,4,FALSE),VLOOKUP(Y31,J:M,4,FALSE),VLOOKUP(Y31,N:Q,4,FALSE),VLOOKUP(Y31,R:U,4,FALSE)) -> 0 | AB31: =SUM(VLOOKUP(Y31,$B:$E,2,FALSE),VLOOKUP(Y31,$F:$I,2,FALSE),VLOOKUP(Y31,$J:$M,2,FALSE),VLOOKUP(Y31,$N:$Q,2,FALSE),VLOOKUP(Y31,$R:$U,2,FALSE)) -> 170 | AC31: =#REF! -> #REF! | AE31: =AE30+1 -> 24 | AF31: 409.2772
B32: Division 4 (Ellen Ochoa) | W32: =W31+1 -> 25 | X32: Open Spot - 4 | Y32: Greenwich HS - Team 4 | Z32: =IF(MATCH(Y32,R:R,0)<14,$B$5,IF(MATCH(Y32,R:R,0)<23,$B$14,IF(MATCH(Y32,R:R,0)<32,$B$23,IF(MATCH(Y32,R:R,0)<41,$B$32,IF(MATCH(Y32,R:R,0)<50,$B$41,IF(MATCH(Y32,R:R,0)<59,$B$50,IF(MATCH(Y32,R:R,0)<68,$B$59,$B$68))))))) -> Division 8 (Bernardo Houssay) - Canceled Division - Sorry! | AA32: =SUM(VLOOKUP(Y32,B:E,4,FALSE),VLOOKUP(Y32,F:I,4,FALSE),VLOOKUP(Y32,J:M,4,FALSE),VLOOKUP(Y32,N:Q,4,FALSE),VLOOKUP(Y32,R:U,4,FALSE)) -> 0 | AB32: =SUM(VLOOKUP(Y32,$B:$E,2,FALSE),VLOOKUP(Y32,$F:$I,2,FALSE),VLOOKUP(Y32,$J:$M,2,FALSE),VLOOKUP(Y32,$N:$Q,2,FALSE),VLOOKUP(Y32,$R:$U,2,FALSE)) -> 0 | AC32: =X33 -> Enfield HS - Team 3 | AE32: =AE31+1 -> 25 | AF32: 384.9804 | AG32: =VLOOKUP(AF32,$AC$8:$AC$37,2,FALSE) -> #REF!
W33: =W32+1 -> 26 | X33: Enfield HS - Team 3 | Y33: Joel Barlow HS | Z33: =IF(MATCH(Y33,R:R,0)<14,$B$5,IF(MATCH(Y33,R:R,0)<23,$B$14,IF(MATCH(Y33,R:R,0)<32,$B$23,IF(MATCH(Y33,R:R,0)<41,$B$32,IF(MATCH(Y33,R:R,0)<50,$B$41,IF(MATCH(Y33,R:R,0)<59,$B$50,IF(MATCH(Y33,R:R,0)<68,$B$59,$B$68))))))) -> Division 4 (Ellen Ochoa) | AA33: =SUM(VLOOKUP(Y33,B:E,4,FALSE),VLOOKUP(Y33,F:I,4,FALSE),VLOOKUP(Y33,J:M,4,FALSE),VLOOKUP(Y33,N:Q,4,FALSE),VLOOKUP(Y33,R:U,4,FALSE)) -> 4 | AB33: =SUM(VLOOKUP(Y33,$B:$E,2,FALSE),VLOOKUP(Y33,$F:$I,2,FALSE),VLOOKUP(Y33,$J:$M,2,FALSE),VLOOKUP(Y33,$N:$Q,2,FALSE),VLOOKUP(Y33,$R:$U,2,FALSE)) -> 248 | AC33: =X34 -> Enfield HS - Team 2 | AE33: =AE32+1 -> 26 | AF33: 383.3284 | AG33: =VLOOKUP(AF33,$AC$8:$AC$37,2,FALSE) -> #REF!
B34: Teams | C34: Score | D34: CC Verification | E34: Points | F34: Teams | G34: Score | H34: CC Verification | I34: Points | J34: Teams | K34: Score | L34: CC Verification | M34: Points | N34: Teams | O34: Score | P34: CC Verification | Q34: Points | R34: Teams | S34: Score | T34: CC Verification | U34: Points | W34: =W33+1 -> 27 | X34: Enfield HS - Team 2 | Y34: Loomis Chaffee - Team 1 | Z34: =IF(MATCH(Y34,R:R,0)<14,$B$5,IF(MATCH(Y34,R:R,0)<23,$B$14,IF(MATCH(Y34,R:R,0)<32,$B$23,IF(MATCH(Y34,R:R,0)<41,$B$32,IF(MATCH(Y34,R:R,0)<50,$B$41,IF(MATCH(Y34,R:R,0)<59,$B$50,IF(MATCH(Y34,R:R,0)<68,$B$59,$B$68))))))) -> Division 5 (Ursula Burns) | AA34: =SUM(VLOOKUP(Y34,B:E,4,FALSE),VLOOKUP(Y34,F:I,4,FALSE),VLOOKUP(Y34,J:M,4,FALSE),VLOOKUP(Y34,N:Q,4,FALSE),VLOOKUP(Y34,R:U,4,FALSE)) -> 8 | AB34: =SUM(VLOOKUP(Y34,$B:$E,2,FALSE),VLOOKUP(Y34,$F:$I,2,FALSE),VLOOKUP(Y34,$J:$M,2,FALSE),VLOOKUP(Y34,$N:$Q,2,FALSE),VLOOKUP(Y34,$R:$U,2,FALSE)) -> 468 | AC34: =X35 -> Univ HS Sci & Eng | AE34: =AE33+1 -> 27 | AF34: 343.3284 | AG34: =VLOOKUP(AF34,$AC$8:$AC$37,2,FALSE) -> #REF!
A35: SHH 111 | B35: =X11 -> Greenwich HS - Team 1 | C35: 86 | D35: TRUE | E35: =IF(D35=True, IF(C35>C36,2,IF(C35=C36,1,0)),0) -> 2 | F35: =B37 -> New Canaan HS - Team 2 | G35: 34 | H35: TRUE | I35: =IF(H35=True, IF(G35>G36,2,IF(G35=G36,1,0)),0) -> 0 | J35: =F39 -> Greenwich HS - Team 1 | K35: 136 | L35: TRUE | M35: =IF(L35=True, IF(K35>K36,2,IF(K35=K36,1,0)),0) -> 2 | N35: =J40 -> Conard HS - Team 1 | O35: 24 | P35: TRUE | Q35: =IF(P35=True, IF(O35>O36,2,IF(O35=O36,1,0)),0) -> 0 | R35: =N39 -> CT IB Acad - Team 3 | S35: 40 | T35: TRUE | U35: =IF(T35=True, IF(S35>S36,2,IF(S35=S36,1,0)),0) -> 0 | W35: =W34+1 -> 28 | X35: Univ HS Sci & Eng | Y35: Loomis Chaffee - Team 2 | Z35: =IF(MATCH(Y35,R:R,0)<14,$B$5,IF(MATCH(Y35,R:R,0)<23,$B$14,IF(MATCH(Y35,R:R,0)<32,$B$23,IF(MATCH(Y35,R:R,0)<41,$B$32,IF(MATCH(Y35,R:R,0)<50,$B$41,IF(MATCH(Y35,R:R,0)<59,$B$50,IF(MATCH(Y35,R:R,0)<68,$B$59,$B$68))))))) -> Division 1 (Temple Grandin) | AA35: =SUM(VLOOKUP(Y35,B:E,4,FALSE),VLOOKUP(Y35,F:I,4,FALSE),VLOOKUP(Y35,J:M,4,FALSE),VLOOKUP(Y35,N:Q,4,FALSE),VLOOKUP(Y35,R:U,4,FALSE)) -> 6 | AB35: =SUM(VLOOKUP(Y35,$B:$E,2,FALSE),VLOOKUP(Y35,$F:$I,2,FALSE),VLOOKUP(Y35,$J:$M,2,FALSE),VLOOKUP(Y35,$N:$Q,2,FALSE),VLOOKUP(Y35,$R:$U,2,FALSE)) -> 334 | AC35: =X36 -> Fairfield Warde HS - Team 1 | AE35: =AE34+1 -> 28 | AF35: 338.9804 | AG35: =VLOOKUP(AF35,$AC$8:$AC$37,2,FALSE) -> #REF!
B36: =X20 -> Conard HS - Team 1 | C36: 68 | D36: TRUE | E36: =IF(D36=True, IF(C36>C35,2,IF(C36=C35,1,0)),0) -> 0 | F36: =B40 -> Joel Barlow HS | G36: 62 | H36: TRUE | I36: =IF(H36=True, IF(G36>G35,2,IF(G36=G35,1,0)),0) -> 2 | J36: =F37 -> CT IB Acad - Team 3 | K36: 26 | L36: TRUE | M36: =IF(L36=True, IF(K36>K35,2,IF(K36=K35,1,0)),0) -> 0 | N36: =J38 -> Fairfield Warde HS - Team 1 | O36: 66 | P36: TRUE | Q36: =IF(P36=True, IF(O36>O35,2,IF(O36=O35,1,0)),0) -> 2 | R36: =N36 -> Fairfield Warde HS - Team 1 | S36: 100 | T36: TRUE | U36: =IF(T36=True, IF(S36>S35,2,IF(S36=S35,1,0)),0) -> 2 | W36: =W35+1 -> 29 | X36: Fairfield Warde HS - Team 1 | Y36: New Canaan HS - Team 1 | Z36: =IF(MATCH(Y36,R:R,0)<14,$B$5,IF(MATCH(Y36,R:R,0)<23,$B$14,IF(MATCH(Y36,R:R,0)<32,$B$23,IF(MATCH(Y36,R:R,0)<41,$B$32,IF(MATCH(Y36,R:R,0)<50,$B$41,IF(MATCH(Y36,R:R,0)<59,$B$50,IF(MATCH(Y36,R:R,0)<68,$B$59,$B$68))))))) -> Division 6 (Guillermo Camarena) | AA36: =SUM(VLOOKUP(Y36,B:E,4,FALSE),VLOOKUP(Y36,F:I,4,FALSE),VLOOKUP(Y36,J:M,4,FALSE),VLOOKUP(Y36,N:Q,4,FALSE),VLOOKUP(Y36,R:U,4,FALSE)) -> 8 | AB36: =SUM(VLOOKUP(Y36,$B:$E,2,FALSE),VLOOKUP(Y36,$F:$I,2,FALSE),VLOOKUP(Y36,$J:$M,2,FALSE),VLOOKUP(Y36,$N:$Q,2,FALSE),VLOOKUP(Y36,$R:$U,2,FALSE)) -> 406 | AC36: =X37 -> Enfield HS - Team 1 | AE36: =AE35+1 -> 29 | AF36: 239.1174 | AG36: =VLOOKUP(AF36,$AC$8:$AC$37,2,FALSE) -> #REF!
A37: SHH 112 | B37: =X27 -> New Canaan HS - Team 2 | C37: 44 | D37: TRUE | E37: =IF(D37=True, IF(C37>C38,2,IF(C37=C38,1,0)),0) -> 0 | F37: =B39 -> CT IB Acad - Team 3 | G37: 12 | H37: TRUE | I37: =IF(H37=True, IF(G37>G38,2,IF(G37=G38,1,0)),0) -> 0 | J37: =F36 -> Joel Barlow HS | K37: 32 | L37: TRUE | M37: =IF(L37=True, IF(K37>K38,2,IF(K37=K38,1,0)),0) -> 0 | N37: =J35 -> Greenwich HS - Team 1 | O37: 118 | P37: TRUE | Q37: =IF(P37=True, IF(O37>O38,2,IF(O37=O38,1,0)),0) -> 2 | R37: =N37 -> Greenwich HS - Team 1 | S37: 178 | T37: TRUE | U37: =IF(T37=True, IF(S37>S38,2,IF(S37=S38,1,0)),0) -> 2 | W37: =W36+1 -> 30 | X37: Enfield HS - Team 1 | Y37: New Canaan HS - Team 2 | Z37: =IF(MATCH(Y37,R:R,0)<14,$B$5,IF(MATCH(Y37,R:R,0)<23,$B$14,IF(MATCH(Y37,R:R,0)<32,$B$23,IF(MATCH(Y37,R:R,0)<41,$B$32,IF(MATCH(Y37,R:R,0)<50,$B$41,IF(MATCH(Y37,R:R,0)<59,$B$50,IF(MATCH(Y37,R:R,0)<68,$B$59,$B$68))))))) -> Division 4 (Ellen Ochoa) | AA37: =SUM(VLOOKUP(Y37,B:E,4,FALSE),VLOOKUP(Y37,F:I,4,FALSE),VLOOKUP(Y37,J:M,4,FALSE),VLOOKUP(Y37,N:Q,4,FALSE),VLOOKUP(Y37,R:U,4,FALSE)) -> 2 | AB37: =SUM(VLOOKUP(Y37,$B:$E,2,FALSE),VLOOKUP(Y37,$F:$I,2,FALSE),VLOOKUP(Y37,$J:$M,2,FALSE),VLOOKUP(Y37,$N:$Q,2,FALSE),VLOOKUP(Y37,$R:$U,2,FALSE)) -> 212 | AC37: =X38 -> Greenwich HS - Team 3 | AE37: =AE36+1 -> 30 | AF37: 221.5698 | AG37: =VLOOKUP(AF37,$AC$8:$AC$37,2,FALSE) -> #REF!
B38: =X36 -> Fairfield Warde HS - Team 1 | C38: 72 | D38: TRUE | E38: =IF(D38=True, IF(C38>C37,2,IF(C38=C37,1,0)),0) -> 2 | F38: =B36 -> Conard HS - Team 1 | G38: 64 | H38: TRUE | I38: =IF(H38=True, IF(G38>G37,2,IF(G38=G37,1,0)),0) -> 2 | J38: =F40 -> Fairfield Warde HS - Team 1 | K38: 86 | L38: TRUE | M38: =IF(L38=True, IF(K38>K37,2,IF(K38=K37,1,0)),0) -> 2 | N38: =J37 -> Joel Barlow HS | O38: 34 | P38: TRUE | Q38: =IF(P38=True, IF(O38>O37,2,IF(O38=O37,1,0)),0) -> 0 | R38: =N40 -> New Canaan HS - Team 2 | S38: 32 | T38: TRUE | U38: =IF(T38=True, IF(S38>S37,2,IF(S38=S37,1,0)),0) -> 0 | W38: =W37+1 -> 31 | X38: Greenwich HS - Team 3 | Y38: New Canaan HS - Team 3 | Z38: =IF(MATCH(Y38,R:R,0)<14,$B$5,IF(MATCH(Y38,R:R,0)<23,$B$14,IF(MATCH(Y38,R:R,0)<32,$B$23,IF(MATCH(Y38,R:R,0)<41,$B$32,IF(MATCH(Y38,R:R,0)<50,$B$41,IF(MATCH(Y38,R:R,0)<59,$B$50,IF(MATCH(Y38,R:R,0)<68,$B$59,$B$68))))))) -> Division 7 (Irene Uchida) | AA38: =SUM(VLOOKUP(Y38,B:E,4,FALSE),VLOOKUP(Y38,F:I,4,FALSE),VLOOKUP(Y38,J:M,4,FALSE),VLOOKUP(Y38,N:Q,4,FALSE),VLOOKUP(Y38,R:U,4,FALSE)) -> 6 | AB38: =SUM(VLOOKUP(Y38,$B:$E,2,FALSE),VLOOKUP(Y38,$F:$I,2,FALSE),VLOOKUP(Y38,$J:$M,2,FALSE),VLOOKUP(Y38,$N:$Q,2,FALSE),VLOOKUP(Y38,$R:$U,2,FALSE)) -> 264
A39: SHH 117 | B39: =X43 -> CT IB Acad - Team 3 | C39: 48 | D39: TRUE | E39: =IF(D39=True, IF(C39>C40,2,IF(C39=C40,1,0)),0) -> 0 | F39: =B35 -> Greenwich HS - Team 1 | G39: 132 | H39: TRUE | I39: =IF(H39=True, IF(G39>G40,2,IF(G39=G40,1,0)),0) -> 2 | J39: =F35 -> New Canaan HS - Team 2 | K39: 52 | L39: TRUE | M39: =IF(L39=True, IF(K39>K40,2,IF(K39=K40,1,0)),0) -> 0 | N39: =J36 -> CT IB Acad - Team 3 | O39: 20 | P39: TRUE | Q39: =IF(P39=True, IF(O39>O40,2,IF(O39=O40,1,0)),0) -> 0 | R39: =N38 -> Joel Barlow HS | S39: 58 | T39: TRUE | U39: =IF(T39=True, IF(S39>S40,2,IF(S39=S40,1,0)),0) -> 0 | W39: =W38+1 -> 32 | X39: Fairfield Ludlowe HS | Y39: Newtown HS | Z39: =IF(MATCH(Y39,R:R,0)<14,$B$5,IF(MATCH(Y39,R:R,0)<23,$B$14,IF(MATCH(Y39,R:R,0)<32,$B$23,IF(MATCH(Y39,R:R,0)<41,$B$32,IF(MATCH(Y39,R:R,0)<50,$B$41,IF(MATCH(Y39,R:R,0)<59,$B$50,IF(MATCH(Y39,R:R,0)<68,$B$59,$B$68))))))) -> Division 6 (Guillermo Camarena) | AA39: =SUM(VLOOKUP(Y39,B:E,4,FALSE),VLOOKUP(Y39,F:I,4,FALSE),VLOOKUP(Y39,J:M,4,FALSE),VLOOKUP(Y39,N:Q,4,FALSE),VLOOKUP(Y39,R:U,4,FALSE)) -> 6 | AB39: =SUM(VLOOKUP(Y39,$B:$E,2,FALSE),VLOOKUP(Y39,$F:$I,2,FALSE),VLOOKUP(Y39,$J:$M,2,FALSE),VLOOKUP(Y39,$N:$Q,2,FALSE),VLOOKUP(Y39,$R:$U,2,FALSE)) -> 306
B40: =X52 -> Joel Barlow HS | C40: 62 | D40: TRUE | E40: =IF(D40=True, IF(C40>C39,2,IF(C40=C39,1,0)),0) -> 2 | F40: =B38 -> Fairfield Warde HS - Team 1 | G40: 46 | H40: TRUE | I40: =IF(H40=True, IF(G40>G39,2,IF(G40=G39,1,0)),0) -> 0 | J40: =F38 -> Conard HS - Team 1 | K40: 72 | L40: TRUE | M40: =IF(L40=True, IF(K40>K39,2,IF(K40=K39,1,0)),0) -> 2 | N40: =J39 -> New Canaan HS - Team 2 | O40: 50 | P40: TRUE | Q40: =IF(P40=True, IF(O40>O39,2,IF(O40=O39,1,0)),0) -> 2 | R40: =N35 -> Conard HS - Team 1 | S40: 62 | T40: TRUE | U40: =IF(T40=True, IF(S40>S39,2,IF(S40=S39,1,0)),0) -> 2 | W40: =W39+1 -> 33 | X40: Loomis Chaffee - Team 2 | Y40: Open Spot - 1 | Z40: =IF(MATCH(Y40,R:R,0)<14,$B$5,IF(MATCH(Y40,R:R,0)<23,$B$14,IF(MATCH(Y40,R:R,0)<32,$B$23,IF(MATCH(Y40,R:R,0)<41,$B$32,IF(MATCH(Y40,R:R,0)<50,$B$41,IF(MATCH(Y40,R:R,0)<59,$B$50,IF(MATCH(Y40,R:R,0)<68,$B$59,$B$68))))))) -> Division 8 (Bernardo Houssay) - Canceled Division - Sorry! | AA40: =SUM(VLOOKUP(Y40,B:E,4,FALSE),VLOOKUP(Y40,F:I,4,FALSE),VLOOKUP(Y40,J:M,4,FALSE),VLOOKUP(Y40,N:Q,4,FALSE),VLOOKUP(Y40,R:U,4,FALSE)) -> 0 | AB40: =SUM(VLOOKUP(Y40,$B:$E,2,FALSE),VLOOKUP(Y40,$F:$I,2,FALSE),VLOOKUP(Y40,$J:$M,2,FALSE),VLOOKUP(Y40,$N:$Q,2,FALSE),VLOOKUP(Y40,$R:$U,2,FALSE)) -> 0
B41: Division 5 (Ursula Burns) | W41: =W40+1 -> 34 | X41: South Windsor HS - Team 2 | Y41: Open Spot - 2 | Z41: =IF(MATCH(Y41,R:R,0)<14,$B$5,IF(MATCH(Y41,R:R,0)<23,$B$14,IF(MATCH(Y41,R:R,0)<32,$B$23,IF(MATCH(Y41,R:R,0)<41,$B$32,IF(MATCH(Y41,R:R,0)<50,$B$41,IF(MATCH(Y41,R:R,0)<59,$B$50,IF(MATCH(Y41,R:R,0)<68,$B$59,$B$68))))))) -> Division 8 (Bernardo Houssay) - Canceled Division - Sorry! | AA41: =SUM(VLOOKUP(Y41,B:E,4,FALSE),VLOOKUP(Y41,F:I,4,FALSE),VLOOKUP(Y41,J:M,4,FALSE),VLOOKUP(Y41,N:Q,4,FALSE),VLOOKUP(Y41,R:U,4,FALSE)) -> 0 | AB41: =SUM(VLOOKUP(Y41,$B:$E,2,FALSE),VLOOKUP(Y41,$F:$I,2,FALSE),VLOOKUP(Y41,$J:$M,2,FALSE),VLOOKUP(Y41,$N:$Q,2,FALSE),VLOOKUP(Y41,$R:$U,2,FALSE)) -> 0
W42: =W41+1 -> 35 | X42: Rocky Hill HS - Team 2 | Y42: Open Spot - 3 | Z42: =IF(MATCH(Y42,R:R,0)<14,$B$5,IF(MATCH(Y42,R:R,0)<23,$B$14,IF(MATCH(Y42,R:R,0)<32,$B$23,IF(MATCH(Y42,R:R,0)<41,$B$32,IF(MATCH(Y42,R:R,0)<50,$B$41,IF(MATCH(Y42,R:R,0)<59,$B$50,IF(MATCH(Y42,R:R,0)<68,$B$59,$B$68))))))) -> Division 8 (Bernardo Houssay) - Canceled Division - Sorry! | AA42: =SUM(VLOOKUP(Y42,B:E,4,FALSE),VLOOKUP(Y42,F:I,4,FALSE),VLOOKUP(Y42,J:M,4,FALSE),VLOOKUP(Y42,N:Q,4,FALSE),VLOOKUP(Y42,R:U,4,FALSE)) -> 0 | AB42: =SUM(VLOOKUP(Y42,$B:$E,2,FALSE),VLOOKUP(Y42,$F:$I,2,FALSE),VLOOKUP(Y42,$J:$M,2,FALSE),VLOOKUP(Y42,$N:$Q,2,FALSE),VLOOKUP(Y42,$R:$U,2,FALSE)) -> 0
B43: Teams | C43: Score | D43: CC Verification | E43: Points | F43: Teams | G43: Score | H43: CC Verification | I43: Points | J43: Teams | K43: Score | L43: CC Verification | M43: Points | N43: Teams | O43: Score | P43: CC Verification | Q43: Points | R43: Teams | S43: Score | T43: CC Verification | U43: Points | W43: =W42+1 -> 36 | X43: CT IB Acad - Team 3 | Y43: Open Spot - 4 | Z43: =IF(MATCH(Y43,R:R,0)<14,$B$5,IF(MATCH(Y43,R:R,0)<23,$B$14,IF(MATCH(Y43,R:R,0)<32,$B$23,IF(MATCH(Y43,R:R,0)<41,$B$32,IF(MATCH(Y43,R:R,0)<50,$B$41,IF(MATCH(Y43,R:R,0)<59,$B$50,IF(MATCH(Y43,R:R,0)<68,$B$59,$B$68))))))) -> Division 8 (Bernardo Houssay) - Canceled Division - Sorry! | AA43: =SUM(VLOOKUP(Y43,B:E,4,FALSE),VLOOKUP(Y43,F:I,4,FALSE),VLOOKUP(Y43,J:M,4,FALSE),VLOOKUP(Y43,N:Q,4,FALSE),VLOOKUP(Y43,R:U,4,FALSE)) -> 1 | AB43: =SUM(VLOOKUP(Y43,$B:$E,2,FALSE),VLOOKUP(Y43,$F:$I,2,FALSE),VLOOKUP(Y43,$J:$M,2,FALSE),VLOOKUP(Y43,$N:$Q,2,FALSE),VLOOKUP(Y43,$R:$U,2,FALSE)) -> 0
A44: SHH 267 | B44: =X12 -> East Lyme HS - Team 1 | C44: 66 | D44: TRUE | E44: =IF(D44=True, IF(C44>C45,2,IF(C44=C45,1,0)),0) -> 0 | F44: =B46 -> Waterford HS - Team 2 | G44: 30 | H44: TRUE | I44: =IF(H44=True, IF(G44>G45,2,IF(G44=G45,1,0)),0) -> 0 | J44: =F48 -> East Lyme HS - Team 1 | K44: 122 | L44: TRUE | M44: =IF(L44=True, IF(K44>K45,2,IF(K44=K45,1,0)),0) -> 2 | N44: =J49 -> Loomis Chaffee - Team 1 | O44: 72 | P44: TRUE | Q44: =IF(P44=True, IF(O44>O45,2,IF(O44=O45,1,0)),0) -> 0 | R44: =N48 -> Trumbull HS - Team 1 | S44: 12 | T44: TRUE | U44: =IF(T44=True, IF(S44>S45,2,IF(S44=S45,1,0)),0) -> 0 | W44: =W43+1 -> 37 | X44: Trumbull HS - Team 1 | Y44: Open Spot - 5 | Z44: =IF(MATCH(Y44,R:R,0)<14,$B$5,IF(MATCH(Y44,R:R,0)<23,$B$14,IF(MATCH(Y44,R:R,0)<32,$B$23,IF(MATCH(Y44,R:R,0)<41,$B$32,IF(MATCH(Y44,R:R,0)<50,$B$41,IF(MATCH(Y44,R:R,0)<59,$B$50,IF(MATCH(Y44,R:R,0)<68,$B$59,$B$68))))))) -> Division 8 (Bernardo Houssay) - Canceled Division - Sorry! | AA44: =SUM(VLOOKUP(Y44,B:E,4,FALSE),VLOOKUP(Y44,F:I,4,FALSE),VLOOKUP(Y44,J:M,4,FALSE),VLOOKUP(Y44,N:Q,4,FALSE),VLOOKUP(Y44,R:U,4,FALSE)) -> 0 | AB44: =SUM(VLOOKUP(Y44,$B:$E,2,FALSE),VLOOKUP(Y44,$F:$I,2,FALSE),VLOOKUP(Y44,$J:$M,2,FALSE),VLOOKUP(Y44,$N:$Q,2,FALSE),VLOOKUP(Y44,$R:$U,2,FALSE)) -> 0
B45: =X19 -> Loomis Chaffee - Team 1 | C45: 100 | D45: TRUE | E45: =IF(D45=True, IF(C45>C44,2,IF(C45=C44,1,0)),0) -> 2 | F45: =B49 -> EO Smith HS - Team 2 | G45: 62 | H45: TRUE | I45: =IF(H45=True, IF(G45>G44,2,IF(G45=G44,1,0)),0) -> 2 | J45: =F46 -> Trumbull HS - Team 1 | K45: 36 | L45: TRUE | M45: =IF(L45=True, IF(K45>K44,2,IF(K45=K44,1,0)),0) -> 0 | N45: =J47 -> Univ HS Sci & Eng | O45: 74 | P45: TRUE | Q45: =IF(P45=True, IF(O45>O44,2,IF(O45=O44,1,0)),0) -> 2 | R45: =N45 -> Univ HS Sci & Eng | S45: 90 | T45: TRUE | U45: =IF(T45=True, IF(S45>S44,2,IF(S45=S44,1,0)),0) -> 2 | W45: =W44+1 -> 38 | X45: Newtown HS | Y45: Rocky Hill HS - Team 1 | Z45: =IF(MATCH(Y45,R:R,0)<14,$B$5,IF(MATCH(Y45,R:R,0)<23,$B$14,IF(MATCH(Y45,R:R,0)<32,$B$23,IF(MATCH(Y45,R:R,0)<41,$B$32,IF(MATCH(Y45,R:R,0)<50,$B$41,IF(MATCH(Y45,R:R,0)<59,$B$50,IF(MATCH(Y45,R:R,0)<68,$B$59,$B$68))))))) -> Division 6 (Guillermo Camarena) | AA45: =SUM(VLOOKUP(Y45,B:E,4,FALSE),VLOOKUP(Y45,F:I,4,FALSE),VLOOKUP(Y45,J:M,4,FALSE),VLOOKUP(Y45,N:Q,4,FALSE),VLOOKUP(Y45,R:U,4,FALSE)) -> 6 | AB45: =SUM(VLOOKUP(Y45,$B:$E,2,FALSE),VLOOKUP(Y45,$F:$I,2,FALSE),VLOOKUP(Y45,$J:$M,2,FALSE),VLOOKUP(Y45,$N:$Q,2,FALSE),VLOOKUP(Y45,$R:$U,2,FALSE)) -> 458
A46: SHH 268 | B46: =X28 -> Waterford HS - Team 2 | C46: 30 | D46: TRUE | E46: =IF(D46=True, IF(C46>C47,2,IF(C46=C47,1,0)),0) -> 0 | F46: =B48 -> Trumbull HS - Team 1 | G46: 30 | H46: TRUE | I46: =IF(H46=True, IF(G46>G47,2,IF(G46=G47,1,0)),0) -> 0 | J46: =F45 -> EO Smith HS - Team 2 | K46: 34 | L46: TRUE | M46: =IF(L46=True, IF(K46>K47,2,IF(K46=K47,1,0)),0) -> 0 | N46: =J44 -> East Lyme HS - Team 1 | O46: 56 | P46: TRUE | Q46: =IF(P46=True, IF(O46>O47,2,IF(O46=O47,1,0)),0) -> 0 | R46: =N46 -> East Lyme HS - Team 1 | S46: 120 | T46: TRUE | U46: =IF(T46=True, IF(S46>S47,2,IF(S46=S47,1,0)),0) -> 2 | W46: =W45+1 -> 39 | X46: Trumbull HS - Team 2 | Y46: Rocky Hill HS - Team 2 | Z46: =IF(MATCH(Y46,R:R,0)<14,$B$5,IF(MATCH(Y46,R:R,0)<23,$B$14,IF(MATCH(Y46,R:R,0)<32,$B$23,IF(MATCH(Y46,R:R,0)<41,$B$32,IF(MATCH(Y46,R:R,0)<50,$B$41,IF(MATCH(Y46,R:R,0)<59,$B$50,IF(MATCH(Y46,R:R,0)<68,$B$59,$B$68))))))) -> Division 3 (Silas Adekunle) | AA46: =SUM(VLOOKUP(Y46,B:E,4,FALSE),VLOOKUP(Y46,F:I,4,FALSE),VLOOKUP(Y46,J:M,4,FALSE),VLOOKUP(Y46,N:Q,4,FALSE),VLOOKUP(Y46,R:U,4,FALSE)) -> 6 | AB46: =SUM(VLOOKUP(Y46,$B:$E,2,FALSE),VLOOKUP(Y46,$F:$I,2,FALSE),VLOOKUP(Y46,$J:$M,2,FALSE),VLOOKUP(Y46,$N:$Q,2,FALSE),VLOOKUP(Y46,$R:$U,2,FALSE)) -> 328
B47: =X35 -> Univ HS Sci & Eng | C47: 94 | D47: TRUE | E47: =IF(D47=True, IF(C47>C46,2,IF(C47=C46,1,0)),0) -> 2 | F47: =B45 -> Loomis Chaffee - Team 1 | G47: 116 | H47: TRUE | I47: =IF(H47=True, IF(G47>G46,2,IF(G47=G46,1,0)),0) -> 2 | J47: =F49 -> Univ HS Sci & Eng | K47: 46 | L47: TRUE | M47: =IF(L47=True, IF(K47>K46,2,IF(K47=K46,1,0)),0) -> 2 | N47: =J46 -> EO Smith HS - Team 2 | O47: 76 | P47: TRUE | Q47: =IF(P47=True, IF(O47>O46,2,IF(O47=O46,1,0)),0) -> 2 | R47: =N49 -> Waterford HS - Team 2 | S47: 12 | T47: TRUE | U47: =IF(T47=True, IF(S47>S46,2,IF(S47=S46,1,0)),0) -> 0 | W47: =W46+1 -> 40 | X47: Open Spot - 5 | Y47: South Windsor HS - Team 1 | Z47: =IF(MATCH(Y47,R:R,0)<14,$B$5,IF(MATCH(Y47,R:R,0)<23,$B$14,IF(MATCH(Y47,R:R,0)<32,$B$23,IF(MATCH(Y47,R:R,0)<41,$B$32,IF(MATCH(Y47,R:R,0)<50,$B$41,IF(MATCH(Y47,R:R,0)<59,$B$50,IF(MATCH(Y47,R:R,0)<68,$B$59,$B$68))))))) -> Division 7 (Irene Uchida) | AA47: =SUM(VLOOKUP(Y47,B:E,4,FALSE),VLOOKUP(Y47,F:I,4,FALSE),VLOOKUP(Y47,J:M,4,FALSE),VLOOKUP(Y47,N:Q,4,FALSE),VLOOKUP(Y47,R:U,4,FALSE)) -> 2 | AB47: =SUM(VLOOKUP(Y47,$B:$E,2,FALSE),VLOOKUP(Y47,$F:$I,2,FALSE),VLOOKUP(Y47,$J:$M,2,FALSE),VLOOKUP(Y47,$N:$Q,2,FALSE),VLOOKUP(Y47,$R:$U,2,FALSE)) -> 214
A48: SHH 269 | B48: =X44 -> Trumbull HS - Team 1 | C48: 16 | D48: TRUE | E48: =IF(D48=True, IF(C48>C49,2,IF(C48=C49,1,0)),0) -> 0 | F48: =B44 -> East Lyme HS - Team 1 | G48: 58 | H48: TRUE | I48: =IF(H48=True, IF(G48>G49,2,IF(G48=G49,1,0)),0) -> 0 | J48: =F44 -> Waterford HS - Team 2 | K48: 46 | L48: TRUE | M48: =IF(L48=True, IF(K48>K49,2,IF(K48=K49,1,0)),0) -> 0 | N48: =J45 -> Trumbull HS - Team 1 | O48: 20 | P48: TRUE | Q48: =IF(P48=True, IF(O48>O49,2,IF(O48=O49,1,0)),0) -> 0 | R48: =N47 -> EO Smith HS - Team 2 | S48: 30 | T48: TRUE | U48: =IF(T48=True, IF(S48>S49,2,IF(S48=S49,1,0)),0) -> 0 | W48: =W47+1 -> 41 | X48: Greenwich HS - Team 4 | Y48: South Windsor HS - Team 2 | Z48: =IF(MATCH(Y48,R:R,0)<14,$B$5,IF(MATCH(Y48,R:R,0)<23,$B$14,IF(MATCH(Y48,R:R,0)<32,$B$23,IF(MATCH(Y48,R:R,0)<41,$B$32,IF(MATCH(Y48,R:R,0)<50,$B$41,IF(MATCH(Y48,R:R,0)<59,$B$50,IF(MATCH(Y48,R:R,0)<68,$B$59,$B$68))))))) -> Division 2 (Marian Croak) | AA48: =SUM(VLOOKUP(Y48,B:E,4,FALSE),VLOOKUP(Y48,F:I,4,FALSE),VLOOKUP(Y48,J:M,4,FALSE),VLOOKUP(Y48,N:Q,4,FALSE),VLOOKUP(Y48,R:U,4,FALSE)) -> 8 | AB48: =SUM(VLOOKUP(Y48,$B:$E,2,FALSE),VLOOKUP(Y48,$F:$I,2,FALSE),VLOOKUP(Y48,$J:$M,2,FALSE),VLOOKUP(Y48,$N:$Q,2,FALSE),VLOOKUP(Y48,$R:$U,2,FALSE)) -> 346
B49: =X51 -> EO Smith HS - Team 2 | C49: 96 | D49: TRUE | E49: =IF(D49=True, IF(C49>C48,2,IF(C49=C48,1,0)),0) -> 2 | F49: =B47 -> Univ HS Sci & Eng | G49: 68 | H49: TRUE | I49: =IF(H49=True, IF(G49>G48,2,IF(G49=G48,1,0)),0) -> 2 | J49: =F47 -> Loomis Chaffee - Team 1 | K49: 52 | L49: TRUE | M49: =IF(L49=True, IF(K49>K48,2,IF(K49=K48,1,0)),0) -> 2 | N49: =J48 -> Waterford HS - Team 2 | O49: 50 | P49: TRUE | Q49: =IF(P49=True, IF(O49>O48,2,IF(O49=O48,1,0)),0) -> 2 | R49: =N44 -> Loomis Chaffee - Team 1 | S49: 128 | T49: TRUE | U49: =IF(T49=True, IF(S49>S48,2,IF(S49=S48,1,0)),0) -> 2 | W49: =W48+1 -> 42 | X49: South Windsor HS - Team 1 | Y49: Southington HS - Team 1 | Z49: =IF(MATCH(Y49,R:R,0)<14,$B$5,IF(MATCH(Y49,R:R,0)<23,$B$14,IF(MATCH(Y49,R:R,0)<32,$B$23,IF(MATCH(Y49,R:R,0)<41,$B$32,IF(MATCH(Y49,R:R,0)<50,$B$41,IF(MATCH(Y49,R:R,0)<59,$B$50,IF(MATCH(Y49,R:R,0)<68,$B$59,$B$68))))))) -> Division 1 (Temple Grandin) | AA49: =SUM(VLOOKUP(Y49,B:E,4,FALSE),VLOOKUP(Y49,F:I,4,FALSE),VLOOKUP(Y49,J:M,4,FALSE),VLOOKUP(Y49,N:Q,4,FALSE),VLOOKUP(Y49,R:U,4,FALSE)) -> 8 | AB49: =SUM(VLOOKUP(Y49,$B:$E,2,FALSE),VLOOKUP(Y49,$F:$I,2,FALSE),VLOOKUP(Y49,$J:$M,2,FALSE),VLOOKUP(Y49,$N:$Q,2,FALSE),VLOOKUP(Y49,$R:$U,2,FALSE)) -> 606
B50: Division 6 (Guillermo Camarena) | W50: =W49+1 -> 43 | X50: Fairfield Warde HS - Team 2 | Y50: Southington HS - Team 2 | Z50: =IF(MATCH(Y50,R:R,0)<14,$B$5,IF(MATCH(Y50,R:R,0)<23,$B$14,IF(MATCH(Y50,R:R,0)<32,$B$23,IF(MATCH(Y50,R:R,0)<41,$B$32,IF(MATCH(Y50,R:R,0)<50,$B$41,IF(MATCH(Y50,R:R,0)<59,$B$50,IF(MATCH(Y50,R:R,0)<68,$B$59,$B$68))))))) -> Division 2 (Marian Croak) | AA50: =SUM(VLOOKUP(Y50,B:E,4,FALSE),VLOOKUP(Y50,F:I,4,FALSE),VLOOKUP(Y50,J:M,4,FALSE),VLOOKUP(Y50,N:Q,4,FALSE),VLOOKUP(Y50,R:U,4,FALSE)) -> 4 | AB50: =SUM(VLOOKUP(Y50,$B:$E,2,FALSE),VLOOKUP(Y50,$F:$I,2,FALSE),VLOOKUP(Y50,$J:$M,2,FALSE),VLOOKUP(Y50,$N:$Q,2,FALSE),VLOOKUP(Y50,$R:$U,2,FALSE)) -> 162
W51: =W50+1 -> 44 | X51: EO Smith HS - Team 2 | Y51: Trumbull HS - Team 1 | Z51: =IF(MATCH(Y51,R:R,0)<14,$B$5,IF(MATCH(Y51,R:R,0)<23,$B$14,IF(MATCH(Y51,R:R,0)<32,$B$23,IF(MATCH(Y51,R:R,0)<41,$B$32,IF(MATCH(Y51,R:R,0)<50,$B$41,IF(MATCH(Y51,R:R,0)<59,$B$50,IF(MATCH(Y51,R:R,0)<68,$B$59,$B$68))))))) -> Division 5 (Ursula Burns) | AA51: =SUM(VLOOKUP(Y51,B:E,4,FALSE),VLOOKUP(Y51,F:I,4,FALSE),VLOOKUP(Y51,J:M,4,FALSE),VLOOKUP(Y51,N:Q,4,FALSE),VLOOKUP(Y51,R:U,4,FALSE)) -> 0 | AB51: =SUM(VLOOKUP(Y51,$B:$E,2,FALSE),VLOOKUP(Y51,$F:$I,2,FALSE),VLOOKUP(Y51,$J:$M,2,FALSE),VLOOKUP(Y51,$N:$Q,2,FALSE),VLOOKUP(Y51,$R:$U,2,FALSE)) -> 114
B52: Teams | C52: Score | D52: CC Verification | E52: Points | F52: Teams | G52: Score | H52: CC Verification | I52: Points | J52: Teams | K52: Score | L52: CC Verification | M52: Points | N52: Teams | O52: Score | P52: CC Verification | Q52: Points | R52: Teams | S52: Score | T52: CC Verification | U52: Points | W52: =W51+1 -> 45 | X52: Joel Barlow HS | Y52: Trumbull HS - Team 2 | Z52: =IF(MATCH(Y52,R:R,0)<14,$B$5,IF(MATCH(Y52,R:R,0)<23,$B$14,IF(MATCH(Y52,R:R,0)<32,$B$23,IF(MATCH(Y52,R:R,0)<41,$B$32,IF(MATCH(Y52,R:R,0)<50,$B$41,IF(MATCH(Y52,R:R,0)<59,$B$50,IF(MATCH(Y52,R:R,0)<68,$B$59,$B$68))))))) -> Division 7 (Irene Uchida) | AA52: =SUM(VLOOKUP(Y52,B:E,4,FALSE),VLOOKUP(Y52,F:I,4,FALSE),VLOOKUP(Y52,J:M,4,FALSE),VLOOKUP(Y52,N:Q,4,FALSE),VLOOKUP(Y52,R:U,4,FALSE)) -> 4 | AB52: =SUM(VLOOKUP(Y52,$B:$E,2,FALSE),VLOOKUP(Y52,$F:$I,2,FALSE),VLOOKUP(Y52,$J:$M,2,FALSE),VLOOKUP(Y52,$N:$Q,2,FALSE),VLOOKUP(Y52,$R:$U,2,FALSE)) -> 238
A53: MONT 111 | B53: =X13 -> Rocky Hill HS - Team 1 | C53: 66 | D53: TRUE | E53: =IF(D53=True, IF(C53>C54,2,IF(C53=C54,1,0)),0) -> 0 | F53: =B55 -> Farmington HS - Team 2 | G53: 136 | H53: TRUE | I53: =IF(H53=True, IF(G53>G54,2,IF(G53=G54,1,0)),0) -> 2 | J53: =F57 -> Rocky Hill HS - Team 1 | K53: 88 | L53: TRUE | M53: =IF(L53=True, IF(K53>K54,2,IF(K53=K54,1,0)),0) -> 2 | N53: =J58 -> New Canaan HS - Team 1 | O53: 72 | P53: TRUE | Q53: =IF(P53=True, IF(O53>O54,2,IF(O53=O54,1,0)),0) -> 2 | R53: =N57 -> Newtown HS | S53: 114 | T53: TRUE | U53: =IF(T53=True, IF(S53>S54,2,IF(S53=S54,1,0)),0) -> 2 | W53: =W52+1 -> 46 | X53: East Lyme HS - Team 2 | Y53: Univ HS Sci & Eng | Z53: =IF(MATCH(Y53,R:R,0)<14,$B$5,IF(MATCH(Y53,R:R,0)<23,$B$14,IF(MATCH(Y53,R:R,0)<32,$B$23,IF(MATCH(Y53,R:R,0)<41,$B$32,IF(MATCH(Y53,R:R,0)<50,$B$41,IF(MATCH(Y53,R:R,0)<59,$B$50,IF(MATCH(Y53,R:R,0)<68,$B$59,$B$68))))))) -> Division 5 (Ursula Burns) | AA53: =SUM(VLOOKUP(Y53,B:E,4,FALSE),VLOOKUP(Y53,F:I,4,FALSE),VLOOKUP(Y53,J:M,4,FALSE),VLOOKUP(Y53,N:Q,4,FALSE),VLOOKUP(Y53,R:U,4,FALSE)) -> 10 | AB53: =SUM(VLOOKUP(Y53,$B:$E,2,FALSE),VLOOKUP(Y53,$F:$I,2,FALSE),VLOOKUP(Y53,$J:$M,2,FALSE),VLOOKUP(Y53,$N:$Q,2,FALSE),VLOOKUP(Y53,$R:$U,2,FALSE)) -> 372
B54: =X18 -> New Canaan HS - Team 1 | C54: 78 | D54: TRUE | E54: =IF(D54=True, IF(C54>C53,2,IF(C54=C53,1,0)),0) -> 2 | F54: =B58 -> Fairfield Warde HS - Team 2 | G54: 8 | H54: TRUE | I54: =IF(H54=True, IF(G54>G53,2,IF(G54=G53,1,0)),0) -> 0 | J54: =F55 -> Newtown HS | K54: 44 | L54: TRUE | M54: =IF(L54=True, IF(K54>K53,2,IF(K54=K53,1,0)),0) -> 0 | N54: =J56 -> Enfield HS - Team 2 | O54: 38 | P54: TRUE | Q54: =IF(P54=True, IF(O54>O53,2,IF(O54=O53,1,0)),0) -> 0 | R54: =N54 -> Enfield HS - Team 2 | S54: 34 | T54: TRUE | U54: =IF(T54=True, IF(S54>S53,2,IF(S54=S53,1,0)),0) -> 0 | W54: =W53+1 -> 47 | X54: Southington HS - Team 2 | Y54: Waterford HS - Team 1 | Z54: =IF(MATCH(Y54,R:R,0)<14,$B$5,IF(MATCH(Y54,R:R,0)<23,$B$14,IF(MATCH(Y54,R:R,0)<32,$B$23,IF(MATCH(Y54,R:R,0)<41,$B$32,IF(MATCH(Y54,R:R,0)<50,$B$41,IF(MATCH(Y54,R:R,0)<59,$B$50,IF(MATCH(Y54,R:R,0)<68,$B$59,$B$68))))))) -> Division 2 (Marian Croak) | AA54: =SUM(VLOOKUP(Y54,B:E,4,FALSE),VLOOKUP(Y54,F:I,4,FALSE),VLOOKUP(Y54,J:M,4,FALSE),VLOOKUP(Y54,N:Q,4,FALSE),VLOOKUP(Y54,R:U,4,FALSE)) -> 10 | AB54: =SUM(VLOOKUP(Y54,$B:$E,2,FALSE),VLOOKUP(Y54,$F:$I,2,FALSE),VLOOKUP(Y54,$J:$M,2,FALSE),VLOOKUP(Y54,$N:$Q,2,FALSE),VLOOKUP(Y54,$R:$U,2,FALSE)) -> 762
A55: MONT 112 | B55: =X29 -> Farmington HS - Team 2 | C55: 90 | D55: TRUE | E55: =IF(D55=True, IF(C55>C56,2,IF(C55=C56,1,0)),0) -> 2 | F55: =B57 -> Newtown HS | G55: 20 | H55: TRUE | I55: =IF(H55=True, IF(G55>G56,2,IF(G55=G56,1,0)),0) -> 0 | J55: =F54 -> Fairfield Warde HS - Team 2 | K55: 44 | L55: TRUE | M55: =IF(L55=True, IF(K55>K56,2,IF(K55=K56,1,0)),0) -> 0 | N55: =J53 -> Rocky Hill HS - Team 1 | O55: 106 | P55: TRUE | Q55: =IF(P55=True, IF(O55>O56,2,IF(O55=O56,1,0)),0) -> 2 | R55: =N55 -> Rocky Hill HS - Team 1 | S55: 72 | T55: TRUE | U55: =IF(T55=True, IF(S55>S56,2,IF(S55=S56,1,0)),0) -> 0 | W55: =W54+1 -> 48 | X55: CT IB Acad - Team 2 | Y55: Waterford HS - Team 2 | Z55: =IF(MATCH(Y55,R:R,0)<14,$B$5,IF(MATCH(Y55,R:R,0)<23,$B$14,IF(MATCH(Y55,R:R,0)<32,$B$23,IF(MATCH(Y55,R:R,0)<41,$B$32,IF(MATCH(Y55,R:R,0)<50,$B$41,IF(MATCH(Y55,R:R,0)<59,$B$50,IF(MATCH(Y55,R:R,0)<68,$B$59,$B$68))))))) -> Division 5 (Ursula Burns) | AA55: =SUM(VLOOKUP(Y55,B:E,4,FALSE),VLOOKUP(Y55,F:I,4,FALSE),VLOOKUP(Y55,J:M,4,FALSE),VLOOKUP(Y55,N:Q,4,FALSE),VLOOKUP(Y55,R:U,4,FALSE)) -> 2 | AB55: =SUM(VLOOKUP(Y55,$B:$E,2,FALSE),VLOOKUP(Y55,$F:$I,2,FALSE),VLOOKUP(Y55,$J:$M,2,FALSE),VLOOKUP(Y55,$N:$Q,2,FALSE),VLOOKUP(Y55,$R:$U,2,FALSE)) -> 168
B56: =X34 -> Enfield HS - Team 2 | C56: 16 | D56: TRUE | E56: =IF(D56=True, IF(C56>C55,2,IF(C56=C55,1,0)),0) -> 0 | F56: =B54 -> New Canaan HS - Team 1 | G56: 90 | H56: TRUE | I56: =IF(H56=True, IF(G56>G55,2,IF(G56=G55,1,0)),0) -> 2 | J56: =F58 -> Enfield HS - Team 2 | K56: 48 | L56: TRUE | M56: =IF(L56=True, IF(K56>K55,2,IF(K56=K55,1,0)),0) -> 2 | N56: =J55 -> Fairfield Warde HS - Team 2 | O56: 28 | P56: TRUE | Q56: =IF(P56=True, IF(O56>O55,2,IF(O56=O55,1,0)),0) -> 0 | R56: =N58 -> Farmington HS - Team 2 | S56: 132 | T56: TRUE | U56: =IF(T56=True, IF(S56>S55,2,IF(S56=S55,1,0)),0) -> 2
A57: MONT 113 | B57: =X45 -> Newtown HS | C57: 62 | D57: TRUE | E57: =IF(D57=True, IF(C57>C58,2,IF(C57=C58,1,0)),0) -> 2 | F57: =B53 -> Rocky Hill HS - Team 1 | G57: 126 | H57: TRUE | I57: =IF(H57=True, IF(G57>G58,2,IF(G57=G58,1,0)),0) -> 2 | J57: =F53 -> Farmington HS - Team 2 | K57: 100 | L57: TRUE | M57: =IF(L57=True, IF(K57>K58,2,IF(K57=K58,1,0)),0) -> 2 | N57: =J54 -> Newtown HS | O57: 66 | P57: TRUE | Q57: =IF(P57=True, IF(O57>O58,2,IF(O57=O58,1,0)),0) -> 2 | R57: =N56 -> Fairfield Warde HS - Team 2 | S57: 54 | T57: TRUE | U57: =IF(T57=True, IF(S57>S58,2,IF(S57=S58,1,0)),0) -> 0
B58: =X50 -> Fairfield Warde HS - Team 2 | C58: 12 | D58: TRUE | E58: =IF(D58=True, IF(C58>C57,2,IF(C58=C57,1,0)),0) -> 0 | F58: =B56 -> Enfield HS - Team 2 | G58: 22 | H58: TRUE | I58: =IF(H58=True, IF(G58>G57,2,IF(G58=G57,1,0)),0) -> 0 | J58: =F56 -> New Canaan HS - Team 1 | K58: 76 | L58: TRUE | M58: =IF(L58=True, IF(K58>K57,2,IF(K58=K57,1,0)),0) -> 0 | N58: =J57 -> Farmington HS - Team 2 | O58: 50 | P58: TRUE | Q58: =IF(P58=True, IF(O58>O57,2,IF(O58=O57,1,0)),0) -> 0 | R58: =N53 -> New Canaan HS - Team 1 | S58: 90 | T58: TRUE | U58: =IF(T58=True, IF(S58>S57,2,IF(S58=S57,1,0)),0) -> 2
B59: Division 7 (Irene Uchida)
B61: Teams | C61: Score | D61: CC Verification | E61: Points | F61: Teams | G61: Score | H61: CC Verification | I61: Points | J61: Teams | K61: Score | L61: CC Verification | M61: Points | N61: Teams | O61: Score | P61: CC Verification | Q61: Points | R61: Teams | S61: Score | T61: CC Verification | U61: Points
A62: MONT 225 | B62: =X14 -> Choate Rosemary Hall | C62: =if('CT RR Calculations (Private)'!$AC$1="Blank",34,randbetween(1,75)) -> 34 | D62: TRUE | E62: =IF(D62=True, IF(C62>C63,2,IF(C62=C63,1,0)),0) -> 0 | F62: =B64 -> Greenwich HS - Team 2 | G62: =if('CT RR Calculations (Private)'!$AC$1="Blank",80,randbetween(1,75)) -> 80 | H62: TRUE | I62: =IF(H62=True, IF(G62>G63,2,IF(G62=G63,1,0)),0) -> 2 | J62: =F66 -> Choate Rosemary Hall | K62: =if('CT RR Calculations (Private)'!$AC$1="Blank",70,randbetween(1,75)) -> 70 | L62: TRUE | M62: =IF(L62=True, IF(K62>K63,2,IF(K62=K63,1,0)),0) -> 2 | N62: =J67 -> New Canaan HS - Team 3 | O62: =if('CT RR Calculations (Private)'!$AC$1="Blank",62,randbetween(1,75)) -> 62 | P62: TRUE | Q62: =IF(P62=True, IF(O62>O63,2,IF(O62=O63,1,0)),0) -> 2 | R62: =N66 -> Trumbull HS - Team 2 | S62: =if('CT RR Calculations (Private)'!$AC$1="Blank",66,randbetween(1,75)) -> 66 | T62: TRUE | U62: =IF(T62=True, IF(S62>S63,2,IF(S62=S63,1,0)),0) -> 2
B63: =X17 -> New Canaan HS - Team 3 | C63: =if('CT RR Calculations (Private)'!$AC$1="Blank",38,randbetween(1,75)) -> 38 | D63: TRUE | E63: =IF(D63=True, IF(C63>C62,2,IF(C63=C62,1,0)),0) -> 2 | F63: =B67 -> South Windsor HS - Team 1 | G63: =if('CT RR Calculations (Private)'!$AC$1="Blank",58,randbetween(1,75)) -> 58 | H63: TRUE | I63: =IF(H63=True, IF(G63>G62,2,IF(G63=G62,1,0)),0) -> 0 | J63: =F64 -> Trumbull HS - Team 2 | K63: =if('CT RR Calculations (Private)'!$AC$1="Blank",46,randbetween(1,75)) -> 46 | L63: TRUE | M63: =IF(L63=True, IF(K63>K62,2,IF(K63=K62,1,0)),0) -> 0 | N63: =J65 -> Enfield HS - Team 3 | O63: =if('CT RR Calculations (Private)'!$AC$1="Blank",34,randbetween(1,75)) -> 34 | P63: TRUE | Q63: =IF(P63=True, IF(O63>O62,2,IF(O63=O62,1,0)),0) -> 0 | R63: =N63 -> Enfield HS - Team 3 | S63: =if('CT RR Calculations (Private)'!$AC$1="Blank",26,randbetween(1,75)) -> 26 | T63: TRUE | U63: =IF(T63=True, IF(S63>S62,2,IF(S63=S62,1,0)),0) -> 0
A64: MONT 226 | B64: =X30 -> Greenwich HS - Team 2 | C64: 118 | D64: TRUE | E64: =IF(D64=True, IF(C64>C65,2,IF(C64=C65,1,0)),0) -> 2 | F64: =B66 -> Trumbull HS - Team 2 | G64: 54 | H64: TRUE | I64: =IF(H64=True, IF(G64>G65,2,IF(G64=G65,1,0)),0) -> 2 | J64: =F63 -> South Windsor HS - Team 1 | K64: 32 | L64: TRUE | M64: =IF(L64=True, IF(K64>K65,2,IF(K64=K65,1,0)),0) -> 0 | N64: =J62 -> Choate Rosemary Hall | O64: 52 | P64: TRUE | Q64: =IF(P64=True, IF(O64>O65,2,IF(O64=O65,1,0)),0) -> 2 | R64: =N64 -> Choate Rosemary Hall | S64: 48 | T64: TRUE | U64: =IF(T64=True, IF(S64>S65,2,IF(S64=S65,1,0)),0) -> 0
B65: =X33 -> Enfield HS - Team 3 | C65: 20 | D65: TRUE | E65: =IF(D65=True, IF(C65>C64,2,IF(C65=C64,1,0)),0) -> 0 | F65: =B63 -> New Canaan HS - Team 3 | G65: 52 | H65: TRUE | I65: =IF(H65=True, IF(G65>G64,2,IF(G65=G64,1,0)),0) -> 0 | J65: =F67 -> Enfield HS - Team 3 | K65: 58 | L65: TRUE | M65: =IF(L65=True, IF(K65>K64,2,IF(K65=K64,1,0)),0) -> 2 | N65: =J64 -> South Windsor HS - Team 1 | O65: 40 | P65: TRUE | Q65: =IF(P65=True, IF(O65>O64,2,IF(O65=O64,1,0)),0) -> 0 | R65: =N67 -> Greenwich HS - Team 2 | S65: 94 | T65: TRUE | U65: =IF(T65=True, IF(S65>S64,2,IF(S65=S64,1,0)),0) -> 2
A66: MONT 227 | B66: =X46 -> Trumbull HS - Team 2 | C66: 26 | D66: TRUE | E66: =IF(D66=True, IF(C66>C67,2,IF(C66=C67,1,0)),0) -> 0 | F66: =B62 -> Choate Rosemary Hall | G66: 90 | H66: TRUE | I66: =IF(H66=True, IF(G66>G67,2,IF(G66=G67,1,0)),0) -> 2 | J66: =F62 -> Greenwich HS - Team 2 | K66: 72 | L66: TRUE | M66: =IF(L66=True, IF(K66>K67,2,IF(K66=K67,1,0)),0) -> 2 | N66: =J63 -> Trumbull HS - Team 2 | O66: 46 | P66: TRUE | Q66: =IF(P66=True, IF(O66>O67,2,IF(O66=O67,1,0)),0) -> 0 | R66: =N65 -> South Windsor HS - Team 1 | S66: 30 | T66: TRUE | U66: =IF(T66=True, IF(S66>S67,2,IF(S66=S67,1,0)),0) -> 0
B67: =X49 -> South Windsor HS - Team 1 | C67: 54 | D67: TRUE | E67: =IF(D67=True, IF(C67>C66,2,IF(C67=C66,1,0)),0) -> 2 | F67: =B65 -> Enfield HS - Team 3 | G67: 18 | H67: TRUE | I67: =IF(H67=True, IF(G67>G66,2,IF(G67=G66,1,0)),0) -> 0 | J67: =F65 -> New Canaan HS - Team 3 | K67: 28 | L67: TRUE | M67: =IF(L67=True, IF(K67>K66,2,IF(K67=K66,1,0)),0) -> 0 | N67: =J66 -> Greenwich HS - Team 2 | O67: 56 | P67: TRUE | Q67: =IF(P67=True, IF(O67>O66,2,IF(O67=O66,1,0)),0) -> 2 | R67: =N62 -> New Canaan HS - Team 3 | S67: 84 | T67: TRUE | U67: =IF(T67=True, IF(S67>S66,2,IF(S67=S66,1,0)),0) -> 2
B68: Division 8 (Bernardo Houssay) - Canceled Division - Sorry!
B70: Teams | C70: Score | D70: CC Verification | E70: Points | F70: Teams | G70: Score | H70: CC Verification | I70: Points | J70: Teams | K70: Score | L70: CC Verification | M70: Points | N70: Teams | O70: Score | P70: CC Verification | Q70: Points | R70: Teams | S70: Score | T70: CC Verification | U70: Points
A71: MONT 319 | B71: =X15 -> Open Spot - 1 | C71: =if('CT RR Calculations (Private)'!$AC$1="Blank",0,randbetween(1,75)) -> 0 | D71: FALSE | E71: =IF(D71=True, IF(C71>C72,2,IF(C71=C72,1,0)),0) -> 0 | F71: =B73 -> Open Spot - 3 | G71: =if('CT RR Calculations (Private)'!$AC$1="Blank",0,randbetween(1,75)) -> 0 | H71: FALSE | I71: =IF(H71=True, IF(G71>G72,2,IF(G71=G72,1,0)),0) -> 0 | J71: =F75 -> Open Spot - 1 | K71: =if('CT RR Calculations (Private)'!$AC$1="Blank",0,randbetween(1,75)) -> 0 | L71: FALSE | M71: =IF(L71=True, IF(K71>K72,2,IF(K71=K72,1,0)),0) -> 0 | N71: =J76 -> Open Spot - 2 | O71: =if('CT RR Calculations (Private)'!$AC$1="Blank",0,randbetween(1,75)) -> 0 | P71: FALSE | Q71: =IF(P71=True, IF(O71>O72,2,IF(O71=O72,1,0)),0) -> 0 | R71: =N75 -> Open Spot - 5 | S71: =if('CT RR Calculations (Private)'!$AC$1="Blank",0,randbetween(1,75)) -> 0 | T71: FALSE | U71: =IF(T71=True, IF(S71>S72,2,IF(S71=S72,1,0)),0) -> 0
B72: =X16 -> Open Spot - 2 | C72: =if('CT RR Calculations (Private)'!$AC$1="Blank",0,randbetween(1,75)) -> 0 | D72: FALSE | E72: =IF(D72=True, IF(C72>C71,2,IF(C72=C71,1,0)),0) -> 0 | F72: =B76 -> Greenwich HS - Team 4 | G72: =if('CT RR Calculations (Private)'!$AC$1="Blank",0,randbetween(1,75)) -> 0 | H72: FALSE | I72: =IF(H72=True, IF(G72>G71,2,IF(G72=G71,1,0)),0) -> 0 | J72: =F73 -> Open Spot - 5 | K72: =if('CT RR Calculations (Private)'!$AC$1="Blank",0,randbetween(1,75)) -> 0 | L72: FALSE | M72: =IF(L72=True, IF(K72>K71,2,IF(K72=K71,1,0)),0) -> 0 | N72: =J74 -> Open Spot - 4 | O72: =if('CT RR Calculations (Private)'!$AC$1="Blank",0,randbetween(1,75)) -> 0 | P72: FALSE | Q72: =IF(P72=True, IF(O72>O71,2,IF(O72=O71,1,0)),0) -> 0 | R72: =N72 -> Open Spot - 4 | S72: =if('CT RR Calculations (Private)'!$AC$1="Blank",0,randbetween(1,75)) -> 0 | T72: FALSE | U72: =IF(T72=True, IF(S72>S71,2,IF(S72=S71,1,0)),0) -> 0
A73: MONT 320 | B73: =X31 -> Open Spot - 3 | C73: =if('CT RR Calculations (Private)'!$AC$1="Blank",0,randbetween(1,75)) -> 0 | D73: FALSE | E73: =IF(D73=True, IF(C73>C74,2,IF(C73=C74,1,0)),0) -> 0 | F73: =B75 -> Open Spot - 5 | G73: =if('CT RR Calculations (Private)'!$AC$1="Blank",0,randbetween(1,75)) -> 0 | H73: FALSE | I73: =IF(H73=True, IF(G73>G74,2,IF(G73=G74,1,0)),0) -> 0 | J73: =F72 -> Greenwich HS - Team 4 | K73: =if('CT RR Calculations (Private)'!$AC$1="Blank",0,randbetween(1,75)) -> 0 | L73: FALSE | M73: =IF(L73=True, IF(K73>K74,2,IF(K73=K74,1,0)),0) -> 0 | N73: =J71 -> Open Spot - 1 | O73: =if('CT RR Calculations (Private)'!$AC$1="Blank",0,randbetween(1,75)) -> 0 | P73: FALSE | Q73: =IF(P73=True, IF(O73>O74,2,IF(O73=O74,1,0)),0) -> 0 | R73: =N73 -> Open Spot - 1 | S73: =if('CT RR Calculations (Private)'!$AC$1="Blank",0,randbetween(1,75)) -> 0 | T73: FALSE | U73: =IF(T73=True, IF(S73>S74,2,IF(S73=S74,1,0)),0) -> 0
B74: =X32 -> Open Spot - 4 | C74: =if('CT RR Calculations (Private)'!$AC$1="Blank",0,randbetween(1,75)) -> 0 | D74: TRUE | E74: =IF(D74=True, IF(C74>C73,2,IF(C74=C73,1,0)),0) -> 1 | F74: =B72 -> Open Spot - 2 | G74: =if('CT RR Calculations (Private)'!$AC$1="Blank",0,randbetween(1,75)) -> 0 | H74: FALSE | I74: =IF(H74=True, IF(G74>G73,2,IF(G74=G73,1,0)),0) -> 0 | J74: =F76 -> Open Spot - 4 | K74: =if('CT RR Calculations (Private)'!$AC$1="Blank",0,randbetween(1,75)) -> 0 | L74: FALSE | M74: =IF(L74=True, IF(K74>K73,2,IF(K74=K73,1,0)),0) -> 0 | N74: =J73 -> Greenwich HS - Team 4 | O74: =if('CT RR Calculations (Private)'!$AC$1="Blank",0,randbetween(1,75)) -> 0 | P74: FALSE | Q74: =IF(P74=True, IF(O74>O73,2,IF(O74=O73,1,0)),0) -> 0 | R74: =N76 -> Open Spot - 3 | S74: =if('CT RR Calculations (Private)'!$AC$1="Blank",0,randbetween(1,75)) -> 0 | T74: FALSE | U74: =IF(T74=True, IF(S74>S73,2,IF(S74=S73,1,0)),0) -> 0
A75: MONT 321 | B75: =X47 -> Open Spot - 5 | C75: =if('CT RR Calculations (Private)'!$AC$1="Blank",0,randbetween(1,75)) -> 0 | D75: FALSE | E75: =IF(D75=True, IF(C75>C76,2,IF(C75=C76,1,0)),0) -> 0 | F75: =B71 -> Open Spot - 1 | G75: =if('CT RR Calculations (Private)'!$AC$1="Blank",0,randbetween(1,75)) -> 0 | H75: FALSE | I75: =IF(H75=True, IF(G75>G76,2,IF(G75=G76,1,0)),0) -> 0 | J75: =F71 -> Open Spot - 3 | K75: =if('CT RR Calculations (Private)'!$AC$1="Blank",0,randbetween(1,75)) -> 0 | L75: FALSE | M75: =IF(L75=True, IF(K75>K76,2,IF(K75=K76,1,0)),0) -> 0 | N75: =J72 -> Open Spot - 5 | O75: =if('CT RR Calculations (Private)'!$AC$1="Blank",0,randbetween(1,75)) -> 0 | P75: FALSE | Q75: =IF(P75=True, IF(O75>O76,2,IF(O75=O76,1,0)),0) -> 0 | R75: =N74 -> Greenwich HS - Team 4 | S75: =if('CT RR Calculations (Private)'!$AC$1="Blank",0,randbetween(1,75)) -> 0 | T75: FALSE | U75: =IF(T75=True, IF(S75>S76,2,IF(S75=S76,1,0)),0) -> 0
B76: =X48 -> Greenwich HS - Team 4 | C76: =if('CT RR Calculations (Private)'!$AC$1="Blank",0,randbetween(1,75)) -> 0 | D76: FALSE | E76: =IF(D76=True, IF(C76>C75,2,IF(C76=C75,1,0)),0) -> 0 | F76: =B74 -> Open Spot - 4 | G76: =if('CT RR Calculations (Private)'!$AC$1="Blank",0,randbetween(1,75)) -> 0 | H76: FALSE | I76: =IF(H76=True, IF(G76>G75,2,IF(G76=G75,1,0)),0) -> 0 | J76: =F74 -> Open Spot - 2 | K76: =if('CT RR Calculations (Private)'!$AC$1="Blank",0,randbetween(1,75)) -> 0 | L76: FALSE | M76: =IF(L76=True, IF(K76>K75,2,IF(K76=K75,1,0)),0) -> 0 | N76: =J75 -> Open Spot - 3 | O76: =if('CT RR Calculations (Private)'!$AC$1="Blank",0,randbetween(1,75)) -> 0 | P76: FALSE | Q76: =IF(P76=True, IF(O76>O75,2,IF(O76=O75,1,0)),0) -> 0 | R76: =N71 -> Open Spot - 2 | S76: =if('CT RR Calculations (Private)'!$AC$1="Blank",0,randbetween(1,75)) -> 0 | T76: FALSE | U76: =IF(T76=True, IF(S76>S75,2,IF(S76=S75,1,0)),0) -> 0

Sheet CT RR Calculations (Private)
A1: Formula Copied Scores from Main Sheet | F1: Sorted By Division | K1: Divisional Sort | P1: Top 2 Teams in Division (check head to head) | V1: Top 16 Teams Seeded by Score | AB1: Test Mode | AC1: Blank | AD1: =if('CT RR Calculations (Private)'!$AC$1="Test Scores On",randbetween(1,75),)
A2: ='CT Region ROUND ROBIN Scores (P'!Y7 -> Team (Alphabetical) | B2: ='CT Region ROUND ROBIN Scores (P'!Z7 -> Division | C2: ='CT Region ROUND ROBIN Scores (P'!AA7 -> Total Points | D2: ='CT Region ROUND ROBIN Scores (P'!AB7 -> Total Score | F2: Team | G2: Division | H2: Total Points | I2: Total Score | K2: Team | L2: Division | M2: Total Points | N2: Total Score | P2: Div. Seed | Q2: Team | R2: Division | S2: Total Points | T2: Total Score | V2: Seed | W2: Team | X2: Division | Y2: Total Points | Z2: Total Score
A3: ='CT Region ROUND ROBIN Scores (P'!Y8 -> Amity Regional HS | B3: ='CT Region ROUND ROBIN Scores (P'!Z8 -> Division 3 (Silas Adekunle) | C3: ='CT Region ROUND ROBIN Scores (P'!AA8 -> 8 | D3: ='CT Region ROUND ROBIN Scores (P'!AB8 -> 438 | F3: {=sort(A3:D50,2,true)} -> CT IB Acad - Team 2 | G3: Division 1 (Temple Grandin) | H3: 4 | I3: 226 | K3: {=sort(F3:I8,3,False,4,False)} -> Farmington HS - Team 1 | L3: Division 1 (Temple Grandin) | M3: 10 | N3: 1030 | P3: 1 | Q3: Farmington HS - Team 1 | R3: Division 1 (Temple Grandin) | S3: 8 | T3: 832 | V3: 1 | W3: {=sort(Q3:T18,4,false)} -> Farmington HS - Team 1 | X3: Division 1 (Temple Grandin) | Y3: 8 | Z3: 832 | AB3: Round Robin Signal
A4: ='CT Region ROUND ROBIN Scores (P'!Y9 -> Bacon Academy | B4: ='CT Region ROUND ROBIN Scores (P'!Z9 -> Division 2 (Marian Croak) | C4: ='CT Region ROUND ROBIN Scores (P'!AA9 -> 2 | D4: ='CT Region ROUND ROBIN Scores (P'!AB9 -> 152 | F4: Ethel Walker School | G4: Division 1 (Temple Grandin) | H4: 0 | I4: 70 | K4: Southington HS - Team 1 | L4: Division 1 (Temple Grandin) | M4: 8 | N4: 606 | P4: 2 | Q4: Southington HS - Team 1 | R4: Division 1 (Temple Grandin) | S4: 8 | T4: 544 | V4: 2 | W4: Waterford HS - Team 1 | X4: Division 2 (Marian Croak) | Y4: 10 | Z4: 762 | AB4: Not Ready
A5: ='CT Region ROUND ROBIN Scores (P'!Y10 -> Choate Rosemary Hall | B5: ='CT Region ROUND ROBIN Scores (P'!Z10 -> Division 7 (Irene Uchida) | C5: ='CT Region ROUND ROBIN Scores (P'!AA10 -> 6 | D5: ='CT Region ROUND ROBIN Scores (P'!AB10 -> 294 | F5: Fairfield Ludlowe HS | G5: Division 1 (Temple Grandin) | H5: 2 | I5: 200 | K5: Loomis Chaffee - Team 2 | L5: Division 1 (Temple Grandin) | M5: 6 | N5: 334 | P5: 1 | Q5: Waterford HS - Team 1 | R5: Division 2 (Marian Croak) | S5: 10 | T5: 762 | V5: 3 | W5: EO Smith HS - Team 1 | X5: Division 3 (Silas Adekunle) | Y5: 10 | Z5: 750
A6: ='CT Region ROUND ROBIN Scores (P'!Y11 -> Conard HS - Team 1 | B6: ='CT Region ROUND ROBIN Scores (P'!Z11 -> Division 4 (Ellen Ochoa) | C6: ='CT Region ROUND ROBIN Scores (P'!AA11 -> 6 | D6: ='CT Region ROUND ROBIN Scores (P'!AB11 -> 290 | F6: Farmington HS - Team 1 | G6: Division 1 (Temple Grandin) | H6: 10 | I6: 1030 | K6: CT IB Acad - Team 2 | L6: Division 1 (Temple Grandin) | M6: 4 | N6: 226 | P6: 2 | Q6: South Windsor HS - Team 2 | R6: Division 2 (Marian Croak) | S6: 8 | T6: 346 | V6: 4 | W6: Greenwich HS - Team 1 | X6: Division 4 (Ellen Ochoa) | Y6: 10 | Z6: 650 | AB6: Tiebreaker Game Signal
A7: ='CT Region ROUND ROBIN Scores (P'!Y12 -> Conard HS - Team 2 | B7: ='CT Region ROUND ROBIN Scores (P'!Z12 -> Division 2 (Marian Croak) | C7: ='CT Region ROUND ROBIN Scores (P'!AA12 -> 6 | D7: ='CT Region ROUND ROBIN Scores (P'!AB12 -> 220 | F7: Loomis Chaffee - Team 2 | G7: Division 1 (Temple Grandin) | H7: 6 | I7: 334 | K7: Fairfield Ludlowe HS | L7: Division 1 (Temple Grandin) | M7: 2 | N7: 200 | P7: 1 | Q7: EO Smith HS - Team 1 | R7: Division 3 (Silas Adekunle) | S7: 10 | T7: 750 | V7: 5 | W7: Southington HS - Team 1 | X7: Division 1 (Temple Grandin) | Y7: 8 | Z7: 544 | AB7: Ready
A8: ='CT Region ROUND ROBIN Scores (P'!Y13 -> CT IB Acad - Team 1 | B8: ='CT Region ROUND ROBIN Scores (P'!Z13 -> Division 3 (Silas Adekunle) | C8: ='CT Region ROUND ROBIN Scores (P'!AA13 -> 0 | D8: ='CT Region ROUND ROBIN Scores (P'!AB13 -> 72 | F8: Southington HS - Team 1 | G8: Division 1 (Temple Grandin) | H8: 8 | I8: 606 | K8: Ethel Walker School | L8: Division 1 (Temple Grandin) | M8: 0 | N8: 70 | P8: 2 | Q8: Amity Regional HS | R8: Division 3 (Silas Adekunle) | S8: 8 | T8: 438 | V8: 6 | W8: Farmington HS - Team 2 | X8: Division 6 (Guillermo Camarena) | Y8: 8 | Z8: 508
A9: ='CT Region ROUND ROBIN Scores (P'!Y14 -> CT IB Acad - Team 2 | B9: ='CT Region ROUND ROBIN Scores (P'!Z14 -> Division 1 (Temple Grandin) | C9: ='CT Region ROUND ROBIN Scores (P'!AA14 -> 4 | D9: ='CT Region ROUND ROBIN Scores (P'!AB14 -> 226 | F9: Bacon Academy | G9: Division 2 (Marian Croak) | H9: 2 | I9: 152 | K9: {=sort(F9:I14,3,False,4,False)} -> Waterford HS - Team 1 | L9: Division 2 (Marian Croak) | M9: 10 | N9: 762 | P9: 1 | Q9: Greenwich HS - Team 1 | R9: Division 4 (Ellen Ochoa) | S9: 10 | T9: 650 | V9: 7 | W9: Loomis Chaffee - Team 1 | X9: Division 5 (Ursula Burns) | Y9: 8 | Z9: 468 | AB9: Championship Game Signal
A10: ='CT Region ROUND ROBIN Scores (P'!Y15 -> CT IB Acad - Team 3 | B10: ='CT Region ROUND ROBIN Scores (P'!Z15 -> Division 4 (Ellen Ochoa) | C10: ='CT Region ROUND ROBIN Scores (P'!AA15 -> 0 | D10: ='CT Region ROUND ROBIN Scores (P'!AB15 -> 146 | F10: Conard HS - Team 2 | G10: Division 2 (Marian Croak) | H10: 6 | I10: 220 | K10: South Windsor HS - Team 2 | L10: Division 2 (Marian Croak) | M10: 8 | N10: 346 | P10: 2 | Q10: Fairfield Warde HS - Team 1 | R10: Division 4 (Ellen Ochoa) | S10: 8 | T10: 370 | V10: 8 | W10: Rocky Hill HS - Team 1 | X10: Division 6 (Guillermo Camarena) | Y10: 6 | Z10: 458 | AB10: Ready
A11: ='CT Region ROUND ROBIN Scores (P'!Y16 -> East Lyme HS - Team 1 | B11: ='CT Region ROUND ROBIN Scores (P'!Z16 -> Division 5 (Ursula Burns) | C11: ='CT Region ROUND ROBIN Scores (P'!AA16 -> 4 | D11: ='CT Region ROUND ROBIN Scores (P'!AB16 -> 422 | F11: Greenwich HS - Team 3 | G11: Division 2 (Marian Croak) | H11: 0 | I11: 170 | K11: Conard HS - Team 2 | L11: Division 2 (Marian Croak) | M11: 6 | N11: 220 | P11: 1 | Q11: Univ HS Sci & Eng | R11: Division 5 (Ursula Burns) | S11: 10 | T11: 372 | V11: 9 | W11: Amity Regional HS | X11: Division 3 (Silas Adekunle) | Y11: 8 | Z11: 438
A12: ='CT Region ROUND ROBIN Scores (P'!Y17 -> East Lyme HS - Team 2 | B12: ='CT Region ROUND ROBIN Scores (P'!Z17 -> Division 3 (Silas Adekunle) | C12: ='CT Region ROUND ROBIN Scores (P'!AA17 -> 4 | D12: ='CT Region ROUND ROBIN Scores (P'!AB17 -> 294 | F12: South Windsor HS - Team 2 | G12: Division 2 (Marian Croak) | H12: 8 | I12: 346 | K12: Southington HS - Team 2 | L12: Division 2 (Marian Croak) | M12: 4 | N12: 162 | P12: 2 | Q12: Loomis Chaffee - Team 1 | R12: Division 5 (Ursula Burns) | S12: 8 | T12: 468 | V12: 10 | W12: Greenwich HS - Team 2 | X12: Division 7 (Irene Uchida) | Y12: 10 | Z12: 420 | AB12: House Tournament Game Signal
A13: ='CT Region ROUND ROBIN Scores (P'!Y18 -> Enfield HS - Team 1 | B13: ='CT Region ROUND ROBIN Scores (P'!Z18 -> Division 3 (Silas Adekunle) | C13: ='CT Region ROUND ROBIN Scores (P'!AA18 -> 2 | D13: ='CT Region ROUND ROBIN Scores (P'!AB18 -> 142 | F13: Southington HS - Team 2 | G13: Division 2 (Marian Croak) | H13: 4 | I13: 162 | K13: Bacon Academy | L13: Division 2 (Marian Croak) | M13: 2 | N13: 152 | P13: 1 | Q13: Farmington HS - Team 2 | R13: Division 6 (Guillermo Camarena) | S13: 8 | T13: 508 | V13: 11 | W13: New Canaan HS - Team 1 | X13: Division 6 (Guillermo Camarena) | Y13: 8 | Z13: 406 | AB13: Not Ready
A14: ='CT Region ROUND ROBIN Scores (P'!Y19 -> Enfield HS - Team 2 | B14: ='CT Region ROUND ROBIN Scores (P'!Z19 -> Division 6 (Guillermo Camarena) | C14: ='CT Region ROUND ROBIN Scores (P'!AA19 -> 2 | D14: ='CT Region ROUND ROBIN Scores (P'!AB19 -> 158 | F14: Waterford HS - Team 1 | G14: Division 2 (Marian Croak) | H14: 10 | I14: 762 | K14: Greenwich HS - Team 3 | L14: Division 2 (Marian Croak) | M14: 0 | N14: 170 | P14: 2 | Q14: New Canaan HS - Team 1 | R14: Division 6 (Guillermo Camarena) | S14: 8 | T14: 406 | V14: 12 | W14: Univ HS Sci & Eng | X14: Division 5 (Ursula Burns) | Y14: 10 | Z14: 372
A15: ='CT Region ROUND ROBIN Scores (P'!Y20 -> Enfield HS - Team 3 | B15: ='CT Region ROUND ROBIN Scores (P'!Z20 -> Division 7 (Irene Uchida) | C15: ='CT Region ROUND ROBIN Scores (P'!AA20 -> 2 | D15: ='CT Region ROUND ROBIN Scores (P'!AB20 -> 156 | F15: Amity Regional HS | G15: Division 3 (Silas Adekunle) | H15: 8 | I15: 438 | K15: {=sort(F15:I20,3,False,4,False)} -> EO Smith HS - Team 1 | L15: Division 3 (Silas Adekunle) | M15: 10 | N15: 750 | P15: 1 | Q15: Greenwich HS - Team 2 | R15: Division 7 (Irene Uchida) | S15: 10 | T15: 420 | V15: 13 | W15: Fairfield Warde HS - Team 1 | X15: Division 4 (Ellen Ochoa) | Y15: 8 | Z15: 370
A16: ='CT Region ROUND ROBIN Scores (P'!Y21 -> EO Smith HS - Team 1 | B16: ='CT Region ROUND ROBIN Scores (P'!Z21 -> Division 3 (Silas Adekunle) | C16: ='CT Region ROUND ROBIN Scores (P'!AA21 -> 10 | D16: ='CT Region ROUND ROBIN Scores (P'!AB21 -> 750 | F16: CT IB Acad - Team 1 | G16: Division 3 (Silas Adekunle) | H16: 0 | I16: 72 | K16: Amity Regional HS | L16: Division 3 (Silas Adekunle) | M16: 8 | N16: 438 | P16: 2 | Q16: New Canaan HS - Team 3 | R16: Division 7 (Irene Uchida) | S16: 6 | T16: 264 | V16: 14 | W16: South Windsor HS - Team 2 | X16: Division 2 (Marian Croak) | Y16: 8 | Z16: 346
A17: ='CT Region ROUND ROBIN Scores (P'!Y22 -> EO Smith HS - Team 2 | B17: ='CT Region ROUND ROBIN Scores (P'!Z22 -> Division 5 (Ursula Burns) | C17: ='CT Region ROUND ROBIN Scores (P'!AA22 -> 6 | D17: ='CT Region ROUND ROBIN Scores (P'!AB22 -> 298 | F17: East Lyme HS - Team 2 | G17: Division 3 (Silas Adekunle) | H17: 4 | I17: 294 | K17: Rocky Hill HS - Team 2 | L17: Division 3 (Silas Adekunle) | M17: 6 | N17: 328 | P17: 1 | Q17: Rocky Hill HS - Team 1 | R17: Division 6 (Guillermo Camarena) | S17: 6 | T17: 458 | V17: 15 | W17: EO Smith HS - Team 2 | X17: Division 5 (Ursula Burns) | Y17: 6 | Z17: 298
A18: ='CT Region ROUND ROBIN Scores (P'!Y23 -> Ethel Walker School | B18: ='CT Region ROUND ROBIN Scores (P'!Z23 -> Division 1 (Temple Grandin) | C18: ='CT Region ROUND ROBIN Scores (P'!AA23 -> 0 | D18: ='CT Region ROUND ROBIN Scores (P'!AB23 -> 70 | F18: Enfield HS - Team 1 | G18: Division 3 (Silas Adekunle) | H18: 2 | I18: 142 | K18: East Lyme HS - Team 2 | L18: Division 3 (Silas Adekunle) | M18: 4 | N18: 294 | P18: 2 | Q18: EO Smith HS - Team 2 | R18: Division 5 (Ursula Burns) | S18: 6 | T18: 298 | V18: 16 | W18: New Canaan HS - Team 3 | X18: Division 7 (Irene Uchida) | Y18: 6 | Z18: 264
A19: ='CT Region ROUND ROBIN Scores (P'!Y24 -> Fairfield Ludlowe HS | B19: ='CT Region ROUND ROBIN Scores (P'!Z24 -> Division 1 (Temple Grandin) | C19: ='CT Region ROUND ROBIN Scores (P'!AA24 -> 2 | D19: ='CT Region ROUND ROBIN Scores (P'!AB24 -> 200 | F19: EO Smith HS - Team 1 | G19: Division 3 (Silas Adekunle) | H19: 10 | I19: 750 | K19: Enfield HS - Team 1 | L19: Division 3 (Silas Adekunle) | M19: 2 | N19: 142 | V19: Tiebreaker rounds needed if more than two teams below
A20: ='CT Region ROUND ROBIN Scores (P'!Y25 -> Fairfield Warde HS - Team 1 | B20: ='CT Region ROUND ROBIN Scores (P'!Z25 -> Division 4 (Ellen Ochoa) | C20: ='CT Region ROUND ROBIN Scores (P'!AA25 -> 8 | D20: ='CT Region ROUND ROBIN Scores (P'!AB25 -> 370 | F20: Rocky Hill HS - Team 2 | G20: Division 3 (Silas Adekunle) | H20: 6 | I20: 328 | K20: CT IB Acad - Team 1 | L20: Division 3 (Silas Adekunle) | M20: 0 | N20: 72 | V20: Tiebreaker teams (manually input after checking head to head scores if needed)
A21: ='CT Region ROUND ROBIN Scores (P'!Y26 -> Fairfield Warde HS - Team 2 | B21: ='CT Region ROUND ROBIN Scores (P'!Z26 -> Division 6 (Guillermo Camarena) | C21: ='CT Region ROUND ROBIN Scores (P'!AA26 -> 0 | D21: ='CT Region ROUND ROBIN Scores (P'!AB26 -> 146 | F21: Conard HS - Team 1 | G21: Division 4 (Ellen Ochoa) | H21: 6 | I21: 290 | K21: {=sort(F21:I26,3,False,4,False)} -> Greenwich HS - Team 1 | L21: Division 4 (Ellen Ochoa) | M21: 10 | N21: 650 | P21: Remaining teams sorted by division (check head to head changes) | W21: Loomis Chaffee - Team 2 | X21: Division 1 (Temple Grandin) | Y21: 6 | Z21: 334
A22: ='CT Region ROUND ROBIN Scores (P'!Y27 -> Farmington HS - Team 1 | B22: ='CT Region ROUND ROBIN Scores (P'!Z27 -> Division 1 (Temple Grandin) | C22: ='CT Region ROUND ROBIN Scores (P'!AA27 -> 10 | D22: ='CT Region ROUND ROBIN Scores (P'!AB27 -> 1030 | F22: CT IB Acad - Team 3 | G22: Division 4 (Ellen Ochoa) | H22: 0 | I22: 146 | K22: Fairfield Warde HS - Team 1 | L22: Division 4 (Ellen Ochoa) | M22: 8 | N22: 370 | Q22: {=sort(K5:N8,3,false)} -> Loomis Chaffee - Team 2 | R22: Division 1 (Temple Grandin) | S22: 6 | T22: 334 | W22: Conard HS - Team 2 | X22: Division 2 (Marian Croak) | Y22: 6 | Z22: 220
A23: ='CT Region ROUND ROBIN Scores (P'!Y28 -> Farmington HS - Team 2 | B23: ='CT Region ROUND ROBIN Scores (P'!Z28 -> Division 6 (Guillermo Camarena) | C23: ='CT Region ROUND ROBIN Scores (P'!AA28 -> 8 | D23: ='CT Region ROUND ROBIN Scores (P'!AB28 -> 508 | F23: Fairfield Warde HS - Team 1 | G23: Division 4 (Ellen Ochoa) | H23: 8 | I23: 370 | K23: Conard HS - Team 1 | L23: Division 4 (Ellen Ochoa) | M23: 6 | N23: 290 | Q23: CT IB Acad - Team 2 | R23: Division 1 (Temple Grandin) | S23: 4 | T23: 226 | W23: Conard HS - Team 1 | X23: Division 4 (Ellen Ochoa) | Y23: 6 | Z23: 290
A24: ='CT Region ROUND ROBIN Scores (P'!Y29 -> Greenwich HS - Team 1 | B24: ='CT Region ROUND ROBIN Scores (P'!Z29 -> Division 4 (Ellen Ochoa) | C24: ='CT Region ROUND ROBIN Scores (P'!AA29 -> 10 | D24: ='CT Region ROUND ROBIN Scores (P'!AB29 -> 650 | F24: Greenwich HS - Team 1 | G24: Division 4 (Ellen Ochoa) | H24: 10 | I24: 650 | K24: Joel Barlow HS | L24: Division 4 (Ellen Ochoa) | M24: 4 | N24: 248 | Q24: Fairfield Ludlowe HS | R24: Division 1 (Temple Grandin) | S24: 2 | T24: 200 | W24: EO Smith HS - Team 2 | X24: Division 5 (Ursula Burns) | Y24: 6 | Z24: 298
A25: ='CT Region ROUND ROBIN Scores (P'!Y30 -> Greenwich HS - Team 2 | B25: ='CT Region ROUND ROBIN Scores (P'!Z30 -> Division 7 (Irene Uchida) | C25: ='CT Region ROUND ROBIN Scores (P'!AA30 -> 10 | D25: ='CT Region ROUND ROBIN Scores (P'!AB30 -> 420 | F25: Joel Barlow HS | G25: Division 4 (Ellen Ochoa) | H25: 4 | I25: 248 | K25: New Canaan HS - Team 2 | L25: Division 4 (Ellen Ochoa) | M25: 2 | N25: 212 | Q25: Ethel Walker School | R25: Division 1 (Temple Grandin) | S25: 0 | T25: 70 | W25: Rocky Hill HS - Team 1 | X25: Division 6 (Guillermo Camarena) | Y25: 6 | Z25: 458
A26: ='CT Region ROUND ROBIN Scores (P'!Y31 -> Greenwich HS - Team 3 | B26: ='CT Region ROUND ROBIN Scores (P'!Z31 -> Division 2 (Marian Croak) | C26: ='CT Region ROUND ROBIN Scores (P'!AA31 -> 0 | D26: ='CT Region ROUND ROBIN Scores (P'!AB31 -> 170 | F26: New Canaan HS - Team 2 | G26: Division 4 (Ellen Ochoa) | H26: 2 | I26: 212 | K26: CT IB Acad - Team 3 | L26: Division 4 (Ellen Ochoa) | M26: 0 | N26: 146 | Q26: {=sort(K11:N14,3,false)} -> Conard HS - Team 2 | R26: Division 2 (Marian Croak) | S26: 6 | T26: 220 | W26: Newtown HS | X26: Division 6 (Guillermo Camarena) | Y26: 6 | Z26: 306
A27: ='CT Region ROUND ROBIN Scores (P'!Y32 -> Greenwich HS - Team 4 | B27: ='CT Region ROUND ROBIN Scores (P'!Z32 -> Division 8 (Bernardo Houssay) - Canceled Division - Sorry! | C27: ='CT Region ROUND ROBIN Scores (P'!AA32 -> 0 | D27: ='CT Region ROUND ROBIN Scores (P'!AB32 -> 0 | F27: East Lyme HS - Team 1 | G27: Division 5 (Ursula Burns) | H27: 4 | I27: 422 | K27: {=sort(F27:I32,3,False,4,False)} -> Univ HS Sci & Eng | L27: Division 5 (Ursula Burns) | M27: 10 | N27: 372 | Q27: Southington HS - Team 2 | R27: Division 2 (Marian Croak) | S27: 4 | T27: 162 | W27: Choate Rosemary Hall | X27: Division 7 (Irene Uchida) | Y27: 6 | Z27: 294
A28: ='CT Region ROUND ROBIN Scores (P'!Y33 -> Joel Barlow HS | B28: ='CT Region ROUND ROBIN Scores (P'!Z33 -> Division 4 (Ellen Ochoa) | C28: ='CT Region ROUND ROBIN Scores (P'!AA33 -> 4 | D28: ='CT Region ROUND ROBIN Scores (P'!AB33 -> 248 | F28: EO Smith HS - Team 2 | G28: Division 5 (Ursula Burns) | H28: 6 | I28: 298 | K28: Loomis Chaffee - Team 1 | L28: Division 5 (Ursula Burns) | M28: 8 | N28: 468 | Q28: Bacon Academy | R28: Division 2 (Marian Croak) | S28: 2 | T28: 152 | W28: Rocky Hill HS - Team 2 | X28: Division 3 (Silas Adekunle) | Y28: 6 | Z28: 328
A29: ='CT Region ROUND ROBIN Scores (P'!Y34 -> Loomis Chaffee - Team 1 | B29: ='CT Region ROUND ROBIN Scores (P'!Z34 -> Division 5 (Ursula Burns) | C29: ='CT Region ROUND ROBIN Scores (P'!AA34 -> 8 | D29: ='CT Region ROUND ROBIN Scores (P'!AB34 -> 468 | F29: Loomis Chaffee - Team 1 | G29: Division 5 (Ursula Burns) | H29: 8 | I29: 468 | K29: EO Smith HS - Team 2 | L29: Division 5 (Ursula Burns) | M29: 6 | N29: 298 | Q29: Greenwich HS - Team 3 | R29: Division 2 (Marian Croak) | S29: 0 | T29: 170 | W29: New Canaan HS - Team 3 | X29: Division 7 (Irene Uchida) | Y29: 6
A30: ='CT Region ROUND ROBIN Scores (P'!Y35 -> Loomis Chaffee - Team 2 | B30: ='CT Region ROUND ROBIN Scores (P'!Z35 -> Division 1 (Temple Grandin) | C30: ='CT Region ROUND ROBIN Scores (P'!AA35 -> 6 | D30: ='CT Region ROUND ROBIN Scores (P'!AB35 -> 334 | F30: Trumbull HS - Team 1 | G30: Division 5 (Ursula Burns) | H30: 0 | I30: 114 | K30: East Lyme HS - Team 1 | L30: Division 5 (Ursula Burns) | M30: 4 | N30: 422 | Q30: {=sort(K17:N20,3,false)} -> Rocky Hill HS - Team 2 | R30: Division 3 (Silas Adekunle) | S30: 6 | T30: 328
A31: ='CT Region ROUND ROBIN Scores (P'!Y36 -> New Canaan HS - Team 1 | B31: ='CT Region ROUND ROBIN Scores (P'!Z36 -> Division 6 (Guillermo Camarena) | C31: ='CT Region ROUND ROBIN Scores (P'!AA36 -> 8 | D31: ='CT Region ROUND ROBIN Scores (P'!AB36 -> 406 | F31: Univ HS Sci & Eng | G31: Division 5 (Ursula Burns) | H31: 10 | I31: 372 | K31: Waterford HS - Team 2 | L31: Division 5 (Ursula Burns) | M31: 2 | N31: 168 | Q31: East Lyme HS - Team 2 | R31: Division 3 (Silas Adekunle) | S31: 4 | T31: 294
A32: ='CT Region ROUND ROBIN Scores (P'!Y37 -> New Canaan HS - Team 2 | B32: ='CT Region ROUND ROBIN Scores (P'!Z37 -> Division 4 (Ellen Ochoa) | C32: ='CT Region ROUND ROBIN Scores (P'!AA37 -> 2 | D32: ='CT Region ROUND ROBIN Scores (P'!AB37 -> 212 | F32: Waterford HS - Team 2 | G32: Division 5 (Ursula Burns) | H32: 2 | I32: 168 | K32: Trumbull HS - Team 1 | L32: Division 5 (Ursula Burns) | M32: 0 | N32: 114 | Q32: Enfield HS - Team 1 | R32: Division 3 (Silas Adekunle) | S32: 2 | T32: 142
A33: ='CT Region ROUND ROBIN Scores (P'!Y38 -> New Canaan HS - Team 3 | B33: ='CT Region ROUND ROBIN Scores (P'!Z38 -> Division 7 (Irene Uchida) | C33: ='CT Region ROUND ROBIN Scores (P'!AA38 -> 6 | D33: ='CT Region ROUND ROBIN Scores (P'!AB38 -> 264 | F33: Enfield HS - Team 2 | G33: Division 6 (Guillermo Camarena) | H33: 2 | I33: 158 | K33: {=sort(F33:I38,3,False,4,False)} -> Farmington HS - Team 2 | L33: Division 6 (Guillermo Camarena) | M33: 8 | N33: 508 | Q33: CT IB Acad - Team 1 | R33: Division 3 (Silas Adekunle) | S33: 0 | T33: 72
A34: ='CT Region ROUND ROBIN Scores (P'!Y39 -> Newtown HS | B34: ='CT Region ROUND ROBIN Scores (P'!Z39 -> Division 6 (Guillermo Camarena) | C34: ='CT Region ROUND ROBIN Scores (P'!AA39 -> 6 | D34: ='CT Region ROUND ROBIN Scores (P'!AB39 -> 306 | F34: Fairfield Warde HS - Team 2 | G34: Division 6 (Guillermo Camarena) | H34: 0 | I34: 146 | K34: New Canaan HS - Team 1 | L34: Division 6 (Guillermo Camarena) | M34: 8 | N34: 406 | Q34: {=sort(K23:N26,3,false)} -> Conard HS - Team 1 | R34: Division 4 (Ellen Ochoa) | S34: 6 | T34: 290
A35: ='CT Region ROUND ROBIN Scores (P'!Y40 -> Open Spot - 1 | B35: ='CT Region ROUND ROBIN Scores (P'!Z40 -> Division 8 (Bernardo Houssay) - Canceled Division - Sorry! | C35: ='CT Region ROUND ROBIN Scores (P'!AA40 -> 0 | D35: ='CT Region ROUND ROBIN Scores (P'!AB40 -> 0 | F35: Farmington HS - Team 2 | G35: Division 6 (Guillermo Camarena) | H35: 8 | I35: 508 | K35: Rocky Hill HS - Team 1 | L35: Division 6 (Guillermo Camarena) | M35: 6 | N35: 458 | Q35: Joel Barlow HS | R35: Division 4 (Ellen Ochoa) | S35: 4 | T35: 248
A36: ='CT Region ROUND ROBIN Scores (P'!Y41 -> Open Spot - 2 | B36: ='CT Region ROUND ROBIN Scores (P'!Z41 -> Division 8 (Bernardo Houssay) - Canceled Division - Sorry! | C36: ='CT Region ROUND ROBIN Scores (P'!AA41 -> 0 | D36: ='CT Region ROUND ROBIN Scores (P'!AB41 -> 0 | F36: New Canaan HS - Team 1 | G36: Division 6 (Guillermo Camarena) | H36: 8 | I36: 406 | K36: Newtown HS | L36: Division 6 (Guillermo Camarena) | M36: 6 | N36: 306 | Q36: New Canaan HS - Team 2 | R36: Division 4 (Ellen Ochoa) | S36: 2 | T36: 212
A37: ='CT Region ROUND ROBIN Scores (P'!Y42 -> Open Spot - 3 | B37: ='CT Region ROUND ROBIN Scores (P'!Z42 -> Division 8 (Bernardo Houssay) - Canceled Division - Sorry! | C37: ='CT Region ROUND ROBIN Scores (P'!AA42 -> 0 | D37: ='CT Region ROUND ROBIN Scores (P'!AB42 -> 0 | F37: Newtown HS | G37: Division 6 (Guillermo Camarena) | H37: 6 | I37: 306 | K37: Enfield HS - Team 2 | L37: Division 6 (Guillermo Camarena) | M37: 2 | N37: 158 | Q37: CT IB Acad - Team 3 | R37: Division 4 (Ellen Ochoa) | S37: 0 | T37: 146
A38: ='CT Region ROUND ROBIN Scores (P'!Y43 -> Open Spot - 4 | B38: ='CT Region ROUND ROBIN Scores (P'!Z43 -> Division 8 (Bernardo Houssay) - Canceled Division - Sorry! | C38: ='CT Region ROUND ROBIN Scores (P'!AA43 -> 1 | D38: ='CT Region ROUND ROBIN Scores (P'!AB43 -> 0 | F38: Rocky Hill HS - Team 1 | G38: Division 6 (Guillermo Camarena) | H38: 6 | I38: 458 | K38: Fairfield Warde HS - Team 2 | L38: Division 6 (Guillermo Camarena) | M38: 0 | N38: 146 | Q38: {=sort(K29:N32,3,false)} -> EO Smith HS - Team 2 | R38: Division 5 (Ursula Burns) | S38: 6 | T38: 298
A39: ='CT Region ROUND ROBIN Scores (P'!Y44 -> Open Spot - 5 | B39: ='CT Region ROUND ROBIN Scores (P'!Z44 -> Division 8 (Bernardo Houssay) - Canceled Division - Sorry! | C39: ='CT Region ROUND ROBIN Scores (P'!AA44 -> 0 | D39: ='CT Region ROUND ROBIN Scores (P'!AB44 -> 0 | F39: Choate Rosemary Hall | G39: Division 7 (Irene Uchida) | H39: 6 | I39: 294 | K39: {=sort(F39:I44,3,False,4,False)} -> Greenwich HS - Team 2 | L39: Division 7 (Irene Uchida) | M39: 10 | N39: 420 | Q39: East Lyme HS - Team 1 | R39: Division 5 (Ursula Burns) | S39: 4 | T39: 422
A40: ='CT Region ROUND ROBIN Scores (P'!Y45 -> Rocky Hill HS - Team 1 | B40: ='CT Region ROUND ROBIN Scores (P'!Z45 -> Division 6 (Guillermo Camarena) | C40: ='CT Region ROUND ROBIN Scores (P'!AA45 -> 6 | D40: ='CT Region ROUND ROBIN Scores (P'!AB45 -> 458 | F40: Enfield HS - Team 3 | G40: Division 7 (Irene Uchida) | H40: 2 | I40: 156 | K40: Choate Rosemary Hall | L40: Division 7 (Irene Uchida) | M40: 6 | N40: 294 | Q40: Waterford HS - Team 2 | R40: Division 5 (Ursula Burns) | S40: 2 | T40: 168
A41: ='CT Region ROUND ROBIN Scores (P'!Y46 -> Rocky Hill HS - Team 2 | B41: ='CT Region ROUND ROBIN Scores (P'!Z46 -> Division 3 (Silas Adekunle) | C41: ='CT Region ROUND ROBIN Scores (P'!AA46 -> 6 | D41: ='CT Region ROUND ROBIN Scores (P'!AB46 -> 328 | F41: Greenwich HS - Team 2 | G41: Division 7 (Irene Uchida) | H41: 10 | I41: 420 | K41: New Canaan HS - Team 3 | L41: Division 7 (Irene Uchida) | M41: 6 | N41: 264 | Q41: Trumbull HS - Team 1 | R41: Division 5 (Ursula Burns) | S41: 0 | T41: 114
A42: ='CT Region ROUND ROBIN Scores (P'!Y47 -> South Windsor HS - Team 1 | B42: ='CT Region ROUND ROBIN Scores (P'!Z47 -> Division 7 (Irene Uchida) | C42: ='CT Region ROUND ROBIN Scores (P'!AA47 -> 2 | D42: ='CT Region ROUND ROBIN Scores (P'!AB47 -> 214 | F42: New Canaan HS - Team 3 | G42: Division 7 (Irene Uchida) | H42: 6 | I42: 264 | K42: Trumbull HS - Team 2 | L42: Division 7 (Irene Uchida) | M42: 4 | N42: 238 | Q42: {=sort(K35:N38,3,false)} -> Rocky Hill HS - Team 1 | R42: Division 6 (Guillermo Camarena) | S42: 6 | T42: 458
A43: ='CT Region ROUND ROBIN Scores (P'!Y48 -> South Windsor HS - Team 2 | B43: ='CT Region ROUND ROBIN Scores (P'!Z48 -> Division 2 (Marian Croak) | C43: ='CT Region ROUND ROBIN Scores (P'!AA48 -> 8 | D43: ='CT Region ROUND ROBIN Scores (P'!AB48 -> 346 | F43: South Windsor HS - Team 1 | G43: Division 7 (Irene Uchida) | H43: 2 | I43: 214 | K43: South Windsor HS - Team 1 | L43: Division 7 (Irene Uchida) | M43: 2 | N43: 214 | Q43: Newtown HS | R43: Division 6 (Guillermo Camarena) | S43: 6 | T43: 306
A44: ='CT Region ROUND ROBIN Scores (P'!Y49 -> Southington HS - Team 1 | B44: ='CT Region ROUND ROBIN Scores (P'!Z49 -> Division 1 (Temple Grandin) | C44: ='CT Region ROUND ROBIN Scores (P'!AA49 -> 8 | D44: ='CT Region ROUND ROBIN Scores (P'!AB49 -> 606 | F44: Trumbull HS - Team 2 | G44: Division 7 (Irene Uchida) | H44: 4 | I44: 238 | K44: Enfield HS - Team 3 | L44: Division 7 (Irene Uchida) | M44: 2 | N44: 156 | Q44: Enfield HS - Team 2 | R44: Division 6 (Guillermo Camarena) | S44: 2 | T44: 158
A45: ='CT Region ROUND ROBIN Scores (P'!Y50 -> Southington HS - Team 2 | B45: ='CT Region ROUND ROBIN Scores (P'!Z50 -> Division 2 (Marian Croak) | C45: ='CT Region ROUND ROBIN Scores (P'!AA50 -> 4 | D45: ='CT Region ROUND ROBIN Scores (P'!AB50 -> 162 | F45: Greenwich HS - Team 4 | G45: Division 8 (Bernardo Houssay) - Canceled Division - Sorry! | H45: 0 | I45: 0 | Q45: Fairfield Warde HS - Team 2 | R45: Division 6 (Guillermo Camarena) | S45: 0 | T45: 146
A46: ='CT Region ROUND ROBIN Scores (P'!Y51 -> Trumbull HS - Team 1 | B46: ='CT Region ROUND ROBIN Scores (P'!Z51 -> Division 5 (Ursula Burns) | C46: ='CT Region ROUND ROBIN Scores (P'!AA51 -> 0 | D46: ='CT Region ROUND ROBIN Scores (P'!AB51 -> 114 | F46: Open Spot - 1 | G46: Division 8 (Bernardo Houssay) - Canceled Division - Sorry! | H46: 0 | I46: 0 | Q46: {=sort(K41:N44,3,false)} -> New Canaan HS - Team 3 | R46: Division 7 (Irene Uchida) | S46: 6 | T46: 264
A47: ='CT Region ROUND ROBIN Scores (P'!Y52 -> Trumbull HS - Team 2 | B47: ='CT Region ROUND ROBIN Scores (P'!Z52 -> Division 7 (Irene Uchida) | C47: ='CT Region ROUND ROBIN Scores (P'!AA52 -> 4 | D47: ='CT Region ROUND ROBIN Scores (P'!AB52 -> 238 | F47: Open Spot - 2 | G47: Division 8 (Bernardo Houssay) - Canceled Division - Sorry! | H47: 0 | I47: 0 | Q47: Trumbull HS - Team 2 | R47: Division 7 (Irene Uchida) | S47: 4 | T47: 238
A48: ='CT Region ROUND ROBIN Scores (P'!Y53 -> Univ HS Sci & Eng | B48: ='CT Region ROUND ROBIN Scores (P'!Z53 -> Division 5 (Ursula Burns) | C48: ='CT Region ROUND ROBIN Scores (P'!AA53 -> 10 | D48: ='CT Region ROUND ROBIN Scores (P'!AB53 -> 372 | F48: Open Spot - 3 | G48: Division 8 (Bernardo Houssay) - Canceled Division - Sorry! | H48: 0 | I48: 0 | Q48: South Windsor HS - Team 1 | R48: Division 7 (Irene Uchida) | S48: 2 | T48: 214
A49: ='CT Region ROUND ROBIN Scores (P'!Y54 -> Waterford HS - Team 1 | B49: ='CT Region ROUND ROBIN Scores (P'!Z54 -> Division 2 (Marian Croak) | C49: ='CT Region ROUND ROBIN Scores (P'!AA54 -> 10 | D49: ='CT Region ROUND ROBIN Scores (P'!AB54 -> 762 | F49: Open Spot - 4 | G49: Division 8 (Bernardo Houssay) - Canceled Division - Sorry! | H49: 1 | I49: 0 | Q49: Enfield HS - Team 3 | R49: Division 7 (Irene Uchida) | S49: 2 | T49: 156
A50: ='CT Region ROUND ROBIN Scores (P'!Y55 -> Waterford HS - Team 2 | B50: ='CT Region ROUND ROBIN Scores (P'!Z55 -> Division 5 (Ursula Burns) | C50: ='CT Region ROUND ROBIN Scores (P'!AA55 -> 2 | D50: ='CT Region ROUND ROBIN Scores (P'!AB55 -> 168 | F50: Open Spot - 5 | G50: Division 8 (Bernardo Houssay) - Canceled Division - Sorry! | H50: 0 | I50: 0 | Q50: Choate Rosemary Hall | R50: Division 7 (Irene Uchida) | S50: 6 | T50: 294
A51: ='CT Region ROUND ROBIN Scores (P'!Y56 | B51: ='CT Region ROUND ROBIN Scores (P'!Z56 | C51: ='CT Region ROUND ROBIN Scores (P'!AA56 | D51: ='CT Region ROUND ROBIN Scores (P'!AB56
P56: [Below] Designate Column V for House Tournament (HTC for competitive or HTF for friendly) | V56: House Tournament
P57: Remaining teams sorted by points then score (tie breaker questions in separate rooms)
P58: {=sort(P22:T49,4,false,5,false)} | Q58: Rocky Hill HS - Team 1 | R58: Division 6 (Guillermo Camarena) | S58: 6 | T58: 458
Q59: Loomis Chaffee - Team 2 | R59: Division 1 (Temple Grandin) | S59: 6 | T59: 334
Q60: Rocky Hill HS - Team 2 | R60: Division 3 (Silas Adekunle) | S60: 6 | T60: 328
Q61: Newtown HS | R61: Division 6 (Guillermo Camarena) | S61: 6 | T61: 306
Q62: EO Smith HS - Team 2 | R62: Division 5 (Ursula Burns) | S62: 6 | T62: 298
Q63: Conard HS - Team 1 | R63: Division 4 (Ellen Ochoa) | S63: 6 | T63: 290
Q64: New Canaan HS - Team 3 | R64: Division 7 (Irene Uchida) | S64: 6 | T64: 264
Q65: Conard HS - Team 2 | R65: Division 2 (Marian Croak) | S65: 6 | T65: 220
Q66: East Lyme HS - Team 1 | R66: Division 5 (Ursula Burns) | S66: 4 | T66: 422
Q67: East Lyme HS - Team 2 | R67: Division 3 (Silas Adekunle) | S67: 4 | T67: 294
Q68: Joel Barlow HS | R68: Division 4 (Ellen Ochoa) | S68: 4 | T68: 248
Q69: Trumbull HS - Team 2 | R69: Division 7 (Irene Uchida) | S69: 4 | T69: 238
Q70: CT IB Acad - Team 2 | R70: Division 1 (Temple Grandin) | S70: 4 | T70: 226
... Q85: Ethel Walker School | R85: Division 1 (Temple Grandin) | S85: 0 | T85: 70

Sheet Copy of CT RR Calculations (Pri
A1: Formula Copied Scores from Main Sheet | F1: Sorted By Division | K1: Top 2 Teams from Division | O1: Top 16 Teams Seeded
A2: ='CT Region ROUND ROBIN Scores (P'!Y7 -> Team (Alphabetical) | B2: ='CT Region ROUND ROBIN Scores (P'!Z7 -> Division | C2: ='CT Region ROUND ROBIN Scores (P'!AA7 -> Total Points | D2: ='CT Region ROUND ROBIN Scores (P'!AB7 -> Total Score | F2: Team | G2: Division | H2: Total Points | I2: Points w/ DB | K2: Div. Seed | L2: Team | M2: Points w/ DB | O2: Seed | P2: Team | Q2: Points w/ DB
A3: ='CT Region ROUND ROBIN Scores (P'!Y8 -> Amity Regional HS | B3: ='CT Region ROUND ROBIN Scores (P'!Z8 -> Division 3 (Silas Adekunle) | C3: ='CT Region ROUND ROBIN Scores (P'!AA8 -> 8 | D3: ='CT Region ROUND ROBIN Scores (P'!AB8 -> 438 | F3: ='CT Region ROUND ROBIN Scores (P'!Y14 -> CT IB Acad - Team 2 | G3: ='CT Region ROUND ROBIN Scores (P'!Z14 -> Division 1 (Temple Grandin) | H3: ='CT Region ROUND ROBIN Scores (P'!AA14 -> 4 | I3: =#REF! -> #REF! | K3: 1 | L3: =INDEX($F$1:$F$1000, MATCH(M3, $I$1:$I$1000, 0)) -> #REF! | M3: =LARGE($I$3:$I$8,1) -> #REF! | O3: 1 | P3: =INDEX($F$1:$F$1000, MATCH(Q3, $I$1:$I$1000, 0)) -> #REF! | Q3: =LARGE($M$3:$M$19,O3) -> #REF! | S3: Signal
A4: ='CT Region ROUND ROBIN Scores (P'!Y9 -> Bacon Academy | B4: ='CT Region ROUND ROBIN Scores (P'!Z9 -> Division 2 (Marian Croak) | C4: ='CT Region ROUND ROBIN Scores (P'!AA9 -> 2 | D4: ='CT Region ROUND ROBIN Scores (P'!AB9 -> 152 | F4: ='CT Region ROUND ROBIN Scores (P'!Y27 -> Farmington HS - Team 1 | G4: ='CT Region ROUND ROBIN Scores (P'!Z27 -> Division 1 (Temple Grandin) | H4: ='CT Region ROUND ROBIN Scores (P'!AA27 -> 10 | I4: =#REF! -> #REF! | K4: 2 | L4: =INDEX($F$1:$F$1000, MATCH(M4, $I$1:$I$1000, 0)) -> #REF! | M4: =LARGE($I$3:$I$8,2) -> #REF! | O4: 2 | P4: =INDEX($F$1:$F$1000, MATCH(Q4, $I$1:$I$1000, 0)) -> #REF! | Q4: =LARGE($M$3:$M$19,O4) -> #REF! | S4: Ready
A5: ='CT Region ROUND ROBIN Scores (P'!Y10 -> Choate Rosemary Hall | B5: ='CT Region ROUND ROBIN Scores (P'!Z10 -> Division 7 (Irene Uchida) | C5: ='CT Region ROUND ROBIN Scores (P'!AA10 -> 6 | D5: ='CT Region ROUND ROBIN Scores (P'!AB10 -> 294 | F5: ='CT Region ROUND ROBIN Scores (P'!Y29 -> Greenwich HS - Team 1 | G5: ='CT Region ROUND ROBIN Scores (P'!Z29 -> Division 4 (Ellen Ochoa) | H5: ='CT Region ROUND ROBIN Scores (P'!AA29 -> 10 | I5: =#REF! -> #REF! | K5: 1 | L5: =INDEX($F$1:$F$1000, MATCH(M5, $I$1:$I$1000, 0)) -> #REF! | M5: =LARGE($I$9:$I$14,1) -> #REF! | O5: 3 | P5: =INDEX($F$1:$F$1000, MATCH(Q5, $I$1:$I$1000, 0)) -> #REF! | Q5: =LARGE($M$3:$M$19,O5) -> #REF!
A6: ='CT Region ROUND ROBIN Scores (P'!Y11 -> Conard HS - Team 1 | B6: ='CT Region ROUND ROBIN Scores (P'!Z11 -> Division 4 (Ellen Ochoa) | C6: ='CT Region ROUND ROBIN Scores (P'!AA11 -> 6 | D6: ='CT Region ROUND ROBIN Scores (P'!AB11 -> 290 | F6: ='CT Region ROUND ROBIN Scores (P'!Y31 -> Greenwich HS - Team 3 | G6: ='CT Region ROUND ROBIN Scores (P'!Z31 -> Division 2 (Marian Croak) | H6: ='CT Region ROUND ROBIN Scores (P'!AA31 -> 0 | I6: =#REF! -> #REF! | K6: 2 | L6: =INDEX($F$1:$F$1000, MATCH(M6, $I$1:$I$1000, 0)) -> #REF! | M6: =LARGE($I$9:$I$14,2) -> #REF! | O6: 4 | P6: =INDEX($F$1:$F$1000, MATCH(Q6, $I$1:$I$1000, 0)) -> #REF! | Q6: =LARGE($M$3:$M$19,O6) -> #REF!
A7: ='CT Region ROUND ROBIN Scores (P'!Y12 -> Conard HS - Team 2 | B7: ='CT Region ROUND ROBIN Scores (P'!Z12 -> Division 2 (Marian Croak) | C7: ='CT Region ROUND ROBIN Scores (P'!AA12 -> 6 | D7: ='CT Region ROUND ROBIN Scores (P'!AB12 -> 220 | F7: ='CT Region ROUND ROBIN Scores (P'!Y35 -> Loomis Chaffee - Team 2 | G7: ='CT Region ROUND ROBIN Scores (P'!Z35 -> Division 1 (Temple Grandin) | H7: ='CT Region ROUND ROBIN Scores (P'!AA35 -> 6 | I7: =#REF! -> #REF! | K7: 1 | L7: =INDEX($F$1:$F$1000, MATCH(M7, $I$1:$I$1000, 0)) -> #REF! | M7: =LARGE($I$15:$I$20,1) -> #REF! | O7: 5 | P7: =INDEX($F$1:$F$1000, MATCH(Q7, $I$1:$I$1000, 0)) -> #REF! | Q7: =LARGE($M$3:$M$19,O7) -> #REF! | R7: yes
A8: ='CT Region ROUND ROBIN Scores (P'!Y13 -> CT IB Acad - Team 1 | B8: ='CT Region ROUND ROBIN Scores (P'!Z13 -> Division 3 (Silas Adekunle) | C8: ='CT Region ROUND ROBIN Scores (P'!AA13 -> 0 | D8: ='CT Region ROUND ROBIN Scores (P'!AB13 -> 72 | F8: ='CT Region ROUND ROBIN Scores (P'!Y36 -> New Canaan HS - Team 1 | G8: ='CT Region ROUND ROBIN Scores (P'!Z36 -> Division 6 (Guillermo Camarena) | H8: ='CT Region ROUND ROBIN Scores (P'!AA36 -> 8 | I8: =#REF! -> #REF! | K8: 2 | L8: =INDEX($F$1:$F$1000, MATCH(M8, $I$1:$I$1000, 0)) -> #REF! | M8: =LARGE(I15:I20,2) -> #REF! | O8: 6 | P8: =INDEX($F$1:$F$1000, MATCH(Q8, $I$1:$I$1000, 0)) -> #REF! | Q8: =LARGE($M$3:$M$19,O8) -> #REF!
A9: ='CT Region ROUND ROBIN Scores (P'!Y14 -> CT IB Acad - Team 2 | B9: ='CT Region ROUND ROBIN Scores (P'!Z14 -> Division 1 (Temple Grandin) | C9: ='CT Region ROUND ROBIN Scores (P'!AA14 -> 4 | D9: ='CT Region ROUND ROBIN Scores (P'!AB14 -> 226 | F9: ='CT Region ROUND ROBIN Scores (P'!Y8 -> Amity Regional HS | G9: ='CT Region ROUND ROBIN Scores (P'!Z8 -> Division 3 (Silas Adekunle) | H9: ='CT Region ROUND ROBIN Scores (P'!AA8 -> 8 | I9: =#REF! -> #REF! | K9: 1 | L9: =INDEX($F$1:$F$1000, MATCH(M9, $I$1:$I$1000, 0)) -> #REF! | M9: =LARGE($I$21:$I$26,1) -> #REF! | O9: 7 | P9: =INDEX($F$1:$F$1000, MATCH(Q9, $I$1:$I$1000, 0)) -> #REF! | Q9: =LARGE($M$3:$M$19,O9) -> #REF!
A10: ='CT Region ROUND ROBIN Scores (P'!Y15 -> CT IB Acad - Team 3 | B10: ='CT Region ROUND ROBIN Scores (P'!Z15 -> Division 4 (Ellen Ochoa) | C10: ='CT Region ROUND ROBIN Scores (P'!AA15 -> 0 | D10: ='CT Region ROUND ROBIN Scores (P'!AB15 -> 146 | F10: ='CT Region ROUND ROBIN Scores (P'!Y22 -> EO Smith HS - Team 2 | G10: ='CT Region ROUND ROBIN Scores (P'!Z22 -> Division 5 (Ursula Burns) | H10: ='CT Region ROUND ROBIN Scores (P'!AA22 -> 6 | I10: =#REF! -> #REF! | K10: 2 | L10: =INDEX($F$1:$F$1000, MATCH(M10, $I$1:$I$1000, 0)) -> #REF! | M10: =LARGE(I21:I26,2) -> #REF! | O10: 8 | P10: =INDEX($F$1:$F$1000, MATCH(Q10, $I$1:$I$1000, 0)) -> #REF! | Q10: =LARGE($M$3:$M$19,O10) -> #REF!
A11: ='CT Region ROUND ROBIN Scores (P'!Y16 -> East Lyme HS - Team 1 | B11: ='CT Region ROUND ROBIN Scores (P'!Z16 -> Division 5 (Ursula Burns) | C11: ='CT Region ROUND ROBIN Scores (P'!AA16 -> 4 | D11: ='CT Region ROUND ROBIN Scores (P'!AB16 -> 422 | F11: ='CT Region ROUND ROBIN Scores (P'!Y25 -> Fairfield Warde HS - Team 1 | G11: ='CT Region ROUND ROBIN Scores (P'!Z25 -> Division 4 (Ellen Ochoa) | H11: ='CT Region ROUND ROBIN Scores (P'!AA25 -> 8 | I11: =#REF! -> #REF! | K11: 1 | L11: =INDEX($F$1:$F$1000, MATCH(M11, $I$1:$I$1000, 0)) -> #REF! | M11: =LARGE($I$27:$I$32,1) -> #REF! | O11: 9 | P11: =INDEX($F$1:$F$1000, MATCH(Q11, $I$1:$I$1000, 0)) -> #REF! | Q11: =LARGE($M$3:$M$19,O11) -> #REF!
A12: ='CT Region ROUND ROBIN Scores (P'!Y17 -> East Lyme HS - Team 2 | B12: ='CT Region ROUND ROBIN Scores (P'!Z17 -> Division 3 (Silas Adekunle) | C12: ='CT Region ROUND ROBIN Scores (P'!AA17 -> 4 | D12: ='CT Region ROUND ROBIN Scores (P'!AB17 -> 294 | F12: ='CT Region ROUND ROBIN Scores (P'!Y26 -> Fairfield Warde HS - Team 2 | G12: ='CT Region ROUND ROBIN Scores (P'!Z26 -> Division 6 (Guillermo Camarena) | H12: ='CT Region ROUND ROBIN Scores (P'!AA26 -> 0 | I12: =#REF! -> #REF! | K12: 2 | L12: =INDEX($F$1:$F$1000, MATCH(M12, $I$1:$I$1000, 0)) -> #REF! | M12: =LARGE(I27:I32,2) -> #REF! | O12: 10 | P12: =INDEX($F$1:$F$1000, MATCH(Q12, $I$1:$I$1000, 0)) -> #REF! | Q12: =LARGE($M$3:$M$19,O13) -> #REF! | R12: yes
A13: ='CT Region ROUND ROBIN Scores (P'!Y18 -> Enfield HS - Team 1 | B13: ='CT Region ROUND ROBIN Scores (P'!Z18 -> Division 3 (Silas Adekunle) | C13: ='CT Region ROUND ROBIN Scores (P'!AA18 -> 2 | D13: ='CT Region ROUND ROBIN Scores (P'!AB18 -> 142 | F13: ='CT Region ROUND ROBIN Scores (P'!Y32 -> Greenwich HS - Team 4 | G13: ='CT Region ROUND ROBIN Scores (P'!Z32 -> Division 8 (Bernardo Houssay) - Canceled Division - Sorry! | H13: ='CT Region ROUND ROBIN Scores (P'!AA32 -> 0 | I13: =#REF! -> #REF! | K13: Top scorers from remaining (below) | O13: 11 | P13: =INDEX($F$1:$F$1000, MATCH(Q13, $I$1:$I$1000, 0)) -> #REF! | Q13: =LARGE($M$3:$M$19,O14) -> #REF!
A14: ='CT Region ROUND ROBIN Scores (P'!Y19 -> Enfield HS - Team 2 | B14: ='CT Region ROUND ROBIN Scores (P'!Z19 -> Division 6 (Guillermo Camarena) | C14: ='CT Region ROUND ROBIN Scores (P'!AA19 -> 2 | D14: ='CT Region ROUND ROBIN Scores (P'!AB19 -> 158 | F14: ='CT Region ROUND ROBIN Scores (P'!Y34 -> Loomis Chaffee - Team 1 | G14: ='CT Region ROUND ROBIN Scores (P'!Z34 -> Division 5 (Ursula Burns) | H14: ='CT Region ROUND ROBIN Scores (P'!AA34 -> 8 | I14: =#REF! -> #REF! | K14: 1 | L14: =INDEX($F$1:$F$1000, MATCH(M14, $I$1:$I$1000, 0)) -> #REF! | M14: =LARGE($M$22:$M$41,K14) -> #REF! | O14: 12 | P14: =INDEX($F$1:$F$1000, MATCH(Q14, $I$1:$I$1000, 0)) -> #REF! | Q14: =LARGE($M$3:$M$19,O15) -> #REF!
A15: ='CT Region ROUND ROBIN Scores (P'!Y20 -> Enfield HS - Team 3 | B15: ='CT Region ROUND ROBIN Scores (P'!Z20 -> Division 7 (Irene Uchida) | C15: ='CT Region ROUND ROBIN Scores (P'!AA20 -> 2 | D15: ='CT Region ROUND ROBIN Scores (P'!AB20 -> 156 | F15: ='CT Region ROUND ROBIN Scores (P'!Y13 -> CT IB Acad - Team 1 | G15: ='CT Region ROUND ROBIN Scores (P'!Z13 -> Division 3 (Silas Adekunle) | H15: ='CT Region ROUND ROBIN Scores (P'!AA13 -> 0 | I15: =#REF! -> #REF! | K15: 2 | L15: =INDEX($F$1:$F$1000, MATCH(M15, $I$1:$I$1000, 0)) -> #REF! | M15: =LARGE($M$22:$M$41,K15) -> #REF! | O15: 13 | P15: =INDEX($F$1:$F$1000, MATCH(Q15, $I$1:$I$1000, 0)) -> #REF! | Q15: =LARGE($M$3:$M$19,O16) -> #REF!
A16: ='CT Region ROUND ROBIN Scores (P'!Y21 -> EO Smith HS - Team 1 | B16: ='CT Region ROUND ROBIN Scores (P'!Z21 -> Division 3 (Silas Adekunle) | C16: ='CT Region ROUND ROBIN Scores (P'!AA21 -> 10 | D16: ='CT Region ROUND ROBIN Scores (P'!AB21 -> 750 | F16: ='CT Region ROUND ROBIN Scores (P'!Y20 -> Enfield HS - Team 3 | G16: ='CT Region ROUND ROBIN Scores (P'!Z20 -> Division 7 (Irene Uchida) | H16: ='CT Region ROUND ROBIN Scores (P'!AA20 -> 2 | I16: =#REF! -> #REF! | K16: 3 | L16: =INDEX($F$1:$F$1000, MATCH(M16, $I$1:$I$1000, 0)) -> #REF! | M16: =LARGE($M$22:$M$41,K16) -> #REF! | O16: 14 | P16: =INDEX($F$1:$F$1000, MATCH(Q16, $I$1:$I$1000, 0)) -> #REF! | Q16: =LARGE($M$3:$M$19,O17) -> #REF!
A17: ='CT Region ROUND ROBIN Scores (P'!Y22 -> EO Smith HS - Team 2 | B17: ='CT Region ROUND ROBIN Scores (P'!Z22 -> Division 5 (Ursula Burns) | C17: ='CT Region ROUND ROBIN Scores (P'!AA22 -> 6 | D17: ='CT Region ROUND ROBIN Scores (P'!AB22 -> 298 | F17: ='CT Region ROUND ROBIN Scores (P'!Y23 -> Ethel Walker School | G17: ='CT Region ROUND ROBIN Scores (P'!Z23 -> Division 1 (Temple Grandin) | H17: ='CT Region ROUND ROBIN Scores (P'!AA23 -> 0 | I17: =#REF! -> #REF! | K17: 4 | L17: =INDEX($F$1:$F$1000, MATCH(M17, $I$1:$I$1000, 0)) -> #REF! | M17: =LARGE($M$22:$M$41,K17) -> #REF! | O17: 15 | P17: =INDEX($F$1:$F$1000, MATCH(Q17, $I$1:$I$1000, 0)) -> #REF! | Q17: =LARGE($M$3:$M$19,O18) -> #REF!
A18: ='CT Region ROUND ROBIN Scores (P'!Y23 -> Ethel Walker School | B18: ='CT Region ROUND ROBIN Scores (P'!Z23 -> Division 1 (Temple Grandin) | C18: ='CT Region ROUND ROBIN Scores (P'!AA23 -> 0 | D18: ='CT Region ROUND ROBIN Scores (P'!AB23 -> 70 | F18: ='CT Region ROUND ROBIN Scores (P'!Y24 -> Fairfield Ludlowe HS | G18: ='CT Region ROUND ROBIN Scores (P'!Z24 -> Division 1 (Temple Grandin) | H18: ='CT Region ROUND ROBIN Scores (P'!AA24 -> 2 | I18: =#REF! -> #REF! | K18: 5 | L18: =INDEX($F$1:$F$1000, MATCH(M18, $I$1:$I$1000, 0)) -> #REF! | M18: =LARGE($M$22:$M$41,K18) -> #REF! | O18: 16 | P18: =INDEX($F$1:$F$1000, MATCH(Q18, $I$1:$I$1000, 0)) -> #REF! | Q18: =LARGE($M$22:$M$41,O22-10) -> #REF! | R18: yes
A19: ='CT Region ROUND ROBIN Scores (P'!Y24 -> Fairfield Ludlowe HS | B19: ='CT Region ROUND ROBIN Scores (P'!Z24 -> Division 1 (Temple Grandin) | C19: ='CT Region ROUND ROBIN Scores (P'!AA24 -> 2 | D19: ='CT Region ROUND ROBIN Scores (P'!AB24 -> 200 | F19: ='CT Region ROUND ROBIN Scores (P'!Y28 -> Farmington HS - Team 2 | G19: ='CT Region ROUND ROBIN Scores (P'!Z28 -> Division 6 (Guillermo Camarena) | H19: ='CT Region ROUND ROBIN Scores (P'!AA28 -> 8 | I19: =#REF! -> #REF! | K19: 6 | L19: =INDEX($F$1:$F$1000, MATCH(M19, $I$1:$I$1000, 0)) -> #REF! | M19: =LARGE($M$22:$M$41,K19) -> #REF!
A20: ='CT Region ROUND ROBIN Scores (P'!Y25 -> Fairfield Warde HS - Team 1 | B20: ='CT Region ROUND ROBIN Scores (P'!Z25 -> Division 4 (Ellen Ochoa) | C20: ='CT Region ROUND ROBIN Scores (P'!AA25 -> 8 | D20: ='CT Region ROUND ROBIN Scores (P'!AB25 -> 370 | F20: ='CT Region ROUND ROBIN Scores (P'!Y37 -> New Canaan HS - Team 2 | G20: ='CT Region ROUND ROBIN Scores (P'!Z37 -> Division 4 (Ellen Ochoa) | H20: ='CT Region ROUND ROBIN Scores (P'!AA37 -> 2 | I20: =#REF! -> #REF!
A21: ='CT Region ROUND ROBIN Scores (P'!Y26 -> Fairfield Warde HS - Team 2 | B21: ='CT Region ROUND ROBIN Scores (P'!Z26 -> Division 6 (Guillermo Camarena) | C21: ='CT Region ROUND ROBIN Scores (P'!AA26 -> 0 | D21: ='CT Region ROUND ROBIN Scores (P'!AB26 -> 146 | F21: ='CT Region ROUND ROBIN Scores (P'!Y11 -> Conard HS - Team 1 | G21: ='CT Region ROUND ROBIN Scores (P'!Z11 -> Division 4 (Ellen Ochoa) | H21: ='CT Region ROUND ROBIN Scores (P'!AA11 -> 6 | I21: =#REF! -> #REF! | K21: Remaining teams sorted by division | O21: Wildcard Seeding (CT Only)
A22: ='CT Region ROUND ROBIN Scores (P'!Y27 -> Farmington HS - Team 1 | B22: ='CT Region ROUND ROBIN Scores (P'!Z27 -> Division 1 (Temple Grandin) | C22: ='CT Region ROUND ROBIN Scores (P'!AA27 -> 10 | D22: ='CT Region ROUND ROBIN Scores (P'!AB27 -> 1030 | F22: ='CT Region ROUND ROBIN Scores (P'!Y12 -> Conard HS - Team 2 | G22: ='CT Region ROUND ROBIN Scores (P'!Z12 -> Division 2 (Marian Croak) | H22: ='CT Region ROUND ROBIN Scores (P'!AA12 -> 6 | I22: =#REF! -> #REF! | L22: =INDEX($F$1:$F$1000, MATCH(M22, $I$1:$I$1000, 0)) -> #REF! | M22: =LARGE($I$3:$I$8,3) -> #REF! | O22: 17 | P22: {=INDEX($F$1:$F$1000, MATCH(Q22, $I$1:$I$1000, 0))} -> #REF! | Q22: =LARGE($M$3:$M$19,O12) -> #REF! | R22: yes | S22: Adjust Wildcard Teams in Wildcard Scores and Bracket Spreadsheet, Wildcard Teams Tab.
A23: ='CT Region ROUND ROBIN Scores (P'!Y28 -> Farmington HS - Team 2 | B23: ='CT Region ROUND ROBIN Scores (P'!Z28 -> Division 6 (Guillermo Camarena) | C23: ='CT Region ROUND ROBIN Scores (P'!AA28 -> 8 | D23: ='CT Region ROUND ROBIN Scores (P'!AB28 -> 508 | F23: ='CT Region ROUND ROBIN Scores (P'!Y18 -> Enfield HS - Team 1 | G23: ='CT Region ROUND ROBIN Scores (P'!Z18 -> Division 3 (Silas Adekunle) | H23: ='CT Region ROUND ROBIN Scores (P'!AA18 -> 2 | I23: =#REF! -> #REF! | L23: =INDEX($F$1:$F$1000, MATCH(M23, $I$1:$I$1000, 0)) -> #REF! | M23: =LARGE($I$3:$I$8,4) -> #REF! | O23: 18 | P23: Bacon Academy A | Q23: =LARGE($M$22:$M$41,O23-10) -> #REF! | R23: yes | S23: Instructions for that sheet
A24: ='CT Region ROUND ROBIN Scores (P'!Y29 -> Greenwich HS - Team 1 | B24: ='CT Region ROUND ROBIN Scores (P'!Z29 -> Division 4 (Ellen Ochoa) | C24: ='CT Region ROUND ROBIN Scores (P'!AA29 -> 10 | D24: ='CT Region ROUND ROBIN Scores (P'!AB29 -> 650 | F24: ='CT Region ROUND ROBIN Scores (P'!Y19 -> Enfield HS - Team 2 | G24: ='CT Region ROUND ROBIN Scores (P'!Z19 -> Division 6 (Guillermo Camarena) | H24: ='CT Region ROUND ROBIN Scores (P'!AA19 -> 2 | I24: =#REF! -> #REF! | L24: =INDEX($F$1:$F$1000, MATCH(M24, $I$1:$I$1000, 0)) -> #REF! | M24: =LARGE($I$3:$I$8,5) -> #REF! | O24: 19 | P24: =INDEX($F$1:$F$1000, MATCH(Q24, $I$1:$I$1000, 0)) -> #REF! | Q24: =LARGE($M$22:$M$41,O24-10) -> #REF! | R24: yes | S24: **IF a school has multiple teams in the wildcard and it is missing a "Team" after the school name, edit the name before starting the wildcard
A25: ='CT Region ROUND ROBIN Scores (P'!Y30 -> Greenwich HS - Team 2 | B25: ='CT Region ROUND ROBIN Scores (P'!Z30 -> Division 7 (Irene Uchida) | C25: ='CT Region ROUND ROBIN Scores (P'!AA30 -> 10 | D25: ='CT Region ROUND ROBIN Scores (P'!AB30 -> 420 | F25: ='CT Region ROUND ROBIN Scores (P'!Y21 -> EO Smith HS - Team 1 | G25: ='CT Region ROUND ROBIN Scores (P'!Z21 -> Division 3 (Silas Adekunle) | H25: ='CT Region ROUND ROBIN Scores (P'!AA21 -> 10 | I25: =#REF! -> #REF! | L25: =INDEX($F$1:$F$1000, MATCH(M25, $I$1:$I$1000, 0)) -> #REF! | M25: =LARGE($I$3:$I$8,6) -> #REF! | O25: 20 | P25: =INDEX($F$1:$F$1000, MATCH(Q25, $I$1:$I$1000, 0)) -> #REF! | Q25: =LARGE($M$22:$M$41,O25-10) -> #REF! | R25: yes | S25: orange teams: if declining to play, delete row
A26: ='CT Region ROUND ROBIN Scores (P'!Y31 -> Greenwich HS - Team 3 | B26: ='CT Region ROUND ROBIN Scores (P'!Z31 -> Division 2 (Marian Croak) | C26: ='CT Region ROUND ROBIN Scores (P'!AA31 -> 0 | D26: ='CT Region ROUND ROBIN Scores (P'!AB31 -> 170 | F26: ='CT Region ROUND ROBIN Scores (P'!Y30 -> Greenwich HS - Team 2 | G26: ='CT Region ROUND ROBIN Scores (P'!Z30 -> Division 7 (Irene Uchida) | H26: ='CT Region ROUND ROBIN Scores (P'!AA30 -> 10 | I26: =#REF! -> #REF! | L26: =INDEX($F$1:$F$1000, MATCH(M26, $I$1:$I$1000, 0)) -> #REF! | M26: =LARGE($I$9:$I$14,3) -> #REF! | O26: 21 | P26: Bacon Academy B | Q26: =LARGE($M$22:$M$41,O26-10) -> #REF! | R26: yes | S26: gray teams: If declining to play, clear cell (do not delete row)
A27: ='CT Region ROUND ROBIN Scores (P'!Y32 -> Greenwich HS - Team 4 | B27: ='CT Region ROUND ROBIN Scores (P'!Z32 -> Division 8 (Bernardo Houssay) - Canceled Division - Sorry! | C27: ='CT Region ROUND ROBIN Scores (P'!AA32 -> 0 | D27: ='CT Region ROUND ROBIN Scores (P'!AB32 -> 0 | F27: ='CT Region ROUND ROBIN Scores (P'!Y9 -> Bacon Academy | G27: ='CT Region ROUND ROBIN Scores (P'!Z9 -> Division 2 (Marian Croak) | H27: ='CT Region ROUND ROBIN Scores (P'!AA9 -> 2 | I27: =#REF! -> #REF! | L27: =INDEX($F$1:$F$1000, MATCH(M27, $I$1:$I$1000, 0)) -> #REF! | M27: =LARGE($I$9:$I$14,4) -> #REF! | O27: 22 | P27: Southington HS | Q27: =LARGE($M$22:$M$41,O27-10) -> #REF! | R27: Yes
A28: ='CT Region ROUND ROBIN Scores (P'!Y33 -> Joel Barlow HS | B28: ='CT Region ROUND ROBIN Scores (P'!Z33 -> Division 4 (Ellen Ochoa) | C28: ='CT Region ROUND ROBIN Scores (P'!AA33 -> 4 | D28: ='CT Region ROUND ROBIN Scores (P'!AB33 -> 248 | F28: ='CT Region ROUND ROBIN Scores (P'!Y10 -> Choate Rosemary Hall | G28: ='CT Region ROUND ROBIN Scores (P'!Z10 -> Division 7 (Irene Uchida) | H28: ='CT Region ROUND ROBIN Scores (P'!AA10 -> 6 | I28: =#REF! -> #REF! | L28: =INDEX($F$1:$F$1000, MATCH(M28, $I$1:$I$1000, 0)) -> #REF! | M28: =LARGE($I$9:$I$14,5) -> #REF! | O28: 23 | P28: =INDEX($F$1:$F$1000, MATCH(Q28, $I$1:$I$1000, 0)) -> #REF! | Q28: =LARGE($M$22:$M$41,O28-10) -> #REF! | R28: yes
A29: ='CT Region ROUND ROBIN Scores (P'!Y34 -> Loomis Chaffee - Team 1 | B29: ='CT Region ROUND ROBIN Scores (P'!Z34 -> Division 5 (Ursula Burns) | C29: ='CT Region ROUND ROBIN Scores (P'!AA34 -> 8 | D29: ='CT Region ROUND ROBIN Scores (P'!AB34 -> 468 | F29: ='CT Region ROUND ROBIN Scores (P'!Y15 -> CT IB Acad - Team 3 | G29: ='CT Region ROUND ROBIN Scores (P'!Z15 -> Division 4 (Ellen Ochoa) | H29: ='CT Region ROUND ROBIN Scores (P'!AA15 -> 0 | I29: =#REF! -> #REF! | L29: =INDEX($F$1:$F$1000, MATCH(M29, $I$1:$I$1000, 0)) -> #REF! | M29: =LARGE($I$9:$I$14,6) -> #REF! | O29: 24 | P29: =INDEX($F$1:$F$1000, MATCH(Q29, $I$1:$I$1000, 0)) -> #REF! | Q29: =LARGE($M$22:$M$41,O29-10) -> #REF! | R29: yes
A30: ='CT Region ROUND ROBIN Scores (P'!Y35 -> Loomis Chaffee - Team 2 | B30: ='CT Region ROUND ROBIN Scores (P'!Z35 -> Division 1 (Temple Grandin) | C30: ='CT Region ROUND ROBIN Scores (P'!AA35 -> 6 | D30: ='CT Region ROUND ROBIN Scores (P'!AB35 -> 334 | F30: ='CT Region ROUND ROBIN Scores (P'!Y16 -> East Lyme HS - Team 1 | G30: ='CT Region ROUND ROBIN Scores (P'!Z16 -> Division 5 (Ursula Burns) | H30: ='CT Region ROUND ROBIN Scores (P'!AA16 -> 4 | I30: =#REF! -> #REF! | L30: =INDEX($F$1:$F$1000, MATCH(M30, $I$1:$I$1000, 0)) -> #REF! | M30: =LARGE($I$15:$I$20,3) -> #REF! | O30: 25 | P30: =INDEX($F$1:$F$1000, MATCH(Q30, $I$1:$I$1000, 0)) -> #REF! | Q30: =LARGE($M$22:$M$41,O30-10) -> #REF! | R30: yes
A31: ='CT Region ROUND ROBIN Scores (P'!Y36 -> New Canaan HS - Team 1 | B31: ='CT Region ROUND ROBIN Scores (P'!Z36 -> Division 6 (Guillermo Camarena) | C31: ='CT Region ROUND ROBIN Scores (P'!AA36 -> 8 | D31: ='CT Region ROUND ROBIN Scores (P'!AB36 -> 406 | F31: ='CT Region ROUND ROBIN Scores (P'!Y17 -> East Lyme HS - Team 2 | G31: ='CT Region ROUND ROBIN Scores (P'!Z17 -> Division 3 (Silas Adekunle) | H31: ='CT Region ROUND ROBIN Scores (P'!AA17 -> 4 | I31: =#REF! -> #REF! | L31: =INDEX($F$1:$F$1000, MATCH(M31, $I$1:$I$1000, 0)) -> #REF! | M31: =LARGE($I$15:$I$20,4) -> #REF! | O31: 26 | P31: =INDEX($F$1:$F$1000, MATCH(Q31, $I$1:$I$1000, 0)) -> #REF! | Q31: =LARGE($M$22:$M$41,O31-10) -> #REF! | R31: yes
A32: ='CT Region ROUND ROBIN Scores (P'!Y37 -> New Canaan HS - Team 2 | B32: ='CT Region ROUND ROBIN Scores (P'!Z37 -> Division 4 (Ellen Ochoa) | C32: ='CT Region ROUND ROBIN Scores (P'!AA37 -> 2 | D32: ='CT Region ROUND ROBIN Scores (P'!AB37 -> 212 | F32: ='CT Region ROUND ROBIN Scores (P'!Y33 -> Joel Barlow HS | G32: ='CT Region ROUND ROBIN Scores (P'!Z33 -> Division 4 (Ellen Ochoa) | H32: ='CT Region ROUND ROBIN Scores (P'!AA33 -> 4 | I32: =#REF! -> #REF! | L32: =INDEX($F$1:$F$1000, MATCH(M32, $I$1:$I$1000, 0)) -> #REF! | M32: =LARGE($I$15:$I$20,5) -> #REF! | O32: 27 | P32: =INDEX($F$1:$F$1000, MATCH(Q32, $I$1:$I$1000, 0)) -> #REF! | Q32: =LARGE($M$22:$M$41,O33-10) -> #REF! | R32: yes
A33: ='CT Region ROUND ROBIN Scores (P'!Y38 -> New Canaan HS - Team 3 | B33: ='CT Region ROUND ROBIN Scores (P'!Z38 -> Division 7 (Irene Uchida) | C33: ='CT Region ROUND ROBIN Scores (P'!AA38 -> 6 | D33: ='CT Region ROUND ROBIN Scores (P'!AB38 -> 264 | L33: =INDEX($F$1:$F$1000, MATCH(M33, $I$1:$I$1000, 0)) -> #REF! | M33: =LARGE($I$15:$I$20,6) -> #REF! | O33: 28 | P33: Farmington HS Team B | R33: yes
A34: ='CT Region ROUND ROBIN Scores (P'!Y39 -> Newtown HS | B34: ='CT Region ROUND ROBIN Scores (P'!Z39 -> Division 6 (Guillermo Camarena) | C34: ='CT Region ROUND ROBIN Scores (P'!AA39 -> 6 | D34: ='CT Region ROUND ROBIN Scores (P'!AB39 -> 306 | L34: =INDEX($F$1:$F$1000, MATCH(M34, $I$1:$I$1000, 0)) -> #REF! | M34: =LARGE($I$21:$I$26,3) -> #REF! | O34: 29 | P34: {=INDEX($F$1:$F$1000, MATCH(Q34, $I$1:$I$1000, 0))} -> #REF! | Q34: =LARGE($M$22:$M$41,O35-10) -> #REF! | R34: yes
A35: ='CT Region ROUND ROBIN Scores (P'!Y40 -> Open Spot - 1 | B35: ='CT Region ROUND ROBIN Scores (P'!Z40 -> Division 8 (Bernardo Houssay) - Canceled Division - Sorry! | C35: ='CT Region ROUND ROBIN Scores (P'!AA40 -> 0 | D35: ='CT Region ROUND ROBIN Scores (P'!AB40 -> 0 | L35: =INDEX($F$1:$F$1000, MATCH(M35, $I$1:$I$1000, 0)) -> #REF! | M35: =LARGE($I$21:$I$26,4) -> #REF! | O35: 30
A36: ='CT Region ROUND ROBIN Scores (P'!Y41 -> Open Spot - 2 | B36: ='CT Region ROUND ROBIN Scores (P'!Z41 -> Division 8 (Bernardo Houssay) - Canceled Division - Sorry! | C36: ='CT Region ROUND ROBIN Scores (P'!AA41 -> 0 | D36: ='CT Region ROUND ROBIN Scores (P'!AB41 -> 0 | L36: =INDEX($F$1:$F$1000, MATCH(M36, $I$1:$I$1000, 0)) -> #REF! | M36: =LARGE($I$21:$I$26,5) -> #REF!
A37: ='CT Region ROUND ROBIN Scores (P'!Y42 -> Open Spot - 3 | B37: ='CT Region ROUND ROBIN Scores (P'!Z42 -> Division 8 (Bernardo Houssay) - Canceled Division - Sorry! | C37: ='CT Region ROUND ROBIN Scores (P'!AA42 -> 0 | D37: ='CT Region ROUND ROBIN Scores (P'!AB42 -> 0 | L37: =INDEX($F$1:$F$1000, MATCH(M37, $I$1:$I$1000, 0)) -> #REF! | M37: =LARGE($I$21:$I$26,6) -> #REF!
A38: ='CT Region ROUND ROBIN Scores (P'!Y43 -> Open Spot - 4 | B38: ='CT Region ROUND ROBIN Scores (P'!Z43 -> Division 8 (Bernardo Houssay) - Canceled Division - Sorry! | C38: ='CT Region ROUND ROBIN Scores (P'!AA43 -> 1 | D38: ='CT Region ROUND ROBIN Scores (P'!AB43 -> 0 | L38: =INDEX($F$1:$F$1000, MATCH(M38, $I$1:$I$1000, 0)) -> #REF! | M38: =LARGE($I$27:$I$32,3) -> #REF!
A39: ='CT Region ROUND ROBIN Scores (P'!Y44 -> Open Spot - 5 | B39: ='CT Region ROUND ROBIN Scores (P'!Z44 -> Division 8 (Bernardo Houssay) - Canceled Division - Sorry! | C39: ='CT Region ROUND ROBIN Scores (P'!AA44 -> 0 | D39: ='CT Region ROUND ROBIN Scores (P'!AB44 -> 0 | L39: =INDEX($F$1:$F$1000, MATCH(M39, $I$1:$I$1000, 0)) -> #REF! | M39: =LARGE($I$27:$I$32,4) -> #REF!
A40: ='CT Region ROUND ROBIN Scores (P'!Y45 -> Rocky Hill HS - Team 1 | B40: ='CT Region ROUND ROBIN Scores (P'!Z45 -> Division 6 (Guillermo Camarena) | C40: ='CT Region ROUND ROBIN Scores (P'!AA45 -> 6 | D40: ='CT Region ROUND ROBIN Scores (P'!AB45 -> 458 | L40: =INDEX($F$1:$F$1000, MATCH(M40, $I$1:$I$1000, 0)) -> #REF! | M40: =LARGE($I$27:$I$32,5) -> #REF!
A41: ='CT Region ROUND ROBIN Scores (P'!Y46 -> Rocky Hill HS - Team 2 | B41: ='CT Region ROUND ROBIN Scores (P'!Z46 -> Division 3 (Silas Adekunle) | C41: ='CT Region ROUND ROBIN Scores (P'!AA46 -> 6 | D41: ='CT Region ROUND ROBIN Scores (P'!AB46 -> 328 | L41: =INDEX($F$1:$F$1000, MATCH(M41, $I$1:$I$1000, 0)) -> #REF! | M41: =LARGE($I$27:$I$32,6) -> #REF!

Sheet ORIGINAL CT Region ROUND ROBIN 
B1: CT Regional ROUND ROBIN Scores
B3: Round 1 | F3: Round 2 | J3: Round 3 | N3: Round 4 | R3: Round 5
B4: 0.40625 | F4: 0.42708333 | J4: 0.44791667 | N4: 0.46875 | R4: 0.48958333
B5: Division 1 (EA)
Y6: Scores by Team | AH6: Scores by Division
B7: Teams | C7: Score | D7: CC Verification | E7: Points | F7: Teams | G7: Score | H7: CC Verification | I7: Points | J7: Teams | K7: Score | L7: CC Verification | M7: Points | N7: Teams | O7: Score | P7: CC Verification | Q7: Points | R7: Teams | S7: Score | T7: CC Verification | U7: Points | W7: Seed # | X7: Team (Seeded) | Y7: Team (Alphabetical) | Z7: Division | AA7: Total Points | AB7: Points w/ DB | AC7: =X7 -> Team (Seeded) | AE7: Rank | AF7: Points w/ DB | AG7: Team | AH7: Division | AI7: Total Points | AJ7: Divisional Bonus (DB)
B8: =X8 -> E. O. Smith HS Team A | D8: FALSE | E8: =_xludf.IFS(C8="",0,(C8-C9)>0,C8+100,(C8-C9)=0,C8+50,(C8-C9)<0,C8) -> #NAME? | F8: =B10 -> Univ HS of Sci & Engineering | H8: FALSE | I8: =_xludf.IFS(G8="",0,(G8-G9)>0,G8+100,(G8-G9)=0,G8+50,(G8-G9)<0,G8) -> #NAME? | J8: =F12 -> E. O. Smith HS Team A | L8: FALSE | M8: =_xludf.IFS(K8="",0,(K8-K9)>0,K8+100,(K8-K9)=0,K8+50,(K8-K9)<0,K8) -> #NAME? | N8: =J13 -> Southington HS Team A | P8: FALSE | Q8: =_xludf.IFS(O8="",0,(O8-O9)>0,O8+100,(O8-O9)=0,O8+50,(O8-O9)<0,O8) -> #NAME? | R8: =N12 -> The Open Spot | T8: FALSE | U8: =_xludf.IFS(S8="",0,(S8-S9)>0,S8+100,(S8-S9)=0,S8+50,(S8-S9)<0,S8) -> #NAME? | W8: 1 | X8: E. O. Smith HS Team A | Y8: Amity Regional HS | Z8: =IF(MATCH(Y8,R:R,0)<14,$B$5,IF(MATCH(Y8,R:R,0)<23,$B$14,IF(MATCH(Y8,R:R,0)<32,$B$23,IF(MATCH(Y8,R:R,0)<41,$B$32,IF(MATCH(Y8,R:R,0)<50,$B$41))))) -> Division 3 (SWE) | AA8: =SUM(VLOOKUP(Y8,B:E,4,FALSE),VLOOKUP(Y8,F:I,4,FALSE),VLOOKUP(Y8,J:M,4,FALSE),VLOOKUP(Y8,N:Q,4,FALSE),VLOOKUP(Y8,R:U,4,FALSE)) -> #NAME? | AB8: =AA8+VLOOKUP(Z8,AH:AJ,3) -> #NAME? | AC8: =X8 -> E. O. Smith HS Team A | AE8: 1 | AF8: 0 | AH8: =B5 -> Division 1 (EA) | AI8: =SUM(E8:E13,I8:I13,Q8:Q13,U8:U13) -> #NAME? | AJ8: =AI8*0.0211 -> #NAME?
B9: =X17 -> Southington HS Team A | D9: FALSE | E9: =_xludf.IFS(C9="",0,(C9-C8)>0,C9+100,(C9-C8)=0,C9+50,(C9-C8)<0,C9) -> #NAME? | F9: =B13 -> Rocky Hill HS Team B | H9: FALSE | I9: =_xludf.IFS(G9="",0,(G9-G8)>0,G9+100,(G9-G8)=0,G9+50,(G9-G8)<0,G9) -> #NAME? | J9: =F10 -> The Open Spot | L9: FALSE | M9: =_xludf.IFS(K9="",0,(K9-K8)>0,K9+100,(K9-K8)=0,K9+50,(K9-K8)<0,K9) -> #NAME? | N9: =J11 -> Pomperaug Regional HS | P9: FALSE | Q9: =_xludf.IFS(O9="",0,(O9-O8)>0,O9+100,(O9-O8)=0,O9+50,(O9-O8)<0,O9) -> #NAME? | R9: =N9 -> Pomperaug Regional HS | T9: FALSE | U9: =_xludf.IFS(S9="",0,(S9-S8)>0,S9+100,(S9-S8)=0,S9+50,(S9-S8)<0,S9) -> #NAME? | W9: =W8+1 -> 2 | X9: Greenwich HS Team A | Y9: Bacon Academy | Z9: =IF(MATCH(Y9,R:R,0)<14,$B$5,IF(MATCH(Y9,R:R,0)<23,$B$14,IF(MATCH(Y9,R:R,0)<32,$B$23,IF(MATCH(Y9,R:R,0)<41,$B$32,IF(MATCH(Y9,R:R,0)<50,$B$41))))) -> Division 9 (LC) | AA9: =SUM(VLOOKUP(Y9,B:E,4,FALSE),VLOOKUP(Y9,F:I,4,FALSE),VLOOKUP(Y9,J:M,4,FALSE),VLOOKUP(Y9,N:Q,4,FALSE),VLOOKUP(Y9,R:U,4,FALSE)) -> #NAME? | AB9: =AA9+VLOOKUP(Z9,AH:AJ,3) -> #NAME? | AC9: =X9 -> Greenwich HS Team A | AE9: =AE8+1 -> 2 | AF9: 0 | AH9: =B14 -> Division 3 (SWE) | AI9: =SUM(E17:E22,I17:I22,M17:M22,Q17:Q22,U17:U22) -> #NAME? | AJ9: =AI9*0.0211 -> #NAME?
B10: =X18 -> Univ HS of Sci & Engineering | D10: FALSE | E10: =_xludf.IFS(C10="",0,(C10-C11)>0,C10+100,(C10-C11)=0,C10+50,(C10-C11)<0,C10) -> #NAME? | F10: =B12 -> The Open Spot | H10: FALSE | I10: =_xludf.IFS(G10="",0,(G10-G11)>0,G10+100,(G10-G11)=0,G10+50,(G10-G11)<0,G10) -> #NAME? | J10: =F9 -> Rocky Hill HS Team B | L10: FALSE | M10: =_xludf.IFS(K10="",0,(K10-K11)>0,K10+100,(K10-K11)=0,K10+50,(K10-K11)<0,K10) -> #NAME? | N10: =J8 -> E. O. Smith HS Team A | P10: FALSE | Q10: =_xludf.IFS(O10="",0,(O10-O11)>0,O10+100,(O10-O11)=0,O10+50,(O10-O11)<0,O10) -> #NAME? | R10: =N10 -> E. O. Smith HS Team A | T10: FALSE | U10: =_xludf.IFS(S10="",0,(S10-S11)>0,S10+100,(S10-S11)=0,S10+50,(S10-S11)<0,S10) -> #NAME? | W10: =W9+1 -> 3 | X10: Glastonbury HS Team A | Y10: Cheshire HS Team A | Z10: =IF(MATCH(Y10,R:R,0)<14,$B$5,IF(MATCH(Y10,R:R,0)<23,$B$14,IF(MATCH(Y10,R:R,0)<32,$B$23,IF(MATCH(Y10,R:R,0)<41,$B$32,IF(MATCH(Y10,R:R,0)<50,$B$41))))) -> Division 9 (LC) | AA10: =SUM(VLOOKUP(Y10,B:E,4,FALSE),VLOOKUP(Y10,F:I,4,FALSE),VLOOKUP(Y10,J:M,4,FALSE),VLOOKUP(Y10,N:Q,4,FALSE),VLOOKUP(Y10,R:U,4,FALSE)) -> #NAME? | AB10: =AA10+VLOOKUP(Z10,AH:AJ,3) -> #NAME? | AC10: =X10 -> Glastonbury HS Team A | AE10: =AE9+1 -> 3 | AF10: 0 | AH10: =B23 -> Division 5 (SHPE) | AI10: =SUM(E26:E31,I26:I31,M26:M31,Q26:Q31,U26:U31) -> #NAME? | AJ10: =AI10*0.0211 -> #NAME?
B11: =X27 -> Pomperaug Regional HS | D11: FALSE | E11: =_xludf.IFS(C11="",0,(C11-C10)>0,C11+100,(C11-C10)=0,C11+50,(C11-C10)<0,C11) -> #NAME? | F11: =B9 -> Southington HS Team A | H11: FALSE | I11: =_xludf.IFS(G11="",0,(G11-G10)>0,G11+100,(G11-G10)=0,G11+50,(G11-G10)<0,G11) -> #NAME? | J11: =F13 -> Pomperaug Regional HS | L11: FALSE | M11: =_xludf.IFS(K11="",0,(K11-K10)>0,K11+100,(K11-K10)=0,K11+50,(K11-K10)<0,K11) -> #NAME? | N11: =J10 -> Rocky Hill HS Team B | P11: FALSE | Q11: =_xludf.IFS(O11="",0,(O11-O10)>0,O11+100,(O11-O10)=0,O11+50,(O11-O10)<0,O11) -> #NAME? | R11: =N13 -> Univ HS of Sci & Engineering | T11: FALSE | U11: =_xludf.IFS(S11="",0,(S11-S10)>0,S11+100,(S11-S10)=0,S11+50,(S11-S10)<0,S11) -> #NAME? | W11: =W10+1 -> 4 | X11: Fairfield Warde HS | Y11: Cheshire HS Team B | Z11: =IF(MATCH(Y11,R:R,0)<14,$B$5,IF(MATCH(Y11,R:R,0)<23,$B$14,IF(MATCH(Y11,R:R,0)<32,$B$23,IF(MATCH(Y11,R:R,0)<41,$B$32,IF(MATCH(Y11,R:R,0)<50,$B$41))))) -> Division 7 (SASE) | AA11: =SUM(VLOOKUP(Y11,B:E,4,FALSE),VLOOKUP(Y11,F:I,4,FALSE),VLOOKUP(Y11,J:M,4,FALSE),VLOOKUP(Y11,N:Q,4,FALSE),VLOOKUP(Y11,R:U,4,FALSE)) -> #NAME? | AB11: =AA11+VLOOKUP(Z11,AH:AJ,3) -> #NAME? | AC11: =X11 -> Fairfield Warde HS | AE11: =AE10+1 -> 4 | AF11: 0 | AH11: =B32 -> Division 7 (SASE) | AI11: =SUM(E35:E40,I35:I40,M35:M40,Q35:Q40,U35:U40) -> #NAME? | AJ11: =AI11*0.0211 -> #NAME?
B12: =X28 -> The Open Spot | D12: FALSE | E12: =_xludf.IFS(C12="",0,(C12-C13)>0,C12+100,(C12-C13)=0,C12+50,(C12-C13)<0,C12) -> #NAME? | F12: =B8 -> E. O. Smith HS Team A | H12: FALSE | I12: =_xludf.IFS(G12="",0,(G12-G13)>0,G12+100,(G12-G13)=0,G12+50,(G12-G13)<0,G12) -> #NAME? | J12: =F8 -> Univ HS of Sci & Engineering | L12: FALSE | M12: =_xludf.IFS(K12="",0,(K12-K13)>0,K12+100,(K12-K13)=0,K12+50,(K12-K13)<0,K12) -> #NAME? | N12: =J9 -> The Open Spot | P12: FALSE | Q12: =_xludf.IFS(O12="",0,(O12-O13)>0,O12+100,(O12-O13)=0,O12+50,(O12-O13)<0,O12) -> #NAME? | R12: =N11 -> Rocky Hill HS Team B | T12: FALSE | U12: =_xludf.IFS(S12="",0,(S12-S13)>0,S12+100,(S12-S13)=0,S12+50,(S12-S13)<0,S12) -> #NAME? | W12: =W11+1 -> 5 | X12: Cheshire HS Team A | Y12: Choate Rosemary Hall | Z12: =IF(MATCH(Y12,R:R,0)<14,$B$5,IF(MATCH(Y12,R:R,0)<23,$B$14,IF(MATCH(Y12,R:R,0)<32,$B$23,IF(MATCH(Y12,R:R,0)<41,$B$32,IF(MATCH(Y12,R:R,0)<50,$B$41))))) -> Division 7 (SASE) | AA12: =SUM(VLOOKUP(Y12,B:E,4,FALSE),VLOOKUP(Y12,F:I,4,FALSE),VLOOKUP(Y12,J:M,4,FALSE),VLOOKUP(Y12,N:Q,4,FALSE),VLOOKUP(Y12,R:U,4,FALSE)) -> #NAME? | AB12: =AA12+VLOOKUP(Z12,AH:AJ,3) -> #NAME? | AC12: =X12 -> Cheshire HS Team A | AE12: =AE11+1 -> 5 | AF12: 0 | AH12: =B41 -> Division 9 (LC) | AI12: =SUM(E44:E49,I44:I49,M44:M49,Q44:Q49,U44:U49) -> #NAME? | AJ12: =AI12*0.0211 -> #NAME?
B13: =X37 -> Rocky Hill HS Team B | D13: FALSE | E13: =_xludf.IFS(C13="",0,(C13-C12)>0,C13+100,(C13-C12)=0,C13+50,(C13-C12)<0,C13) -> #NAME? | F13: =B11 -> Pomperaug Regional HS | H13: FALSE | I13: =_xludf.IFS(G13="",0,(G13-G12)>0,G13+100,(G13-G12)=0,G13+50,(G13-G12)<0,G13) -> #NAME? | J13: =F11 -> Southington HS Team A | L13: FALSE | M13: =_xludf.IFS(K13="",0,(K13-K12)>0,K13+100,(K13-K12)=0,K13+50,(K13-K12)<0,K13) -> #NAME? | N13: =J12 -> Univ HS of Sci & Engineering | P13: FALSE | Q13: =_xludf.IFS(O13="",0,(O13-O12)>0,O13+100,(O13-O12)=0,O13+50,(O13-O12)<0,O13) -> #NAME? | R13: =N8 -> Southington HS Team A | T13: FALSE | U13: =_xludf.IFS(S13="",0,(S13-S12)>0,S13+100,(S13-S12)=0,S13+50,(S13-S12)<0,S13) -> #NAME? | W13: =W12+1 -> 6 | X13: Staples HS | Y13: Conard HS | Z13: =IF(MATCH(Y13,R:R,0)<14,$B$5,IF(MATCH(Y13,R:R,0)<23,$B$14,IF(MATCH(Y13,R:R,0)<32,$B$23,IF(MATCH(Y13,R:R,0)<41,$B$32,IF(MATCH(Y13,R:R,0)<50,$B$41))))) -> Division 5 (SHPE) | AA13: =SUM(VLOOKUP(Y13,B:E,4,FALSE),VLOOKUP(Y13,F:I,4,FALSE),VLOOKUP(Y13,J:M,4,FALSE),VLOOKUP(Y13,N:Q,4,FALSE),VLOOKUP(Y13,R:U,4,FALSE)) -> #NAME? | AB13: =AA13+VLOOKUP(Z13,AH:AJ,3) -> #NAME? | AC13: =X13 -> Staples HS | AE13: =AE12+1 -> 6 | AF13: 0
B14: Division 3 (SWE) | W14: =W13+1 -> 7 | X14: Farmington HS | Y14: E. O. Smith HS Team A | Z14: =IF(MATCH(Y14,R:R,0)<14,$B$5,IF(MATCH(Y14,R:R,0)<23,$B$14,IF(MATCH(Y14,R:R,0)<32,$B$23,IF(MATCH(Y14,R:R,0)<41,$B$32,IF(MATCH(Y14,R:R,0)<50,$B$41))))) -> Division 1 (EA) | AA14: =SUM(VLOOKUP(Y14,B:E,4,FALSE),VLOOKUP(Y14,F:I,4,FALSE),VLOOKUP(Y14,J:M,4,FALSE),VLOOKUP(Y14,N:Q,4,FALSE),VLOOKUP(Y14,R:U,4,FALSE)) -> #NAME? | AB14: =AA14+VLOOKUP(Z14,AH:AJ,3) -> #NAME? | AC14: =X14 -> Farmington HS | AE14: =AE13+1 -> 7 | AF14: 0
W15: =W14+1 -> 8 | X15: Rocky Hill HS Team A | Y15: E. O. Smith HS Team B | Z15: =IF(MATCH(Y15,R:R,0)<14,$B$5,IF(MATCH(Y15,R:R,0)<23,$B$14,IF(MATCH(Y15,R:R,0)<32,$B$23,IF(MATCH(Y15,R:R,0)<41,$B$32,IF(MATCH(Y15,R:R,0)<50,$B$41))))) -> Division 9 (LC) | AA15: =SUM(VLOOKUP(Y15,B:E,4,FALSE),VLOOKUP(Y15,F:I,4,FALSE),VLOOKUP(Y15,J:M,4,FALSE),VLOOKUP(Y15,N:Q,4,FALSE),VLOOKUP(Y15,R:U,4,FALSE)) -> #NAME? | AB15: =AA15+VLOOKUP(Z15,AH:AJ,3) -> #NAME? | AC15: =X15 -> Rocky Hill HS Team A | AE15: =AE14+1 -> 8 | AF15: 0
B16: Teams | C16: Score | D16: CC Verification | E16: Points | F16: Teams | G16: Score | H16: CC Verification | I16: Points | J16: Teams | K16: Score | L16: CC Verification | M16: Points | N16: Teams | O16: Score | P16: CC Verification | Q16: Points | R16: Teams | S16: Score | T16: CC Verification | U16: Points | W16: =W15+1 -> 9 | X16: New Canaan HS | Y16: East Lyme HS | Z16: =IF(MATCH(Y16,R:R,0)<14,$B$5,IF(MATCH(Y16,R:R,0)<23,$B$14,IF(MATCH(Y16,R:R,0)<32,$B$23,IF(MATCH(Y16,R:R,0)<41,$B$32,IF(MATCH(Y16,R:R,0)<50,$B$41))))) -> Division 9 (LC) | AA16: =SUM(VLOOKUP(Y16,B:E,4,FALSE),VLOOKUP(Y16,F:I,4,FALSE),VLOOKUP(Y16,J:M,4,FALSE),VLOOKUP(Y16,N:Q,4,FALSE),VLOOKUP(Y16,R:U,4,FALSE)) -> #NAME? | AB16: =AA16+VLOOKUP(Z16,AH:AJ,3) -> #NAME? | AC16: =X16 -> New Canaan HS | AE16: =AE15+1 -> 9 | AF16: 0
B17: =X9 -> Greenwich HS Team A | D17: FALSE | E17: =_xludf.IFS(C17="",0,(C17-C18)>0,C17+100,(C17-C18)=0,C17+50,(C17-C18)<0,C17) -> #NAME? | F17: =B19 -> Newtown HS | H17: FALSE | I17: =_xludf.IFS(G17="",0,(G17-G18)>0,G17+100,(G17-G18)=0,G17+50,(G17-G18)<0,G17) -> #NAME? | J17: =F21 -> Greenwich HS Team A | L17: FALSE | M17: =_xludf.IFS(K17="",0,(K17-K18)>0,K17+100,(K17-K18)=0,K17+50,(K17-K18)<0,K17) -> #NAME? | N17: =J22 -> New Canaan HS | P17: FALSE | Q17: =_xludf.IFS(O17="",0,(O17-O18)>0,O17+100,(O17-O18)=0,O17+50,(O17-O18)<0,O17) -> #NAME? | R17: =N21 -> The Loomis Chaffee School | T17: FALSE | U17: =_xludf.IFS(S17="",0,(S17-S18)>0,S17+100,(S17-S18)=0,S17+50,(S17-S18)<0,S17) -> #NAME? | W17: =W16+1 -> 10 | X17: Southington HS Team A | Y17: Fairfield Ludlowe HS | Z17: =IF(MATCH(Y17,R:R,0)<14,$B$5,IF(MATCH(Y17,R:R,0)<23,$B$14,IF(MATCH(Y17,R:R,0)<32,$B$23,IF(MATCH(Y17,R:R,0)<41,$B$32,IF(MATCH(Y17,R:R,0)<50,$B$41))))) -> Division 9 (LC) | AA17: =SUM(VLOOKUP(Y17,B:E,4,FALSE),VLOOKUP(Y17,F:I,4,FALSE),VLOOKUP(Y17,J:M,4,FALSE),VLOOKUP(Y17,N:Q,4,FALSE),VLOOKUP(Y17,R:U,4,FALSE)) -> #NAME? | AB17: =AA17+VLOOKUP(Z17,AH:AJ,3) -> #NAME? | AC17: =X17 -> Southington HS Team A | AE17: =AE16+1 -> 10 | AF17: 0
B18: =X16 -> New Canaan HS | D18: FALSE | E18: =_xludf.IFS(C18="",0,(C18-C17)>0,C18+100,(C18-C17)=0,C18+50,(C18-C17)<0,C18) -> #NAME? | F18: =B22 -> Southington HS Team B | H18: FALSE | I18: =_xludf.IFS(G18="",0,(G18-G17)>0,G18+100,(G18-G17)=0,G18+50,(G18-G17)<0,G18) -> #NAME? | J18: =F19 -> The Loomis Chaffee School | L18: FALSE | M18: =_xludf.IFS(K18="",0,(K18-K17)>0,K18+100,(K18-K17)=0,K18+50,(K18-K17)<0,K18) -> #NAME? | N18: =J20 -> Amity Regional HS | P18: FALSE | Q18: =_xludf.IFS(O18="",0,(O18-O17)>0,O18+100,(O18-O17)=0,O18+50,(O18-O17)<0,O18) -> #NAME? | R18: =N18 -> Amity Regional HS | T18: FALSE | U18: =_xludf.IFS(S18="",0,(S18-S17)>0,S18+100,(S18-S17)=0,S18+50,(S18-S17)<0,S18) -> #NAME? | W18: =W17+1 -> 11 | X18: Univ HS of Sci & Engineering | Y18: Fairfield Warde HS | Z18: =IF(MATCH(Y18,R:R,0)<14,$B$5,IF(MATCH(Y18,R:R,0)<23,$B$14,IF(MATCH(Y18,R:R,0)<32,$B$23,IF(MATCH(Y18,R:R,0)<41,$B$32,IF(MATCH(Y18,R:R,0)<50,$B$41))))) -> Division 7 (SASE) | AA18: =SUM(VLOOKUP(Y18,B:E,4,FALSE),VLOOKUP(Y18,F:I,4,FALSE),VLOOKUP(Y18,J:M,4,FALSE),VLOOKUP(Y18,N:Q,4,FALSE),VLOOKUP(Y18,R:U,4,FALSE)) -> #NAME? | AB18: =AA18+VLOOKUP(Z18,AH:AJ,3) -> #NAME? | AC18: =X18 -> Univ HS of Sci & Engineering | AE18: =AE17+1 -> 11 | AF18: 0
B19: =X19 -> Newtown HS | D19: FALSE | E19: =_xludf.IFS(C19="",0,(C19-C20)>0,C19+100,(C19-C20)=0,C19+50,(C19-C20)<0,C19) -> #NAME? | F19: =B21 -> The Loomis Chaffee School | H19: FALSE | I19: =_xludf.IFS(G19="",0,(G19-G20)>0,G19+100,(G19-G20)=0,G19+50,(G19-G20)<0,G19) -> #NAME? | J19: =F18 -> Southington HS Team B | L19: FALSE | M19: =_xludf.IFS(K19="",0,(K19-K20)>0,K19+100,(K19-K20)=0,K19+50,(K19-K20)<0,K19) -> #NAME? | N19: =J17 -> Greenwich HS Team A | P19: FALSE | Q19: =_xludf.IFS(O19="",0,(O19-O20)>0,O19+100,(O19-O20)=0,O19+50,(O19-O20)<0,O19) -> #NAME? | R19: =N19 -> Greenwich HS Team A | T19: FALSE | U19: =_xludf.IFS(S19="",0,(S19-S20)>0,S19+100,(S19-S20)=0,S19+50,(S19-S20)<0,S19) -> #NAME? | W19: =W18+1 -> 12 | X19: Newtown HS | Y19: Farmington HS | Z19: =IF(MATCH(Y19,R:R,0)<14,$B$5,IF(MATCH(Y19,R:R,0)<23,$B$14,IF(MATCH(Y19,R:R,0)<32,$B$23,IF(MATCH(Y19,R:R,0)<41,$B$32,IF(MATCH(Y19,R:R,0)<50,$B$41))))) -> Division 7 (SASE) | AA19: =SUM(VLOOKUP(Y19,B:E,4,FALSE),VLOOKUP(Y19,F:I,4,FALSE),VLOOKUP(Y19,J:M,4,FALSE),VLOOKUP(Y19,N:Q,4,FALSE),VLOOKUP(Y19,R:U,4,FALSE)) -> #NAME? | AB19: =AA19+VLOOKUP(Z19,AH:AJ,3) -> #NAME? | AC19: =X19 -> Newtown HS | AE19: =AE18+1 -> 12 | AF19: 0
B20: =X26 -> Amity Regional HS | D20: FALSE | E20: =_xludf.IFS(C20="",0,(C20-C19)>0,C20+100,(C20-C19)=0,C20+50,(C20-C19)<0,C20) -> #NAME? | F20: =B18 -> New Canaan HS | H20: FALSE | I20: =_xludf.IFS(G20="",0,(G20-G19)>0,G20+100,(G20-G19)=0,G20+50,(G20-G19)<0,G20) -> #NAME? | J20: =F22 -> Amity Regional HS | L20: FALSE | M20: =_xludf.IFS(K20="",0,(K20-K19)>0,K20+100,(K20-K19)=0,K20+50,(K20-K19)<0,K20) -> #NAME? | N20: =J19 -> Southington HS Team B | P20: FALSE | Q20: =_xludf.IFS(O20="",0,(O20-O19)>0,O20+100,(O20-O19)=0,O20+50,(O20-O19)<0,O20) -> #NAME? | R20: =N22 -> Newtown HS | T20: FALSE | U20: =_xludf.IFS(S20="",0,(S20-S19)>0,S20+100,(S20-S19)=0,S20+50,(S20-S19)<0,S20) -> #NAME? | W20: =W19+1 -> 13 | X20: Greenwich HS Team B | Y20: Glastonbury HS Team A | Z20: =IF(MATCH(Y20,R:R,0)<14,$B$5,IF(MATCH(Y20,R:R,0)<23,$B$14,IF(MATCH(Y20,R:R,0)<32,$B$23,IF(MATCH(Y20,R:R,0)<41,$B$32,IF(MATCH(Y20,R:R,0)<50,$B$41))))) -> Division 5 (SHPE) | AA20: =SUM(VLOOKUP(Y20,B:E,4,FALSE),VLOOKUP(Y20,F:I,4,FALSE),VLOOKUP(Y20,J:M,4,FALSE),VLOOKUP(Y20,N:Q,4,FALSE),VLOOKUP(Y20,R:U,4,FALSE)) -> #NAME? | AB20: =AA20+VLOOKUP(Z20,AH:AJ,3) -> #NAME? | AC20: =X20 -> Greenwich HS Team B | AE20: =AE19+1 -> 13 | AF20: 0
B21: =X29 -> The Loomis Chaffee School | D21: FALSE | E21: =_xludf.IFS(C21="",0,(C21-C22)>0,C21+100,(C21-C22)=0,C21+50,(C21-C22)<0,C21) -> #NAME? | F21: =B17 -> Greenwich HS Team A | H21: FALSE | I21: =_xludf.IFS(G21="",0,(G21-G22)>0,G21+100,(G21-G22)=0,G21+50,(G21-G22)<0,G21) -> #NAME? | J21: =F17 -> Newtown HS | L21: FALSE | M21: =_xludf.IFS(K21="",0,(K21-K22)>0,K21+100,(K21-K22)=0,K21+50,(K21-K22)<0,K21) -> #NAME? | N21: =J18 -> The Loomis Chaffee School | P21: FALSE | Q21: =_xludf.IFS(O21="",0,(O21-O22)>0,O21+100,(O21-O22)=0,O21+50,(O21-O22)<0,O21) -> #NAME? | R21: =N20 -> Southington HS Team B | T21: FALSE | U21: =_xludf.IFS(S21="",0,(S21-S22)>0,S21+100,(S21-S22)=0,S21+50,(S21-S22)<0,S21) -> #NAME? | W21: =W20+1 -> 14 | X21: Glastonbury HS Team B | Y21: Glastonbury HS Team B | Z21: =IF(MATCH(Y21,R:R,0)<14,$B$5,IF(MATCH(Y21,R:R,0)<23,$B$14,IF(MATCH(Y21,R:R,0)<32,$B$23,IF(MATCH(Y21,R:R,0)<41,$B$32,IF(MATCH(Y21,R:R,0)<50,$B$41))))) -> Division 7 (SASE) | AA21: =SUM(VLOOKUP(Y21,B:E,4,FALSE),VLOOKUP(Y21,F:I,4,FALSE),VLOOKUP(Y21,J:M,4,FALSE),VLOOKUP(Y21,N:Q,4,FALSE),VLOOKUP(Y21,R:U,4,FALSE)) -> #NAME? | AB21: =AA21+VLOOKUP(Z21,AH:AJ,3) -> #NAME? | AC21: =X21 -> Glastonbury HS Team B | AE21: =AE20+1 -> 14 | AF21: 0
B22: =X36 -> Southington HS Team B | D22: FALSE | E22: =_xludf.IFS(C22="",0,(C22-C21)>0,C22+100,(C22-C21)=0,C22+50,(C22-C21)<0,C22) -> #NAME? | F22: =B20 -> Amity Regional HS | H22: FALSE | I22: =_xludf.IFS(G22="",0,(G22-G21)>0,G22+100,(G22-G21)=0,G22+50,(G22-G21)<0,G22) -> #NAME? | J22: =F20 -> New Canaan HS | L22: FALSE | M22: =_xludf.IFS(K22="",0,(K22-K21)>0,K22+100,(K22-K21)=0,K22+50,(K22-K21)<0,K22) -> #NAME? | N22: =J21 -> Newtown HS | P22: FALSE | Q22: =_xludf.IFS(O22="",0,(O22-O21)>0,O22+100,(O22-O21)=0,O22+50,(O22-O21)<0,O22) -> #NAME? | R22: =N17 -> New Canaan HS | T22: FALSE | U22: =_xludf.IFS(S22="",0,(S22-S21)>0,S22+100,(S22-S21)=0,S22+50,(S22-S21)<0,S22) -> #NAME? | W22: =W21+1 -> 15 | X22: E. O. Smith HS Team B | Y22: Greenwich HS Team A | Z22: =IF(MATCH(Y22,R:R,0)<14,$B$5,IF(MATCH(Y22,R:R,0)<23,$B$14,IF(MATCH(Y22,R:R,0)<32,$B$23,IF(MATCH(Y22,R:R,0)<41,$B$32,IF(MATCH(Y22,R:R,0)<50,$B$41))))) -> Division 3 (SWE) | AA22: =SUM(VLOOKUP(Y22,B:E,4,FALSE),VLOOKUP(Y22,F:I,4,FALSE),VLOOKUP(Y22,J:M,4,FALSE),VLOOKUP(Y22,N:Q,4,FALSE),VLOOKUP(Y22,R:U,4,FALSE)) -> #NAME? | AB22: =AA22+VLOOKUP(Z22,AH:AJ,3) -> #NAME? | AC22: =X22 -> E. O. Smith HS Team B | AE22: =AE21+1 -> 15 | AF22: 0
B23: Division 5 (SHPE) | W23: =W22+1 -> 16 | X23: Fairfield Ludlowe HS | Y23: Greenwich HS Team B | Z23: =IF(MATCH(Y23,R:R,0)<14,$B$5,IF(MATCH(Y23,R:R,0)<23,$B$14,IF(MATCH(Y23,R:R,0)<32,$B$23,IF(MATCH(Y23,R:R,0)<41,$B$32,IF(MATCH(Y23,R:R,0)<50,$B$41))))) -> Division 5 (SHPE) | AA23: =SUM(VLOOKUP(Y23,B:E,4,FALSE),VLOOKUP(Y23,F:I,4,FALSE),VLOOKUP(Y23,J:M,4,FALSE),VLOOKUP(Y23,N:Q,4,FALSE),VLOOKUP(Y23,R:U,4,FALSE)) -> #NAME? | AB23: =AA23+VLOOKUP(Z23,AH:AJ,3) -> #NAME? | AC23: =X23 -> Fairfield Ludlowe HS | AE23: =AE22+1 -> 16 | AF23: 0
W24: =W23+1 -> 17 | X24: Choate Rosemary Hall | Y24: Hopkins School | Z24: =IF(MATCH(Y24,R:R,0)<14,$B$5,IF(MATCH(Y24,R:R,0)<23,$B$14,IF(MATCH(Y24,R:R,0)<32,$B$23,IF(MATCH(Y24,R:R,0)<41,$B$32,IF(MATCH(Y24,R:R,0)<50,$B$41))))) -> Division 5 (SHPE) | AA24: =SUM(VLOOKUP(Y24,B:E,4,FALSE),VLOOKUP(Y24,F:I,4,FALSE),VLOOKUP(Y24,J:M,4,FALSE),VLOOKUP(Y24,N:Q,4,FALSE),VLOOKUP(Y24,R:U,4,FALSE)) -> #NAME? | AB24: =AA24+VLOOKUP(Z24,AH:AJ,3) -> #NAME? | AC24: =X24 -> Choate Rosemary Hall | AE24: =AE23+1 -> 17 | AF24: 0
B25: Teams | C25: Score | D25: CC Verification | E25: Points | F25: Teams | G25: Score | H25: CC Verification | I25: Points | J25: Teams | K25: Score | L25: CC Verification | M25: Points | N25: Teams | O25: Score | P25: CC Verification | Q25: Points | R25: Teams | S25: Score | T25: CC Verification | U25: Points | W25: =W24+1 -> 18 | X25: Conard HS | Y25: New Canaan HS | Z25: =IF(MATCH(Y25,R:R,0)<14,$B$5,IF(MATCH(Y25,R:R,0)<23,$B$14,IF(MATCH(Y25,R:R,0)<32,$B$23,IF(MATCH(Y25,R:R,0)<41,$B$32,IF(MATCH(Y25,R:R,0)<50,$B$41))))) -> Division 3 (SWE) | AA25: =SUM(VLOOKUP(Y25,B:E,4,FALSE),VLOOKUP(Y25,F:I,4,FALSE),VLOOKUP(Y25,J:M,4,FALSE),VLOOKUP(Y25,N:Q,4,FALSE),VLOOKUP(Y25,R:U,4,FALSE)) -> #NAME? | AB25: =AA25+VLOOKUP(Z25,AH:AJ,3) -> #NAME? | AC25: =X25 -> Conard HS | AE25: =AE24+1 -> 18 | AF25: 0
B26: =X10 -> Glastonbury HS Team A | D26: FALSE | E26: =_xludf.IFS(C26="",0,(C26-C27)>0,C26+100,(C26-C27)=0,C26+50,(C26-C27)<0,C26) -> #NAME? | F26: =B28 -> Greenwich HS Team B | H26: FALSE | I26: =_xludf.IFS(G26="",0,(G26-G27)>0,G26+100,(G26-G27)=0,G26+50,(G26-G27)<0,G26) -> #NAME? | J26: =F30 -> Glastonbury HS Team A | L26: FALSE | M26: =_xludf.IFS(K26="",0,(K26-K27)>0,K26+100,(K26-K27)=0,K26+50,(K26-K27)<0,K26) -> #NAME? | N26: =J31 -> Rocky Hill HS Team A | P26: FALSE | Q26: =_xludf.IFS(O26="",0,(O26-O27)>0,O26+100,(O26-O27)=0,O26+50,(O26-O27)<0,O26) -> #NAME? | R26: =N30 -> Waterford HS | T26: FALSE | U26: =_xludf.IFS(S26="",0,(S26-S27)>0,S26+100,(S26-S27)=0,S26+50,(S26-S27)<0,S26) -> #NAME? | W26: =W25+1 -> 19 | X26: Amity Regional HS | Y26: Newtown HS | Z26: =IF(MATCH(Y26,R:R,0)<14,$B$5,IF(MATCH(Y26,R:R,0)<23,$B$14,IF(MATCH(Y26,R:R,0)<32,$B$23,IF(MATCH(Y26,R:R,0)<41,$B$32,IF(MATCH(Y26,R:R,0)<50,$B$41))))) -> Division 3 (SWE) | AA26: =SUM(VLOOKUP(Y26,B:E,4,FALSE),VLOOKUP(Y26,F:I,4,FALSE),VLOOKUP(Y26,J:M,4,FALSE),VLOOKUP(Y26,N:Q,4,FALSE),VLOOKUP(Y26,R:U,4,FALSE)) -> #NAME? | AB26: =AA26+VLOOKUP(Z26,AH:AJ,3) -> #NAME? | AC26: =X26 -> Amity Regional HS | AE26: =AE25+1 -> 19 | AF26: 0
B27: =X15 -> Rocky Hill HS Team A | D27: FALSE | E27: =_xludf.IFS(C27="",0,(C27-C26)>0,C27+100,(C27-C26)=0,C27+50,(C27-C26)<0,C27) -> #NAME? | F27: =B31 -> Hopkins School | H27: FALSE | I27: =_xludf.IFS(G27="",0,(G27-G26)>0,G27+100,(G27-G26)=0,G27+50,(G27-G26)<0,G27) -> #NAME? | J27: =F28 -> Waterford HS | L27: FALSE | M27: =_xludf.IFS(K27="",0,(K27-K26)>0,K27+100,(K27-K26)=0,K27+50,(K27-K26)<0,K27) -> #NAME? | N27: =J29 -> Conard HS | P27: FALSE | Q27: =_xludf.IFS(O27="",0,(O27-O26)>0,O27+100,(O27-O26)=0,O27+50,(O27-O26)<0,O27) -> #NAME? | R27: =N27 -> Conard HS | T27: FALSE | U27: =_xludf.IFS(S27="",0,(S27-S26)>0,S27+100,(S27-S26)=0,S27+50,(S27-S26)<0,S27) -> #NAME? | W27: =W26+1 -> 20 | X27: Pomperaug Regional HS | Y27: Pomperaug Regional HS | Z27: =IF(MATCH(Y27,R:R,0)<14,$B$5,IF(MATCH(Y27,R:R,0)<23,$B$14,IF(MATCH(Y27,R:R,0)<32,$B$23,IF(MATCH(Y27,R:R,0)<41,$B$32,IF(MATCH(Y27,R:R,0)<50,$B$41))))) -> Division 1 (EA) | AA27: =SUM(VLOOKUP(Y27,B:E,4,FALSE),VLOOKUP(Y27,F:I,4,FALSE),VLOOKUP(Y27,J:M,4,FALSE),VLOOKUP(Y27,N:Q,4,FALSE),VLOOKUP(Y27,R:U,4,FALSE)) -> #NAME? | AB27: =AA27+VLOOKUP(Z27,AH:AJ,3) -> #NAME? | AC27: =X27 -> Pomperaug Regional HS | AE27: =AE26+1 -> 20 | AF27: 0
B28: =X20 -> Greenwich HS Team B | D28: FALSE | E28: =_xludf.IFS(C28="",0,(C28-C29)>0,C28+100,(C28-C29)=0,C28+50,(C28-C29)<0,C28) -> #NAME? | F28: =B30 -> Waterford HS | H28: FALSE | I28: =_xludf.IFS(G28="",0,(G28-G29)>0,G28+100,(G28-G29)=0,G28+50,(G28-G29)<0,G28) -> #NAME? | J28: =F27 -> Hopkins School | L28: FALSE | M28: =_xludf.IFS(K28="",0,(K28-K29)>0,K28+100,(K28-K29)=0,K28+50,(K28-K29)<0,K28) -> #NAME? | N28: =J26 -> Glastonbury HS Team A | P28: FALSE | Q28: =_xludf.IFS(O28="",0,(O28-O29)>0,O28+100,(O28-O29)=0,O28+50,(O28-O29)<0,O28) -> #NAME? | R28: =N28 -> Glastonbury HS Team A | T28: FALSE | U28: =_xludf.IFS(S28="",0,(S28-S29)>0,S28+100,(S28-S29)=0,S28+50,(S28-S29)<0,S28) -> #NAME? | W28: =W27+1 -> 21 | X28: The Open Spot | Y28: Rocky Hill HS Team A | Z28: =IF(MATCH(Y28,R:R,0)<14,$B$5,IF(MATCH(Y28,R:R,0)<23,$B$14,IF(MATCH(Y28,R:R,0)<32,$B$23,IF(MATCH(Y28,R:R,0)<41,$B$32,IF(MATCH(Y28,R:R,0)<50,$B$41))))) -> Division 5 (SHPE) | AA28: =SUM(VLOOKUP(Y28,B:E,4,FALSE),VLOOKUP(Y28,F:I,4,FALSE),VLOOKUP(Y28,J:M,4,FALSE),VLOOKUP(Y28,N:Q,4,FALSE),VLOOKUP(Y28,R:U,4,FALSE)) -> #NAME? | AB28: =AA28+VLOOKUP(Z28,AH:AJ,3) -> #NAME? | AC28: =X28 -> The Open Spot | AE28: =AE27+1 -> 21 | AF28: 0
B29: =X25 -> Conard HS | D29: FALSE | E29: =_xludf.IFS(C29="",0,(C29-C28)>0,C29+100,(C29-C28)=0,C29+50,(C29-C28)<0,C29) -> #NAME? | F29: =B27 -> Rocky Hill HS Team A | H29: FALSE | I29: =_xludf.IFS(G29="",0,(G29-G28)>0,G29+100,(G29-G28)=0,G29+50,(G29-G28)<0,G29) -> #NAME? | J29: =F31 -> Conard HS | L29: FALSE | M29: =_xludf.IFS(K29="",0,(K29-K28)>0,K29+100,(K29-K28)=0,K29+50,(K29-K28)<0,K29) -> #NAME? | N29: =J28 -> Hopkins School | P29: FALSE | Q29: =_xludf.IFS(O29="",0,(O29-O28)>0,O29+100,(O29-O28)=0,O29+50,(O29-O28)<0,O29) -> #NAME? | R29: =N31 -> Greenwich HS Team B | T29: FALSE | U29: =_xludf.IFS(S29="",0,(S29-S28)>0,S29+100,(S29-S28)=0,S29+50,(S29-S28)<0,S29) -> #NAME? | W29: =W28+1 -> 22 | X29: The Loomis Chaffee School | Y29: Rocky Hill HS Team B | Z29: =IF(MATCH(Y29,R:R,0)<14,$B$5,IF(MATCH(Y29,R:R,0)<23,$B$14,IF(MATCH(Y29,R:R,0)<32,$B$23,IF(MATCH(Y29,R:R,0)<41,$B$32,IF(MATCH(Y29,R:R,0)<50,$B$41))))) -> Division 1 (EA) | AA29: =SUM(VLOOKUP(Y29,B:E,4,FALSE),VLOOKUP(Y29,F:I,4,FALSE),VLOOKUP(Y29,J:M,4,FALSE),VLOOKUP(Y29,N:Q,4,FALSE),VLOOKUP(Y29,R:U,4,FALSE)) -> #NAME? | AB29: =AA29+VLOOKUP(Z29,AH:AJ,3) -> #NAME? | AC29: =X29 -> The Loomis Chaffee School | AE29: =AE28+1 -> 22 | AF29: 0
B30: =X30 -> Waterford HS | D30: FALSE | E30: =_xludf.IFS(C30="",0,(C30-C31)>0,C30+100,(C30-C31)=0,C30+50,(C30-C31)<0,C30) -> #NAME? | F30: =B26 -> Glastonbury HS Team A | H30: FALSE | I30: =_xludf.IFS(G30="",0,(G30-G31)>0,G30+100,(G30-G31)=0,G30+50,(G30-G31)<0,G30) -> #NAME? | J30: =F26 -> Greenwich HS Team B | L30: FALSE | M30: =_xludf.IFS(K30="",0,(K30-K31)>0,K30+100,(K30-K31)=0,K30+50,(K30-K31)<0,K30) -> #NAME? | N30: =J27 -> Waterford HS | P30: FALSE | Q30: =_xludf.IFS(O30="",0,(O30-O31)>0,O30+100,(O30-O31)=0,O30+50,(O30-O31)<0,O30) -> #NAME? | R30: =N29 -> Hopkins School | T30: FALSE | U30: =_xludf.IFS(S30="",0,(S30-S31)>0,S30+100,(S30-S31)=0,S30+50,(S30-S31)<0,S30) -> #NAME? | W30: =W29+1 -> 23 | X30: Waterford HS | Y30: South Windsor HS | Z30: =IF(MATCH(Y30,R:R,0)<14,$B$5,IF(MATCH(Y30,R:R,0)<23,$B$14,IF(MATCH(Y30,R:R,0)<32,$B$23,IF(MATCH(Y30,R:R,0)<41,$B$32,IF(MATCH(Y30,R:R,0)<50,$B$41))))) -> Division 7 (SASE) | AA30: =SUM(VLOOKUP(Y30,B:E,4,FALSE),VLOOKUP(Y30,F:I,4,FALSE),VLOOKUP(Y30,J:M,4,FALSE),VLOOKUP(Y30,N:Q,4,FALSE),VLOOKUP(Y30,R:U,4,FALSE)) -> #NAME? | AB30: =AA30+VLOOKUP(Z30,AH:AJ,3) -> #NAME? | AC30: =X30 -> Waterford HS | AE30: =AE29+1 -> 23 | AF30: 0
B31: =X35 -> Hopkins School | D31: FALSE | E31: =_xludf.IFS(C31="",0,(C31-C30)>0,C31+100,(C31-C30)=0,C31+50,(C31-C30)<0,C31) -> #NAME? | F31: =B29 -> Conard HS | H31: FALSE | I31: =_xludf.IFS(G31="",0,(G31-G30)>0,G31+100,(G31-G30)=0,G31+50,(G31-G30)<0,G31) -> #NAME? | J31: =F29 -> Rocky Hill HS Team A | L31: FALSE | M31: =_xludf.IFS(K31="",0,(K31-K30)>0,K31+100,(K31-K30)=0,K31+50,(K31-K30)<0,K31) -> #NAME? | N31: =J30 -> Greenwich HS Team B | P31: FALSE | Q31: =_xludf.IFS(O31="",0,(O31-O30)>0,O31+100,(O31-O30)=0,O31+50,(O31-O30)<0,O31) -> #NAME? | R31: =N26 -> Rocky Hill HS Team A | T31: FALSE | U31: =_xludf.IFS(S31="",0,(S31-S30)>0,S31+100,(S31-S30)=0,S31+50,(S31-S30)<0,S31) -> #NAME? | W31: =W30+1 -> 24 | X31: South Windsor HS | Y31: Southington HS Team A | Z31: =IF(MATCH(Y31,R:R,0)<14,$B$5,IF(MATCH(Y31,R:R,0)<23,$B$14,IF(MATCH(Y31,R:R,0)<32,$B$23,IF(MATCH(Y31,R:R,0)<41,$B$32,IF(MATCH(Y31,R:R,0)<50,$B$41))))) -> Division 1 (EA) | AA31: =SUM(VLOOKUP(Y31,B:E,4,FALSE),VLOOKUP(Y31,F:I,4,FALSE),VLOOKUP(Y31,J:M,4,FALSE),VLOOKUP(Y31,N:Q,4,FALSE),VLOOKUP(Y31,R:U,4,FALSE)) -> #NAME? | AB31: =AA31+VLOOKUP(Z31,AH:AJ,3) -> #NAME? | AC31: =X31 -> South Windsor HS | AE31: =AE30+1 -> 24 | AF31: 0
B32: Division 7 (SASE) | W32: =W31+1 -> 25 | X32: East Lyme HS | Y32: Southington HS Team B | Z32: =IF(MATCH(Y32,R:R,0)<14,$B$5,IF(MATCH(Y32,R:R,0)<23,$B$14,IF(MATCH(Y32,R:R,0)<32,$B$23,IF(MATCH(Y32,R:R,0)<41,$B$32,IF(MATCH(Y32,R:R,0)<50,$B$41))))) -> Division 3 (SWE) | AA32: =SUM(VLOOKUP(Y32,B:E,4,FALSE),VLOOKUP(Y32,F:I,4,FALSE),VLOOKUP(Y32,J:M,4,FALSE),VLOOKUP(Y32,N:Q,4,FALSE),VLOOKUP(Y32,R:U,4,FALSE)) -> #NAME? | AB32: =AA32+VLOOKUP(Z32,AH:AJ,3) -> #NAME? | AC32: =X32 -> East Lyme HS | AE32: =AE31+1 -> 25 | AF32: 0 | AG32: =VLOOKUP(AF32,$AB$8:$AC$37,2,FALSE) -> #N/A
W33: =W32+1 -> 26 | X33: Bacon Academy | Y33: =R49 -> Staples HS | Z33: =IF(MATCH(Y33,R:R,0)<14,$B$5,IF(MATCH(Y33,R:R,0)<23,$B$14,IF(MATCH(Y33,R:R,0)<32,$B$23,IF(MATCH(Y33,R:R,0)<41,$B$32,IF(MATCH(Y33,R:R,0)<50,$B$41))))) -> Division 9 (LC) | AA33: =SUM(VLOOKUP(Y33,B:E,4,FALSE),VLOOKUP(Y33,F:I,4,FALSE),VLOOKUP(Y33,J:M,4,FALSE),VLOOKUP(Y33,N:Q,4,FALSE),VLOOKUP(Y33,R:U,4,FALSE)) -> #NAME? | AB33: =AA33+VLOOKUP(Z33,AH:AJ,3) -> #NAME? | AC33: =X33 -> Bacon Academy | AE33: =AE32+1 -> 26 | AF33: 0 | AG33: =VLOOKUP(AF33,$AB$8:$AC$37,2,FALSE) -> #N/A
B34: Teams | C34: Score | D34: CC Verification | E34: Points | F34: Teams | G34: Score | H34: CC Verification | I34: Points | J34: Teams | K34: Score | L34: CC Verification | M34: Points | N34: Teams | O34: Score | P34: CC Verification | Q34: Points | R34: Teams | S34: Score | T34: CC Verification | U34: Points | W34: =W33+1 -> 27 | X34: Cheshire HS Team B | Y34: The Loomis Chaffee School | Z34: =IF(MATCH(Y34,R:R,0)<14,$B$5,IF(MATCH(Y34,R:R,0)<23,$B$14,IF(MATCH(Y34,R:R,0)<32,$B$23,IF(MATCH(Y34,R:R,0)<41,$B$32,IF(MATCH(Y34,R:R,0)<50,$B$41))))) -> Division 3 (SWE) | AA34: =SUM(VLOOKUP(Y34,B:E,4,FALSE),VLOOKUP(Y34,F:I,4,FALSE),VLOOKUP(Y34,J:M,4,FALSE),VLOOKUP(Y34,N:Q,4,FALSE),VLOOKUP(Y34,R:U,4,FALSE)) -> #NAME? | AB34: =AA34+VLOOKUP(Z34,AH:AJ,3) -> #NAME? | AC34: =X34 -> Cheshire HS Team B | AE34: =AE33+1 -> 27 | AF34: 0 | AG34: =VLOOKUP(AF34,$AB$8:$AC$37,2,FALSE) -> #N/A
B35: =X11 -> Fairfield Warde HS | D35: FALSE | E35: =_xludf.IFS(C35="",0,(C35-C36)>0,C35+100,(C35-C36)=0,C35+50,(C35-C36)<0,C35) -> #NAME? | F35: =B37 -> Glastonbury HS Team B | H35: FALSE | I35: =_xludf.IFS(G35="",0,(G35-G36)>0,G35+100,(G35-G36)=0,G35+50,(G35-G36)<0,G35) -> #NAME? | J35: =F39 -> Fairfield Warde HS | L35: FALSE | M35: =_xludf.IFS(K35="",0,(K35-K36)>0,K35+100,(K35-K36)=0,K35+50,(K35-K36)<0,K35) -> #NAME? | N35: =J40 -> Farmington HS | P35: FALSE | Q35: =_xludf.IFS(O35="",0,(O35-O36)>0,O35+100,(O35-O36)=0,O35+50,(O35-O36)<0,O35) -> #NAME? | R35: =N39 -> South Windsor HS | T35: FALSE | U35: =_xludf.IFS(S35="",0,(S35-S36)>0,S35+100,(S35-S36)=0,S35+50,(S35-S36)<0,S35) -> #NAME? | W35: =W34+1 -> 28 | X35: Hopkins School | Y35: The Open Spot | Z35: =IF(MATCH(Y35,R:R,0)<14,$B$5,IF(MATCH(Y35,R:R,0)<23,$B$14,IF(MATCH(Y35,R:R,0)<32,$B$23,IF(MATCH(Y35,R:R,0)<41,$B$32,IF(MATCH(Y35,R:R,0)<50,$B$41))))) -> Division 1 (EA) | AA35: =SUM(VLOOKUP(Y35,B:E,4,FALSE),VLOOKUP(Y35,F:I,4,FALSE),VLOOKUP(Y35,J:M,4,FALSE),VLOOKUP(Y35,N:Q,4,FALSE),VLOOKUP(Y35,R:U,4,FALSE)) -> #NAME? | AB35: =AA35+VLOOKUP(Z35,AH:AJ,3) -> #NAME? | AC35: =X35 -> Hopkins School | AE35: =AE34+1 -> 28 | AF35: 0 | AG35: =VLOOKUP(AF35,$AB$8:$AC$37,2,FALSE) -> #N/A
B36: =X14 -> Farmington HS | D36: FALSE | E36: =_xludf.IFS(C36="",0,(C36-C35)>0,C36+100,(C36-C35)=0,C36+50,(C36-C35)<0,C36) -> #NAME? | F36: =B40 -> Cheshire HS Team B | H36: FALSE | I36: =_xludf.IFS(G36="",0,(G36-G35)>0,G36+100,(G36-G35)=0,G36+50,(G36-G35)<0,G36) -> #NAME? | J36: =F37 -> South Windsor HS | L36: FALSE | M36: =_xludf.IFS(K36="",0,(K36-K35)>0,K36+100,(K36-K35)=0,K36+50,(K36-K35)<0,K36) -> #NAME? | N36: =J38 -> Choate Rosemary Hall | P36: FALSE | Q36: =_xludf.IFS(O36="",0,(O36-O35)>0,O36+100,(O36-O35)=0,O36+50,(O36-O35)<0,O36) -> #NAME? | R36: =N36 -> Choate Rosemary Hall | T36: FALSE | U36: =_xludf.IFS(S36="",0,(S36-S35)>0,S36+100,(S36-S35)=0,S36+50,(S36-S35)<0,S36) -> #NAME? | W36: =W35+1 -> 29 | X36: Southington HS Team B | Y36: Univ HS of Sci & Engineering | Z36: =IF(MATCH(Y36,R:R,0)<14,$B$5,IF(MATCH(Y36,R:R,0)<23,$B$14,IF(MATCH(Y36,R:R,0)<32,$B$23,IF(MATCH(Y36,R:R,0)<41,$B$32,IF(MATCH(Y36,R:R,0)<50,$B$41))))) -> Division 1 (EA) | AA36: =SUM(VLOOKUP(Y36,B:E,4,FALSE),VLOOKUP(Y36,F:I,4,FALSE),VLOOKUP(Y36,J:M,4,FALSE),VLOOKUP(Y36,N:Q,4,FALSE),VLOOKUP(Y36,R:U,4,FALSE)) -> #NAME? | AB36: =AA36+VLOOKUP(Z36,AH:AJ,3) -> #NAME? | AC36: =X36 -> Southington HS Team B | AE36: =AE35+1 -> 29 | AF36: 0 | AG36: =VLOOKUP(AF36,$AB$8:$AC$37,2,FALSE) -> #N/A
B37: =X21 -> Glastonbury HS Team B | D37: FALSE | E37: =_xludf.IFS(C37="",0,(C37-C38)>0,C37+100,(C37-C38)=0,C37+50,(C37-C38)<0,C37) -> #NAME? | F37: =B39 -> South Windsor HS | H37: FALSE | I37: =_xludf.IFS(G37="",0,(G37-G38)>0,G37+100,(G37-G38)=0,G37+50,(G37-G38)<0,G37) -> #NAME? | J37: =F36 -> Cheshire HS Team B | L37: FALSE | M37: =_xludf.IFS(K37="",0,(K37-K38)>0,K37+100,(K37-K38)=0,K37+50,(K37-K38)<0,K37) -> #NAME? | N37: =J35 -> Fairfield Warde HS | P37: FALSE | Q37: =_xludf.IFS(O37="",0,(O37-O38)>0,O37+100,(O37-O38)=0,O37+50,(O37-O38)<0,O37) -> #NAME? | R37: =N37 -> Fairfield Warde HS | T37: FALSE | U37: =_xludf.IFS(S37="",0,(S37-S38)>0,S37+100,(S37-S38)=0,S37+50,(S37-S38)<0,S37) -> #NAME? | W37: =W36+1 -> 30 | X37: Rocky Hill HS Team B | Y37: Waterford HS | Z37: =IF(MATCH(Y37,R:R,0)<14,$B$5,IF(MATCH(Y37,R:R,0)<23,$B$14,IF(MATCH(Y37,R:R,0)<32,$B$23,IF(MATCH(Y37,R:R,0)<41,$B$32,IF(MATCH(Y37,R:R,0)<50,$B$41))))) -> Division 5 (SHPE) | AA37: =SUM(VLOOKUP(Y37,B:E,4,FALSE),VLOOKUP(Y37,F:I,4,FALSE),VLOOKUP(Y37,J:M,4,FALSE),VLOOKUP(Y37,N:Q,4,FALSE),VLOOKUP(Y37,R:U,4,FALSE)) -> #NAME? | AB37: =AA37+VLOOKUP(Z37,AH:AJ,3) -> #NAME? | AC37: =X37 -> Rocky Hill HS Team B | AE37: =AE36+1 -> 30 | AF37: 0 | AG37: =VLOOKUP(AF37,$AB$8:$AC$37,2,FALSE) -> #N/A
B38: =X24 -> Choate Rosemary Hall | D38: FALSE | E38: =_xludf.IFS(C38="",0,(C38-C37)>0,C38+100,(C38-C37)=0,C38+50,(C38-C37)<0,C38) -> #NAME? | F38: =B36 -> Farmington HS | H38: FALSE | I38: =_xludf.IFS(G38="",0,(G38-G37)>0,G38+100,(G38-G37)=0,G38+50,(G38-G37)<0,G38) -> #NAME? | J38: =F40 -> Choate Rosemary Hall | L38: FALSE | M38: =_xludf.IFS(K38="",0,(K38-K37)>0,K38+100,(K38-K37)=0,K38+50,(K38-K37)<0,K38) -> #NAME? | N38: =J37 -> Cheshire HS Team B | P38: FALSE | Q38: =_xludf.IFS(O38="",0,(O38-O37)>0,O38+100,(O38-O37)=0,O38+50,(O38-O37)<0,O38) -> #NAME? | R38: =N40 -> Glastonbury HS Team B | T38: FALSE | U38: =_xludf.IFS(S38="",0,(S38-S37)>0,S38+100,(S38-S37)=0,S38+50,(S38-S37)<0,S38) -> #NAME?
B39: =X31 -> South Windsor HS | D39: FALSE | E39: =_xludf.IFS(C39="",0,(C39-C40)>0,C39+100,(C39-C40)=0,C39+50,(C39-C40)<0,C39) -> #NAME? | F39: =B35 -> Fairfield Warde HS | H39: FALSE | I39: =_xludf.IFS(G39="",0,(G39-G40)>0,G39+100,(G39-G40)=0,G39+50,(G39-G40)<0,G39) -> #NAME? | J39: =F35 -> Glastonbury HS Team B | L39: FALSE | M39: =_xludf.IFS(K39="",0,(K39-K40)>0,K39+100,(K39-K40)=0,K39+50,(K39-K40)<0,K39) -> #NAME? | N39: =J36 -> South Windsor HS | P39: FALSE | Q39: =_xludf.IFS(O39="",0,(O39-O40)>0,O39+100,(O39-O40)=0,O39+50,(O39-O40)<0,O39) -> #NAME? | R39: =N38 -> Cheshire HS Team B | T39: FALSE | U39: =_xludf.IFS(S39="",0,(S39-S40)>0,S39+100,(S39-S40)=0,S39+50,(S39-S40)<0,S39) -> #NAME?
B40: =X34 -> Cheshire HS Team B | D40: FALSE | E40: =_xludf.IFS(C40="",0,(C40-C39)>0,C40+100,(C40-C39)=0,C40+50,(C40-C39)<0,C40) -> #NAME? | F40: =B38 -> Choate Rosemary Hall | H40: FALSE | I40: =_xludf.IFS(G40="",0,(G40-G39)>0,G40+100,(G40-G39)=0,G40+50,(G40-G39)<0,G40) -> #NAME? | J40: =F38 -> Farmington HS | L40: FALSE | M40: =_xludf.IFS(K40="",0,(K40-K39)>0,K40+100,(K40-K39)=0,K40+50,(K40-K39)<0,K40) -> #NAME? | N40: =J39 -> Glastonbury HS Team B | P40: FALSE | Q40: =_xludf.IFS(O40="",0,(O40-O39)>0,O40+100,(O40-O39)=0,O40+50,(O40-O39)<0,O40) -> #NAME? | R40: =N35 -> Farmington HS | T40: FALSE | U40: =_xludf.IFS(S40="",0,(S40-S39)>0,S40+100,(S40-S39)=0,S40+50,(S40-S39)<0,S40) -> #NAME?
B41: Division 9 (LC)
B43: Teams | C43: Score | D43: CC Verification | E43: Points | F43: Teams | G43: Score | H43: CC Verification | I43: Points | J43: Teams | K43: Score | L43: CC Verification | M43: Points | N43: Teams | O43: Score | P43: CC Verification | Q43: Points | R43: Teams | S43: Score | T43: CC Verification | U43: Points
B44: =X12 -> Cheshire HS Team A | D44: FALSE | E44: =_xludf.IFS(C44="",0,(C44-C45)>0,C44+100,(C44-C45)=0,C44+50,(C44-C45)<0,C44) -> #NAME? | F44: =B46 -> E. O. Smith HS Team B | H44: FALSE | I44: =_xludf.IFS(G44="",0,(G44-G45)>0,G44+100,(G44-G45)=0,G44+50,(G44-G45)<0,G44) -> #NAME? | J44: =F48 -> Cheshire HS Team A | L44: FALSE | M44: =_xludf.IFS(K44="",0,(K44-K45)>0,K44+100,(K44-K45)=0,K44+50,(K44-K45)<0,K44) -> #NAME? | N44: =J49 -> Staples HS | P44: FALSE | Q44: =_xludf.IFS(O44="",0,(O44-O45)>0,O44+100,(O44-O45)=0,O44+50,(O44-O45)<0,O44) -> #NAME? | R44: =N48 -> East Lyme HS | T44: FALSE | U44: =_xludf.IFS(S44="",0,(S44-S45)>0,S44+100,(S44-S45)=0,S44+50,(S44-S45)<0,S44) -> #NAME?
B45: =X13 -> Staples HS | D45: FALSE | E45: =_xludf.IFS(C45="",0,(C45-C44)>0,C45+100,(C45-C44)=0,C45+50,(C45-C44)<0,C45) -> #NAME? | F45: =B49 -> Bacon Academy | H45: FALSE | I45: =_xludf.IFS(G45="",0,(G45-G44)>0,G45+100,(G45-G44)=0,G45+50,(G45-G44)<0,G45) -> #NAME? | J45: =F46 -> East Lyme HS | L45: FALSE | M45: =_xludf.IFS(K45="",0,(K45-K44)>0,K45+100,(K45-K44)=0,K45+50,(K45-K44)<0,K45) -> #NAME? | N45: =J47 -> Fairfield Ludlowe HS | P45: FALSE | Q45: =_xludf.IFS(O45="",0,(O45-O44)>0,O45+100,(O45-O44)=0,O45+50,(O45-O44)<0,O45) -> #NAME? | R45: =N45 -> Fairfield Ludlowe HS | T45: FALSE | U45: =_xludf.IFS(S45="",0,(S45-S44)>0,S45+100,(S45-S44)=0,S45+50,(S45-S44)<0,S45) -> #NAME?
B46: =X22 -> E. O. Smith HS Team B | D46: FALSE | E46: =_xludf.IFS(C46="",0,(C46-C47)>0,C46+100,(C46-C47)=0,C46+50,(C46-C47)<0,C46) -> #NAME? | F46: =B48 -> East Lyme HS | H46: FALSE | I46: =_xludf.IFS(G46="",0,(G46-G47)>0,G46+100,(G46-G47)=0,G46+50,(G46-G47)<0,G46) -> #NAME? | J46: =F45 -> Bacon Academy | L46: FALSE | M46: =_xludf.IFS(K46="",0,(K46-K47)>0,K46+100,(K46-K47)=0,K46+50,(K46-K47)<0,K46) -> #NAME? | N46: =J44 -> Cheshire HS Team A | P46: FALSE | Q46: =_xludf.IFS(O46="",0,(O46-O47)>0,O46+100,(O46-O47)=0,O46+50,(O46-O47)<0,O46) -> #NAME? | R46: =N46 -> Cheshire HS Team A | T46: FALSE | U46: =_xludf.IFS(S46="",0,(S46-S47)>0,S46+100,(S46-S47)=0,S46+50,(S46-S47)<0,S46) -> #NAME?
B47: =X23 -> Fairfield Ludlowe HS | D47: FALSE | E47: =_xludf.IFS(C47="",0,(C47-C46)>0,C47+100,(C47-C46)=0,C47+50,(C47-C46)<0,C47) -> #NAME? | F47: =B45 -> Staples HS | H47: FALSE | I47: =_xludf.IFS(G47="",0,(G47-G46)>0,G47+100,(G47-G46)=0,G47+50,(G47-G46)<0,G47) -> #NAME? | J47: =F49 -> Fairfield Ludlowe HS | L47: FALSE | M47: =_xludf.IFS(K47="",0,(K47-K46)>0,K47+100,(K47-K46)=0,K47+50,(K47-K46)<0,K47) -> #NAME? | N47: =J46 -> Bacon Academy | P47: FALSE | Q47: =_xludf.IFS(O47="",0,(O47-O46)>0,O47+100,(O47-O46)=0,O47+50,(O47-O46)<0,O47) -> #NAME? | R47: =N49 -> E. O. Smith HS Team B | T47: FALSE | U47: =_xludf.IFS(S47="",0,(S47-S46)>0,S47+100,(S47-S46)=0,S47+50,(S47-S46)<0,S47) -> #NAME?
B48: =X32 -> East Lyme HS | D48: FALSE | E48: =_xludf.IFS(C48="",0,(C48-C49)>0,C48+100,(C48-C49)=0,C48+50,(C48-C49)<0,C48) -> #NAME? | F48: =B44 -> Cheshire HS Team A | H48: FALSE | I48: =_xludf.IFS(G48="",0,(G48-G49)>0,G48+100,(G48-G49)=0,G48+50,(G48-G49)<0,G48) -> #NAME? | J48: =F44 -> E. O. Smith HS Team B | L48: FALSE | M48: =_xludf.IFS(K48="",0,(K48-K49)>0,K48+100,(K48-K49)=0,K48+50,(K48-K49)<0,K48) -> #NAME? | N48: =J45 -> East Lyme HS | P48: FALSE | Q48: =_xludf.IFS(O48="",0,(O48-O49)>0,O48+100,(O48-O49)=0,O48+50,(O48-O49)<0,O48) -> #NAME? | R48: =N47 -> Bacon Academy | T48: FALSE | U48: =_xludf.IFS(S48="",0,(S48-S49)>0,S48+100,(S48-S49)=0,S48+50,(S48-S49)<0,S48) -> #NAME?
B49: =X33 -> Bacon Academy | D49: FALSE | E49: =_xludf.IFS(C49="",0,(C49-C48)>0,C49+100,(C49-C48)=0,C49+50,(C49-C48)<0,C49) -> #NAME? | F49: =B47 -> Fairfield Ludlowe HS | H49: FALSE | I49: =_xludf.IFS(G49="",0,(G49-G48)>0,G49+100,(G49-G48)=0,G49+50,(G49-G48)<0,G49) -> #NAME? | J49: =F47 -> Staples HS | L49: FALSE | M49: =_xludf.IFS(K49="",0,(K49-K48)>0,K49+100,(K49-K48)=0,K49+50,(K49-K48)<0,K49) -> #NAME? | N49: =J48 -> E. O. Smith HS Team B | P49: FALSE | Q49: =_xludf.IFS(O49="",0,(O49-O48)>0,O49+100,(O49-O48)=0,O49+50,(O49-O48)<0,O49) -> #NAME? | R49: =N44 -> Staples HS | T49: FALSE | U49: =_xludf.IFS(S49="",0,(S49-S48)>0,S49+100,(S49-S48)=0,S49+50,(S49-S48)<0,S49) -> #NAME?

Sheet Feb 26th
B1: CT Regional (SOUTH) ROUND ROBIN Scores
B3: Round 1 | E3: Round 2 | H3: Round 3 | K3: Round 4
B4: 0.48958333 | E4: 0.51041667 | H4: 0.53125 | K4: 0.625
B5: Division 1 (EA)
B7: Teams | C7: Score | D7: Points | E7: Teams | F7: Score | G7: Points | H7: Teams | I7: Score | J7: Points | K7: Teams | L7: Score | M7: Points | P7: Seed # | Q7: Team | R7: Total Points
B8: A - Mike | D8: =_xludf.IFS((C8-C9)>0,C8+100,(C8-C9)=0,C8+50,(C8-C9)<0,C8) -> #NAME? | E8: A - Hannah | G8: =_xludf.IFS((F8-F9)>0,F8+100,(F8-F9)=0,F8+50,(F8-F9)<0,F8) -> #NAME? | H8: A - Haley | J8: =_xludf.IFS((I8-I9)>0,I8+100,(I8-I9)=0,I8+50,(I8-I9)<0,I8) -> #NAME? | M8: =_xludf.IFS((L8-L9)>0,L8+100,(L8-L9)=0,L8+50,(L8-L9)<0,L8) -> #NAME? | Q8: Mike Wong | R8: =SUM(D8,G9) -> #NAME?
B9: B - Haley | D9: =_xludf.IFS((C9-C8)>0,C9+100,(C9-C8)=0,C9+50,(C9-C8)<0,C9) -> #NAME? | E9: B - Mike | G9: =_xludf.IFS((F9-F8)>0,F9+100,(F9-F8)=0,F9+50,(F9-F8)<0,F9) -> #NAME? | H9: B - Hannah | J9: =_xludf.IFS((I9-I8)>0,I9+100,(I9-I8)=0,I9+50,(I9-I8)<0,I9) -> #NAME? | M9: =_xludf.IFS((L9-L8)>0,L9+100,(L9-L8)=0,L9+50,(L9-L8)<0,L9) -> #NAME? | Q9: Haley Donovan | R9: =SUM(D9,J8) -> #NAME?
B10: Division 2 (TG) | Q10: Hannah Segien | R10: =SUM(G8,J9) -> #NAME?
Q11: Quinn McAndrew | R11: =SUM(D13,G14) -> #NAME?
B12: Teams | C12: Score | D12: Points | E12: Teams | F12: Score | G12: Points | H12: Teams | I12: Score | J12: Points | K12: Teams | L12: Score | M12: Points | Q12: Emily Root | R12: =SUM(D14,J13) -> #NAME?
B13: A - Quinn | D13: =_xludf.IFS((C13-C14)>0,C13+100,(C13-C14)=0,C13+50,(C13-C14)<0,C13) -> #NAME? | E13: A - Shree | G13: =_xludf.IFS((F13-F14)>0,F13+100,(F13-F14)=0,F13+50,(F13-F14)<0,F13) -> #NAME? | H13: A - Emily | J13: =_xludf.IFS((I13-I14)>0,I13+100,(I13-I14)=0,I13+50,(I13-I14)<0,I13) -> #NAME? | M13: =_xludf.IFS((L13-L14)>0,L13+100,(L13-L14)=0,L13+50,(L13-L14)<0,L13) -> #NAME? | Q13: Shreedula Balakrishnan | R13: =SUM(G13,J14) -> #NAME?
B14: B - Emily | D14: =_xludf.IFS((C14-C13)>0,C14+100,(C14-C13)=0,C14+50,(C14-C13)<0,C14) -> #NAME? | E14: B - Quinn | G14: =_xludf.IFS((F14-F13)>0,F14+100,(F14-F13)=0,F14+50,(F14-F13)<0,F14) -> #NAME? | H14: B - Shree | J14: =_xludf.IFS((I14-I13)>0,I14+100,(I14-I13)=0,I14+50,(I14-I13)<0,I14) -> #NAME? | M14: =_xludf.IFS((L14-L13)>0,L14+100,(L14-L13)=0,L14+50,(L14-L13)<0,L14) -> #NAME? | Q14: Gina Guaman | R14: =SUM(D18,G19) -> #NAME?
B15: Division 3 (SWE) | Q15: Yuna Kuo | R15: =SUM(D19,J18) -> #NAME?
Q16: Sangeeta Kuchibhotla | R16: =SUM(G18,J19) -> #NAME?
B17: Teams | C17: Score | D17: Points | E17: Teams | F17: Score | G17: Points | H17: Teams | I17: Score | J17: Points | K17: Teams | L17: Score | M17: Points | Q17: Kaiya Pringle | R17: =SUM(D23,G24) -> #NAME?
B18: A - Gina | D18: 50 | E18: A - Sangeeta | G18: =_xludf.IFS((F18-F19)>0,F18+100,(F18-F19)=0,F18+50,(F18-F19)<0,F18) -> #NAME? | H18: A - Yuna | J18: =_xludf.IFS((I18-I19)>0,I18+100,(I18-I19)=0,I18+50,(I18-I19)<0,I18) -> #NAME? | M18: =_xludf.IFS((L18-L19)>0,L18+100,(L18-L19)=0,L18+50,(L18-L19)<0,L18) -> #NAME? | Q18: Iamiah Bartlett | R18: =SUM(D24,J23) -> #NAME?
B19: B - Yuna | D19: 50 | E19: B - Gina | G19: =_xludf.IFS((F19-F18)>0,F19+100,(F19-F18)=0,F19+50,(F19-F18)<0,F19) -> #NAME? | H19: B - Sangeeta | J19: =_xludf.IFS((I19-I18)>0,I19+100,(I19-I18)=0,I19+50,(I19-I18)<0,I19) -> #NAME? | M19: =_xludf.IFS((L19-L18)>0,L19+100,(L19-L18)=0,L19+50,(L19-L18)<0,L19) -> #NAME? | Q19: Eman Ibet | R19: =SUM(G23,J24) -> #NAME?
B20: Division 4 (NSBE) | Q20: Isabela Urriola | R20: =SUM(D28,G29) -> #NAME?
Q21: Carl Ponce | R21: =SUM(D29,J28) -> #NAME?
B22: Teams | C22: Score | D22: Points | E22: Teams | F22: Score | G22: Points | H22: Teams | I22: Score | J22: Points | K22: Teams | L22: Score | M22: Points | Q22: Jason Pulla | R22: =SUM(G28,J29) -> #NAME?
B23: A - Kaiya | D23: =_xludf.IFS((C23-C24)>0,C23+100,(C23-C24)=0,C23+50,(C23-C24)<0,C23) -> #NAME? | E23: A - Eman | G23: =_xludf.IFS((F23-F24)>0,F23+100,(F23-F24)=0,F23+50,(F23-F24)<0,F23) -> #NAME? | H23: A - Iamiah | J23: =_xludf.IFS((I23-I24)>0,I23+100,(I23-I24)=0,I23+50,(I23-I24)<0,I23) -> #NAME? | M23: =_xludf.IFS((L23-L24)>0,L23+100,(L23-L24)=0,L23+50,(L23-L24)<0,L23) -> #NAME? | Q23: Abigail Koval | R23: =SUM(D33,G34) -> #NAME?
B24: B - Iamiah | D24: =_xludf.IFS((C24-C23)>0,C24+100,(C24-C23)=0,C24+50,(C24-C23)<0,C24) -> #NAME? | E24: B - Kaiya | G24: =_xludf.IFS((F24-F23)>0,F24+100,(F24-F23)=0,F24+50,(F24-F23)<0,F24) -> #NAME? | H24: B - Eman | J24: =_xludf.IFS((I24-I23)>0,I24+100,(I24-I23)=0,I24+50,(I24-I23)<0,I24) -> #NAME? | M24: =_xludf.IFS((L24-L23)>0,L24+100,(L24-L23)=0,L24+50,(L24-L23)<0,L24) -> #NAME? | Q24: Adrian Gibson | R24: =SUM(D34,J33) -> #NAME?
B25: Division 5 (SHPE) | Q25: Brandon Kwok | R25: =SUM(G33,J34) -> #NAME?
Q26: Sean Dunn | R26: =SUM(D38,G39) -> #NAME?
B27: Teams | C27: Score | D27: Points | E27: Teams | F27: Score | G27: Points | H27: Teams | I27: Score | J27: Points | K27: Teams | L27: Score | M27: Points | Q27: Lori Tsuruda | R27: =SUM(D39,J38) -> #NAME?
B28: A - Isabela | D28: =_xludf.IFS((C28-C29)>0,C28+100,(C28-C29)=0,C28+50,(C28-C29)<0,C28) -> #NAME? | E28: A - Jason | G28: =_xludf.IFS((F28-F29)>0,F28+100,(F28-F29)=0,F28+50,(F28-F29)<0,F28) -> #NAME? | H28: A - Carl | J28: =_xludf.IFS((I28-I29)>0,I28+100,(I28-I29)=0,I28+50,(I28-I29)<0,I28) -> #NAME? | M28: =_xludf.IFS((L28-L29)>0,L28+100,(L28-L29)=0,L28+50,(L28-L29)<0,L28) -> #NAME? | Q28: Jordan Buslewicz | R28: =SUM(G38,J39) -> #NAME?
B29: B - Carl | D29: =_xludf.IFS((C29-C28)>0,C29+100,(C29-C28)=0,C29+50,(C29-C28)<0,C29) -> #NAME? | E29: B - Isabela | G29: =_xludf.IFS((F29-F28)>0,F29+100,(F29-F28)=0,F29+50,(F29-F28)<0,F29) -> #NAME? | H29: B - Jason | J29: =_xludf.IFS((I29-I28)>0,I29+100,(I29-I28)=0,I29+50,(I29-I28)<0,I29) -> #NAME? | M29: =_xludf.IFS((L29-L28)>0,L29+100,(L29-L28)=0,L29+50,(L29-L28)<0,L29) -> #NAME? | Q29: Ghazia Battool | R29: =SUM(D43,G44) -> #NAME?
B30: Division 7 (SASE) | Q30: Eben Yobo | R30: =SUM(D44,J43) -> #NAME?
Q31: Mitch Worthington | R31: =SUM(G43,J44) -> #NAME?
B32: Teams | C32: Score | D32: Points | E32: Teams | F32: Score | G32: Points | H32: Teams | I32: Score | J32: Points | K32: Teams | L32: Score | M32: Points | Q32: Riley Bernas | R32: =SUM(D48,G49) -> #NAME?
B33: A - Abigail | D33: =_xludf.IFS((C33-C34)>0,C33+100,(C33-C34)=0,C33+50,(C33-C34)<0,C33) -> #NAME? | E33: A - Brandon | G33: =_xludf.IFS((F33-F34)>0,F33+100,(F33-F34)=0,F33+50,(F33-F34)<0,F33) -> #NAME? | H33: A - Adrian | J33: =_xludf.IFS((I33-I34)>0,I33+100,(I33-I34)=0,I33+50,(I33-I34)<0,I33) -> #NAME? | M33: =_xludf.IFS((L33-L34)>0,L33+100,(L33-L34)=0,L33+50,(L33-L34)<0,L33) -> #NAME? | Q33: Varun Kumar Chamarty | R33: =SUM(D49,J48) -> #NAME?
B34: B - Adrian | D34: =_xludf.IFS((C34-C33)>0,C34+100,(C34-C33)=0,C34+50,(C34-C33)<0,C34) -> #NAME? | E34: B - Abigail | G34: =_xludf.IFS((F34-F33)>0,F34+100,(F34-F33)=0,F34+50,(F34-F33)<0,F34) -> #NAME? | H34: B - Brandon | J34: =_xludf.IFS((I34-I33)>0,I34+100,(I34-I33)=0,I34+50,(I34-I33)<0,I34) -> #NAME? | M34: =_xludf.IFS((L34-L33)>0,L34+100,(L34-L33)=0,L34+50,(L34-L33)<0,L34) -> #NAME? | Q34: Sam Veczko | R34: =SUM(G48,J49) -> #NAME?
B35: Division 7 (EWB) | Q35: Justin Bazemore-Travers | R35: =SUM(D53,G54) -> #NAME?
Q36: Sita Nyame | R36: =SUM(D54,J53) -> #NAME?
B37: Teams | C37: Score | D37: Points | E37: Teams | F37: Score | G37: Points | H37: Teams | I37: Score | J37: Points | K37: Teams | L37: Score | M37: Points | Q37: Nicholas Garcia | R37: =SUM(G53,J54) -> #NAME?
B38: A - Sean | D38: =_xludf.IFS((C38-C39)>0,C38+100,(C38-C39)=0,C38+50,(C38-C39)<0,C38) -> #NAME? | E38: A - Jordan | G38: =_xludf.IFS((F38-F39)>0,F38+100,(F38-F39)=0,F38+50,(F38-F39)<0,F38) -> #NAME? | H38: A - Lori | J38: =_xludf.IFS((I38-I39)>0,I38+100,(I38-I39)=0,I38+50,(I38-I39)<0,I38) -> #NAME? | M38: =_xludf.IFS((L38-L39)>0,L38+100,(L38-L39)=0,L38+50,(L38-L39)<0,L38) -> #NAME? | Q38: Jaclyn Grace | R38: =SUM(D58,G59) -> #NAME?
B39: B - Lori | D39: =_xludf.IFS((C39-C38)>0,C39+100,(C39-C38)=0,C39+50,(C39-C38)<0,C39) -> #NAME? | E39: B - Sean | G39: =_xludf.IFS((F39-F38)>0,F39+100,(F39-F38)=0,F39+50,(F39-F38)<0,F39) -> #NAME? | H39: B - Jordan | J39: =_xludf.IFS((I39-I38)>0,I39+100,(I39-I38)=0,I39+50,(I39-I38)<0,I39) -> #NAME? | M39: =_xludf.IFS((L39-L38)>0,L39+100,(L39-L38)=0,L39+50,(L39-L38)<0,L39) -> #NAME? | Q39: Paxton MacAuley | R39: =SUM(D59,J58) -> #NAME?
B40: Division 8 (Bridge) | Q40: Jon Zilberman | R40: =SUM(G58,J59) -> #NAME?
B42: Teams | C42: Score | D42: Points | E42: Teams | F42: Score | G42: Points | H42: Teams | I42: Score | J42: Points | K42: Teams | L42: Score | M42: Points
B43: A - Ghazia | D43: =_xludf.IFS((C43-C44)>0,C43+100,(C43-C44)=0,C43+50,(C43-C44)<0,C43) -> #NAME? | E43: A - Mitch | G43: =_xludf.IFS((F43-F44)>0,F43+100,(F43-F44)=0,F43+50,(F43-F44)<0,F43) -> #NAME? | H43: A - Eben | J43: =_xludf.IFS((I43-I44)>0,I43+100,(I43-I44)=0,I43+50,(I43-I44)<0,I43) -> #NAME? | M43: =_xludf.IFS((L43-L44)>0,L43+100,(L43-L44)=0,L43+50,(L43-L44)<0,L43) -> #NAME?
B44: B - Eben | D44: =_xludf.IFS((C44-C43)>0,C44+100,(C44-C43)=0,C44+50,(C44-C43)<0,C44) -> #NAME? | E44: B - Ghazia | G44: =_xludf.IFS((F44-F43)>0,F44+100,(F44-F43)=0,F44+50,(F44-F43)<0,F44) -> #NAME? | H44: B - Mitch | J44: =_xludf.IFS((I44-I43)>0,I44+100,(I44-I43)=0,I44+50,(I44-I43)<0,I44) -> #NAME? | M44: =_xludf.IFS((L44-L43)>0,L44+100,(L44-L43)=0,L44+50,(L44-L43)<0,L44) -> #NAME?
B45: Division 9 (LC)
B47: Teams | C47: Score | D47: Points | E47: Teams | F47: Score | G47: Points | H47: Teams | I47: Score | J47: Points | K47: Teams | L47: Score | M47: Points
B48: A - Riley | D48: =_xludf.IFS((C48-C49)>0,C48+100,(C48-C49)=0,C48+50,(C48-C49)<0,C48) -> #NAME? | E48: A - Sam | G48: =_xludf.IFS((F48-F49)>0,F48+100,(F48-F49)=0,F48+50,(F48-F49)<0,F48) -> #NAME? | H48: A - Varun | J48: =_xludf.IFS((I48-I49)>0,I48+100,(I48-I49)=0,I48+50,(I48-I49)<0,I48) -> #NAME? | M48: =_xludf.IFS((L48-L49)>0,L48+100,(L48-L49)=0,L48+50,(L48-L49)<0,L48) -> #NAME?
B49: B - Varun | D49: =_xludf.IFS((C49-C48)>0,C49+100,(C49-C48)=0,C49+50,(C49-C48)<0,C49) -> #NAME? | E49: B - Riley | G49: =_xludf.IFS((F49-F48)>0,F49+100,(F49-F48)=0,F49+50,(F49-F48)<0,F49) -> #NAME? | H49: B - Sam | J49: =_xludf.IFS((I49-I48)>0,I49+100,(I49-I48)=0,I49+50,(I49-I48)<0,I49) -> #NAME? | M49: =_xludf.IFS((L49-L48)>0,L49+100,(L49-L48)=0,L49+50,(L49-L48)<0,L49) -> #NAME?
B50: Division 10 (Grad)
B52: Teams | C52: Score | D52: Points | E52: Teams | F52: Score | G52: Points | H52: Teams | I52: Score | J52: Points | K52: Teams | L52: Score | M52: Points
B53: A - Justin | D53: =_xludf.IFS((C53-C54)>0,C53+100,(C53-C54)=0,C53+50,(C53-C54)<0,C53) -> #NAME? | E53: A - Nicholas | G53: =_xludf.IFS((F53-F54)>0,F53+100,(F53-F54)=0,F53+50,(F53-F54)<0,F53) -> #NAME? | H53: A - Sita | J53: =_xludf.IFS((I53-I54)>0,I53+100,(I53-I54)=0,I53+50,(I53-I54)<0,I53) -> #NAME? | M53: =_xludf.IFS((L53-L54)>0,L53+100,(L53-L54)=0,L53+50,(L53-L54)<0,L53) -> #NAME?
B54: B - Sita | D54: =_xludf.IFS((C54-C53)>0,C54+100,(C54-C53)=0,C54+50,(C54-C53)<0,C54) -> #NAME? | E54: B - Justin | G54: =_xludf.IFS((F54-F53)>0,F54+100,(F54-F53)=0,F54+50,(F54-F53)<0,F54) -> #NAME? | H54: B - Nicholas | J54: =_xludf.IFS((I54-I53)>0,I54+100,(I54-I53)=0,I54+50,(I54-I53)<0,I54) -> #NAME? | M54: =_xludf.IFS((L54-L53)>0,L54+100,(L54-L53)=0,L54+50,(L54-L53)<0,L54) -> #NAME?
B55: Division 11 (VII)
B57: Teams | C57: Score | D57: Points | E57: Teams | F57: Score | G57: Points | H57: Teams | I57: Score | J57: Points | K57: Teams | L57: Score | M57: Points
B58: A - Jaclyn | D58: =_xludf.IFS((C58-C59)>0,C58+100,(C58-C59)=0,C58+50,(C58-C59)<0,C58) -> #NAME? | E58: A - Jon | G58: =_xludf.IFS((F58-F59)>0,F58+100,(F58-F59)=0,F58+50,(F58-F59)<0,F58) -> #NAME? | H58: A - Paxton | J58: =_xludf.IFS((I58-I59)>0,I58+100,(I58-I59)=0,I58+50,(I58-I59)<0,I58) -> #NAME? | M58: =_xludf.IFS((L58-L59)>0,L58+100,(L58-L59)=0,L58+50,(L58-L59)<0,L58) -> #NAME?
B59: B - Paxton | D59: =_xludf.IFS((C59-C58)>0,C59+100,(C59-C58)=0,C59+50,(C59-C58)<0,C59) -> #NAME? | E59: B - Jaclyn | G59: =_xludf.IFS((F59-F58)>0,F59+100,(F59-F58)=0,F59+50,(F59-F58)<0,F59) -> #NAME? | H59: B - Jon | J59: =_xludf.IFS((I59-I58)>0,I59+100,(I59-I58)=0,I59+50,(I59-I58)<0,I59) -> #NAME? | M59: =_xludf.IFS((L59-L58)>0,L59+100,(L59-L58)=0,L59+50,(L59-L58)<0,L59) -> #NAME?

Sheet Copy of CT Region (SOUTH) ROUND
B1: CT Regional (SOUTH) ROUND ROBIN Scores
B3: Round 1 | E3: Round 2 | H3: Round 3 | K3: Round 4 | N3: Round 5
B4: 0.40625 | E4: 0.42708333 | H4: 0.44791667 | K4: 0.46875 | N4: 0.48958333
B5: Division 1 (EA)
B7: Teams | C7: Score | D7: Points | E7: Teams | F7: Score | G7: Points | H7: Teams | I7: Score | J7: Points | K7: Teams | L7: Score | M7: Points | N7: Teams | O7: Score | P7: Points | S7: Seed # | T7: Team | U7: Total Points
B8: =T8 -> mike | C8: 75 | D8: =_xludf.IFS((C8-C9)>0,C8+100,(C8-C9)=0,C8+50,(C8-C9)<0,C8) -> #NAME? | S8: 1 | T8: mike
C9: 10 | D9: =_xludf.IFS((C9-C8)>0,C9+100,(C9-C8)=0,C9+50,(C9-C8)<0,C9) -> #NAME? | S9: =S8+1 -> 2 | T9: b
B10: =T9 -> b | E10: =B8 -> mike | S10: =S9+1 -> 3 | T10: c
S11: =S10+1 -> 4 | T11: d
B12: =T10 -> c | S12: =S11+1 -> 5 | T12: e
S13: =S12+1 -> 6 | T13: f
B14: =T11 -> d | S14: =S13+1 -> 7 | T14: g
S15: =S14+1 -> 8 | T15: h
B16: =T12 -> e | S16: =S15+1 -> 9 | T16: i
S17: =S16+1 -> 10 | T17: j
B18: =T13 -> f | S18: =S17+1 -> 11 | T18: k
S19: =S18+1 -> 12 | T19: l
B20: Division 2 (TG) | S20: =S19+1 -> 13
S21: =S20+1 -> 14
B22: Teams | C22: Score | D22: Points | E22: Teams | F22: Score | G22: Points | H22: Teams | I22: Score | J22: Points | K22: Teams | L22: Score | M22: Points | N22: Teams | O22: Score | P22: Points | S22: =S21+1 -> 15
S23: =S22+1 -> 16
S24: =S23+1 -> 17
S25: =S24+1 -> 18
S26: =S25+1 -> 19
S27: =S26+1 -> 20
S28: =S27+1 -> 21
S29: =S28+1 -> 22
S30: =S29+1 -> 23
S31: =S30+1 -> 24
S32: =S31+1 -> 25
S33: =S32+1 -> 26
S34: =S33+1 -> 27
B35: Division 3 (SWE) | S35: =S34+1 -> 28
S36: =S35+1 -> 29
B37: Teams | C37: Score | D37: Points | E37: Teams | F37: Score | G37: Points | H37: Teams | I37: Score | J37: Points | K37: Teams | L37: Score | M37: Points | N37: Teams | O37: Score | P37: Points | S37: =S36+1 -> 30
B50: Division 4 (NSBE)
B52: Teams | C52: Score | D52: Points | E52: Teams | F52: Score | G52: Points | H52: Teams | I52: Score | J52: Points | K52: Teams | L52: Score | M52: Points | N52: Teams | O52: Score | P52: Points
B65: Division 5 (SHPE)
B67: Teams | C67: Score | D67: Points | E67: Teams | F67: Score | G67: Points | H67: Teams | I67: Score | J67: Points | K67: Teams | L67: Score | M67: Points | N67: Teams | O67: Score | P67: Points
B80: Division 7 (SASE)
B82: Teams | C82: Score | D82: Points | E82: Teams | F82: Score | G82: Points | H82: Teams | I82: Score | J82: Points | K82: Teams | L82: Score | M82: Points | N82: Teams | O82: Score | P82: Points
B95: Division 7 (EWB)
B97: Teams | C97: Score | D97: Points | E97: Teams | F97: Score | G97: Points | H97: Teams | I97: Score | J97: Points | K97: Teams | L97: Score | M97: Points | N97: Teams | O97: Score | P97: Points
B110: Division 8 (Bridge)
B112: Teams | C112: Score | D112: Points | E112: Teams | F112: Score | G112: Points | H112: Teams | I112: Score | J112: Points | K112: Teams | L112: Score | M112: Points | N112: Teams | O112: Score | P112: Points
B125: Division 9 (LC)
B127: Teams | C127: Score | D127: Points | E127: Teams | F127: Score | G127: Points | H127: Teams | I127: Score | J127: Points | K127: Teams | L127: Score | M127: Points | N127: Teams | O127: Score | P127: Points
B140: Division 10 (Grad)
B142: Teams | C142: Score | D142: Points | E142: Teams | F142: Score | G142: Points | H142: Teams | I142: Score | J142: Points | K142: Teams | L142: Score | M142: Points | N142: Teams | O142: Score | P142: Points
B155: Division 11 (VII)
B157: Teams | C157: Score | D157: Points | E157: Teams | F157: Score | G157: Points | H157: Teams | I157: Score | J157: Points | K157: Teams | L157: Score | M157: Points | N157: Teams | O157: Score | P157: Points

Sheet CT Regional (SOUTH) CHAMPIONSHI
B1: CT Regional (SOUTH) CHAMPIONSHIP Bracket
B3: Round 6 | C3: Round 7 | D3: Round 8 | E3: Round 9 | F3: Round 10 | G3: Round 11 | H3: Round 12 | I3: Round 13 | J3: Round 14
B4: 0.58333333 | C4: =B4+"00:30" -> 0.60416667 | D4: =C4+"00:30" -> 0.625 | E4: =D4+"00:30" -> 0.64583333 | F4: =E4+"00:30" -> 0.66666667 | G4: =F4+"00:30" -> 0.6875 | H4: =G4+"00:30" -> 0.70833333 | I4: =H4+"00:30" -> 0.72916667 | J4: =I4+"00:30" -> 0.75
B7: ='CT RR Calculations (Private)'!W3 -> Farmington HS - Team 1
B8: MCHU 301
B9: ='CT RR Calculations (Private)'!W17 -> EO Smith HS - Team 2
C10: MCHU 102 | D10: BYE
B11: ='CT RR Calculations (Private)'!W5 -> EO Smith HS - Team 1
B12: MCHU 302
B13: ='CT RR Calculations (Private)'!W15 -> Fairfield Warde HS - Team 1
E14: MCHU 108 | F14: BYE
B15: ='CT RR Calculations (Private)'!W7 -> Southington HS - Team 1
B16: MCHU 201
B17: ='CT RR Calculations (Private)'!W13 -> New Canaan HS - Team 1
C18: MCHU 106 | D18: BYE
B19: ='CT RR Calculations (Private)'!W9 -> Loomis Chaffee - Team 1
B20: MCHU 202
B21: ='CT RR Calculations (Private)'!W22 -> Conard HS - Team 2
G22: MCHU 102 | H22: BYE
B23: ='CT RR Calculations (Private)'!W10 -> Rocky Hill HS - Team 1
B24: MCHU 106
B25: ='CT RR Calculations (Private)'!W11 -> Amity Regional HS
C26: MCHU 108 | D26: BYE
B27: ='CT RR Calculations (Private)'!W8 -> Farmington HS - Team 2
B28: MCHU 107
B29: ='CT RR Calculations (Private)'!W12 -> Greenwich HS - Team 2
E30: MCHU 106 | F30: BYE
B31: ='CT RR Calculations (Private)'!W6 -> Greenwich HS - Team 1 | I31: MCHU 102
B32: MCHU 108
B33: ='CT RR Calculations (Private)'!W14 -> Univ HS Sci & Eng
C34: MCHU 107 | D34: BYE
B35: ='CT RR Calculations (Private)'!W4 -> Waterford HS - Team 1
B36: MCHU 102
B37: ='CT RR Calculations (Private)'!W16 -> South Windsor HS - Team 2
D41: MCHU 108 | F41: MCHU 102 | H41: MCHU 102
C42: MCHU 301
E43: MCHU 107
D45: MCHU 102 | G45: MCHU 106
C46: MCHU 302
D49: MCHU 106 | F49: MCHU 106
C50: MCHU 201
E51: MCHU 102
D53: MCHU 107
C54: MCHU 202

Sheet Copy of CT Regional (SOUTH) CHA
B1: Connecticut Regional CHAMPIONSHIP Bracket
B3: Round 6 | C3: Round 7 | D3: Round 8 | E3: Round 9 | F3: Round 10 | G3: Round 11 | H3: Round 12 | I3: Round 13 | J3: Round 14
B4: 0.58333333 | C4: =B4+"00:30" -> 0.60416667 | D4: =C4+"00:30" -> 0.625 | E4: =D4+"00:30" -> 0.64583333 | F4: =E4+"00:30" -> 0.66666667 | G4: =F4+"00:30" -> 0.6875 | H4: =G4+"00:30" -> 0.70833333 | I4: =H4+"00:30" -> 0.72916667 | J4: =I4+"00:30" -> 0.75
B8: MCHU 301
C10: MCHU 102 | D10: BYE
B12: MCHU 302
E14: MCHU 108 | F14: BYE
B16: MCHU 201
C18: MCHU 106 | D18: BYE
B20: MCHU 202
G22: MCHU 102 | H22: BYE
B24: MCHU 106
C26: MCHU 108 | D26: BYE
B28: MCHU 107
E30: MCHU 106 | F30: BYE
I31: MCHU 102
B32: MCHU 108
C34: MCHU 107 | D34: BYE
B36: MCHU 102
D41: MCHU 108 | F41: MCHU 102 | H41: MCHU 102
C42: MCHU 301
E43: MCHU 107
D45: MCHU 102 | G45: MCHU 106
C46: MCHU 302
D49: MCHU 106 | F49: MCHU 106
C50: MCHU 201
E51: MCHU 102
D53: MCHU 107
C54: MCHU 202

Sheet PB Regional CHAMPIONSHIP Bracke
B1: PB Regional CHAMPIONSHIP Bracket
B3: Round 1 | C3: Round 2 | D3: Round 3 | E3: Round 4 | F3: Round 5
B4: 0.40625 | C4: 0.42708333 | D4: 0.44791667 | E4: 0.46875 | F4: 0.48958333
D12: BYE
