Workbook

Sheet Round Robin Groups
A1: w | E1: Category Statistics
B2: Teams | C2: Payment Status
B3: MSJ A | C3: TRUE
B4: MSJ B | C4: TRUE | E4: Round Robin Groups
B5: Iolani A | C5: TRUE
B6: Iolani B | C6: TRUE
B7: Collierville | C7: TRUE
B8: ASFA | C8: TRUE | E8: Group A | F8: Group B | G8: Group C | H8: Group D | I8: Group E | J8: Group F
B9: Palo Alto | C9: TRUE | D9: 1 | E9: Mission San Jose A | F9: Enloe | G9: Evergreen | H9: Commonwealth School | I9: Misson San Jose B | J9: Lakeside
B10: Centreville A | C10: TRUE | D10: 2 | E10: BYE | F10: Iolani A | G10: Basis Chandler A | H10: Whitney Young | I10: School of Biology | J10: Iolani B
B11: North Hollywood | C11: TRUE | D11: 3 | E11: Princeton | F11: Winston Churchill | G11: Montgomery Blair A | H11: Montgomery Blair B | I11: Brooklyn Tech A | J11: Wayzata
B12: Temple City | C12: TRUE | D12: 4 | E12: Basis Silicon Valley | F12: North Hollywood | G12: Plano West | H12: Canyon Crest A | I12: Saratoga | J12: Palo Alto
B13: Brooklyn Tech A | C13: TRUE | D13: 5 | E13: Collierville | F13: Temple City | G13: Canyon Crest B | H13: James Clemens | I13: WWPS A | J13: East Brunswick
B14: Brooklyn Tech B | C14: TRUE | D14: 6 | E14: Centreville A | F14: Brooklyn Tech B | G14: BYE | H14: BYE | I14: ASFA | J14: BYE
B15: School of Biology | C15: TRUE
B16: WWPS A | C16: TRUE
B17: Princeton | C17: TRUE
B18: East Brunswick | C18: TRUE
B19: Blair A | C19: TRUE
B20: Blair B | C20: TRUE
B21: Lakeside | C21: TRUE
B22: Plano West | C22: TRUE
B23: Basis Chandler A | C23: TRUE
B24: CCA A | C24: TRUE
B25: CCA B | C25: TRUE
B26: Evergreen | C26: TRUE
... B34: Enloe | C34: TRUE

Sheet Schedule + Room Assignments
B2: Room | C2: RR 1 | D2: RR 2 | E2: RR 3 | F2: RR 4 | G2: RR 5 | I2: Event | J2: Time (EST)
B3: Room 1 | C3: A1 BYE | D3: A4— A5 | E3: A1 — A4 | F3: A1 — A5 | G3: A3 — A4 | I3: Opening Meeting | J3: 10:55 a.m. - 11:10 a.m.
B4: Room 2 | C4: A3 — A5 | D4: A1 — A3 | E4: A5 — A6 | F4: A3 — A6 | G4: A1 — A6 | I4: RR 1 | J4: 11:10 a.m. - 11:55 a.m.
B5: Room 3 | C5: A4 — A6 | D5: A6 BYE | E5: A3 BYE | F5: A4 BYE | G5: A5 BYE | I5: RR 2 | J5: 11:55 a.m. - 12:30 p.m.
B6: Room 4 | C6: B1 — B2 | D6: B4— B5 | E6: B2 — B3 | F6: B1 — B5 | G6: B3 — B4 | I6: RR 3 | J6: 12:30 p.m. - 1:05 p.m.
B7: Room 5 | C7: B3 — B5 | D7: B1 — B3 | E7: B5 — B6 | F7: B2 — B4 | G7: B1 — B6 | I7: RR 4 | J7: 1:05 p.m. - 1:40 p.m.
B8: Room 6 | C8: B4 — B6 | D8: B2 — B6 | E8: B1 — B4 | F8: B3 — B6 | G8: B2 — B5 | I8: RR 5 | J8: 1:40 p.m. - 2:15 p.m.
B9: Room 7 | C9: C1 — C2 | D9: C4— C5 | E9: C2 — C3 | F9: C1 — C5 | G9: C3 — C4 | I9: Lunch | J9: 2:45 p.m. - 3:30p.m.
B10: Room 8 | C10: C3 — C5 | D10: C1 — C3 | E10: C1 — C4 | F10: C2 — C4 | G10: C2 — C5 | I10: DE 1 | J10: 3:30 p.m. - 4:00 p.m.
B11: Room 9 | C11: C4 BYE | D11: C2 BYE | E11: C5 BYE | F11: C3 BYE | G11: C1 BYE | I11: DE 2 | J11: 4:00 p.m. - 4:30 p.m.
B12: Room 10 | C12: D1 — D2 | D12: D4— D5 | E12: D2 — D3 | F12: D1 — D5 | G12: D3 — D4 | I12: DE 3 | J12: 4:30 p.m. - 5:00 p.m.
B13: Room 11 | C13: D3 — D5 | D13: D1 — D3 | E13: D1 — D4 | F13: D2 — D4 | G13: D2 — D5 | I13: DE Break | J13: 5:00 p.m. - 5:15 p.m.
... B20: Room 18 | C20: F4 BYE | D20: F2 BYE | E20: F5 BYE | F20: F3 BYE | G20: F1 BYE | I20: DE 9 | J20: 8:00 p.m. - 8:30 p.m.
I21: Closing Ceremony | J21: 8:30 p.m. - 8:45 p.m.

Sheet RR Scores
B2: Group A
B3: =sum(C4:H9)*3/2 -> 2763 | C3: {=TRANSPOSE(B4:B9)} -> Mission San Jose A | D3: BYE | E3: Princeton | F3: Basis Silicon Valley | G3: Collierville | H3: Centreville A | I3: Wins | J3: Ties | K3: Losses | L3: Points | M3: PPG | N3: RR Score * 5/4
B4: Mission San Jose A | E4: 184 | F4: 166 | G4: 146 | H4: 134 | I4: =COUNTIF(K68:P68, 1) -> 4 | J4: 0 | K4: =COUNTIF(K68:P68, 0) -> 0 | L4: =I4+0.5*J4 -> 4 | M4: =AVERAGE(C4:H4) -> 157.5 | N4: =(L4*500+M4*2*B3/(IF(AVERAGE($B$3, $B$12, $B$21, $B$30, $B$39, $B$48)=0, 1, AVERAGE($B$3, $B$12, $B$21, $B$30, $B$39, $B$48))))*5/4 -> 2896.1275
B5: BYE | N5: 0
B6: Princeton | C6: 94 | F6: 34 | G6: 160 | H6: 98 | I6: =COUNTIF(K70:P70, 1) -> 2 | J6: 0 | K6: =COUNTIF(K70:P70, 0) -> 2 | L6: =I6+0.5*J6 -> 2 | M6: =AVERAGE(C6:H6) -> 96.5 | N6: =(L6*500+M6*2*B3/(IF(AVERAGE($B$3, $B$12, $B$21, $B$30, $B$39, $B$48)=0, 1, AVERAGE($B$3, $B$12, $B$21, $B$30, $B$39, $B$48))))*5/4 -> 1492.7067
B7: Basis Silicon Valley | C7: 38 | E7: 176 | G7: 124 | H7: 140 | I7: =COUNTIF(K71:P71, 1) -> 3 | J7: 0 | K7: =COUNTIF(K71:P71, 0) -> 1 | L7: =I7+0.5*J7 -> 3 | M7: =AVERAGE(C7:H7) -> 119.5 | N7: =(L7*500+M7*2*B3/(IF(AVERAGE($B$3, $B$12, $B$21, $B$30, $B$39, $B$48)=0, 1, AVERAGE($B$3, $B$12, $B$21, $B$30, $B$39, $B$48))))*5/4 -> 2175.5539
B8: Collierville | C8: 6 | E8: 12 | F8: 32 | H8: 34 | I8: =COUNTIF(K72:P72, 1) -> 0 | J8: 0 | K8: =COUNTIF(K72:P72, 0) -> 4 | L8: =I8+0.5*J8 -> 0 | M8: =AVERAGE(C8:H8) -> 21 | N8: =(L8*500+M8*2*B3/(IF(AVERAGE($B$3, $B$12, $B$21, $B$30, $B$39, $B$48)=0, 1, AVERAGE($B$3, $B$12, $B$21, $B$30, $B$39, $B$48))))*5/4 -> 52.817004
B9: Centreville A | C9: 46 | E9: 92 | F9: 22 | G9: 104 | I9: =COUNTIF(K73:P73, 1) -> 1 | J9: 0 | K9: =COUNTIF(K73:P73, 0) -> 3 | L9: =I9+0.5*J9 -> 1 | M9: =AVERAGE(C9:H9) -> 66 | N9: =(L9*500+M9*2*B3/(IF(AVERAGE($B$3, $B$12, $B$21, $B$30, $B$39, $B$48)=0, 1, AVERAGE($B$3, $B$12, $B$21, $B$30, $B$39, $B$48))))*5/4 -> 790.9963
B11: Group B
B12: =sum(C13:H18) -> 2876 | C12: {=TRANSPOSE(B13:B18)} -> Enloe | D12: Iolani A | E12: Winston Churchill | F12: North Hollywood | G12: Temple City | H12: Brooklyn Tech B | I12: Wins | J12: Ties | K12: Losses | L12: Points | M12: PPG | N12: RR Score
B13: Enloe | D13: 60 | E13: 200 | F13: 64 | G13: 162 | H13: 158 | I13: =COUNTIF(K77:P77, 1) -> 3 | J13: =COUNTIF(K77:P77, 0.5) -> 0 | K13: =COUNTIF(K77:P77, 0) -> 2 | L13: =I13+0.5*J13 -> 3 | M13: =AVERAGE(C13:H13) -> 128.8 | N13: =L13*500+M13*2*B12/(IF(AVERAGE($B$3, $B$12, $B$21, $B$30, $B$39, $B$48)=0, 1, AVERAGE($B$3, $B$12, $B$21, $B$30, $B$39, $B$48))) -> 1769.7543
B14: Iolani A | C14: 146 | E14: 172 | F14: 100 | G14: 176 | H14: 148 | I14: =COUNTIF(K78:P78, 1) -> 4 | J14: =COUNTIF(K78:P78, 0.5) -> 0 | K14: =COUNTIF(K78:P78, 0) -> 1 | L14: =I14+0.5*J14 -> 4 | M14: =AVERAGE(C14:H14) -> 148.4 | N14: =L14*500+M14*2*B12/(IF(AVERAGE($B$3, $B$12, $B$21, $B$30, $B$39, $B$48)=0, 1, AVERAGE($B$3, $B$12, $B$21, $B$30, $B$39, $B$48))) -> 2310.8038
B15: Winston Churchill | C15: 18 | D15: 54 | F15: 8 | G15: 36 | H15: 48 | I15: =COUNTIF(K79:P79, 1) -> 1 | J15: =COUNTIF(K79:P79, 0.5) -> 0 | K15: =COUNTIF(K79:P79, 0) -> 4 | L15: =I15+0.5*J15 -> 1 | M15: =AVERAGE(C15:H15) -> 32.8 | N15: =L15*500+M15*2*B12/(IF(AVERAGE($B$3, $B$12, $B$21, $B$30, $B$39, $B$48)=0, 1, AVERAGE($B$3, $B$12, $B$21, $B$30, $B$39, $B$48))) -> 568.69518
B16: North Hollywood | C16: 118 | D16: 124 | E16: 194 | G16: 192 | H16: 200 | I16: =COUNTIF(K80:P80, 1) -> 5 | J16: =COUNTIF(K80:P80, 0.5) -> 0 | K16: =COUNTIF(K80:P80, 0) -> 0 | L16: =I16+0.5*J16 -> 5 | M16: =AVERAGE(C16:H16) -> 165.6 | N16: =L16*500+M16*2*B12/(IF(AVERAGE($B$3, $B$12, $B$21, $B$30, $B$39, $B$48)=0, 1, AVERAGE($B$3, $B$12, $B$21, $B$30, $B$39, $B$48))) -> 2846.8269
B17: Temple City | C17: 42 | D17: 62 | E17: 140 | F17: 48 | H17: 82 | I17: =COUNTIF(K81:P81, 1) -> 2 | J17: =COUNTIF(K81:P81, 0.5) -> 0 | K17: =COUNTIF(K81:P81, 0) -> 3 | L17: =I17+0.5*J17 -> 2 | M17: =AVERAGE(C17:H17) -> 74.8 | N17: =L17*500+M17*2*B12/(IF(AVERAGE($B$3, $B$12, $B$21, $B$30, $B$39, $B$48)=0, 1, AVERAGE($B$3, $B$12, $B$21, $B$30, $B$39, $B$48))) -> 1156.6585
B18: Brooklyn Tech B | C18: 8 | D18: 40 | E18: 18 | F18: 18 | G18: 40 | I18: =COUNTIF(K82:P82, 1) -> 0 | J18: =COUNTIF(K82:P82, 0.5) -> 0 | K18: =COUNTIF(K82:P82, 0) -> 5 | L18: =I18+0.5*J18 -> 0 | M18: =AVERAGE(C18:H18) -> 24.8 | N18: =L18*500+M18*2*B12/(IF(AVERAGE($B$3, $B$12, $B$21, $B$30, $B$39, $B$48)=0, 1, AVERAGE($B$3, $B$12, $B$21, $B$30, $B$39, $B$48))) -> 51.940262
B20: Group C
B21: =sum(C22:H27)*3/2 -> 2859 | C21: {=TRANSPOSE(B22:B27)} -> Evergreen | D21: BASIS Chandler A | E21: Montgomery Blair A | F21: Plano West | G21: Canyon Crest B | H21: BYE | I21: Wins | J21: Ties | K21: Losses | L21: Points | M21: PPG | N21: RR Score * 5/4
B22: Evergreen | D22: 62 | E22: 54 | F22: 88 | G22: 88 | H22: 0 | I22: =COUNTIF(K86:P86, 1) -> 1 | J22: =COUNTIF(K86:P86, 0.5) -> 0 | K22: =COUNTIF(K86:P86, 0) -> 3 | L22: =I22+0.5*J22 -> 1 | M22: =AVERAGE(C22:H22) -> 58.4 | N22: =(L22*500+M22*2*B21/(IF(AVERAGE($B$3, $B$12, $B$21, $B$30, $B$39, $B$48)=0, 1, AVERAGE($B$3, $B$12, $B$21, $B$30, $B$39, $B$48))))*5/4 -> 776.98495
B23: BASIS Chandler A | C23: 76 | E23: 30 | F23: 80 | G23: 120 | H23: 0 | I23: =COUNTIF(K87:P87, 1) -> 3 | J23: =COUNTIF(K87:P87, 0.5) -> 0 | K23: =COUNTIF(K87:P87, 0) -> 1 | L23: =I23+0.5*J23 -> 3 | M23: =AVERAGE(C23:H23) -> 61.2 | N23: =(L23*500+M23*2*B21/(IF(AVERAGE($B$3, $B$12, $B$21, $B$30, $B$39, $B$48)=0, 1, AVERAGE($B$3, $B$12, $B$21, $B$30, $B$39, $B$48))))*5/4 -> 2034.2719
B24: Montgomery Blair A | C24: 178 | D24: 236 | F24: 264 | G24: 238 | H24: 0 | I24: =COUNTIF(K88:P88, 1) -> 4 | J24: =COUNTIF(K88:P88, 0.5) -> 0 | K24: =COUNTIF(K88:P88, 0) -> 0 | L24: =I24+0.5*J24 -> 4 | M24: =AVERAGE(C24:H24) -> 183.2 | N24: =(L24*500+M24*2*B21/(IF(AVERAGE($B$3, $B$12, $B$21, $B$30, $B$39, $B$48)=0, 1, AVERAGE($B$3, $B$12, $B$21, $B$30, $B$39, $B$48))))*5/4 -> 2976.7747
B25: Plano West | C25: 96 | D25: 30 | E25: 6 | G25: 86 | H25: 0 | I25: =COUNTIF(K89:P89, 1) -> 2 | J25: =COUNTIF(K89:P89, 0.5) -> 0 | K25: =COUNTIF(K89:P89, 0) -> 2 | L25: =I25+0.5*J25 -> 2 | M25: =AVERAGE(C25:H25) -> 43.6 | N25: =(L25*500+M25*2*B21/(IF(AVERAGE($B$3, $B$12, $B$21, $B$30, $B$39, $B$48)=0, 1, AVERAGE($B$3, $B$12, $B$21, $B$30, $B$39, $B$48))))*5/4 -> 1363.4682
B26: Canyon Crest B | C26: 32 | D26: 26 | E26: 32 | F26: 84 | H26: 0 | I26: =COUNTIF(K90:P90, 1) -> 0 | J26: =COUNTIF(K90:P90, 0.5) -> 0 | K26: =COUNTIF(K90:P90, 0) -> 4 | L26: =I26+0.5*J26 -> 0 | M26: =AVERAGE(C26:H26) -> 34.8 | N26: =(L26*500+M26*2*B21/(IF(AVERAGE($B$3, $B$12, $B$21, $B$30, $B$39, $B$48)=0, 1, AVERAGE($B$3, $B$12, $B$21, $B$30, $B$39, $B$48))))*5/4 -> 90.566374
B27: BYE | C27: 0 | D27: 0 | E27: 0 | F27: 0 | G27: 0 | I27: =COUNTIF(K91:P91, 1) -> 0 | J27: =COUNTIF(K91:P91, 0.5) -> 0 | K27: =COUNTIF(K91:P91, 0) -> 0 | L27: =I27+0.5*J27 -> 0 | N27: =L27*500+M27*2*B21/(IF(AVERAGE($B$3, $B$12, $B$21, $B$30, $B$39, $B$48)=0, 1, AVERAGE($B$3, $B$12, $B$21, $B$30, $B$39, $B$48))) -> 0
B29: Group D
B30: =sum(C31:H36)*3/2 -> 2814 | C30: {=TRANSPOSE(B31:B36)} -> Commonwealth School | D30: Whitney Young | E30: Montgomery Blair B | F30: Canyon Crest A | G30: James Clemens | H30: BYE | I30: Wins | J30: Ties | K30: Losses | L30: Points | M30: PPG | N30: RR Score * 5/4
B31: Commonwealth School | D31: 44 | E31: 40 | F31: 12 | G31: 38 | I31: =COUNTIF(K95:P95, 1) -> 0 | J31: =COUNTIF(K95:P95, 0.5) -> 0 | K31: =COUNTIF(K95:P95, 0) -> 4 | L31: =I31+0.5*J31 -> 0 | M31: =AVERAGE(C31:H31) -> 33.5 | N31: =(L31*500+M31*2*B30/(IF(AVERAGE($B$3, $B$12, $B$21, $B$30, $B$39, $B$48)=0, 1, AVERAGE($B$3, $B$12, $B$21, $B$30, $B$39, $B$48))))*5/4 -> 85.810905
B32: Whitney Young | C32: 112 | E32: 48 | F32: 68 | G32: 36 | I32: =COUNTIF(K96:P96, 1) -> 1 | J32: =COUNTIF(K96:P96, 0.5) -> 0 | K32: =COUNTIF(K96:P96, 0) -> 3 | L32: =I32+0.5*J32 -> 1 | M32: =AVERAGE(C32:H32) -> 66 | N32: =(L32*500+M32*2*B30/(IF(AVERAGE($B$3, $B$12, $B$21, $B$30, $B$39, $B$48)=0, 1, AVERAGE($B$3, $B$12, $B$21, $B$30, $B$39, $B$48))))*5/4 -> 794.06029
B33: Montgomery Blair B | C33: 132 | D33: 184 | F33: 86 | G33: 90 | I33: =COUNTIF(K97:P97, 1) -> 2 | J33: =COUNTIF(K97:P97, 0.5) -> 0 | K33: =COUNTIF(K97:P97, 0) -> 2 | L33: =I33+0.5*J33 -> 2 | M33: =AVERAGE(C33:H33) -> 123 | N33: =(L33*500+M33*2*B30/(IF(AVERAGE($B$3, $B$12, $B$21, $B$30, $B$39, $B$48)=0, 1, AVERAGE($B$3, $B$12, $B$21, $B$30, $B$39, $B$48))))*5/4 -> 1565.0669
B34: Canyon Crest A | C34: 148 | D34: 98 | E34: 110 | G34: 62 | I34: =COUNTIF(K98:P98, 1) -> 3 | J34: =COUNTIF(K98:P98, 0.5) -> 0 | K34: =COUNTIF(K98:P98, 0) -> 1 | L34: =I34+0.5*J34 -> 3 | M34: =AVERAGE(C34:H34) -> 104.5 | N34: =(L34*500+M34*2*B30/(IF(AVERAGE($B$3, $B$12, $B$21, $B$30, $B$39, $B$48)=0, 1, AVERAGE($B$3, $B$12, $B$21, $B$30, $B$39, $B$48))))*5/4 -> 2142.6788
B35: James Clemens | C35: 150 | D35: 168 | E35: 116 | F35: 134 | I35: =COUNTIF(K99:P99, 1) -> 4 | J35: =COUNTIF(K99:P99, 0.5) -> 0 | K35: =COUNTIF(K99:P99, 0) -> 0 | L35: =I35+0.5*J35 -> 4 | M35: =AVERAGE(C35:H35) -> 142 | N35: =(L35*500+M35*2*B30/(IF(AVERAGE($B$3, $B$12, $B$21, $B$30, $B$39, $B$48)=0, 1, AVERAGE($B$3, $B$12, $B$21, $B$30, $B$39, $B$48))))*5/4 -> 2863.7358
B36: BYE
B38: Group E
B39: =sum(C40:H45) -> 2716.5 | C39: {=TRANSPOSE(B40:B45)} -> Mission San Jose B | D39: School of Biology | E39: Brooklyn Tech A | F39: Saratoga | G39: WWPS A | H39: ASFA | I39: Wins | J39: Ties | K39: Losses | L39: Points | M39: PPG | N39: RR Score
B40: Mission San Jose B | D40: 54 | E40: 84 | F40: 60 | G40: 74 | H40: -2 | I40: 3 | J40: 0 | K40: 2 | L40: =I40+0.5*J40 -> 3 | M40: =AVERAGE(C40:H40) -> 54 | N40: =L40*500+M40*2*B39/(IF(AVERAGE($B$3, $B$12, $B$21, $B$30, $B$39, $B$48)=0, 1, AVERAGE($B$3, $B$12, $B$21, $B$30, $B$39, $B$48))) -> 1606.8236
B41: School of Biology | C41: 130.5 | E41: 152 | F41: 118 | G41: 168 | H41: 84 | I41: 3 | J41: 0 | K41: 2 | L41: =I41+0.5*J41 -> 3 | M41: =AVERAGE(C41:H41) -> 130.5 | N41: =L41*500+M41*2*B39/(IF(AVERAGE($B$3, $B$12, $B$21, $B$30, $B$39, $B$48)=0, 1, AVERAGE($B$3, $B$12, $B$21, $B$30, $B$39, $B$48))) -> 1758.1569
B42: Brooklyn Tech A | C42: 76 | D42: 60 | F42: 64 | G42: 28 | H42: 100 | I42: 1 | J42: 0 | K42: 4 | L42: =I42+0.5*J42 -> 1 | M42: =AVERAGE(C42:H42) -> 65.6 | N42: =L42*500+M42*2*B39/(IF(AVERAGE($B$3, $B$12, $B$21, $B$30, $B$39, $B$48)=0, 1, AVERAGE($B$3, $B$12, $B$21, $B$30, $B$39, $B$48))) -> 629.77084
B43: Saratoga | C43: 118 | D43: 54 | E43: 114 | G43: 148 | H43: 52 | I43: 3 | J43: 0 | K43: 2 | L43: =I43+0.5*J43 -> 3 | M43: =AVERAGE(C43:H43) -> 97.2 | N43: =L43*500+M43*2*B39/(IF(AVERAGE($B$3, $B$12, $B$21, $B$30, $B$39, $B$48)=0, 1, AVERAGE($B$3, $B$12, $B$21, $B$30, $B$39, $B$48))) -> 1692.2824
B44: WWPS A | C44: 66 | D44: 98 | E44: 146 | F44: 60 | H44: 110 | I44: 2 | J44: 0 | K44: 3 | L44: =I44+0.5*J44 -> 2 | M44: =AVERAGE(C44:H44) -> 96 | N44: =L44*500+M44*2*B39/(IF(AVERAGE($B$3, $B$12, $B$21, $B$30, $B$39, $B$48)=0, 1, AVERAGE($B$3, $B$12, $B$21, $B$30, $B$39, $B$48))) -> 1189.9085
B45: ASFA | C45: 128 | D45: 134 | E45: 38 | F45: 100 | G45: 100 | I45: 3 | J45: 0 | K45: 2 | L45: =I45+0.5*J45 -> 3 | M45: =AVERAGE(C45:H45) -> 100 | N45: =L45*500+M45*2*B39/(IF(AVERAGE($B$3, $B$12, $B$21, $B$30, $B$39, $B$48)=0, 1, AVERAGE($B$3, $B$12, $B$21, $B$30, $B$39, $B$48))) -> 1697.8214
B47: Group F
B48: =sum(C49:H54)*3/2 -> 2450 | C48: {=TRANSPOSE(B49:B54)} -> Lakeside | D48: Iolani B | E48: Wayzata | F48: Palo Alto | G48: East Brunswick | H48: BYE | I48: Wins | J48: Ties | K48: Losses | L48: Points | M48: PPG | N48: RR Score * 5/4
B49: Lakeside | D49: 154.66667 | E49: 166 | F49: 166 | G49: 132 | I49: =COUNTIF(K113:P113, 1) -> 4 | J49: =COUNTIF(K113:P113, 0.5) -> 0 | K49: =COUNTIF(K113:P113, 0) -> 0 | L49: =(I49+0.5*J49) -> 4 | M49: =AVERAGE(C49:H49) -> 154.66667 | N49: =(L49*500+M49*2*B48/(IF(AVERAGE($B$3, $B$12, $B$21, $B$30, $B$39, $B$48)=0, 1, AVERAGE($B$3, $B$12, $B$21, $B$30, $B$39, $B$48))))*5/4 -> 2844.9343
B50: Iolani B | C50: 34.666667 | E50: 32 | F50: 20 | G50: 52 | I50: =COUNTIF(K114:P114, 1) -> 1 | J50: =COUNTIF(K114:P114, 0.5) -> 0 | K50: =COUNTIF(K114:P114, 0) -> 3 | L50: =(I50+0.5*J50) -> 1 | M50: 34.666667 | N50: =(L50*500+M50*2*B48/(IF(AVERAGE($B$3, $B$12, $B$21, $B$30, $B$39, $B$48)=0, 1, AVERAGE($B$3, $B$12, $B$21, $B$30, $B$39, $B$48))))*5/4 -> 702.31286
B51: Wayzata | C51: 60 | D51: 72 | F51: 78 | G51: 166 | I51: =COUNTIF(K115:P115, 1) -> 2 | J51: =COUNTIF(K115:P115, 0.5) -> 0 | K51: =COUNTIF(K115:P115, 0) -> 2 | L51: =(I51+0.5*J51) -> 2 | M51: =AVERAGE(C51:H51) -> 94 | N51: =(L51*500+M51*2*B48/(IF(AVERAGE($B$3, $B$12, $B$21, $B$30, $B$39, $B$48)=0, 1, AVERAGE($B$3, $B$12, $B$21, $B$30, $B$39, $B$48))))*5/4 -> 1459.6368
B52: Palo Alto | C52: 78 | D52: 142 | E52: 116 | G52: 88 | I52: =COUNTIF(K116:P116, 1) -> 3 | J52: =COUNTIF(K116:P116, 0.5) -> 0 | K52: =COUNTIF(K116:P116, 0) -> 1 | L52: =(I52+0.5*J52) -> 3 | M52: =AVERAGE(C52:H52) -> 106 | N52: =(L52*500+M52*2*B48/(IF(AVERAGE($B$3, $B$12, $B$21, $B$30, $B$39, $B$48)=0, 1, AVERAGE($B$3, $B$12, $B$21, $B$30, $B$39, $B$48))))*5/4 -> 2111.3989
B53: East Brunswick | C53: 8 | D53: 18 | E53: 12 | F53: 38 | I53: =COUNTIF(K117:P117, 1) -> 0 | J53: =COUNTIF(K117:P117, 0.5) -> 0 | K53: =COUNTIF(K117:P117, 0) -> 4 | L53: =(I53+0.5*J53) -> 0 | M53: =AVERAGE(C53:H53) -> 19 | N53: =(L53*500+M53*2*B48/(IF(AVERAGE($B$3, $B$12, $B$21, $B$30, $B$39, $B$48)=0, 1, AVERAGE($B$3, $B$12, $B$21, $B$30, $B$39, $B$48))))*5/4 -> 42.373396
B54: BYE
B66: =B2 -> Group A
B67: =B3 -> 2763 | C67: {=TRANSPOSE(B68:B73)} -> Mission San Jose A | D67: BYE | E67: Princeton | F67: Basis Silicon Valley | G67: Collierville | H67: Centreville A | K67: {=transpose(J68:J73)} -> Mission San Jose A | L67: BYE | M67: Princeton | N67: Basis Silicon Valley | O67: Collierville | P67: Centreville A
B68: =B4 -> Mission San Jose A | C68: =C4 | D68: =D4 | E68: =E4 -> 184 | F68: =F4 -> 166 | G68: =G4 -> 146 | H68: =H4 -> 134 | J68: =B68 -> Mission San Jose A | L68: =IF(D68>C69, 1, IF(D68=C69, 0.5, 0)) -> 0.5 | M68: =IF(E68>C70, 1, IF(E68=C70, 0.5, 0)) -> 1 | N68: =IF(F68>C71, 1, IF(F68=C71, 0.5, 0)) -> 1 | O68: =IF(G68>C72, 1, IF(G68=C72, 0.5, 0)) -> 1 | P68: =IF(H68>C73, 1, IF(H68=C73, 0.5, 0)) -> 1
B69: =B5 -> BYE | C69: =C5 | D69: =D5 | E69: =E5 | F69: =F5 | G69: =G5 | H69: =H5 | J69: =B69 -> BYE | K69: =1-L68 -> 0.5 | M69: =IF(E69>D70, 1, IF(E69=D70, 0.5, 0)) -> 0.5 | N69: =IF(F69>D71, 1, IF(F69=D71, 0.5, 0)) -> 0.5 | O69: =IF(G69>D72, 1, IF(G69=D72, 0.5, 0)) -> 0.5 | P69: =IF(H69>D73, 1, IF(H69=D73, 0.5, 0)) -> 0.5
B70: =B6 -> Princeton | C70: =C6 -> 94 | D70: =D6 | E70: =E6 | F70: =F6 -> 34 | G70: =G6 -> 160 | H70: =H6 -> 98 | J70: =B70 -> Princeton | K70: =1-M68 -> 0 | L70: =1-M69 -> 0.5 | N70: =IF(F70>E71, 1, IF(F70=E71, 0.5, 0)) -> 0 | O70: =IF(G70>E72, 1, IF(G70=E72, 0.5, 0)) -> 1 | P70: =IF(H70>E74, 1, IF(H70=E74, 0.5, 0)) -> 1
B71: =B7 -> Basis Silicon Valley | C71: =C7 -> 38 | D71: =D7 | E71: =E7 -> 176 | F71: =F7 | G71: =G7 -> 124 | H71: =H7 -> 140 | J71: =B71 -> Basis Silicon Valley | K71: =1-N68 -> 0 | L71: =1-N69 -> 0.5 | M71: =1-N70 -> 1 | O71: =IF(G71>F72, 1, IF(G71=F72, 0.5, 0)) -> 1 | P71: =IF(H71>F73, 1, IF(H71=F73, 0.5, 0)) -> 1
B72: =B8 -> Collierville | C72: =C8 -> 6 | D72: =D8 | E72: =E8 -> 12 | F72: =F8 -> 32 | G72: =G8 | H72: =H8 -> 34 | J72: =B72 -> Collierville | K72: =1-O68 -> 0 | L72: =1-O69 -> 0.5 | M72: =1-O70 -> 0 | N72: =1-O71 -> 0 | P72: =IF(H72>G73, 1, IF(H72=G73, 0.5, 0)) -> 0
B73: =B9 -> Centreville A | C73: =C9 -> 46 | D73: =D9 | E73: =E9 -> 92 | F73: =F9 -> 22 | G73: =G9 -> 104 | H73: =H9 | J73: =B73 -> Centreville A | K73: =1-P68 -> 0 | L73: =1-P69 -> 0.5 | M73: =1-P70 -> 0 | N73: =1-P71 -> 0 | O73: =1-P72 -> 1
B74: =B10
B75: =B11 -> Group B
B76: =B12 -> 2876 | C76: {=TRANSPOSE(B77:B82)} -> Enloe | D76: Iolani A | E76: Winston Churchill | F76: North Hollywood | G76: Temple City | H76: Brooklyn Tech B | K76: {=transpose(J77:J82)} -> Enloe | L76: Iolani A | M76: Winston Churchill | N76: North Hollywood | O76: Temple City | P76: Brooklyn Tech B
B77: =B13 -> Enloe | C77: =C13 | D77: =D13 -> 60 | E77: =E13 -> 200 | F77: =F13 -> 64 | G77: =G13 -> 162 | H77: =H13 -> 158 | J77: =B77 -> Enloe | L77: =IF(D77>C78, 1, IF(D77=C78, 0.5, 0)) -> 0 | M77: =IF(E77>C79, 1, IF(E77=C79, 0.5, 0)) -> 1 | N77: =IF(F77>C80, 1, IF(F77=C80, 0.5, 0)) -> 0 | O77: =IF(G77>C81, 1, IF(G77=C81, 0.5, 0)) -> 1 | P77: =IF(H77>C82, 1, IF(H77=C82, 0.5, 0)) -> 1
B78: =B14 -> Iolani A | C78: =C14 -> 146 | D78: =D14 | E78: =E14 -> 172 | F78: =F14 -> 100 | G78: =G14 -> 176 | H78: =H14 -> 148 | J78: =B78 -> Iolani A | K78: =1-L77 -> 1 | M78: =IF(E78>D79, 1, IF(E78=D79, 0.5, 0)) -> 1 | N78: =IF(F78>D80, 1, IF(F78=D80, 0.5, 0)) -> 0 | O78: =IF(G78>D81, 1, IF(G78=D81, 0.5, 0)) -> 1 | P78: =IF(H78>D82, 1, IF(H78=D82, 0.5, 0)) -> 1
B79: =B15 -> Winston Churchill | C79: =C15 -> 18 | D79: =D15 -> 54 | E79: =E15 | F79: =F15 -> 8 | G79: =G15 -> 36 | H79: =H15 -> 48 | J79: =B79 -> Winston Churchill | K79: =1-M77 -> 0 | L79: =1-M78 -> 0 | N79: =IF(F79>E80, 1, IF(F79=E80, 0.5, 0)) -> 0 | O79: =IF(G79>E81, 1, IF(G79=E81, 0.5, 0)) -> 0 | P79: =IF(H79>E83, 1, IF(H79=E83, 0.5, 0)) -> 1
B80: =B16 -> North Hollywood | C80: =C16 -> 118 | D80: =D16 -> 124 | E80: =E16 -> 194 | F80: =F16 | G80: =G16 -> 192 | H80: =H16 -> 200 | J80: =B80 -> North Hollywood | K80: =1-N77 -> 1 | L80: =1-N78 -> 1 | M80: =1-N79 -> 1 | O80: =IF(G80>F81, 1, IF(G80=F81, 0.5, 0)) -> 1 | P80: =IF(H80>F82, 1, IF(H80=F82, 0.5, 0)) -> 1
B81: =B17 -> Temple City | C81: =C17 -> 42 | D81: =D17 -> 62 | E81: =E17 -> 140 | F81: =F17 -> 48 | G81: =G17 | H81: =H17 -> 82 | J81: =B81 -> Temple City | K81: =1-O77 -> 0 | L81: =1-O78 -> 0 | M81: =1-O79 -> 1 | N81: =1-O80 -> 0 | P81: =IF(H81>G82, 1, IF(H81=G82, 0.5, 0)) -> 1
B82: =B18 -> Brooklyn Tech B | C82: =C18 -> 8 | D82: =D18 -> 40 | E82: =E18 -> 18 | F82: =F18 -> 18 | G82: =G18 -> 40 | H82: =H18 | J82: =B82 -> Brooklyn Tech B | K82: =1-P77 -> 0 | L82: =1-P78 -> 0 | M82: =1-P79 -> 0 | N82: =1-P80 -> 0 | O82: =1-P81 -> 0
B83: =B19
B84: =B20 -> Group C
B85: =B21 -> 2859 | C85: {=TRANSPOSE(B86:B91)} -> Evergreen | D85: BASIS Chandler A | E85: Montgomery Blair A | F85: Plano West | G85: Canyon Crest B | H85: BYE | K85: {=transpose(J86:J91)} -> Evergreen | L85: BASIS Chandler A | M85: Montgomery Blair A | N85: Plano West | O85: Canyon Crest B | P85: BYE
B86: =B22 -> Evergreen | C86: =C22 | D86: =D22 -> 62 | E86: =E22 -> 54 | F86: =F22 -> 88 | G86: =G22 -> 88 | H86: =H22 -> 0 | J86: =B86 -> Evergreen | L86: =IF(D86>C87, 1, IF(D86=C87, 0.5, 0)) -> 0 | M86: =IF(E86>C88, 1, IF(E86=C88, 0.5, 0)) -> 0 | N86: =IF(F86>C89, 1, IF(F86=C89, 0.5, 0)) -> 0 | O86: =IF(G86>C90, 1, IF(G86=C90, 0.5, 0)) -> 1
B87: =B23 -> BASIS Chandler A | C87: =C23 -> 76 | D87: =D23 | E87: =E23 -> 30 | F87: =F23 -> 80 | G87: =G23 -> 120 | H87: =H23 -> 0 | J87: =B87 -> BASIS Chandler A | K87: =1-L86 -> 1 | M87: =IF(E87>D88, 1, IF(E87=D88, 0.5, 0)) -> 0 | N87: =IF(F87>D89, 1, IF(F87=D89, 0.5, 0)) -> 1 | O87: =IF(G87>D90, 1, IF(G87=D90, 0.5, 0)) -> 1
B88: =B24 -> Montgomery Blair A | C88: =C24 -> 178 | D88: =D24 -> 236 | E88: =E24 | F88: =F24 -> 264 | G88: =G24 -> 238 | H88: =H24 -> 0 | J88: =B88 -> Montgomery Blair A | K88: =1-M86 -> 1 | L88: =1-M87 -> 1 | N88: =IF(F88>E89, 1, IF(F88=E89, 0.5, 0)) -> 1 | O88: =IF(G88>E90, 1, IF(G88=E90, 0.5, 0)) -> 1
B89: =B25 -> Plano West | C89: =C25 -> 96 | D89: =D25 -> 30 | E89: =E25 -> 6 | F89: =F25 | G89: =G25 -> 86 | H89: =H25 -> 0 | J89: =B89 -> Plano West | K89: =1-N86 -> 1 | L89: =1-N87 -> 0 | M89: =1-N88 -> 0 | O89: =IF(G89>F90, 1, IF(G89=F90, 0.5, 0)) -> 1
B90: =B26 -> Canyon Crest B | C90: =C26 -> 32 | D90: =D26 -> 26 | E90: =E26 -> 32 | F90: =F26 -> 84 | G90: =G26 | H90: =H26 -> 0 | J90: =B90 -> Canyon Crest B | K90: =1-O86 -> 0 | L90: =1-O87 -> 0 | M90: =1-O88 -> 0 | N90: =1-O89 -> 0
B91: =B27 -> BYE | C91: =C27 -> 0 | D91: =D27 -> 0 | E91: =E27 -> 0 | F91: =F27 -> 0 | G91: =G27 -> 0 | H91: =H27 | J91: =B91 -> BYE
B92: =B28
B93: =B29 -> Group D
B94: =B30 -> 2814 | C94: {=TRANSPOSE(B95:B100)} -> Commonwealth School | D94: Whitney Young | E94: Montgomery Blair B | F94: Canyon Crest A | G94: James Clemens | H94: BYE | K94: {=transpose(J95:J100)} -> Commonwealth School | L94: Whitney Young | M94: Montgomery Blair B | N94: Canyon Crest A | O94: James Clemens | P94: BYE
B95: =B31 -> Commonwealth School | C95: =C31 | D95: =D31 -> 44 | E95: =E31 -> 40 | F95: =F31 -> 12 | G95: =G31 -> 38 | H95: =H31 | J95: =B95 -> Commonwealth School | L95: =IF(D95>C96, 1, IF(D95=C96, 0.5, 0)) -> 0 | M95: =IF(E95>C97, 1, IF(E95=C97, 0.5, 0)) -> 0 | N95: =IF(F95>C98, 1, IF(F95=C98, 0.5, 0)) -> 0 | O95: =IF(G95>C99, 1, IF(G95=C99, 0.5, 0)) -> 0
B96: =B32 -> Whitney Young | C96: =C32 -> 112 | D96: =D32 | E96: =E32 -> 48 | F96: =F32 -> 68 | G96: =G32 -> 36 | H96: =H32 | J96: =B96 -> Whitney Young | K96: =1-L95 -> 1 | M96: =IF(E96>D97, 1, IF(E96=D97, 0.5, 0)) -> 0 | N96: =IF(F96>D98, 1, IF(F96=D98, 0.5, 0)) -> 0 | O96: =IF(G96>D99, 1, IF(G96=D99, 0.5, 0)) -> 0
B97: =B33 -> Montgomery Blair B | C97: =C33 -> 132 | D97: =D33 -> 184 | E97: =E33 | F97: =F33 -> 86 | G97: =G33 -> 90 | H97: =H33 | J97: =B97 -> Montgomery Blair B | K97: =1-M95 -> 1 | L97: =1-M96 -> 1 | N97: =IF(F97>E98, 1, IF(F97=E98, 0.5, 0)) -> 0 | O97: =IF(G97>E99, 1, IF(G97=E99, 0.5, 0)) -> 0
B98: =B34 -> Canyon Crest A | C98: =C34 -> 148 | D98: =D34 -> 98 | E98: =E34 -> 110 | F98: =F34 | G98: =G34 -> 62 | H98: =H34 | J98: =B98 -> Canyon Crest A | K98: =1-N95 -> 1 | L98: =1-N96 -> 1 | M98: =1-N97 -> 1 | O98: =IF(G98>F99, 1, IF(G98=F99, 0.5, 0)) -> 0
B99: =B35 -> James Clemens | C99: =C35 -> 150 | D99: =D35 -> 168 | E99: =E35 -> 116 | F99: =F35 -> 134 | G99: =G35 | H99: =H35 | J99: =B99 -> James Clemens | K99: =1-O95 -> 1 | L99: =1-O96 -> 1 | M99: =1-O97 -> 1 | N99: =1-O98 -> 1
B100: =B36 -> BYE | C100: =C36 | D100: =D36 | E100: =E36 | F100: =F36 | G100: =G36 | H100: =H36 | J100: =B100 -> BYE
B101: =B37
B102: =B38 -> Group E
B103: =B39 -> 2716.5 | C103: {=TRANSPOSE(B104:B109)} -> Mission San Jose B | D103: School of Biology | E103: Brooklyn Tech A | F103: Saratoga | G103: WWPS A | H103: ASFA | K103: {=transpose(J104:J109)} -> Mission San Jose B | L103: School of Biology | M103: Brooklyn Tech A | N103: Saratoga | O103: WWPS A | P103: ASFA
B104: =B40 -> Mission San Jose B | C104: =C40 | D104: =D40 -> 54 | E104: =E40 -> 84 | F104: =F40 -> 60 | G104: =G40 -> 74 | H104: =H40 -> -2 | J104: =B104 -> Mission San Jose B | L104: =IF(D104>C105, 1, IF(D104=C105, 0.5, 0)) -> 0 | M104: =IF(E104>C106, 1, IF(E104=C106, 0.5, 0)) -> 1 | N104: =IF(F104>C107, 1, IF(F104=C107, 0.5, 0)) -> 0 | O104: =IF(G104>C108, 1, IF(G104=C108, 0.5, 0)) -> 1 | P104: =IF(H104>C109, 1, IF(H104=C109, 0.5, 0)) -> 0
B105: =B41 -> School of Biology | C105: =C41 -> 130.5 | D105: =D41 | E105: =E41 -> 152 | F105: =F41 -> 118 | G105: =G41 -> 168 | H105: =H41 -> 84 | J105: =B105 -> School of Biology | K105: =1-L104 -> 1 | M105: =IF(E105>D106, 1, IF(E105=D106, 0.5, 0)) -> 1 | N105: =IF(F105>D107, 1, IF(F105=D107, 0.5, 0)) -> 1 | O105: =IF(G105>D108, 1, IF(G105=D108, 0.5, 0)) -> 1 | P105: =IF(H105>D109, 1, IF(H105=D109, 0.5, 0)) -> 0
B106: =B42 -> Brooklyn Tech A | C106: =C42 -> 76 | D106: =D42 -> 60 | E106: =E42 | F106: =F42 -> 64 | G106: =G42 -> 28 | H106: =H42 -> 100 | J106: =B106 -> Brooklyn Tech A | K106: =1-M104 -> 0 | L106: =1-M105 -> 0 | N106: =IF(F106>E107, 1, IF(F106=E107, 0.5, 0)) -> 0 | O106: =IF(G106>E108, 1, IF(G106=E108, 0.5, 0)) -> 0 | P106: =IF(H106>E110, 1, IF(H106=E110, 0.5, 0)) -> 1
B107: =B43 -> Saratoga | C107: =C43 -> 118 | D107: =D43 -> 54 | E107: =E43 -> 114 | F107: =F43 | G107: =G43 -> 148 | H107: =H43 -> 52 | J107: =B107 -> Saratoga | K107: =1-N104 -> 1 | L107: =1-N105 -> 0 | M107: =1-N106 -> 1 | O107: =IF(G107>F108, 1, IF(G107=F108, 0.5, 0)) -> 1 | P107: =IF(H107>F109, 1, IF(H107=F109, 0.5, 0)) -> 0
B108: =B44 -> WWPS A | C108: =C44 -> 66 | D108: =D44 -> 98 | E108: =E44 -> 146 | F108: =F44 -> 60 | G108: =G44 | H108: =H44 -> 110 | J108: =B108 -> WWPS A | K108: =1-O104 -> 0 | L108: =1-O105 -> 0 | M108: =1-O106 -> 1 | N108: =1-O107 -> 0 | P108: =IF(H108>G109, 1, IF(H108=G109, 0.5, 0)) -> 1
B109: =B45 -> ASFA | C109: =C45 -> 128 | D109: =D45 -> 134 | E109: =E45 -> 38 | F109: =F45 -> 100 | G109: =G45 -> 100 | H109: =H45 | J109: =B109 -> ASFA | K109: =1-P104 -> 1 | L109: =1-P105 -> 1 | M109: =1-P106 -> 0 | N109: =1-P107 -> 1 | O109: =1-P108 -> 0
B110: =B46
B111: =B47 -> Group F
B112: =B48 -> 2450 | C112: {=TRANSPOSE(B113:B118)} -> Lakeside | D112: Iolani B | E112: Wayzata | F112: Palo Alto | G112: East Brunswick | H112: BYE | K112: {=transpose(J113:J118)} -> Lakeside | L112: Iolani B | M112: Wayzata | N112: Palo Alto | O112: East Brunswick | P112: BYE
B113: =B49 -> Lakeside | C113: =C49 | D113: =D49 -> 154.66667 | E113: =E49 -> 166 | F113: =F49 -> 166 | G113: =G49 -> 132 | H113: =H49 | J113: =B113 -> Lakeside | L113: =IF(D113>C114, 1, IF(D113=C114, 0.5, 0)) -> 1 | M113: =IF(E113>C115, 1, IF(E113=C115, 0.5, 0)) -> 1 | N113: =IF(F113>C116, 1, IF(F113=C116, 0.5, 0)) -> 1 | O113: =IF(G113>C117, 1, IF(G113=C117, 0.5, 0)) -> 1
B114: =B50 -> Iolani B | C114: =C50 -> 34.666667 | D114: =D50 | E114: =E50 -> 32 | F114: =F50 -> 20 | G114: =G50 -> 52 | H114: =H50 | J114: =B114 -> Iolani B | K114: =1-L113 -> 0 | M114: =IF(E114>D115, 1, IF(E114=D115, 0.5, 0)) -> 0 | N114: =IF(F114>D116, 1, IF(F114=D116, 0.5, 0)) -> 0 | O114: =IF(G114>D117, 1, IF(G114=D117, 0.5, 0)) -> 1
B115: =B51 -> Wayzata | C115: =C51 -> 60 | D115: =D51 -> 72 | E115: =E51 | F115: =F51 -> 78 | G115: =G51 -> 166 | H115: =H51 | J115: =B115 -> Wayzata | K115: =1-M113 -> 0 | L115: =1-M114 -> 1 | N115: =IF(F115>E116, 1, IF(F115=E116, 0.5, 0)) -> 0 | O115: =IF(G115>E117, 1, IF(G115=E117, 0.5, 0)) -> 1
B116: =B52 -> Palo Alto | C116: =C52 -> 78 | D116: =D52 -> 142 | E116: =E52 -> 116 | F116: =F52 | G116: =G52 -> 88 | H116: =H52 | J116: =B116 -> Palo Alto | K116: =1-N113 -> 0 | L116: =1-N114 -> 1 | M116: =1-N115 -> 1 | O116: =IF(G116>F117, 1, IF(G116=F117, 0.5, 0)) -> 1
B117: =B53 -> East Brunswick | C117: =C53 -> 8 | D117: =D53 -> 18 | E117: =E53 -> 12 | F117: =F53 -> 38 | G117: =G53 | H117: =H53 | J117: =B117 -> East Brunswick | K117: =1-O113 -> 0 | L117: =1-O114 -> 0 | M117: =1-O115 -> 0 | N117: =1-O116 -> 0
...

Sheet DE Seeding
B2: Team | C2: RR Score | E2: Team | F2: RR Score | G2: DE Seed
B3: ='RR Scores'!B4 -> Mission San Jose A | C3: ='RR Scores'!N4 -> 2896.1275 | E3: {=SORT(B3:C38, 2, FALSE)} -> Montgomery Blair A | F3: 2976.7747 | G3: 1
B4: ='RR Scores'!B5 -> BYE | C4: ='RR Scores'!N5 -> 0 | E4: Mission San Jose A | F4: 2896.1275 | G4: =1+G3 -> 2
B5: ='RR Scores'!B6 -> Princeton | C5: ='RR Scores'!N6 -> 1492.7067 | E5: James Clemens | F5: 2863.7358 | G5: =1+G4 -> 3
B6: ='RR Scores'!B7 -> Basis Silicon Valley | C6: ='RR Scores'!N7 -> 2175.5539 | E6: North Hollywood | F6: 2846.8269 | G6: =1+G5 -> 4
B7: ='RR Scores'!B8 -> Collierville | C7: ='RR Scores'!N8 -> 52.817004 | E7: Lakeside | F7: 2844.9343 | G7: =1+G6 -> 5
B8: ='RR Scores'!B9 -> Centreville A | C8: ='RR Scores'!N9 -> 790.9963 | E8: Iolani A | F8: 2310.8038 | G8: =1+G7 -> 6
B9: ='RR Scores'!B13 -> Enloe | C9: ='RR Scores'!N13 -> 1769.7543 | E9: Basis Silicon Valley | F9: 2175.5539 | G9: =1+G8 -> 7
B10: ='RR Scores'!B14 -> Iolani A | C10: ='RR Scores'!N14 -> 2310.8038 | E10: Canyon Crest A | F10: 2142.6788 | G10: =1+G9 -> 8
B11: ='RR Scores'!B15 -> Winston Churchill | C11: ='RR Scores'!N15 -> 568.69518 | E11: Palo Alto | F11: 2111.3989 | G11: =1+G10 -> 9
B12: ='RR Scores'!B16 -> North Hollywood | C12: ='RR Scores'!N16 -> 2846.8269 | E12: BASIS Chandler A | F12: 2034.2719 | G12: =1+G11 -> 10
B13: ='RR Scores'!B17 -> Temple City | C13: ='RR Scores'!N17 -> 1156.6585 | E13: Enloe | F13: 1769.7543 | G13: =1+G12 -> 11
B14: ='RR Scores'!B18 -> Brooklyn Tech B | C14: ='RR Scores'!N18 -> 51.940262 | E14: School of Biology | F14: 1758.1569 | G14: =1+G13 -> 12
B15: ='RR Scores'!B22 -> Evergreen | C15: ='RR Scores'!N22 -> 776.98495 | E15: ASFA | F15: 1697.8214 | G15: =1+G14 -> 13
B16: ='RR Scores'!B23 -> BASIS Chandler A | C16: ='RR Scores'!N23 -> 2034.2719 | E16: Saratoga | F16: 1692.2824 | G16: =1+G15 -> 14
B17: ='RR Scores'!B24 -> Montgomery Blair A | C17: ='RR Scores'!N24 -> 2976.7747 | E17: Mission San Jose B | F17: 1606.8236 | G17: =1+G16 -> 15
B18: ='RR Scores'!B25 -> Plano West | C18: ='RR Scores'!N25 -> 1363.4682 | E18: Montgomery Blair B | F18: 1565.0669 | G18: =1+G17 -> 16
B19: ='RR Scores'!B26 -> Canyon Crest B | C19: ='RR Scores'!N26 -> 90.566374 | E19: Princeton | F19: 1492.7067
B20: ='RR Scores'!B27 -> BYE | C20: ='RR Scores'!N27 -> 0 | E20: Wayzata | F20: 1459.6368
B21: ='RR Scores'!B31 -> Commonwealth School | C21: ='RR Scores'!N31 -> 85.810905 | E21: Plano West | F21: 1363.4682
B22: ='RR Scores'!B32 -> Whitney Young | C22: ='RR Scores'!N32 -> 794.06029 | E22: WWPS A | F22: 1189.9085
B23: ='RR Scores'!B33 -> Montgomery Blair B | C23: ='RR Scores'!N33 -> 1565.0669 | E23: Temple City | F23: 1156.6585
B24: ='RR Scores'!B34 -> Canyon Crest A | C24: ='RR Scores'!N34 -> 2142.6788 | E24: Whitney Young | F24: 794.06029
B25: ='RR Scores'!B35 -> James Clemens | C25: ='RR Scores'!N35 -> 2863.7358 | E25: Centreville A | F25: 790.9963
B26: ='RR Scores'!B36 -> BYE | C26: ='RR Scores'!N36 | E26: Evergreen | F26: 776.98495
B27: ='RR Scores'!B40 -> Mission San Jose B | C27: ='RR Scores'!N40 -> 1606.8236 | E27: Iolani B | F27: 702.31286
B28: ='RR Scores'!B41 -> School of Biology | C28: ='RR Scores'!N41 -> 1758.1569 | E28: Brooklyn Tech A | F28: 629.77084
B29: ='RR Scores'!B42 -> Brooklyn Tech A | C29: ='RR Scores'!N42 -> 629.77084 | E29: Winston Churchill | F29: 568.69518
B30: ='RR Scores'!B43 -> Saratoga | C30: ='RR Scores'!N43 -> 1692.2824 | E30: Canyon Crest B | F30: 90.566374
B31: ='RR Scores'!B44 -> WWPS A | C31: ='RR Scores'!N44 -> 1189.9085 | E31: Commonwealth School | F31: 85.810905
B32: ='RR Scores'!B45 -> ASFA | C32: ='RR Scores'!N45 -> 1697.8214 | E32: Collierville | F32: 52.817004
B33: ='RR Scores'!B49 -> Lakeside | C33: ='RR Scores'!N49 -> 2844.9343 | E33: Brooklyn Tech B | F33: 51.940262
B34: ='RR Scores'!B50 -> Iolani B | C34: ='RR Scores'!N50 -> 702.31286 | E34: East Brunswick | F34: 42.373396
B35: ='RR Scores'!B51 -> Wayzata | C35: ='RR Scores'!N51 -> 1459.6368 | E35: BYE | F35: 0
B36: ='RR Scores'!B52 -> Palo Alto | C36: ='RR Scores'!N52 -> 2111.3989 | E36: BYE | F36: 0
B37: ='RR Scores'!B53 -> East Brunswick | C37: ='RR Scores'!N53 -> 42.373396 | E37: BYE
B38: ='RR Scores'!B54 -> BYE | C38: ='RR Scores'!N54 | E38: BYE

Sheet DE Bracket
A1: DE 1 | C1: DE 2 | E1: DE 3 | G1: DE 4 | I1: DE 5 | K1: DE 6 | M1: DE 7 | O1: DE 8, 9
A3: Montgomery Blair A | B3: 176 | R3: Results
A4: G1 - Room DE A | C4: Montgomery Blair A | D4: 124 | R4: Montgomery Blair A | S4: 1st
A5: Montgomery Blair B | B5: 40 | R5: Lakeside | S5: 2nd
C6: G9 - Room DE A | E6: BYE | G6: Montgomery Blair A | H6: 152 | R6: Mission San Jose A | S6: 3rd
A7: Canyon Crest A | B7: 60 | R7: Basis Silicon Valley | S7: 4th
A8: G2 - Room DE B | C8: Palo Alto | D8: 48
A9: Palo Alto | B9: 68
G10: G21 - Room DE A | I10: BYE | K10: Montgomery Blair A | L10: 106
A11: North Hollywood | B11: 68
A12: G3 - Room DE C | C12: North Hollywood | D12: 80
A13: ASFA | B13: 16
C14: G10 - Room DE B | E14: BYE | G14: Lakeside | H14: 24
A15: Lakeside | B15: 108
A16: G4 - Room DE D | C16: Lakeside | D16: 84
A17: School of Biology | B17: 62 | G17: E
K18: G27 - Finals Stage 1 | M18: BYE | O18: Montgomery Blair A | P18: 102
A19: Iolani A | B19: 104
A20: G5 - Room DE E | C20: Iolani A | D20: 94
A21: Enloe | B21: 44
C22: G11 - Room DE C | E22: BYE | G22: Basis Silicon Valley | H22: 18
A23: Basis Silicon Valley | B23: 56
A24: G6 - Room DE F | C24: Basis Silicon Valley | D24: 104
A25: Basis Chandler A | B25: 46
G26: G22 - Room DE B | I26: BYE | K26: Mission San Jose A | L26: 30
A27: James Clemens | B27: 62
A28: G7 - Room DE G | C28: Saratoga | D28: 70
A29: Saratoga | B29: 70 | O29: G30,31 - Finals Stage 1 | R29: Montgomery Blair A
C30: G12 - Room DE D | E30: BYE | G30: Mission San Jose A | H30: 50 | M30: Mission San Jose A | N30: 64 | R30: champion
A31: Mission San Jose A | B31: 126
A32: G8 - Room DE H | C32: Mission San Jose A | D32: 122
A33: Mission San Jose B | B33: 16
I34: Lakeside | J34: 64
E36: Saratoga | F36: 44
E38: G17 - Room DE E | G38: Canyon Crest A | H38: 54 | I38: G25 - Finals Stage 1 | K38: Lakeside | L38: 94 | M38: G29 - Finals Stage 1 | O38: Lakeside | P38: 42
C39: Montgomery Blair B | D39: 88
C40: G13 - Room DE E | E40: Canyon Crest A | F40: 68
C41: Canyon Crest A | D41: 90
G42: G23 - Room DE C | I42: School of Biology | J42: 62
E44: Iolani A | F44: 70
E46: G18 - Room DE F | G46: School of Biology | H46: 90 | K46: G28 - Finals Stage 2 | M46: Lakeside | N46: 80
C47: ASFA | D47: 14
C48: G14 - Room DE F | E48: School of Biology | F48: 108
C49: School of Biology | D49: 92
I50: Basis Silicon Valley | J50: 76
E52: North Hollywood | F52: 54
E54: G19 - Room DE G | G54: North Hollywood | H54: 58 | I54: G26 - Finals Stage 2 | K54: Basis Silicon Valley | L54: 68
C55: Enloe | D55: 158
C56: G15 - Room DE G | E56: Enloe | F56: 48
C57: Basis Chandler | D57: 36
G58: G24 - Room DE D | I58: James Clemens | J58: 22
E60: Palo Alto | F60: -2
E62: G20 - Room DE H | G62: James Clemens | H62: 72
C63: James Clemens | D63: 74
C64: G16 - Room DE H | E64: James Clemens | F64: 74
C65: Mission San Jose B | D65: 18
