Workbook

Sheet All
A1: Bethlehem | B1: Bethlehem | C1: Bethlehem | D1: Bethlehem | E1: Bethlehem | F1: BHBL B | G1: BHBL B | H1: BHBL B | I1: BHBL B | J1: BHBL B | K1: Niskayuna A | L1: Niskayuna A | M1: Niskayuna A | N1: Niskayuna A | O1: Niskayuna A | P1: Shen C | Q1: Shen C | R1: Shen C | S1: Shen C | T1: Shen C | U1: BHBL A | V1: BHBL A | W1: BHBL A | X1: BHBL A | Y1: BHBL A | Z1: Niskayuna B | AA1: Niskayuna B | AB1: Niskayuna B | AC1: Niskayuna B | AD1: Niskayuna B | AE1: CBA | AF1: CBA | AG1: CBA | AH1: CBA | AI1: CBA | AJ1: Shen B | AK1: Shen B | AL1: Shen B | AM1: Shen B | AN1: Shen B | AO1: Morris Hills | AP1: Morris Hills | AQ1: Morris Hills | AR1: Morris Hills | AS1: Morris Hills | AT1: WWPN | AU1: WWPN | AV1: WWPN | AW1: WWPN | AX1: WWPN
A2: Kevin | B2: Ian | F2: Nicole | G2: Wyatt | H2: Liam | I2: Lily | J2: Matt | K2: Mihir | L2: Tarun | M2: Arjun | N2: Faiz | O2: Daniel | P2: Joseph | Q2: Jamis | R2: Ankur | S2: Karl | T2: Matthew | U2: Myles | V2: Chad | W2: Jack | X2: Madeline | Z2: Iris | AA2: Alex | AB2: Aarush | AC2: Cheuk | AD2: James | AE2: Kagame | AF2: Asif | AG2: Colin | AH2: Hubert | AI2: Ethan | AJ2: Aivin | AK2: Jo | AL2: Jacob | AM2: Kevin | AN2: Aakaash | AO2: Aditya | AP2: Brendan | AQ2: Eashan | AT2: Shreyash | AU2: Rithik | AV2: Arjun | AW2: Aldric
A3: TRUE | B3: TRUE | C3: FALSE | D3: FALSE | E3: FALSE | F3: TRUE | G3: TRUE | H3: TRUE | I3: TRUE | J3: TRUE | K3: TRUE | L3: FALSE | M3: TRUE | N3: TRUE | O3: TRUE | P3: TRUE | Q3: TRUE | R3: TRUE | S3: TRUE | T3: FALSE | U3: TRUE | V3: TRUE | W3: TRUE | X3: TRUE | Y3: FALSE | Z3: TRUE | AA3: TRUE | AB3: TRUE | AC3: TRUE | AD3: FALSE | AE3: TRUE | AF3: TRUE | AG3: TRUE | AH3: TRUE | AI3: TRUE | AJ3: TRUE | AK3: TRUE | AL3: TRUE | AM3: TRUE | AN3: TRUE | AO3: FALSE | AP3: FALSE | AQ3: FALSE | AR3: FALSE | AS3: FALSE | AT3: FALSE | AU3: FALSE | AV3: FALSE | AW3: FALSE | AX3: FALSE
A4: 4 | C4: 0 | D4: 0 | E4: 0 | K4: 0 | L4: 0 | S4: 0 | T4: 0 | W4: 4 | Y4: 0 | AA4: -4 | AD4: 0
B5: 4 | C5: 0 | D5: 0 | E5: 0 | L5: 0 | M5: 4 | T5: 0 | Y5: 0 | AC5: 4 | AD5: 0 | AG5: 4
C6: 0 | D6: 0 | E6: 0 | L6: 0 | N6: 4 | T6: 0 | Y6: 0 | AB6: 0 | AD6: 0
C7: 0 | D7: 0 | E7: 0 | L7: 0 | P7: 4 | T7: 0 | Y7: 0 | AA7: 4 | AD7: 0 | AF7: 0 | AK7: 4
A8: 4 | C8: 0 | D8: 0 | E8: 0 | K8: 0 | L8: 0 | R8: 0 | T8: 0 | X8: 0 | Y8: 0 | AB8: 0 | AD8: 0 | AJ8: 4
C9: 0 | D9: 0 | E9: 0 | I9: 4 | L9: 0 | P9: 4 | T9: 0 | W9: 0 | Y9: 0 | AB9: 0 | AD9: 0 | AJ9: 4
C10: 0 | D10: 0 | E10: 0 | L10: 0 | S10: 4 | T10: 0 | Y10: 0 | Z10: 4 | AD10: 0 | AM10: 4
C11: 0 | D11: 0 | E11: 0 | G11: 4 | K11: 0 | L11: 0 | R11: 0 | T11: 0 | Y11: 0 | AD11: 0 | AE11: 4 | AJ11: 0
A12: 4 | C12: 0 | D12: 0 | E12: 0 | L12: 0 | N12: 4 | T12: 0 | Y12: 0 | Z12: 4 | AD12: 0 | AI12: 4 | AJ12: 0
C13: 0 | D13: 0 | E13: 0 | L13: 0 | P13: 4 | T13: 0 | Y13: 0 | AB13: 4 | AD13: 0 | AH13: 0 | AJ13: 0
C14: 0 | D14: 0 | E14: 0 | H14: 4 | K14: 0 | L14: 0 | R14: 0 | T14: 0 | V14: 0 | Y14: 0 | Z14: 4 | AD14: 0 | AF14: 0 | AN14: 4
C15: 0 | D15: 0 | E15: 0 | L15: 0 | Q15: 4 | T15: 0 | W15: 0 | Y15: 0 | AB15: 4 | AD15: 0 | AI15: 4
A16: TRUE | B16: TRUE | C16: FALSE | D16: FALSE | E16: FALSE | F16: TRUE | G16: TRUE | H16: TRUE | I16: TRUE | J16: TRUE | K16: TRUE | L16: FALSE | M16: TRUE | N16: TRUE | O16: TRUE | P16: TRUE | Q16: TRUE | R16: TRUE | S16: TRUE | T16: FALSE | U16: TRUE | V16: TRUE | W16: TRUE | X16: TRUE | Y16: FALSE | Z16: TRUE | AA16: TRUE | AB16: TRUE | AC16: TRUE | AD16: FALSE | AE16: TRUE | AF16: TRUE | AG16: TRUE | AH16: TRUE | AI16: TRUE | AJ16: TRUE | AK16: TRUE | AL16: TRUE | AM16: TRUE | AN16: TRUE | AO16: FALSE | AP16: FALSE | AQ16: FALSE | AR16: FALSE | AS16: FALSE | AT16: FALSE | AU16: FALSE | AV16: FALSE | AW16: FALSE | AX16: FALSE
C17: 0 | D17: 0 | E17: 0 | H17: 4 | L17: 0 | S17: 4 | T17: 0 | Y17: 0 | AC17: 4 | AD17: 0 | AN17: 4
C18: 0 | D18: 0 | E18: 0 | H18: 4 | L18: 0 | M18: 4 | T18: 0 | V18: 4 | Y18: 0 | AD18: 0 | AE18: 0 | AK18: 0
B19: 4 | C19: 0 | D19: 0 | E19: 0 | L19: 0 | N19: 4 | T19: 0 | V19: 0 | Y19: 0 | Z19: 4 | AD19: 0 | AH19: 0 | AJ19: 0
C20: 0 | D20: 0 | E20: 0 | K20: 0 | L20: 0 | P20: 0 | T20: 0 | Y20: 0 | AA20: 4 | AD20: 0 | AK20: 0
B21: 4 | C21: 0 | D21: 0 | E21: 0 | L21: 0 | M21: 4 | T21: 0 | Y21: 0 | AB21: 4 | AD21: 0 | AM21: 4
C22: 0 | D22: 0 | E22: 0 | H22: 4 | L22: 0 | R22: 4 | T22: 0 | V22: 4 | Y22: 0 | AD22: 0 | AH22: 4
C23: 0 | D23: 0 | E23: 0 | L23: 0 | T23: 0 | V23: 0 | Y23: 0 | AB23: 0 | AD23: 0 | AG23: 0 | AJ23: 0
C24: 0 | D24: 0 | E24: 0 | H24: 4 | L24: 0 | R24: 4 | T24: 0 | Y24: 0 | AC24: 4 | AD24: 0 | AJ24: 4
B25: 4 | C25: 0 | D25: 0 | E25: 0 | H25: -4 | L25: 0 | N25: 4 | T25: 0 | V25: -4 | Y25: 0 | AC25: 4 | AD25: 0 | AJ25: 4
C26: 0 | D26: 0 | E26: 0 | L26: 0 | M26: 4 | T26: 0 | Y26: 0 | AA26: 4 | AD26: 0 | AJ26: 4
C27: 0 | D27: 0 | E27: 0 | L27: 0 | O27: 4 | T27: 0 | Y27: 0 | AB27: 0 | AD27: 0 | AK27: 4
B28: 4 | C28: 0 | D28: 0 | E28: 0 | L28: 0 | P28: 4 | T28: 0 | Y28: 0 | AC28: 4 | AD28: 0 | AL28: 4
A31: Morris Hills | B31: Morris Hills | C31: Morris Hills | D31: Morris Hills | E31: Morris Hills | F31: Niskayuna A | G31: Niskayuna A | H31: Niskayuna A | I31: Niskayuna A | J31: Niskayuna A | K31: BHBL B | L31: BHBL B | M31: BHBL B | N31: BHBL B | O31: BHBL B | P31: Shen C | Q31: Shen C | R31: Shen C | S31: Shen C | T31: Shen C | U31: WWPN | V31: WWPN | W31: WWPN | X31: WWPN | Y31: WWPN | Z31: Shen B | AA31: Shen B | AB31: Shen B | AC31: Shen B | AD31: Shen B | AE31: CBA | AF31: CBA | AG31: CBA | AH31: CBA | AI31: CBA | AJ31: Niskayuna B | AK31: Niskayuna B | AL31: Niskayuna B | AM31: Niskayuna B | AN31: Niskayuna B | AO31: Bethlehem | AP31: Bethlehem | AQ31: Bethlehem | AR31: Bethlehem | AS31: Bethlehem | AT31: BHBL A | AU31: BHBL A | AV31: BHBL A | AW31: BHBL A | AX31: BHBL A
A32: Aditya | B32: Brendan | C32: Eashan | F32: Mihir | G32: Tarun | H32: Arjun | I32: Faiz | J32: Daniel | K32: Nicole | L32: Wyatt | M32: Liam | N32: Lily | O32: Matt | P32: Joseph | Q32: Jamis | R32: Ankur | S32: Karl | T32: Matthew | U32: Shreyash | V32: Rithik | W32: Arjun | X32: Aldric | Z32: Aivin | AA32: Jo | AB32: Jacob | AC32: Kevin | AD32: Aakaash | AE32: Kagame | AF32: Asif | AG32: Colin | AH32: Hubert | AI32: Ethan | AJ32: Iris | AK32: Alex | AL32: Aarush | AM32: Cheuk | AN32: James | AO32: Kevin | AP32: Ian | AT32: Myles | AU32: Chad | AV32: Jack | AW32: Madeline
A33: TRUE | B33: TRUE | C33: TRUE | D33: FALSE | E33: FALSE | F33: TRUE | G33: FALSE | H33: TRUE | I33: TRUE | J33: TRUE | K33: TRUE | L33: TRUE | M33: TRUE | N33: TRUE | O33: TRUE | P33: TRUE | Q33: TRUE | R33: TRUE | S33: TRUE | T33: TRUE | U33: TRUE | V33: TRUE | W33: TRUE | X33: TRUE | Y33: FALSE | Z33: TRUE | AA33: TRUE | AB33: TRUE | AC33: TRUE | AD33: TRUE | AE33: TRUE | AF33: TRUE | AG33: TRUE | AH33: TRUE | AI33: TRUE | AJ33: TRUE | AK33: TRUE | AL33: TRUE | AM33: TRUE | AN33: FALSE | AO33: FALSE | AP33: FALSE | AQ33: FALSE | AR33: FALSE | AS33: FALSE | AT33: FALSE | AU33: FALSE | AV33: FALSE | AW33: FALSE | AX33: FALSE
A34: 4 | D34: 0 | E34: 0 | G34: 0 | Q34: 4 | X34: 4 | Y34: 0 | AE34: 0 | AK34: 4 | AN34: 0
D35: 0 | E35: 0 | G35: 0 | H35: 4 | R35: 4 | V35: 4 | Y35: 0 | AL35: 4 | AN35: 0
B36: 4 | D36: 0 | E36: 0 | G36: 0 | M36: 4 | Y36: 0 | AG36: 4 | AN36: 0
D37: 0 | E37: 0 | G37: 0 | J37: 4 | Q37: 4 | U37: 4 | Y37: 0 | AK37: 4 | AN37: 0
D38: 0 | E38: 0 | G38: 0 | H38: 4 | X38: 4 | Y38: 0 | AJ38: 4 | AN38: 0
D39: 0 | E39: 0 | G39: 0 | I39: 4 | K39: 4 | X39: 4 | Y39: 0 | AI39: 0 | AM39: 4 | AN39: 0
D40: 0 | E40: 0 | G40: 0 | J40: 4 | X40: 4 | Y40: 0 | AK40: 4 | AN40: 0
D41: 0 | E41: 0 | G41: 0 | L41: 4 | V41: 4 | Y41: 0 | AN41: 0
D42: 0 | E42: 0 | G42: 0 | M42: 4 | Y42: 0 | Z42: 4 | AN42: 0
D43: 0 | E43: 0 | G43: 0 | J43: 4 | Y43: 0 | Z43: 4 | AK43: 4 | AN43: 0
D44: 0 | E44: 0 | G44: 0 | Y44: 0 | AL44: 0 | AN44: 0
D45: 0 | E45: 0 | G45: 0 | Y45: 0 | AB45: 4 | AF45: 0 | AL45: 0 | AN45: 0
A46: TRUE | B46: TRUE | C46: TRUE | D46: FALSE | E46: FALSE | F46: TRUE | G46: FALSE | H46: TRUE | I46: TRUE | J46: TRUE | K46: TRUE | L46: TRUE | M46: TRUE | N46: TRUE | O46: TRUE | P46: TRUE | Q46: TRUE | R46: TRUE | S46: TRUE | T46: TRUE | U46: TRUE | V46: TRUE | W46: TRUE | X46: TRUE | Y46: FALSE | Z46: TRUE | AA46: TRUE | AB46: TRUE | AC46: TRUE | AD46: TRUE | AE46: TRUE | AF46: TRUE | AG46: TRUE | AH46: TRUE | AI46: TRUE | AJ46: TRUE | AK46: TRUE | AL46: TRUE | AM46: TRUE | AN46: FALSE | AO46: FALSE | AP46: FALSE | AQ46: FALSE | AR46: FALSE | AS46: FALSE | AT46: FALSE | AU46: FALSE | AV46: FALSE | AW46: FALSE | AX46: FALSE
B47: 4 | D47: 0 | E47: 0 | G47: 0 | X47: 4 | Y47: 0 | AK47: 4 | AN47: 0
D48: 0 | E48: 0 | F48: 4 | G48: 0 | R48: 4 | V48: 4 | Y48: 0 | AE48: 0 | AM48: 0 | AN48: 0
D49: 0 | E49: 0 | G49: 0 | I49: 4 | R49: 4 | Y49: 0 | AC49: 4 | AG49: 4 | AJ49: 0 | AN49: 0
D50: 0 | E50: 0 | G50: 0 | Y50: 0 | AG50: 0 | AK50: 4 | AN50: 0
A51: 4 | D51: 0 | E51: 0 | G51: 0 | Q51: 4 | X51: -4 | Y51: 0 | AF51: 0 | AL51: 4 | AN51: 0
B52: 4 | D52: 0 | E52: 0 | G52: 0 | Q52: 4 | X52: 4 | Y52: 0 | AF52: 0 | AL52: 0 | AN52: 0
D53: 0 | E53: 0 | G53: 0 | Y53: 0 | Z53: 4 | AG53: 0 | AK53: 0 | AN53: 0
B54: 4 | D54: 0 | E54: 0 | G54: 0 | V54: -4 | Y54: 0 | Z54: 4 | AE54: 4 | AN54: 0
D55: 0 | E55: 0 | G55: 0 | M55: 4 | V55: 4 | Y55: 0 | AG55: 0 | AL55: 0 | AN55: 0
D56: 0 | E56: 0 | G56: 0 | Y56: 0 | AA56: 4 | AK56: 4 | AN56: 0
D57: 0 | E57: 0 | F57: 4 | G57: 0 | Q57: 4 | X57: -4 | Y57: 0 | AC57: 4 | AJ57: 0 | AN57: 0
D58: 0 | E58: 0 | G58: 0 | R58: 4 | Y58: 0 | AE58: 0 | AL58: 0 | AN58: 0
A61: Morris Hills | B61: Morris Hills | C61: Morris Hills | D61: Morris Hills | E61: Morris Hills | F61: BHBL B | G61: BHBL B | H61: BHBL B | I61: BHBL B | J61: BHBL B | K61: Bethlehem | L61: Bethlehem | M61: Bethlehem | N61: Bethlehem | O61: Bethlehem | P61: Shen C | Q61: Shen C | R61: Shen C | S61: Shen C | T61: Shen C | U61: WWPN | V61: WWPN | W61: WWPN | X61: WWPN | Y61: WWPN | Z61: Niskayuna B | AA61: Niskayuna B | AB61: Niskayuna B | AC61: Niskayuna B | AD61: Niskayuna B | AE61: CBA | AF61: CBA | AG61: CBA | AH61: CBA | AI61: CBA | AJ61: BHBL A | AK61: BHBL A | AL61: BHBL A | AM61: BHBL A | AN61: BHBL A | AO61: Shen B | AP61: Shen B | AQ61: Shen B | AR61: Shen B | AS61: Shen B | AT61: Niskayuna A | AU61: Niskayuna A | AV61: Niskayuna A | AW61: Niskayuna A | AX61: Niskayuna A
A62: Aditya | B62: Brendan | C62: Eashan | F62: Nicole | G62: Wyatt | H62: Liam | I62: Lily | J62: Matt | K62: Kevin | L62: Ian | P62: Joseph | Q62: Jamis | R62: Ankur | S62: Karl | T62: Matthew | U62: Shreyash | V62: Rithik | W62: Arjun | X62: Aldric | Z62: Iris | AA62: Alex | AB62: Aarush | AC62: Cheuk | AD62: James | AE62: Kagame | AF62: Asif | AG62: Colin | AH62: Hubert | AI62: Ethan | AJ62: Myles | AK62: Chad | AL62: Jack | AM62: Madeline | AO62: Aivin | AP62: Jo | AQ62: Jacob | AR62: Kevin | AS62: Aakaash | AT62: Mihir | AU62: Tarun | AV62: Arjun | AW62: Faiz | AX62: Daniel
A63: TRUE | B63: TRUE | C63: TRUE | D63: FALSE | E63: FALSE | F63: TRUE | G63: TRUE | H63: TRUE | I63: TRUE | J63: TRUE | K63: TRUE | L63: TRUE | M63: FALSE | N63: FALSE | O63: FALSE | P63: TRUE | Q63: TRUE | R63: TRUE | S63: TRUE | T63: TRUE | U63: TRUE | V63: TRUE | W63: TRUE | X63: TRUE | Y63: FALSE | Z63: TRUE | AA63: TRUE | AB63: TRUE | AC63: TRUE | AD63: FALSE | AE63: TRUE | AF63: TRUE | AG63: TRUE | AH63: TRUE | AI63: TRUE | AJ63: TRUE | AK63: TRUE | AL63: TRUE | AM63: TRUE | AN63: FALSE | AO63: FALSE | AP63: FALSE | AQ63: FALSE | AR63: FALSE | AS63: FALSE | AT63: FALSE | AU63: FALSE | AV63: FALSE | AW63: FALSE | AX63: FALSE
B64: 4 | D64: 0 | E64: 0 | M64: 0 | N64: 0 | O64: 0 | Q64: 4 | Y64: 0 | AD64: 0 | AK64: 4 | AN64: 0
D65: 0 | E65: 0 | M65: 0 | N65: 0 | O65: 0 | V65: 4 | Y65: 0 | AD65: 0 | AH65: 4 | AN65: 0
B66: 4 | D66: 0 | E66: 0 | M66: 0 | N66: 0 | O66: 0 | Y66: 0 | AD66: 0 | AG66: 0 | AK66: 0 | AN66: 0
D67: 0 | E67: 0 | H67: 4 | M67: 0 | N67: 0 | O67: 0 | R67: 4 | U67: -4 | Y67: 0 | AA67: 4 | AD67: 0 | AI67: 0 | AM67: 4 | AN67: 0
B68: 4 | D68: 0 | E68: 0 | M68: 0 | N68: 0 | O68: 0 | Y68: 0 | Z68: -4 | AD68: 0 | AG68: 0 | AM68: 0 | AN68: 0
D69: 0 | E69: 0 | M69: 0 | N69: 0 | O69: 0 | V69: -4 | Y69: 0 | AD69: 0 | AI69: 4 | AJ69: 0 | AN69: 0
B70: 4 | D70: 0 | E70: 0 | K70: 4 | M70: 0 | N70: 0 | O70: 0 | U70: -4 | Y70: 0 | AD70: 0 | AI70: 4 | AN70: 0
B71: 4 | D71: 0 | E71: 0 | M71: 0 | N71: 0 | O71: 0 | R71: 4 | V71: 4 | Y71: 0 | AD71: 0 | AE71: 0 | AK71: 0 | AN71: 0
C72: 4 | D72: 0 | E72: 0 | K72: 4 | M72: 0 | N72: 0 | O72: 0 | Y72: 0 | AD72: 0 | AK72: 4 | AN72: 0
C73: 4 | D73: 0 | E73: 0 | K73: 4 | M73: 0 | N73: 0 | O73: 0 | X73: 4 | Y73: 0 | AD73: 0 | AH73: 0 | AL73: 0 | AN73: 0
D74: 0 | E74: 0 | K74: 4 | M74: 0 | N74: 0 | O74: 0 | X74: 4 | Y74: 0 | AD74: 0 | AN74: 0
D75: 0 | E75: 0 | M75: 0 | N75: 0 | O75: 0 | W75: 4 | Y75: 0 | AD75: 0 | AE75: 4 | AN75: 0
A76: TRUE | B76: TRUE | C76: TRUE | D76: FALSE | E76: FALSE | F76: TRUE | G76: TRUE | H76: TRUE | I76: TRUE | J76: TRUE | K76: TRUE | L76: TRUE | M76: FALSE | N76: FALSE | O76: FALSE | P76: TRUE | Q76: TRUE | R76: TRUE | S76: TRUE | T76: TRUE | U76: TRUE | V76: TRUE | W76: TRUE | X76: TRUE | Y76: FALSE | Z76: TRUE | AA76: TRUE | AB76: TRUE | AC76: TRUE | AD76: FALSE | AE76: TRUE | AF76: TRUE | AG76: TRUE | AH76: TRUE | AI76: TRUE | AJ76: TRUE | AK76: TRUE | AL76: TRUE | AM76: TRUE | AN76: FALSE | AO76: FALSE | AP76: FALSE | AQ76: FALSE | AR76: FALSE | AS76: FALSE | AT76: FALSE | AU76: FALSE | AV76: FALSE | AW76: FALSE | AX76: FALSE
D77: 0 | E77: 0 | M77: 0 | N77: 0 | O77: 0 | X77: -4 | Y77: 0 | AD77: 0 | AG77: 0 | AM77: 0 | AN77: 0
B78: 4 | D78: 0 | E78: 0 | M78: 0 | N78: 0 | O78: 0 | Q78: 4 | U78: 4 | Y78: 0 | AD78: 0 | AI78: 4 | AK78: 0 | AN78: 0
D79: 0 | E79: 0 | F79: 4 | M79: 0 | N79: 0 | O79: 0 | X79: 4 | Y79: 0 | AD79: 0 | AI79: 0 | AK79: 0 | AN79: 0
D80: 0 | E80: 0 | L80: 4 | M80: 0 | N80: 0 | O80: 0 | Y80: 0 | AD80: 0 | AH80: 0 | AM80: 0 | AN80: 0
B81: 4 | D81: 0 | E81: 0 | M81: 0 | N81: 0 | O81: 0 | Y81: 0 | AD81: 0 | AN81: 0
B82: 4 | D82: 0 | E82: 0 | M82: 0 | N82: 0 | O82: 0 | Q82: 4 | Y82: 0 | AB82: 4 | AD82: 0 | AE82: 0 | AK82: 0 | AN82: 0
D83: 0 | E83: 0 | H83: -4 | M83: 0 | N83: 0 | O83: 0 | X83: -4 | Y83: 0 | AD83: 0 | AH83: 0 | AL83: 0 | AN83: 0
B84: 4 | D84: 0 | E84: 0 | M84: 0 | N84: 0 | O84: 0 | Q84: 4 | V84: 4 | Y84: 0 | AD84: 0 | AG84: 4 | AL84: 0 | AN84: 0
D85: 0 | E85: 0 | M85: 0 | N85: 0 | O85: 0 | R85: 4 | Y85: 0 | AD85: 0 | AI85: 0 | AK85: 0 | AN85: 0
D86: 0 | E86: 0 | K86: 4 | M86: 0 | N86: 0 | O86: 0 | X86: 4 | Y86: 0 | AD86: 0 | AG86: 0 | AN86: 0
A87: 4 | D87: 0 | E87: 0 | K87: 4 | M87: 0 | N87: 0 | O87: 0 | X87: 4 | Y87: 0 | AD87: 0 | AF87: 4 | AN87: 0
D88: 0 | E88: 0 | M88: 0 | N88: 0 | O88: 0 | Y88: 0 | AD88: 0 | AN88: 0
A91: Morris Hills | B91: Morris Hills | C91: Morris Hills | D91: Morris Hills | E91: Morris Hills | F91: Shen C | G91: Shen C | H91: Shen C | I91: Shen C | J91: Shen C | K91: Bethlehem | L91: Bethlehem | M91: Bethlehem | N91: Bethlehem | O91: Bethlehem | P91: Niskayuna A | Q91: Niskayuna A | R91: Niskayuna A | S91: Niskayuna A | T91: Niskayuna A | U91: WWPN | V91: WWPN | W91: WWPN | X91: WWPN | Y91: WWPN | Z91: CBA | AA91: CBA | AB91: CBA | AC91: CBA | AD91: CBA | AE91: Shen B | AF91: Shen B | AG91: Shen B | AH91: Shen B | AI91: Shen B | AJ91: BHBL A | AK91: BHBL A | AL91: BHBL A | AM91: BHBL A | AN91: BHBL A | AO91: BHBL B | AP91: BHBL B | AQ91: BHBL B | AR91: BHBL B | AS91: BHBL B | AT91: Niskayuna B | AU91: Niskayuna B | AV91: Niskayuna B | AW91: Niskayuna B | AX91: Niskayuna B
A92: Aditya | B92: Brendan | C92: Eashan | F92: Joseph | G92: Jamis | H92: Ankur | I92: Karl | J92: Matthew | K92: Kevin | L92: Ian | P92: Mihir | Q92: Tarun | R92: Arjun | S92: Faiz | T92: Daniel | U92: Shreyash | V92: Rithik | W92: Arjun | X92: Aldric | Z92: Kagame | AA92: Asif | AB92: Colin | AC92: Hubert | AD92: Ethan | AE92: Aivin | AF92: Jo | AG92: Jacob | AH92: Kevin | AI92: Aakaash | AJ92: Myles | AK92: Chad | AL92: Jack | AM92: Madeline | AO92: Nicole | AP92: Wyatt | AQ92: Liam | AR92: Lily | AS92: Matt | AT92: Iris | AU92: Alex | AV92: Aarush | AW92: Cheuk | AX92: James
A93: TRUE | B93: TRUE | C93: TRUE | D93: FALSE | E93: FALSE | F93: TRUE | G93: TRUE | H93: TRUE | I93: TRUE | J93: FALSE | K93: TRUE | L93: TRUE | M93: FALSE | N93: FALSE | O93: FALSE | P93: TRUE | Q93: FALSE | R93: TRUE | S93: TRUE | T93: TRUE | U93: TRUE | V93: TRUE | W93: TRUE | X93: TRUE | Y93: FALSE | Z93: TRUE | AA93: TRUE | AB93: TRUE | AC93: TRUE | AD93: TRUE | AE93: TRUE | AF93: TRUE | AG93: TRUE | AH93: TRUE | AI93: TRUE | AJ93: TRUE | AK93: TRUE | AL93: TRUE | AM93: TRUE | AN93: FALSE | AO93: FALSE | AP93: FALSE | AQ93: FALSE | AR93: FALSE | AS93: FALSE | AT93: FALSE | AU93: FALSE | AV93: FALSE | AW93: FALSE | AX93: FALSE
D94: 0 | E94: 0 | H94: 4 | J94: 0 | M94: 0 | N94: 0 | O94: 0 | Q94: 0 | T94: 4 | X94: 4 | Y94: 0 | AF94: 4 | AN94: 0
D95: 0 | E95: 0 | H95: 4 | J95: 0 | M95: 0 | N95: 0 | O95: 0 | Q95: 0 | R95: 4 | X95: -4 | Y95: 0 | Z95: -4 | AE95: 0 | AK95: 4 | AN95: 0
C96: 4 | D96: 0 | E96: 0 | J96: 0 | M96: 0 | N96: 0 | O96: 0 | Q96: 0 | Y96: 0 | AE96: 0 | AK96: 0 | AN96: 0
D97: 0 | E97: 0 | F97: -4 | J97: 0 | M97: 0 | N97: 0 | O97: 0 | Q97: 0 | R97: 4 | U97: -4 | Y97: 0 | AF97: 4 | AN97: 0
D98: 0 | E98: 0 | J98: 0 | M98: 0 | N98: 0 | O98: 0 | Q98: 0 | Y98: 0 | AB98: -4 | AG98: 0 | AK98: 0 | AN98: 0
D99: 0 | E99: 0 | H99: 4 | J99: 0 | L99: 4 | M99: 0 | N99: 0 | O99: 0 | Q99: 0 | X99: -4 | Y99: 0 | AG99: 0 | AK99: 0 | AN99: 0
B100: 4 | D100: 0 | E100: 0 | J100: 0 | M100: 0 | N100: 0 | O100: 0 | Q100: 0 | T100: 4 | U100: 4 | Y100: 0 | AE100: 4 | AN100: 0
D101: 0 | E101: 0 | J101: 0 | M101: 0 | N101: 0 | O101: 0 | Q101: 0 | Y101: 0 | AJ101: 4 | AN101: 0
C102: 4 | D102: 0 | E102: 0 | J102: 0 | M102: 0 | N102: 0 | O102: 0 | Q102: 0 | Y102: 0 | AB102: 4 | AG102: 0 | AK102: 0 | AN102: 0
B103: 4 | D103: 0 | E103: 0 | J103: 0 | M103: 0 | N103: 0 | O103: 0 | Q103: 0 | T103: 4 | X103: 4 | Y103: 0 | AL103: 4 | AN103: 0
D104: 0 | E104: 0 | H104: 4 | J104: 0 | M104: 0 | N104: 0 | O104: 0 | P104: 4 | Q104: 0 | W104: 4 | Y104: 0 | AH104: 0 | AK104: 4 | AN104: 0
C105: 4 | D105: 0 | E105: 0 | J105: 0 | M105: 0 | N105: 0 | O105: 0 | Q105: 0 | V105: 4 | Y105: 0 | AG105: 4 | AN105: 0
A106: TRUE | B106: TRUE | C106: TRUE | D106: FALSE | E106: FALSE | F106: TRUE | G106: TRUE | H106: TRUE | I106: TRUE | J106: FALSE | K106: TRUE | L106: TRUE | M106: FALSE | N106: FALSE | O106: FALSE | P106: TRUE | Q106: FALSE | R106: TRUE | S106: TRUE | T106: TRUE | U106: TRUE | V106: TRUE | W106: TRUE | X106: TRUE | Y106: FALSE | Z106: TRUE | AA106: TRUE | AB106: TRUE | AC106: TRUE | AD106: TRUE | AE106: TRUE | AF106: TRUE | AG106: TRUE | AH106: TRUE | AI106: TRUE | AJ106: TRUE | AK106: TRUE | AL106: TRUE | AM106: TRUE | AN106: TRUE | AO106: FALSE | AP106: FALSE | AQ106: FALSE | AR106: FALSE | AS106: FALSE | AT106: FALSE | AU106: FALSE | AV106: FALSE | AW106: FALSE | AX106: FALSE
...

Sheet Sorted
B1: Shen B | C1: Niskayuna B | D1: Morris Hills | E1: Shen B | F1: WWPN | G1: Niskayuna B | H1: Shen C | I1: Niskayuna A | J1: WWPN | K1: CBA | L1: Morris Hills | M1: BHBL A | N1: Niskayuna B | O1: CBA | P1: Niskayuna A | Q1: Morris Hills | R1: CBA | S1: Niskayuna A | T1: CBA | U1: Bethlehem | V1: Niskayuna B | W1: BHBL A | X1: Shen B | Y1: Niskayuna B | Z1: Shen C | AA1: Shen B | AB1: Shen C | AC1: CBA | AD1: Shen C | AE1: Bethlehem | AF1: Shen B | AG1: BHBL B | AH1: BHBL B | AI1: BHBL A | AJ1: BHBL B | AK1: Shen C | AL1: Niskayuna A | AM1: BHBL A | AN1: BHBL B | AO1: WWPN | AP1: WWPN | AQ1: Niskayuna A | AR1: BHBL B | AS1: Bethlehem | AT1: Bethlehem | AU1: Bethlehem | AV1: BHBL A | AW1: Morris Hills | AX1: Morris Hills | AY1: WWPN
B2: Aakaash | C2: Aarush | D2: Aditya | E2: Aivin | F2: Aldric | G2: Alex | H2: Ankur | I2: Arjun | J2: Arjun | K2: Asif | L2: Brendan | M2: Chad | N2: Cheuk | O2: Colin | P2: Daniel | Q2: Eashan | R2: Ethan | S2: Faiz | T2: Hubert | U2: Ian | V2: Iris | W2: Jack | X2: Jacob | Y2: James | Z2: Jamis | AA2: Jo | AB2: Joseph | AC2: Kagame | AD2: Karl | AE2: Kevin | AF2: Kevin | AG2: Liam | AH2: Lily | AI2: Madeline | AJ2: Matt | AK2: Matthew | AL2: Mihir | AM2: Myles | AN2: Nicole | AO2: Rithik | AP2: Shreyash | AQ2: Tarun | AR2: Wyatt
B3: TRUE | C3: TRUE | D3: FALSE | E3: TRUE | F3: FALSE | G3: TRUE | H3: TRUE | I3: TRUE | J3: FALSE | K3: TRUE | L3: FALSE | M3: TRUE | N3: TRUE | O3: TRUE | P3: TRUE | Q3: FALSE | R3: TRUE | S3: TRUE | T3: TRUE | U3: TRUE | V3: TRUE | W3: TRUE | X3: TRUE | Y3: FALSE | Z3: TRUE | AA3: TRUE | AB3: TRUE | AC3: TRUE | AD3: TRUE | AE3: TRUE | AF3: TRUE | AG3: TRUE | AH3: TRUE | AI3: TRUE | AJ3: TRUE | AK3: FALSE | AL3: TRUE | AM3: TRUE | AN3: TRUE | AO3: FALSE | AP3: FALSE | AQ3: FALSE | AR3: TRUE | AS3: FALSE | AT3: FALSE | AU3: FALSE | AV3: FALSE | AW3: FALSE | AX3: FALSE | AY3: FALSE
A4: X | G4: -4 | W4: 4 | Y4: 0 | AD4: 0 | AE4: 4 | AK4: 0 | AL4: 0 | AQ4: 0 | AS4: 0 | AT4: 0 | AU4: 0 | AV4: 0
A5: M | I5: 4 | N5: 4 | O5: 4 | U5: 4 | Y5: 0 | AK5: 0 | AQ5: 0 | AS5: 0 | AT5: 0 | AU5: 0 | AV5: 0
A6: C | C6: 0 | S6: 4 | Y6: 0 | AK6: 0 | AQ6: 0 | AS6: 0 | AT6: 0 | AU6: 0 | AV6: 0
A7: E | G7: 4 | K7: 0 | Y7: 0 | AA7: 4 | AB7: 4 | AK7: 0 | AQ7: 0 | AS7: 0 | AT7: 0 | AU7: 0 | AV7: 0
A8: B | C8: 0 | E8: 4 | H8: 0 | Y8: 0 | AE8: 4 | AI8: 0 | AK8: 0 | AL8: 0 | AQ8: 0 | AS8: 0 | AT8: 0 | AU8: 0 | AV8: 0
A9: P | C9: 0 | E9: 4 | W9: 0 | Y9: 0 | AB9: 4 | AH9: 4 | AK9: 0 | AQ9: 0 | AS9: 0 | AT9: 0 | AU9: 0 | AV9: 0
A10: X | V10: 4 | Y10: 0 | AD10: 4 | AF10: 4 | AK10: 0 | AQ10: 0 | AS10: 0 | AT10: 0 | AU10: 0 | AV10: 0
A11: M | E11: 0 | H11: 0 | Y11: 0 | AC11: 4 | AK11: 0 | AL11: 0 | AQ11: 0 | AR11: 4 | AS11: 0 | AT11: 0 | AU11: 0 | AV11: 0
A12: C | E12: 0 | R12: 4 | S12: 4 | V12: 4 | Y12: 0 | AE12: 4 | AK12: 0 | AQ12: 0 | AS12: 0 | AT12: 0 | AU12: 0 | AV12: 0
A13: E | C13: 4 | E13: 0 | T13: 0 | Y13: 0 | AB13: 4 | AK13: 0 | AQ13: 0 | AS13: 0 | AT13: 0 | AU13: 0 | AV13: 0
A14: B | B14: 4 | H14: 0 | K14: 0 | M14: 0 | V14: 4 | Y14: 0 | AG14: 4 | AK14: 0 | AL14: 0 | AQ14: 0 | AS14: 0 | AT14: 0 | AU14: 0 | AV14: 0
A15: P | C15: 4 | R15: 4 | W15: 0 | Y15: 0 | Z15: 4 | AK15: 0 | AQ15: 0 | AS15: 0 | AT15: 0 | AU15: 0 | AV15: 0
B16: TRUE | C16: TRUE | D16: FALSE | E16: TRUE | F16: FALSE | G16: TRUE | H16: TRUE | I16: TRUE | J16: FALSE | K16: TRUE | L16: FALSE | M16: TRUE | N16: TRUE | O16: TRUE | P16: TRUE | Q16: FALSE | R16: TRUE | S16: TRUE | T16: TRUE | U16: TRUE | V16: TRUE | W16: TRUE | X16: TRUE | Y16: FALSE | Z16: TRUE | AA16: TRUE | AB16: TRUE | AC16: TRUE | AD16: TRUE | AE16: TRUE | AF16: TRUE | AG16: TRUE | AH16: TRUE | AI16: TRUE | AJ16: TRUE | AK16: FALSE | AL16: TRUE | AM16: TRUE | AN16: TRUE | AO16: FALSE | AP16: FALSE | AQ16: FALSE | AR16: TRUE | AS16: FALSE | AT16: FALSE | AU16: FALSE | AV16: FALSE | AW16: FALSE | AX16: FALSE | AY16: FALSE
A17: X | B17: 4 | N17: 4 | Y17: 0 | AD17: 4 | AG17: 4 | AK17: 0 | AQ17: 0 | AS17: 0 | AT17: 0 | AU17: 0 | AV17: 0
A18: M | I18: 4 | M18: 4 | Y18: 0 | AA18: 0 | AC18: 0 | AG18: 4 | AK18: 0 | AQ18: 0 | AS18: 0 | AT18: 0 | AU18: 0 | AV18: 0
A19: C | E19: 0 | M19: 0 | S19: 4 | T19: 0 | U19: 4 | V19: 4 | Y19: 0 | AK19: 0 | AQ19: 0 | AS19: 0 | AT19: 0 | AU19: 0 | AV19: 0
A20: E | G20: 4 | Y20: 0 | AA20: 0 | AB20: 0 | AK20: 0 | AL20: 0 | AQ20: 0 | AS20: 0 | AT20: 0 | AU20: 0 | AV20: 0
A21: B | C21: 4 | I21: 4 | U21: 4 | Y21: 0 | AF21: 4 | AK21: 0 | AQ21: 0 | AS21: 0 | AT21: 0 | AU21: 0 | AV21: 0
A22: P | H22: 4 | M22: 4 | T22: 4 | Y22: 0 | AG22: 4 | AK22: 0 | AQ22: 0 | AS22: 0 | AT22: 0 | AU22: 0 | AV22: 0
A23: X | C23: 0 | E23: 0 | M23: 0 | O23: 0 | Y23: 0 | AK23: 0 | AQ23: 0 | AS23: 0 | AT23: 0 | AU23: 0 | AV23: 0
A24: M | E24: 4 | H24: 4 | N24: 4 | Y24: 0 | AG24: 4 | AK24: 0 | AQ24: 0 | AS24: 0 | AT24: 0 | AU24: 0 | AV24: 0
A25: C | E25: 4 | M25: -4 | N25: 4 | S25: 4 | U25: 4 | Y25: 0 | AG25: -4 | AK25: 0 | AQ25: 0 | AS25: 0 | AT25: 0 | AU25: 0 | AV25: 0
A26: E | E26: 4 | G26: 4 | I26: 4 | Y26: 0 | AK26: 0 | AQ26: 0 | AS26: 0 | AT26: 0 | AU26: 0 | AV26: 0
A27: B | C27: 0 | P27: 4 | Y27: 0 | AA27: 4 | AK27: 0 | AQ27: 0 | AS27: 0 | AT27: 0 | AU27: 0 | AV27: 0
A28: P | N28: 4 | U28: 4 | X28: 4 | Y28: 0 | AB28: 4 | AK28: 0 | AQ28: 0 | AS28: 0 | AT28: 0 | AU28: 0 | AV28: 0
B31: Shen B | C31: Niskayuna B | D31: Morris Hills | E31: Shen B | F31: WWPN | G31: Niskayuna B | H31: Shen C | I31: Niskayuna A | J31: WWPN | K31: CBA | L31: Morris Hills | M31: BHBL A | N31: Niskayuna B | O31: CBA | P31: Niskayuna A | Q31: Morris Hills | R31: CBA | S31: Niskayuna A | T31: CBA | U31: Bethlehem | V31: Niskayuna B | W31: BHBL A | X31: Shen B | Y31: Niskayuna B | Z31: Shen C | AA31: Shen B | AB31: Shen C | AC31: CBA | AD31: Shen C | AE31: Bethlehem | AF31: Shen B | AG31: BHBL B | AH31: BHBL B | AI31: BHBL A | AJ31: BHBL B | AK31: Shen C | AL31: Niskayuna A | AM31: BHBL A | AN31: BHBL B | AO31: WWPN | AP31: WWPN | AQ31: Niskayuna A | AR31: BHBL B | AS31: Morris Hills | AT31: Morris Hills | AU31: WWPN | AV31: Bethlehem | AW31: Bethlehem | AX31: Bethlehem | AY31: BHBL A
B32: Aakaash | C32: Aarush | D32: Aditya | E32: Aivin | F32: Aldric | G32: Alex | H32: Ankur | I32: Arjun | J32: Arjun | K32: Asif | L32: Brendan | M32: Chad | N32: Cheuk | O32: Colin | P32: Daniel | Q32: Eashan | R32: Ethan | S32: Faiz | T32: Hubert | U32: Ian | V32: Iris | W32: Jack | X32: Jacob | Y32: James | Z32: Jamis | AA32: Jo | AB32: Joseph | AC32: Kagame | AD32: Karl | AE32: Kevin | AF32: Kevin | AG32: Liam | AH32: Lily | AI32: Madeline | AJ32: Matt | AK32: Matthew | AL32: Mihir | AM32: Myles | AN32: Nicole | AO32: Rithik | AP32: Shreyash | AQ32: Tarun | AR32: Wyatt
B33: TRUE | C33: TRUE | D33: TRUE | E33: TRUE | F33: TRUE | G33: TRUE | H33: TRUE | I33: TRUE | J33: TRUE | K33: TRUE | L33: TRUE | M33: FALSE | N33: TRUE | O33: TRUE | P33: TRUE | Q33: TRUE | R33: TRUE | S33: TRUE | T33: TRUE | U33: FALSE | V33: TRUE | W33: FALSE | X33: TRUE | Y33: FALSE | Z33: TRUE | AA33: TRUE | AB33: TRUE | AC33: TRUE | AD33: TRUE | AE33: FALSE | AF33: TRUE | AG33: TRUE | AH33: TRUE | AI33: FALSE | AJ33: TRUE | AK33: TRUE | AL33: TRUE | AM33: FALSE | AN33: TRUE | AO33: TRUE | AP33: TRUE | AQ33: FALSE | AR33: TRUE | AS33: FALSE | AT33: FALSE | AU33: FALSE | AV33: FALSE | AW33: FALSE | AX33: FALSE | AY33: FALSE
A34: X | D34: 4 | F34: 4 | G34: 4 | Y34: 0 | Z34: 4 | AC34: 0 | AQ34: 0 | AS34: 0 | AT34: 0 | AU34: 0
A35: M | C35: 4 | H35: 4 | I35: 4 | Y35: 0 | AO35: 4 | AQ35: 0 | AS35: 0 | AT35: 0 | AU35: 0
A36: C | L36: 4 | O36: 4 | Y36: 0 | AG36: 4 | AQ36: 0 | AS36: 0 | AT36: 0 | AU36: 0
A37: E | G37: 4 | P37: 4 | Y37: 0 | Z37: 4 | AP37: 4 | AQ37: 0 | AS37: 0 | AT37: 0 | AU37: 0
A38: B | F38: 4 | I38: 4 | V38: 4 | Y38: 0 | AQ38: 0 | AS38: 0 | AT38: 0 | AU38: 0
A39: P | F39: 4 | N39: 4 | R39: 0 | S39: 4 | Y39: 0 | AN39: 4 | AQ39: 0 | AS39: 0 | AT39: 0 | AU39: 0
A40: X | F40: 4 | G40: 4 | P40: 4 | Y40: 0 | AQ40: 0 | AS40: 0 | AT40: 0 | AU40: 0
A41: M | Y41: 0 | AO41: 4 | AQ41: 0 | AR41: 4 | AS41: 0 | AT41: 0 | AU41: 0
A42: C | E42: 4 | Y42: 0 | AG42: 4 | AQ42: 0 | AS42: 0 | AT42: 0 | AU42: 0
A43: E | E43: 4 | G43: 4 | P43: 4 | Y43: 0 | AQ43: 0 | AS43: 0 | AT43: 0 | AU43: 0
A44: B | C44: 0 | Y44: 0 | AQ44: 0 | AS44: 0 | AT44: 0 | AU44: 0
A45: P | C45: 0 | K45: 0 | X45: 4 | Y45: 0 | AQ45: 0 | AS45: 0 | AT45: 0 | AU45: 0
B46: TRUE | C46: TRUE | D46: TRUE | E46: TRUE | F46: TRUE | G46: TRUE | H46: TRUE | I46: TRUE | J46: TRUE | K46: TRUE | L46: TRUE | M46: FALSE | N46: TRUE | O46: TRUE | P46: TRUE | Q46: TRUE | R46: TRUE | S46: TRUE | T46: TRUE | U46: FALSE | V46: TRUE | W46: FALSE | X46: TRUE | Y46: FALSE | Z46: TRUE | AA46: TRUE | AB46: TRUE | AC46: TRUE | AD46: TRUE | AE46: FALSE | AF46: TRUE | AG46: TRUE | AH46: TRUE | AI46: FALSE | AJ46: TRUE | AK46: TRUE | AL46: TRUE | AM46: FALSE | AN46: TRUE | AO46: TRUE | AP46: TRUE | AQ46: FALSE | AR46: TRUE | AS46: FALSE | AT46: FALSE | AU46: FALSE | AV46: FALSE | AW46: FALSE | AX46: FALSE | AY46: FALSE
A47: X | F47: 4 | G47: 4 | L47: 4 | Y47: 0 | AQ47: 0 | AS47: 0 | AT47: 0 | AU47: 0
A48: M | H48: 4 | N48: 0 | Y48: 0 | AC48: 0 | AL48: 4 | AO48: 4 | AQ48: 0 | AS48: 0 | AT48: 0 | AU48: 0
A49: C | H49: 4 | O49: 4 | S49: 4 | V49: 0 | Y49: 0 | AF49: 4 | AQ49: 0 | AS49: 0 | AT49: 0 | AU49: 0
A50: E | G50: 4 | O50: 0 | Y50: 0 | AQ50: 0 | AS50: 0 | AT50: 0 | AU50: 0
A51: B | C51: 4 | D51: 4 | F51: -4 | K51: 0 | Y51: 0 | Z51: 4 | AQ51: 0 | AS51: 0 | AT51: 0 | AU51: 0
A52: P | C52: 0 | F52: 4 | K52: 0 | L52: 4 | Y52: 0 | Z52: 4 | AQ52: 0 | AS52: 0 | AT52: 0 | AU52: 0
A53: X | E53: 4 | G53: 0 | O53: 0 | Y53: 0 | AQ53: 0 | AS53: 0 | AT53: 0 | AU53: 0
A54: M | E54: 4 | L54: 4 | Y54: 0 | AC54: 4 | AO54: -4 | AQ54: 0 | AS54: 0 | AT54: 0 | AU54: 0
A55: C | C55: 0 | O55: 0 | Y55: 0 | AG55: 4 | AO55: 4 | AQ55: 0 | AS55: 0 | AT55: 0 | AU55: 0
A56: E | G56: 4 | Y56: 0 | AA56: 4 | AQ56: 0 | AS56: 0 | AT56: 0 | AU56: 0
A57: B | F57: -4 | V57: 0 | Y57: 0 | Z57: 4 | AF57: 4 | AL57: 4 | AQ57: 0 | AS57: 0 | AT57: 0 | AU57: 0
A58: P | C58: 0 | H58: 4 | Y58: 0 | AC58: 0 | AQ58: 0 | AS58: 0 | AT58: 0 | AU58: 0
B61: Shen B | C61: Niskayuna B | D61: Morris Hills | E61: Shen B | F61: WWPN | G61: Niskayuna B | H61: Shen C | I61: Niskayuna A | J61: WWPN | K61: CBA | L61: Morris Hills | M61: BHBL A | N61: Niskayuna B | O61: CBA | P61: Niskayuna A | Q61: Morris Hills | R61: CBA | S61: Niskayuna A | T61: CBA | U61: Bethlehem | V61: Niskayuna B | W61: BHBL A | X61: Shen B | Y61: Niskayuna B | Z61: Shen C | AA61: Shen B | AB61: Shen C | AC61: CBA | AD61: Shen C | AE61: Bethlehem | AF61: Shen B | AG61: BHBL B | AH61: BHBL B | AI61: BHBL A | AJ61: BHBL B | AK61: Shen C | AL61: Niskayuna A | AM61: BHBL A | AN61: BHBL B | AO61: WWPN | AP61: WWPN | AQ61: Niskayuna A | AR61: BHBL B | AS61: Morris Hills | AT61: Morris Hills | AU61: Bethlehem | AV61: Bethlehem | AW61: Bethlehem | AX61: WWPN | AY61: BHBL A
B62: Aakaash | C62: Aarush | D62: Aditya | E62: Aivin | F62: Aldric | G62: Alex | H62: Ankur | I62: Arjun | J62: Arjun | K62: Asif | L62: Brendan | M62: Chad | N62: Cheuk | O62: Colin | P62: Daniel | Q62: Eashan | R62: Ethan | S62: Faiz | T62: Hubert | U62: Ian | V62: Iris | W62: Jack | X62: Jacob | Y62: James | Z62: Jamis | AA62: Jo | AB62: Joseph | AC62: Kagame | AD62: Karl | AE62: Kevin | AF62: Kevin | AG62: Liam | AH62: Lily | AI62: Madeline | AJ62: Matt | AK62: Matthew | AL62: Mihir | AM62: Myles | AN62: Nicole | AO62: Rithik | AP62: Shreyash | AQ62: Tarun | AR62: Wyatt
B63: FALSE | C63: TRUE | D63: TRUE | E63: FALSE | F63: TRUE | G63: TRUE | H63: TRUE | I63: TRUE | J63: FALSE | K63: TRUE | L63: TRUE | M63: TRUE | N63: TRUE | O63: TRUE | P63: FALSE | Q63: TRUE | R63: TRUE | S63: FALSE | T63: TRUE | U63: TRUE | V63: TRUE | W63: TRUE | X63: FALSE | Y63: FALSE | Z63: TRUE | AA63: FALSE | AB63: TRUE | AC63: TRUE | AD63: TRUE | AE63: TRUE | AF63: FALSE | AG63: TRUE | AH63: TRUE | AI63: TRUE | AJ63: TRUE | AK63: TRUE | AL63: FALSE | AM63: TRUE | AN63: TRUE | AO63: TRUE | AP63: TRUE | AQ63: FALSE | AR63: TRUE | AS63: FALSE | AT63: FALSE | AU63: FALSE | AV63: FALSE | AW63: FALSE | AX63: FALSE | AY63: FALSE
A64: X | L64: 4 | M64: 4 | Y64: 0 | Z64: 4 | AS64: 0 | AT64: 0 | AU64: 0 | AV64: 0 | AW64: 0 | AX64: 0 | AY64: 0
A65: M | T65: 4 | Y65: 0 | AO65: 4 | AS65: 0 | AT65: 0 | AU65: 0 | AV65: 0 | AW65: 0 | AX65: 0 | AY65: 0
A66: C | L66: 4 | M66: 0 | O66: 0 | Y66: 0 | AS66: 0 | AT66: 0 | AU66: 0 | AV66: 0 | AW66: 0 | AX66: 0 | AY66: 0
A67: E | G67: 4 | H67: 4 | R67: 0 | Y67: 0 | AG67: 4 | AI67: 4 | AP67: -4 | AS67: 0 | AT67: 0 | AU67: 0 | AV67: 0 | AW67: 0 | AX67: 0 | AY67: 0
A68: B | L68: 4 | O68: 0 | V68: -4 | Y68: 0 | AI68: 0 | AS68: 0 | AT68: 0 | AU68: 0 | AV68: 0 | AW68: 0 | AX68: 0 | AY68: 0
A69: P | R69: 4 | Y69: 0 | AM69: 0 | AO69: -4 | AS69: 0 | AT69: 0 | AU69: 0 | AV69: 0 | AW69: 0 | AX69: 0 | AY69: 0
A70: X | L70: 4 | R70: 4 | Y70: 0 | AE70: 4 | AP70: -4 | AS70: 0 | AT70: 0 | AU70: 0 | AV70: 0 | AW70: 0 | AX70: 0 | AY70: 0
A71: M | H71: 4 | L71: 4 | M71: 0 | Y71: 0 | AC71: 0 | AO71: 4 | AS71: 0 | AT71: 0 | AU71: 0 | AV71: 0 | AW71: 0 | AX71: 0 | AY71: 0
A72: C | M72: 4 | Q72: 4 | Y72: 0 | AE72: 4 | AS72: 0 | AT72: 0 | AU72: 0 | AV72: 0 | AW72: 0 | AX72: 0 | AY72: 0
A73: E | F73: 4 | Q73: 4 | T73: 0 | W73: 0 | Y73: 0 | AE73: 4 | AS73: 0 | AT73: 0 | AU73: 0 | AV73: 0 | AW73: 0 | AX73: 0 | AY73: 0
A74: B | F74: 4 | Y74: 0 | AE74: 4 | AS74: 0 | AT74: 0 | AU74: 0 | AV74: 0 | AW74: 0 | AX74: 0 | AY74: 0
A75: P | J75: 4 | Y75: 0 | AC75: 4 | AS75: 0 | AT75: 0 | AU75: 0 | AV75: 0 | AW75: 0 | AX75: 0 | AY75: 0
B76: FALSE | C76: TRUE | D76: TRUE | E76: FALSE | F76: TRUE | G76: TRUE | H76: TRUE | I76: TRUE | J76: FALSE | K76: TRUE | L76: TRUE | M76: TRUE | N76: TRUE | O76: TRUE | P76: FALSE | Q76: TRUE | R76: TRUE | S76: FALSE | T76: TRUE | U76: TRUE | V76: TRUE | W76: TRUE | X76: FALSE | Y76: FALSE | Z76: TRUE | AA76: FALSE | AB76: TRUE | AC76: TRUE | AD76: TRUE | AE76: TRUE | AF76: FALSE | AG76: TRUE | AH76: TRUE | AI76: TRUE | AJ76: TRUE | AK76: TRUE | AL76: FALSE | AM76: TRUE | AN76: TRUE | AO76: TRUE | AP76: TRUE | AQ76: FALSE | AR76: TRUE | AS76: FALSE | AT76: FALSE | AU76: FALSE | AV76: FALSE | AW76: FALSE | AX76: FALSE | AY76: FALSE
A77: X | F77: -4 | O77: 0 | Y77: 0 | AI77: 0 | AS77: 0 | AT77: 0 | AU77: 0 | AV77: 0 | AW77: 0 | AX77: 0 | AY77: 0
A78: M | L78: 4 | M78: 0 | R78: 4 | Y78: 0 | Z78: 4 | AP78: 4 | AS78: 0 | AT78: 0 | AU78: 0 | AV78: 0 | AW78: 0 | AX78: 0 | AY78: 0
A79: C | F79: 4 | M79: 0 | R79: 0 | Y79: 0 | AN79: 4 | AS79: 0 | AT79: 0 | AU79: 0 | AV79: 0 | AW79: 0 | AX79: 0 | AY79: 0
A80: E | T80: 0 | U80: 4 | Y80: 0 | AI80: 0 | AS80: 0 | AT80: 0 | AU80: 0 | AV80: 0 | AW80: 0 | AX80: 0 | AY80: 0
A81: B | L81: 4 | Y81: 0 | AS81: 0 | AT81: 0 | AU81: 0 | AV81: 0 | AW81: 0 | AX81: 0 | AY81: 0
A82: P | C82: 4 | L82: 4 | M82: 0 | Y82: 0 | Z82: 4 | AC82: 0 | AS82: 0 | AT82: 0 | AU82: 0 | AV82: 0 | AW82: 0 | AX82: 0 | AY82: 0
A83: X | F83: -4 | T83: 0 | W83: 0 | Y83: 0 | AG83: -4 | AS83: 0 | AT83: 0 | AU83: 0 | AV83: 0 | AW83: 0 | AX83: 0 | AY83: 0
A84: M | L84: 4 | O84: 4 | W84: 0 | Y84: 0 | Z84: 4 | AO84: 4 | AS84: 0 | AT84: 0 | AU84: 0 | AV84: 0 | AW84: 0 | AX84: 0 | AY84: 0
A85: C | H85: 4 | M85: 0 | R85: 0 | Y85: 0 | AS85: 0 | AT85: 0 | AU85: 0 | AV85: 0 | AW85: 0 | AX85: 0 | AY85: 0
A86: E | F86: 4 | O86: 0 | Y86: 0 | AE86: 4 | AS86: 0 | AT86: 0 | AU86: 0 | AV86: 0 | AW86: 0 | AX86: 0 | AY86: 0
A87: B | D87: 4 | F87: 4 | K87: 4 | Y87: 0 | AE87: 4 | AS87: 0 | AT87: 0 | AU87: 0 | AV87: 0 | AW87: 0 | AX87: 0 | AY87: 0
A88: P | Y88: 0 | AS88: 0 | AT88: 0 | AU88: 0 | AV88: 0 | AW88: 0 | AX88: 0 | AY88: 0
B91: Shen B | C91: Niskayuna B | D91: Morris Hills | E91: Shen B | F91: WWPN | G91: Niskayuna B | H91: Shen C | I91: Niskayuna A | J91: WWPN | K91: CBA | L91: Morris Hills | M91: BHBL A | N91: Niskayuna B | O91: CBA | P91: Niskayuna A | Q91: Morris Hills | R91: CBA | S91: Niskayuna A | T91: CBA | U91: Bethlehem | V91: Niskayuna B | W91: BHBL A | X91: Shen B | Y91: Niskayuna B | Z91: Shen C | AA91: Shen B | AB91: Shen C | AC91: CBA | AD91: Shen C | AE91: Bethlehem | AF91: Shen B | AG91: BHBL B | AH91: BHBL B | AI91: BHBL A | AJ91: BHBL B | AK91: Shen C | AL91: Niskayuna A | AM91: BHBL A | AN91: BHBL B | AO91: WWPN | AP91: WWPN | AQ91: Niskayuna A | AR91: BHBL B | AS91: Morris Hills | AT91: Morris Hills | AU91: Bethlehem | AV91: Bethlehem | AW91: Bethlehem | AX91: WWPN | AY91: BHBL A
B92: Aakaash | C92: Aarush | D92: Aditya | E92: Aivin | F92: Aldric | G92: Alex | H92: Ankur | I92: Arjun | J92: Arjun | K92: Asif | L92: Brendan | M92: Chad | N92: Cheuk | O92: Colin | P92: Daniel | Q92: Eashan | R92: Ethan | S92: Faiz | T92: Hubert | U92: Ian | V92: Iris | W92: Jack | X92: Jacob | Y92: James | Z92: Jamis | AA92: Jo | AB92: Joseph | AC92: Kagame | AD92: Karl | AE92: Kevin | AF92: Kevin | AG92: Liam | AH92: Lily | AI92: Madeline | AJ92: Matt | AK92: Matthew | AL92: Mihir | AM92: Myles | AN92: Nicole | AO92: Rithik | AP92: Shreyash | AQ92: Tarun | AR92: Wyatt
B93: TRUE | C93: FALSE | D93: TRUE | E93: TRUE | F93: TRUE | G93: FALSE | H93: TRUE | I93: TRUE | J93: TRUE | K93: TRUE | L93: TRUE | M93: TRUE | N93: FALSE | O93: TRUE | P93: TRUE | Q93: TRUE | R93: TRUE | S93: TRUE | T93: TRUE | U93: TRUE | V93: FALSE | W93: TRUE | X93: TRUE | Y93: FALSE | Z93: TRUE | AA93: TRUE | AB93: TRUE | AC93: TRUE | AD93: TRUE | AE93: TRUE | AF93: TRUE | AG93: FALSE | AH93: FALSE | AI93: TRUE | AJ93: FALSE | AK93: FALSE | AL93: TRUE | AM93: TRUE | AN93: FALSE | AO93: TRUE | AP93: TRUE | AQ93: FALSE | AR93: FALSE | AS93: FALSE | AT93: FALSE | AU93: FALSE | AV93: FALSE | AW93: FALSE | AX93: FALSE | AY93: FALSE
A94: X | F94: 4 | H94: 4 | P94: 4 | AA94: 4 | AK94: 0 | AQ94: 0 | AS94: 0 | AT94: 0 | AU94: 0 | AV94: 0 | AW94: 0 | AX94: 0 | AY94: 0
A95: M | E95: 0 | F95: -4 | H95: 4 | I95: 4 | M95: 4 | AC95: -4 | AK95: 0 | AQ95: 0 | AS95: 0 | AT95: 0 | AU95: 0 | AV95: 0 | AW95: 0 | AX95: 0 | AY95: 0
A96: C | E96: 0 | M96: 0 | Q96: 4 | AK96: 0 | AQ96: 0 | AS96: 0 | AT96: 0 | AU96: 0 | AV96: 0 | AW96: 0 | AX96: 0 | AY96: 0
A97: E | I97: 4 | AA97: 4 | AB97: -4 | AK97: 0 | AP97: -4 | AQ97: 0 | AS97: 0 | AT97: 0 | AU97: 0 | AV97: 0 | AW97: 0 | AX97: 0 | AY97: 0
A98: B | M98: 0 | O98: -4 | X98: 0 | AK98: 0 | AQ98: 0 | AS98: 0 | AT98: 0 | AU98: 0 | AV98: 0 | AW98: 0 | AX98: 0 | AY98: 0
A99: P | F99: -4 | H99: 4 | M99: 0 | U99: 4 | X99: 0 | AK99: 0 | AQ99: 0 | AS99: 0 | AT99: 0 | AU99: 0 | AV99: 0 | AW99: 0 | AX99: 0 | AY99: 0
A100: X | E100: 4 | L100: 4 | P100: 4 | AK100: 0 | AP100: 4 | AQ100: 0 | AS100: 0 | AT100: 0 | AU100: 0 | AV100: 0 | AW100: 0 | AX100: 0 | AY100: 0
A101: M | AK101: 0 | AM101: 4 | AQ101: 0 | AS101: 0 | AT101: 0 | AU101: 0 | AV101: 0 | AW101: 0 | AX101: 0 | AY101: 0
A102: C | M102: 0 | O102: 4 | Q102: 4 | X102: 0 | AK102: 0 | AQ102: 0 | AS102: 0 | AT102: 0 | AU102: 0 | AV102: 0 | AW102: 0 | AX102: 0 | AY102: 0
A103: E | F103: 4 | L103: 4 | P103: 4 | W103: 4 | AK103: 0 | AQ103: 0 | AS103: 0 | AT103: 0 | AU103: 0 | AV103: 0 | AW103: 0 | AX103: 0 | AY103: 0
A104: B | H104: 4 | J104: 4 | M104: 4 | AF104: 0 | AK104: 0 | AL104: 4 | AQ104: 0 | AS104: 0 | AT104: 0 | AU104: 0 | AV104: 0 | AW104: 0 | AX104: 0 | AY104: 0
A105: P | Q105: 4 | X105: 4 | AK105: 0 | AO105: 4 | AQ105: 0 | AS105: 0 | AT105: 0 | AU105: 0 | AV105: 0 | AW105: 0 | AX105: 0 | AY105: 0
B106: TRUE | C106: FALSE | D106: TRUE | E106: TRUE | F106: TRUE | G106: FALSE | H106: TRUE | I106: TRUE | J106: TRUE | K106: TRUE | L106: TRUE | M106: TRUE | N106: FALSE | O106: TRUE | P106: TRUE | Q106: TRUE | R106: TRUE | S106: TRUE | T106: TRUE | U106: TRUE | V106: FALSE | W106: TRUE | X106: TRUE | Y106: FALSE | Z106: TRUE | AA106: TRUE | AB106: TRUE | AC106: TRUE | AD106: TRUE | AE106: TRUE | AF106: TRUE | AG106: FALSE | AH106: FALSE | AI106: TRUE | AJ106: FALSE | AK106: FALSE | AL106: TRUE | AM106: TRUE | AN106: FALSE | AO106: TRUE | AP106: TRUE | AQ106: FALSE | AR106: FALSE | AS106: FALSE | AT106: FALSE | AU106: FALSE | AV106: FALSE | AW106: FALSE | AX106: FALSE | AY106: TRUE
...

Sheet Full
A1: Bethlehem | B1: Bethlehem | C1: BHBL B | D1: BHBL B | E1: Niskayuna A | F1: Niskayuna A | G1: Shen C | H1: Shen C | I1: BHBL A | J1: BHBL A | K1: Niskayuna B | L1: Niskayuna B | M1: CBA | N1: CBA | O1: Shen B | P1: Shen B | Q1: Morris Hills | R1: Morris Hills | S1: WWPN | T1: WWPN
A2: Bonus | B2: Score | C2: Bonus | D2: Score | E2: Bonus | F2: Score | G2: Bonus | H2: Score | I2: Bonus | J2: Score | K2: Bonus | L2: Score | M2: Bonus | N2: Score | O2: Bonus | P2: Score | Q2: Bonus | R2: Score | S2: Bonus | T2: Score
A4: 0 | B4: 4 | D4: 0 | F4: 0 | H4: 0 | I4: 0 | J4: 8 | L4: 0 | N4: 0 | P4: 0
A5: 0 | B5: 8 | D5: 0 | E5: 10 | F5: 14 | H5: 0 | J5: 8 | K5: 10 | L5: 14 | M5: 0 | N5: 4 | P5: 0
B6: 8 | D6: 0 | E6: 10 | F6: 28 | H6: 0 | J6: 8 | L6: 14 | N6: 4 | P6: 0
B7: 8 | D7: 0 | F7: 28 | G7: 10 | H7: 14 | J7: 8 | K7: 10 | L7: 28 | N7: 4 | O7: 10 | P7: 14
A8: 10 | B8: 22 | D8: 0 | F8: 28 | H8: 14 | J8: 8 | L8: 28 | N8: 4 | O8: 10 | P8: 28
B9: 22 | C9: 10 | D9: 14 | F9: 28 | G9: 0 | H9: 18 | J9: 8 | L9: 28 | N9: 4 | O9: 0 | P9: 32
B10: 22 | D10: 14 | F10: 28 | G10: 10 | H10: 32 | J10: 8 | K10: 10 | L10: 42 | N10: 4 | O10: 10 | P10: 46
B11: 22 | C11: 0 | D11: 18 | F11: 28 | H11: 32 | J11: 8 | L11: 42 | M11: 0 | N11: 8 | P11: 46
A12: 10 | B12: 36 | D12: 18 | E12: 10 | F12: 42 | H12: 32 | J12: 8 | K12: 10 | L12: 56 | M12: 0 | N12: 12 | P12: 46
B13: 36 | D13: 18 | F13: 42 | G13: 0 | H13: 36 | J13: 8 | K13: 0 | L13: 60 | N13: 12 | P13: 46
B14: 36 | C14: 10 | D14: 32 | F14: 42 | H14: 36 | J14: 8 | K14: 10 | L14: 74 | N14: 12 | O14: 0 | P14: 50
B15: 36 | D15: 32 | F15: 42 | G15: 0 | H15: 40 | J15: 8 | K15: 10 | L15: 88 | M15: 10 | N15: 26 | P15: 50
B17: 36 | C17: 10 | D17: 46 | F17: 42 | G17: 10 | H17: 54 | J17: 8 | K17: 0 | L17: 92 | N17: 26 | O17: 0 | P17: 54
B18: 36 | C18: 10 | D18: 60 | E18: 10 | F18: 56 | H18: 54 | I18: 0 | J18: 12 | L18: 92 | N18: 26 | P18: 54
A19: 0 | B19: 40 | D19: 60 | E19: 0 | F19: 60 | H19: 54 | J19: 12 | K19: 0 | L19: 96 | N19: 26 | P19: 54
B20: 40 | D20: 60 | F20: 60 | H20: 54 | J20: 12 | K20: 0 | L20: 100 | N20: 26 | P20: 54
A21: 10 | B21: 54 | D21: 60 | E21: 10 | F21: 74 | H21: 54 | J21: 12 | K21: 0 | L21: 104 | N21: 26 | O21: 10 | P21: 68
B22: 54 | C22: 0 | D22: 64 | F22: 74 | G22: 0 | H22: 58 | I22: 0 | J22: 16 | L22: 104 | M22: 0 | N22: 30 | P22: 68
B23: 54 | D23: 64 | F23: 74 | H23: 58 | J23: 16 | L23: 104 | N23: 30 | P23: 68
B24: 54 | C24: 10 | D24: 78 | F24: 74 | G24: 10 | H24: 72 | J24: 16 | K24: 10 | L24: 118 | N24: 30 | O24: 0 | P24: 72
A25: 10 | B25: 72 | D25: 78 | E25: 10 | F25: 88 | H25: 72 | J25: 16 | K25: 10 | L25: 136 | N25: 30 | O25: 10 | P25: 86
B26: 72 | D26: 78 | E26: 0 | F26: 92 | H26: 72 | J26: 16 | K26: 0 | L26: 140 | N26: 30 | O26: 0 | P26: 90
B27: 72 | D27: 78 | E27: 0 | F27: 96 | H27: 72 | J27: 16 | L27: 140 | N27: 30 | O27: 0 | P27: 94
A28: 0 | B28: 76 | D28: 78 | F28: 96 | G28: 0 | H28: 76 | J28: 16 | K28: 0 | L28: 144 | N28: 30 | O28: 0 | P28: 98
A31: Morris Hills | B31: Morris Hills | C31: Niskayuna A | D31: Niskayuna A | E31: BHBL B | F31: BHBL B | G31: Shen C | H31: Shen C | I31: WWPN | J31: WWPN | K31: Shen B | L31: Shen B | M31: CBA | N31: CBA | O31: Niskayuna B | P31: Niskayuna B | Q31: Bethlehem | R31: Bethlehem | S31: BHBL A | T31: BHBL A
A32: Bonus | B32: Score | C32: Bonus | D32: Score | E32: Bonus | F32: Score | G32: Bonus | H32: Score | I32: Bonus | J32: Score | K32: Bonus | L32: Score | M32: Bonus | N32: Score | O32: Bonus | P32: Score | Q32: Bonus | R32: Score | S32: Bonus | T32: Score
A34: 10 | B34: 14 | D34: 0 | F34: 0 | G34: 10 | H34: 14 | I34: 10 | J34: 14 | L34: 0 | N34: 0 | O34: 10 | P34: 14
B35: 14 | C35: 10 | D35: 14 | F35: 0 | G35: 0 | H35: 18 | I35: 10 | J35: 28 | L35: 0 | N35: 0 | O35: 0 | P35: 18
A36: 10 | B36: 28 | D36: 14 | E36: 0 | F36: 4 | H36: 18 | J36: 28 | L36: 0 | M36: 10 | N36: 14 | P36: 18
B37: 28 | C37: 10 | D37: 28 | F37: 4 | G37: 10 | H37: 32 | I37: 10 | J37: 42 | L37: 0 | N37: 14 | O37: 10 | P37: 32
B38: 28 | C38: 10 | D38: 42 | F38: 4 | H38: 32 | I38: 10 | J38: 56 | L38: 0 | N38: 14 | O38: 10 | P38: 46
B39: 28 | C39: 0 | D39: 46 | E39: 0 | F39: 8 | H39: 32 | I39: 0 | J39: 60 | L39: 0 | N39: 14 | O39: 0 | P39: 50
B40: 28 | C40: 10 | D40: 60 | F40: 8 | H40: 32 | I40: 10 | J40: 74 | L40: 0 | N40: 14 | O40: 10 | P40: 64
B41: 28 | D41: 60 | E41: 0 | F41: 12 | H41: 32 | I41: 10 | J41: 88 | L41: 0 | N41: 14 | P41: 64
B42: 28 | D42: 60 | E42: 0 | F42: 16 | H42: 32 | J42: 88 | K42: 0 | L42: 4 | N42: 14 | P42: 64
B43: 28 | C43: 0 | D43: 64 | F43: 16 | H43: 32 | J43: 88 | K43: 0 | L43: 8 | N43: 14 | O43: 10 | P43: 78
B44: 28 | D44: 64 | F44: 16 | H44: 32 | J44: 88 | L44: 8 | N44: 14 | P44: 78
B45: 28 | D45: 64 | F45: 16 | H45: 32 | J45: 88 | K45: 0 | L45: 12 | N45: 14 | P45: 78
A47: 10 | B47: 42 | D47: 64 | F47: 16 | H47: 32 | I47: 0 | J47: 92 | L47: 12 | N47: 14 | O47: 10 | P47: 92
B48: 42 | C48: 10 | D48: 78 | F48: 16 | G48: 10 | H48: 46 | I48: 10 | J48: 106 | L48: 12 | N48: 14 | P48: 92
B49: 42 | C49: 10 | D49: 92 | F49: 16 | G49: 10 | H49: 60 | J49: 106 | K49: 0 | L49: 16 | M49: 0 | N49: 18 | P49: 92
B50: 42 | D50: 92 | F50: 16 | H50: 60 | J50: 106 | L50: 16 | N50: 18 | O50: 0 | P50: 96
A51: 10 | B51: 56 | D51: 92 | F51: 16 | G51: 0 | H51: 64 | J51: 106 | L51: 20 | N51: 18 | O51: 10 | P51: 110
A52: 10 | B52: 70 | D52: 92 | F52: 16 | G52: 0 | H52: 68 | I52: 0 | J52: 110 | L52: 20 | N52: 18 | P52: 110
B53: 70 | D53: 92 | F53: 16 | H53: 68 | J53: 110 | K53: 10 | L53: 34 | N53: 18 | P53: 110
A54: 0 | B54: 74 | D54: 92 | F54: 16 | H54: 68 | J54: 110 | K54: 10 | L54: 52 | M54: 0 | N54: 22 | P54: 110
B55: 74 | D55: 92 | E55: 0 | F55: 20 | H55: 68 | I55: 0 | J55: 114 | L55: 52 | N55: 22 | P55: 110
B56: 74 | D56: 92 | F56: 20 | H56: 68 | J56: 114 | K56: 10 | L56: 66 | N56: 22 | O56: 10 | P56: 124
B57: 74 | C57: 0 | D57: 96 | F57: 20 | G57: 10 | H57: 82 | J57: 114 | K57: 10 | L57: 84 | N57: 22 | P57: 124
B58: 74 | D58: 96 | F58: 20 | G58: 0 | H58: 86 | J58: 114 | L58: 84 | N58: 22 | P58: 124
A61: Morris Hills | B61: Morris Hills | C61: BHBL B | D61: BHBL B | E61: Bethlehem | F61: Bethlehem | G61: Shen C | H61: Shen C | I61: WWPN | J61: WWPN | K61: Niskayuna B | L61: Niskayuna B | M61: CBA | N61: CBA | O61: BHBL A | P61: BHBL A | Q61: Shen B | R61: Shen B | S61: Niskayuna A | T61: Niskayuna A
A62: Bonus | B62: Score | C62: Bonus | D62: Score | E62: Bonus | F62: Score | G62: Bonus | H62: Score | I62: Bonus | J62: Score | K62: Bonus | L62: Score | M62: Bonus | N62: Score | O62: Bonus | P62: Score | Q62: Bonus | R62: Score | S62: Bonus | T62: Score
A64: 10 | B64: 14 | D64: 0 | F64: 0 | G64: 10 | H64: 14 | J64: 0 | L64: 0 | N64: 0 | O64: 0 | P64: 4
B65: 14 | D65: 0 | F65: 0 | H65: 14 | I65: 0 | J65: 4 | L65: 0 | M65: 0 | N65: 4 | P65: 4
A66: 0 | B66: 18 | D66: 0 | F66: 0 | H66: 14 | J66: 4 | L66: 0 | N66: 4 | P66: 4
B67: 18 | C67: 0 | D67: 4 | F67: 0 | G67: 0 | H67: 18 | J67: 4 | K67: 10 | L67: 18 | N67: 4 | O67: 0 | P67: 8
A68: 10 | B68: 32 | D68: 4 | F68: 0 | H68: 18 | J68: 8 | L68: 18 | N68: 4 | P68: 8
B69: 32 | D69: 4 | F69: 0 | H69: 18 | J69: 8 | L69: 22 | M69: 0 | N69: 8 | P69: 8
A70: 0 | B70: 36 | D70: 4 | E70: 10 | F70: 14 | H70: 18 | J70: 8 | L70: 26 | M70: 0 | N70: 12 | P70: 8
A71: 10 | B71: 50 | D71: 4 | F71: 14 | G71: 10 | H71: 32 | I71: 10 | J71: 22 | L71: 26 | N71: 12 | P71: 8
A72: 0 | B72: 54 | D72: 4 | E72: 0 | F72: 18 | H72: 32 | J72: 22 | L72: 26 | N72: 12 | O72: 0 | P72: 12
A73: 10 | B73: 68 | D73: 4 | E73: 0 | F73: 22 | H73: 32 | I73: 10 | J73: 36 | L73: 26 | N73: 12 | P73: 12
B74: 68 | D74: 4 | E74: 0 | F74: 26 | H74: 32 | I74: 10 | J74: 50 | L74: 26 | N74: 12 | P74: 12
B75: 68 | D75: 4 | F75: 26 | H75: 32 | I75: 0 | J75: 54 | L75: 26 | M75: 0 | N75: 16 | P75: 12
B77: 68 | D77: 4 | F77: 26 | H77: 32 | J77: 54 | L77: 30 | N77: 16 | P77: 12
A78: 0 | B78: 72 | D78: 4 | F78: 26 | G78: 0 | H78: 36 | I78: 10 | J78: 68 | L78: 30 | M78: 0 | N78: 20 | P78: 12
B79: 72 | C79: 10 | D79: 18 | F79: 26 | H79: 36 | I79: 10 | J79: 82 | L79: 30 | N79: 20 | P79: 12
B80: 72 | D80: 18 | E80: 0 | F80: 30 | H80: 36 | J80: 82 | L80: 30 | N80: 20 | P80: 12
A81: 0 | B81: 76 | D81: 18 | F81: 30 | H81: 36 | J81: 82 | L81: 30 | N81: 20 | P81: 12
A82: 10 | B82: 90 | D82: 18 | F82: 30 | G82: 10 | H82: 50 | J82: 82 | K82: 10 | L82: 44 | N82: 20 | P82: 12
B83: 94 | D83: 18 | F83: 30 | H83: 50 | J83: 82 | L83: 48 | N83: 20 | P83: 12
A84: 0 | B84: 98 | D84: 18 | F84: 30 | G84: 0 | H84: 54 | I84: 10 | J84: 96 | L84: 48 | M84: 10 | N84: 34 | P84: 12
B85: 98 | D85: 18 | F85: 30 | G85: 10 | H85: 68 | J85: 96 | L85: 48 | N85: 34 | P85: 12
B86: 98 | D86: 18 | E86: 0 | F86: 34 | H86: 68 | I86: 10 | J86: 110 | L86: 48 | N86: 34 | P86: 12
A87: 10 | B87: 112 | D87: 18 | E87: 0 | F87: 38 | H87: 68 | I87: 10 | J87: 124 | L87: 48 | M87: 0 | N87: 38 | P87: 12
B88: 112 | D88: 18 | F88: 38 | H88: 68 | J88: 124 | L88: 48 | N88: 38 | P88: 12
A91: Morris Hills | B91: Morris Hills | C91: Shen C | D91: Shen C | E91: Bethlehem | F91: Bethlehem | G91: Niskayuna A | H91: Niskayuna A | I91: WWPN | J91: WWPN | K91: CBA | L91: CBA | M91: Shen B | N91: Shen B | O91: BHBL A | P91: BHBL A | Q91: BHBL B | R91: BHBL B | S91: Niskayuna B | T91: Niskayuna B
A92: Bonus | B92: Score | C92: Bonus | D92: Score | E92: Bonus | F92: Score | G92: Bonus | H92: Score | I92: Bonus | J92: Score | K92: Bonus | L92: Score | M92: Bonus | N92: Score | O92: Bonus | P92: Score | Q92: Bonus | R92: Score | S92: Bonus | T92: Score
B94: 0 | C94: 10 | D94: 14 | F94: 0 | G94: 10 | H94: 14 | I94: 10 | J94: 14 | L94: 0 | M94: 10 | N94: 14 | P94: 0
B95: 0 | C95: 0 | D95: 18 | F95: 0 | G95: 0 | H95: 18 | J95: 18 | L95: 4 | N95: 14 | O95: 0 | P95: 4
A96: 0 | B96: 4 | D96: 18 | F96: 0 | H96: 18 | J96: 18 | L96: 4 | N96: 14 | P96: 4
B97: 8 | D97: 18 | F97: 0 | G97: 0 | H97: 22 | J97: 18 | L97: 8 | M97: 0 | N97: 18 | P97: 4
B98: 8 | D98: 18 | F98: 0 | H98: 22 | J98: 22 | L98: 8 | N98: 18 | P98: 4
B99: 8 | C99: 10 | D99: 32 | E99: 0 | F99: 4 | H99: 22 | J99: 22 | L99: 12 | N99: 18 | P99: 4
A100: 10 | B100: 22 | D100: 32 | F100: 4 | G100: 0 | H100: 26 | I100: 10 | J100: 36 | L100: 12 | M100: 0 | N100: 22 | P100: 4
B101: 22 | D101: 32 | F101: 4 | H101: 26 | J101: 36 | L101: 12 | N101: 22 | O101: 0 | P101: 8
A102: 0 | B102: 26 | D102: 32 | F102: 4 | H102: 26 | J102: 36 | K102: 10 | L102: 26 | N102: 22 | P102: 8
A103: 10 | B103: 40 | D103: 32 | F103: 4 | G103: 10 | H103: 40 | I103: 10 | J103: 50 | L103: 26 | N103: 22 | O103: 10 | P103: 22
B104: 40 | C104: 0 | D104: 36 | F104: 4 | G104: 0 | H104: 44 | I104: 10 | J104: 64 | L104: 26 | N104: 22 | O104: 10 | P104: 36
A105: 0 | B105: 44 | D105: 36 | F105: 4 | H105: 44 | I105: 0 | J105: 68 | L105: 26 | M105: 0 | N105: 26 | P105: 36
B107: 44 | C107: 10 | D107: 50 | E107: 0 | F107: 8 | H107: 44 | I107: 10 | J107: 82 | L107: 26 | M107: 0 | N107: 30 | P107: 36
A108: 0 | B108: 48 | D108: 50 | F108: 8 | G108: 0 | H108: 48 | I108: 0 | J108: 86 | L108: 26 | N108: 30 | P108: 36
A109: 10 | B109: 62 | D109: 50 | F109: 8 | G109: 0 | H109: 52 | J109: 86 | L109: 26 | N109: 30 | O109: 0 | P109: 40
A110: 10 | B110: 76 | D110: 50 | F110: 8 | H110: 52 | I110: 10 | J110: 100 | L110: 26 | N110: 30 | P110: 40
A111: 0 | B111: 80 | D111: 50 | E111: 0 | F111: 12 | H111: 52 | I111: 0 | J111: 104 | L111: 26 | N111: 30 | P111: 40
A112: 0 | B112: 84 | D112: 50 | F112: 12 | G112: 10 | H112: 66 | I112: 0 | J112: 108 | L112: 26 | N112: 30 | P112: 40
A113: 10 | B113: 98 | D113: 50 | E113: 10 | F113: 26 | H113: 66 | J113: 108 | L113: 30 | M113: 10 | N113: 44 | P113: 40
B114: 98 | C114: 0 | D114: 54 | F114: 26 | G114: 0 | H114: 70 | I114: 0 | J114: 112 | L114: 30 | N114: 44 | O114: 0 | P114: 44
...

Sheet Sorted Team
B1: {=transpose(sort(transpose(Full!A1:T30),1,true))} -> Bethlehem | C1: Bethlehem | D1: BHBL A | E1: BHBL A | F1: BHBL B | G1: BHBL B | H1: CBA | I1: CBA | J1: Morris Hills | K1: Morris Hills | L1: Niskayuna A | M1: Niskayuna A | N1: Niskayuna B | O1: Niskayuna B | P1: Shen B | Q1: Shen B | R1: Shen C | S1: Shen C | T1: WWPN | U1: WWPN
B2: Bonus | C2: Score | D2: Bonus | E2: Score | F2: Bonus | G2: Score | H2: Bonus | I2: Score | J2: Bonus | K2: Score | L2: Bonus | M2: Score | N2: Bonus | O2: Score | P2: Bonus | Q2: Score | R2: Bonus | S2: Score | T2: Bonus | U2: Score
A4: X | B4: 0 | C4: 4 | D4: 0 | E4: 8 | G4: 0 | I4: 0 | M4: 0 | O4: 0 | Q4: 0 | S4: 0
A5: M | B5: 0 | C5: 8 | E5: 8 | G5: 0 | H5: 0 | I5: 4 | L5: 10 | M5: 14 | N5: 10 | O5: 14 | Q5: 0 | S5: 0
A6: C | C6: 8 | E6: 8 | G6: 0 | I6: 4 | L6: 10 | M6: 28 | O6: 14 | Q6: 0 | S6: 0
A7: E | C7: 8 | E7: 8 | G7: 0 | I7: 4 | M7: 28 | N7: 10 | O7: 28 | P7: 10 | Q7: 14 | R7: 10 | S7: 14
A8: B | B8: 10 | C8: 22 | E8: 8 | G8: 0 | I8: 4 | M8: 28 | O8: 28 | P8: 10 | Q8: 28 | S8: 14
A9: P | C9: 22 | E9: 8 | F9: 10 | G9: 14 | I9: 4 | M9: 28 | O9: 28 | P9: 0 | Q9: 32 | R9: 0 | S9: 18
A10: X | C10: 22 | E10: 8 | G10: 14 | I10: 4 | M10: 28 | N10: 10 | O10: 42 | P10: 10 | Q10: 46 | R10: 10 | S10: 32
A11: M | C11: 22 | E11: 8 | F11: 0 | G11: 18 | H11: 0 | I11: 8 | M11: 28 | O11: 42 | Q11: 46 | S11: 32
A12: C | B12: 10 | C12: 36 | E12: 8 | G12: 18 | H12: 0 | I12: 12 | L12: 10 | M12: 42 | N12: 10 | O12: 56 | Q12: 46 | S12: 32
A13: E | C13: 36 | E13: 8 | G13: 18 | I13: 12 | M13: 42 | N13: 0 | O13: 60 | Q13: 46 | R13: 0 | S13: 36
A14: B | C14: 36 | E14: 8 | F14: 10 | G14: 32 | I14: 12 | M14: 42 | N14: 10 | O14: 74 | P14: 0 | Q14: 50 | S14: 36
A15: P | C15: 36 | E15: 8 | G15: 32 | H15: 10 | I15: 26 | M15: 42 | N15: 10 | O15: 88 | Q15: 50 | R15: 0 | S15: 40
A17: X | C17: 36 | E17: 8 | F17: 10 | G17: 46 | I17: 26 | M17: 42 | N17: 0 | O17: 92 | P17: 0 | Q17: 54 | R17: 10 | S17: 54
A18: M | C18: 36 | D18: 0 | E18: 12 | F18: 10 | G18: 60 | I18: 26 | L18: 10 | M18: 56 | O18: 92 | Q18: 54 | S18: 54
A19: C | B19: 0 | C19: 40 | E19: 12 | G19: 60 | I19: 26 | L19: 0 | M19: 60 | N19: 0 | O19: 96 | Q19: 54 | S19: 54
A20: E | C20: 40 | E20: 12 | G20: 60 | I20: 26 | M20: 60 | N20: 0 | O20: 100 | Q20: 54 | S20: 54
A21: B | B21: 10 | C21: 54 | E21: 12 | G21: 60 | I21: 26 | L21: 10 | M21: 74 | N21: 0 | O21: 104 | P21: 10 | Q21: 68 | S21: 54
A22: P | C22: 54 | D22: 0 | E22: 16 | F22: 0 | G22: 64 | H22: 0 | I22: 30 | M22: 74 | O22: 104 | Q22: 68 | R22: 0 | S22: 58
A23: X | C23: 54 | E23: 16 | G23: 64 | I23: 30 | M23: 74 | O23: 104 | Q23: 68 | S23: 58
A24: M | C24: 54 | E24: 16 | F24: 10 | G24: 78 | I24: 30 | M24: 74 | N24: 10 | O24: 118 | P24: 0 | Q24: 72 | R24: 10 | S24: 72
A25: C | B25: 10 | C25: 72 | E25: 16 | G25: 78 | I25: 30 | L25: 10 | M25: 88 | N25: 10 | O25: 136 | P25: 10 | Q25: 86 | S25: 72
A26: E | C26: 72 | E26: 16 | G26: 78 | I26: 30 | L26: 0 | M26: 92 | N26: 0 | O26: 140 | P26: 0 | Q26: 90 | S26: 72
A27: B | C27: 72 | E27: 16 | G27: 78 | I27: 30 | L27: 0 | M27: 96 | O27: 140 | P27: 0 | Q27: 94 | S27: 72
A28: P | B28: 0 | C28: 76 | E28: 16 | G28: 78 | I28: 30 | M28: 96 | N28: 0 | O28: 144 | P28: 0 | Q28: 98 | R28: 0 | S28: 76
B31: {=transpose(sort(transpose(Full!A31:T60),1,true))} -> Bethlehem | C31: Bethlehem | D31: BHBL A | E31: BHBL A | F31: BHBL B | G31: BHBL B | H31: CBA | I31: CBA | J31: Morris Hills | K31: Morris Hills | L31: Niskayuna A | M31: Niskayuna A | N31: Niskayuna B | O31: Niskayuna B | P31: Shen B | Q31: Shen B | R31: Shen C | S31: Shen C | T31: WWPN | U31: WWPN
B32: Bonus | C32: Score | D32: Bonus | E32: Score | F32: Bonus | G32: Score | H32: Bonus | I32: Score | J32: Bonus | K32: Score | L32: Bonus | M32: Score | N32: Bonus | O32: Score | P32: Bonus | Q32: Score | R32: Bonus | S32: Score | T32: Bonus | U32: Score
A34: X | G34: 0 | I34: 0 | J34: 10 | K34: 14 | M34: 0 | N34: 10 | O34: 14 | Q34: 0 | R34: 10 | S34: 14 | T34: 10 | U34: 14
A35: M | G35: 0 | I35: 0 | K35: 14 | L35: 10 | M35: 14 | N35: 0 | O35: 18 | Q35: 0 | R35: 0 | S35: 18 | T35: 10 | U35: 28
A36: C | F36: 0 | G36: 4 | H36: 10 | I36: 14 | J36: 10 | K36: 28 | M36: 14 | O36: 18 | Q36: 0 | S36: 18 | U36: 28
A37: E | G37: 4 | I37: 14 | K37: 28 | L37: 10 | M37: 28 | N37: 10 | O37: 32 | Q37: 0 | R37: 10 | S37: 32 | T37: 10 | U37: 42
A38: B | G38: 4 | I38: 14 | K38: 28 | L38: 10 | M38: 42 | N38: 10 | O38: 46 | Q38: 0 | S38: 32 | T38: 10 | U38: 56
A39: P | F39: 0 | G39: 8 | I39: 14 | K39: 28 | L39: 0 | M39: 46 | N39: 0 | O39: 50 | Q39: 0 | S39: 32 | T39: 0 | U39: 60
A40: X | G40: 8 | I40: 14 | K40: 28 | L40: 10 | M40: 60 | N40: 10 | O40: 64 | Q40: 0 | S40: 32 | T40: 10 | U40: 74
A41: M | F41: 0 | G41: 12 | I41: 14 | K41: 28 | M41: 60 | O41: 64 | Q41: 0 | S41: 32 | T41: 10 | U41: 88
A42: C | F42: 0 | G42: 16 | I42: 14 | K42: 28 | M42: 60 | O42: 64 | P42: 0 | Q42: 4 | S42: 32 | U42: 88
A43: E | G43: 16 | I43: 14 | K43: 28 | L43: 0 | M43: 64 | N43: 10 | O43: 78 | P43: 0 | Q43: 8 | S43: 32 | U43: 88
A44: B | G44: 16 | I44: 14 | K44: 28 | M44: 64 | O44: 78 | Q44: 8 | S44: 32 | U44: 88
A45: P | G45: 16 | I45: 14 | K45: 28 | M45: 64 | O45: 78 | P45: 0 | Q45: 12 | S45: 32 | U45: 88
A47: X | G47: 16 | I47: 14 | J47: 10 | K47: 42 | M47: 64 | N47: 10 | O47: 92 | Q47: 12 | S47: 32 | T47: 0 | U47: 92
A48: M | G48: 16 | I48: 14 | K48: 42 | L48: 10 | M48: 78 | O48: 92 | Q48: 12 | R48: 10 | S48: 46 | T48: 10 | U48: 106
A49: C | G49: 16 | H49: 0 | I49: 18 | K49: 42 | L49: 10 | M49: 92 | O49: 92 | P49: 0 | Q49: 16 | R49: 10 | S49: 60 | U49: 106
A50: E | G50: 16 | I50: 18 | K50: 42 | M50: 92 | N50: 0 | O50: 96 | Q50: 16 | S50: 60 | U50: 106
A51: B | G51: 16 | I51: 18 | J51: 10 | K51: 56 | M51: 92 | N51: 10 | O51: 110 | Q51: 20 | R51: 0 | S51: 64 | U51: 106
A52: P | G52: 16 | I52: 18 | J52: 10 | K52: 70 | M52: 92 | O52: 110 | Q52: 20 | R52: 0 | S52: 68 | T52: 0 | U52: 110
A53: X | G53: 16 | I53: 18 | K53: 70 | M53: 92 | O53: 110 | P53: 10 | Q53: 34 | S53: 68 | U53: 110
A54: M | G54: 16 | H54: 0 | I54: 22 | J54: 0 | K54: 74 | M54: 92 | O54: 110 | P54: 10 | Q54: 52 | S54: 68 | U54: 110
A55: C | F55: 0 | G55: 20 | I55: 22 | K55: 74 | M55: 92 | O55: 110 | Q55: 52 | S55: 68 | T55: 0 | U55: 114
A56: E | G56: 20 | I56: 22 | K56: 74 | M56: 92 | N56: 10 | O56: 124 | P56: 10 | Q56: 66 | S56: 68 | U56: 114
A57: B | G57: 20 | I57: 22 | K57: 74 | L57: 0 | M57: 96 | O57: 124 | P57: 10 | Q57: 84 | R57: 10 | S57: 82 | U57: 114
A58: P | G58: 20 | I58: 22 | K58: 74 | M58: 96 | O58: 124 | Q58: 84 | R58: 0 | S58: 86 | U58: 114
B61: {=transpose(sort(transpose(Full!A61:T90),1,true))} -> Bethlehem | C61: Bethlehem | D61: BHBL A | E61: BHBL A | F61: BHBL B | G61: BHBL B | H61: CBA | I61: CBA | J61: Morris Hills | K61: Morris Hills | L61: Niskayuna A | M61: Niskayuna A | N61: Niskayuna B | O61: Niskayuna B | P61: Shen B | Q61: Shen B | R61: Shen C | S61: Shen C | T61: WWPN | U61: WWPN
B62: Bonus | C62: Score | D62: Bonus | E62: Score | F62: Bonus | G62: Score | H62: Bonus | I62: Score | J62: Bonus | K62: Score | L62: Bonus | M62: Score | N62: Bonus | O62: Score | P62: Bonus | Q62: Score | R62: Bonus | S62: Score | T62: Bonus | U62: Score
A64: X | C64: 0 | D64: 0 | E64: 4 | G64: 0 | I64: 0 | J64: 10 | K64: 14 | O64: 0 | R64: 10 | S64: 14 | U64: 0
A65: M | C65: 0 | E65: 4 | G65: 0 | H65: 0 | I65: 4 | K65: 14 | O65: 0 | S65: 14 | T65: 0 | U65: 4
A66: C | C66: 0 | E66: 4 | G66: 0 | I66: 4 | J66: 0 | K66: 18 | O66: 0 | S66: 14 | U66: 4
A67: E | C67: 0 | D67: 0 | E67: 8 | F67: 0 | G67: 4 | I67: 4 | K67: 18 | N67: 10 | O67: 18 | R67: 0 | S67: 18 | U67: 4
A68: B | C68: 0 | E68: 8 | G68: 4 | I68: 4 | J68: 10 | K68: 32 | O68: 18 | S68: 18 | U68: 8
A69: P | C69: 0 | E69: 8 | G69: 4 | H69: 0 | I69: 8 | K69: 32 | O69: 22 | S69: 18 | U69: 8
A70: X | B70: 10 | C70: 14 | E70: 8 | G70: 4 | H70: 0 | I70: 12 | J70: 0 | K70: 36 | O70: 26 | S70: 18 | U70: 8
A71: M | C71: 14 | E71: 8 | G71: 4 | I71: 12 | J71: 10 | K71: 50 | O71: 26 | R71: 10 | S71: 32 | T71: 10 | U71: 22
A72: C | B72: 0 | C72: 18 | D72: 0 | E72: 12 | G72: 4 | I72: 12 | J72: 0 | K72: 54 | O72: 26 | S72: 32 | U72: 22
A73: E | B73: 0 | C73: 22 | E73: 12 | G73: 4 | I73: 12 | J73: 10 | K73: 68 | O73: 26 | S73: 32 | T73: 10 | U73: 36
A74: B | B74: 0 | C74: 26 | E74: 12 | G74: 4 | I74: 12 | K74: 68 | O74: 26 | S74: 32 | T74: 10 | U74: 50
A75: P | C75: 26 | E75: 12 | G75: 4 | H75: 0 | I75: 16 | K75: 68 | O75: 26 | S75: 32 | T75: 0 | U75: 54
A77: X | C77: 26 | E77: 12 | G77: 4 | I77: 16 | K77: 68 | O77: 30 | S77: 32 | U77: 54
A78: M | C78: 26 | E78: 12 | G78: 4 | H78: 0 | I78: 20 | J78: 0 | K78: 72 | O78: 30 | R78: 0 | S78: 36 | T78: 10 | U78: 68
A79: C | C79: 26 | E79: 12 | F79: 10 | G79: 18 | I79: 20 | K79: 72 | O79: 30 | S79: 36 | T79: 10 | U79: 82
A80: E | B80: 0 | C80: 30 | E80: 12 | G80: 18 | I80: 20 | K80: 72 | O80: 30 | S80: 36 | U80: 82
A81: B | C81: 30 | E81: 12 | G81: 18 | I81: 20 | J81: 0 | K81: 76 | O81: 30 | S81: 36 | U81: 82
A82: P | C82: 30 | E82: 12 | G82: 18 | I82: 20 | J82: 10 | K82: 90 | N82: 10 | O82: 44 | R82: 10 | S82: 50 | U82: 82
A83: X | C83: 30 | E83: 12 | G83: 18 | I83: 20 | K83: 94 | O83: 48 | S83: 50 | U83: 82
A84: M | C84: 30 | E84: 12 | G84: 18 | H84: 10 | I84: 34 | J84: 0 | K84: 98 | O84: 48 | R84: 0 | S84: 54 | T84: 10 | U84: 96
A85: C | C85: 30 | E85: 12 | G85: 18 | I85: 34 | K85: 98 | O85: 48 | R85: 10 | S85: 68 | U85: 96
A86: E | B86: 0 | C86: 34 | E86: 12 | G86: 18 | I86: 34 | K86: 98 | O86: 48 | S86: 68 | T86: 10 | U86: 110
A87: B | B87: 0 | C87: 38 | E87: 12 | G87: 18 | H87: 0 | I87: 38 | J87: 10 | K87: 112 | O87: 48 | S87: 68 | T87: 10 | U87: 124
A88: P | C88: 38 | E88: 12 | G88: 18 | I88: 38 | K88: 112 | O88: 48 | S88: 68 | U88: 124
B91: {=transpose(sort(transpose(Full!A91:T120),1,true))} -> Bethlehem | C91: Bethlehem | D91: BHBL A | E91: BHBL A | F91: BHBL B | G91: BHBL B | H91: CBA | I91: CBA | J91: Morris Hills | K91: Morris Hills | L91: Niskayuna A | M91: Niskayuna A | N91: Niskayuna B | O91: Niskayuna B | P91: Shen B | Q91: Shen B | R91: Shen C | S91: Shen C | T91: WWPN | U91: WWPN
B92: Bonus | C92: Score | D92: Bonus | E92: Score | F92: Bonus | G92: Score | H92: Bonus | I92: Score | J92: Bonus | K92: Score | L92: Bonus | M92: Score | N92: Bonus | O92: Score | P92: Bonus | Q92: Score | R92: Bonus | S92: Score | T92: Bonus | U92: Score
A94: X | C94: 0 | E94: 0 | I94: 0 | K94: 0 | L94: 10 | M94: 14 | P94: 10 | Q94: 14 | R94: 10 | S94: 14 | T94: 10 | U94: 14
A95: M | C95: 0 | D95: 0 | E95: 4 | I95: 4 | K95: 0 | L95: 0 | M95: 18 | Q95: 14 | R95: 0 | S95: 18 | U95: 18
A96: C | C96: 0 | E96: 4 | I96: 4 | J96: 0 | K96: 4 | M96: 18 | Q96: 14 | S96: 18 | U96: 18
A97: E | C97: 0 | E97: 4 | I97: 8 | K97: 8 | L97: 0 | M97: 22 | P97: 0 | Q97: 18 | S97: 18 | U97: 18
A98: B | C98: 0 | E98: 4 | I98: 8 | K98: 8 | M98: 22 | Q98: 18 | S98: 18 | U98: 22
A99: P | B99: 0 | C99: 4 | E99: 4 | I99: 12 | K99: 8 | M99: 22 | Q99: 18 | R99: 10 | S99: 32 | U99: 22
A100: X | C100: 4 | E100: 4 | I100: 12 | J100: 10 | K100: 22 | L100: 0 | M100: 26 | P100: 0 | Q100: 22 | S100: 32 | T100: 10 | U100: 36
A101: M | C101: 4 | D101: 0 | E101: 8 | I101: 12 | K101: 22 | M101: 26 | Q101: 22 | S101: 32 | U101: 36
A102: C | C102: 4 | E102: 8 | H102: 10 | I102: 26 | J102: 0 | K102: 26 | M102: 26 | Q102: 22 | S102: 32 | U102: 36
A103: E | C103: 4 | D103: 10 | E103: 22 | I103: 26 | J103: 10 | K103: 40 | L103: 10 | M103: 40 | Q103: 22 | S103: 32 | T103: 10 | U103: 50
A104: B | C104: 4 | D104: 10 | E104: 36 | I104: 26 | K104: 40 | L104: 0 | M104: 44 | Q104: 22 | R104: 0 | S104: 36 | T104: 10 | U104: 64
A105: P | C105: 4 | E105: 36 | I105: 26 | J105: 0 | K105: 44 | M105: 44 | P105: 0 | Q105: 26 | S105: 36 | T105: 0 | U105: 68
A107: X | B107: 0 | C107: 8 | E107: 36 | I107: 26 | K107: 44 | M107: 44 | P107: 0 | Q107: 30 | R107: 10 | S107: 50 | T107: 10 | U107: 82
A108: M | C108: 8 | E108: 36 | I108: 26 | J108: 0 | K108: 48 | L108: 0 | M108: 48 | Q108: 30 | S108: 50 | T108: 0 | U108: 86
A109: C | C109: 8 | D109: 0 | E109: 40 | I109: 26 | J109: 10 | K109: 62 | L109: 0 | M109: 52 | Q109: 30 | S109: 50 | U109: 86
A110: E | C110: 8 | E110: 40 | I110: 26 | J110: 10 | K110: 76 | M110: 52 | Q110: 30 | S110: 50 | T110: 10 | U110: 100
A111: B | B111: 0 | C111: 12 | E111: 40 | I111: 26 | J111: 0 | K111: 80 | M111: 52 | Q111: 30 | S111: 50 | T111: 0 | U111: 104
A112: P | C112: 12 | E112: 40 | I112: 26 | J112: 0 | K112: 84 | L112: 10 | M112: 66 | Q112: 30 | S112: 50 | T112: 0 | U112: 108
A113: X | B113: 10 | C113: 26 | E113: 40 | I113: 30 | J113: 10 | K113: 98 | M113: 66 | P113: 10 | Q113: 44 | S113: 50 | U113: 108
A114: M | C114: 26 | D114: 0 | E114: 44 | I114: 30 | K114: 98 | L114: 0 | M114: 70 | Q114: 44 | R114: 0 | S114: 54 | T114: 0 | U114: 112
...

Sheet Stats
A1: Overall | B1: Team | C1: GP | D1: TUH | E1: TU | F1: Neg | G1: TU/Neg | H1: Points | I1: PPG | J1: X TU | K1: X Neg | L1: X PPG | M1: M TU | N1: M Neg | O1: M PPG | P1: C TU | Q1: C Neg | R1: C PPG | S1: E TU | T1: E Neg | U1: E PPG | V1: B TU | W1: B Neg | X1: B PPG | Y1: P TU | Z1: P Neg | AA1: P PPG
A2: Aldric | B2: WWPN | C2: 8 | D2: 192 | E2: 54 | F2: 9 | G2: 6 | H2: 180 | I2: 22.5 | J2: 11 | K2: 2 | L2: 4.5 | M2: 1 | N2: 1 | O2: 0 | P2: 7 | Q2: 0 | R2: 3.5 | S2: 13 | T2: 0 | U2: 6.5 | V2: 12 | W2: 4 | X2: 4 | Y2: 10 | Z2: 2 | AA2: 4
A3: Brendan | B3: Morris Hills | C3: 7 | D3: 168 | E3: 33 | F3: 1 | G3: 33 | H3: 128 | I3: 18.285714 | J3: 6 | K3: 0 | L3: 3.4285714 | M3: 7 | N3: 0 | O3: 4 | P3: 3 | Q3: 0 | R3: 1.7142857 | S3: 6 | T3: 0 | U3: 3.4285714 | V3: 5 | W3: 0 | X3: 2.8571429 | Y3: 6 | Z3: 1 | AA3: 2.8571429
A4: Aivin | B4: Shen B | C4: 8 | D4: 192 | E4: 31 | F4: 0 | G4: Infinity | H4: 124 | I4: 15.5 | J4: 7 | K4: 0 | L4: 3.5 | M4: 5 | N4: 0 | O4: 2.5 | P4: 8 | Q4: 0 | R4: 4 | S4: 3 | T4: 0 | U4: 1.5 | V4: 4 | W4: 0 | X4: 2 | Y4: 4 | Z4: 0 | AA4: 2
A5: Aarush | B5: Niskayuna B | C5: 10 | D5: 240 | E5: 32 | F5: 2 | G5: 16 | H5: 120 | I5: 12 | J5: 6 | K5: 0 | L5: 2.4 | M5: 4 | N5: 1 | O5: 1.2 | P5: 3 | Q5: 0 | R5: 1.2 | S5: 2 | T5: 0 | U5: 0.8 | V5: 10 | W5: 1 | X5: 3.6 | Y5: 7 | Z5: 0 | AA5: 2.8
A6: Liam | B6: BHBL B | C6: 4 | D6: 96 | E6: 14 | F6: 3 | G6: 4.6666667 | H6: 44 | I6: 11 | J6: 1 | K6: 1 | L6: 0 | M6: 3 | N6: 0 | O6: 3 | P6: 5 | Q6: 1 | R6: 4 | S6: 1 | T6: 0 | U6: 1 | V6: 2 | W6: 1 | X6: 1 | Y6: 2 | Z6: 0 | AA6: 2
A7: Kevin | B7: Bethlehem | C7: 7 | D7: 168 | E7: 18 | F7: 0 | G7: Infinity | H7: 72 | I7: 10.285714 | J7: 5 | K7: 0 | L7: 2.8571429 | M7: 0 | N7: 0 | O7: 0 | P7: 3 | Q7: 0 | R7: 1.7142857 | S7: 2 | T7: 0 | U7: 1.1428571 | V7: 7 | W7: 0 | X7: 4 | Y7: 1 | Z7: 0 | AA7: 0.57142857
A8: Eashan | B8: Morris Hills | C8: 7 | D8: 168 | E8: 16 | F8: 0 | G8: Infinity | H8: 64 | I8: 9.1428571 | J8: 1 | K8: 0 | L8: 0.57142857 | M8: 2 | N8: 0 | O8: 1.1428571 | P8: 6 | Q8: 0 | R8: 3.4285714 | S8: 2 | T8: 0 | U8: 1.1428571 | V8: 1 | W8: 0 | X8: 0.57142857 | Y8: 4 | Z8: 0 | AA8: 2.2857143
A9: Jamis | B9: Shen C | C9: 7 | D9: 168 | E9: 15 | F9: 0 | G9: Infinity | H9: 60 | I9: 8.5714286 | J9: 4 | K9: 0 | L9: 2.2857143 | M9: 2 | N9: 0 | O9: 1.1428571 | P9: 1 | Q9: 0 | R9: 0.57142857 | S9: 2 | T9: 0 | U9: 1.1428571 | V9: 3 | W9: 0 | X9: 1.7142857 | Y9: 3 | Z9: 0 | AA9: 1.7142857
A10: Faiz | B10: Niskayuna A | C10: 8 | D10: 192 | E10: 17 | F10: 0 | G10: Infinity | H10: 68 | I10: 8.5 | J10: 3 | K10: 0 | L10: 1.5 | M10: 2 | N10: 0 | O10: 1 | P10: 10 | Q10: 0 | R10: 5 | S10: 0 | T10: 0 | U10: 0 | V10: 0 | W10: 0 | X10: 0 | Y10: 2 | Z10: 0 | AA10: 1
A11: Ankur | B11: Shen C | C11: 7 | D11: 168 | E11: 14 | F11: 0 | G11: Infinity | H11: 56 | I11: 8 | J11: 1 | K11: 0 | L11: 0.57142857 | M11: 5 | N11: 0 | O11: 2.8571429 | P11: 2 | Q11: 0 | R11: 1.1428571 | S11: 1 | T11: 0 | U11: 0.57142857 | V11: 2 | W11: 0 | X11: 1.1428571 | Y11: 3 | Z11: 0 | AA11: 1.7142857
A12: Rithik | B12: WWPN | C12: 8 | D12: 192 | E12: 19 | F12: 4 | G12: 4.75 | H12: 60 | I12: 7.5 | J12: 1 | K12: 2 | L12: -0.5 | M12: 16 | N12: 1 | O12: 7.5 | P12: 1 | Q12: 0 | R12: 0.5 | S12: 0 | T12: 0 | U12: 0 | V12: 0 | W12: 0 | X12: 0 | Y12: 1 | Z12: 1 | AA12: 0
A13: Ian | B13: Bethlehem | C13: 6 | D13: 144 | E13: 11 | F13: 0 | G13: Infinity | H13: 44 | I13: 7.3333333 | J13: 4 | K13: 0 | L13: 2.6666667 | M13: 1 | N13: 0 | O13: 0.66666667 | P13: 2 | Q13: 0 | R13: 1.3333333 | S13: 1 | T13: 0 | U13: 0.66666667 | V13: 1 | W13: 0 | X13: 0.66666667 | Y13: 2 | Z13: 0 | AA13: 1.3333333
A14: Arjun | B14: Niskayuna A | C14: 9 | D14: 216 | E14: 16 | F14: 0 | G14: Infinity | H14: 64 | I14: 7.1111111 | J14: 2 | K14: 0 | L14: 0.88888889 | M14: 7 | N14: 0 | O14: 3.1111111 | P14: 2 | Q14: 0 | R14: 0.88888889 | S14: 2 | T14: 0 | U14: 0.88888889 | V14: 2 | W14: 0 | X14: 0.88888889 | Y14: 1 | Z14: 0 | AA14: 0.44444444
A15: Alex | B15: Niskayuna B | C15: 10 | D15: 240 | E15: 18 | F15: 1 | G15: 18 | H15: 68 | I15: 6.8 | J15: 5 | K15: 1 | L15: 1.6 | M15: 0 | N15: 0 | O15: 0 | P15: 0 | Q15: 0 | R15: 0 | S15: 13 | T15: 0 | U15: 5.2 | V15: 0 | W15: 0 | X15: 0 | Y15: 0 | Z15: 0 | AA15: 0
A16: Jacob | B16: Shen B | C16: 8 | D16: 192 | E16: 13 | F16: 0 | G16: Infinity | H16: 52 | I16: 6.5 | J16: 0 | K16: 0 | L16: 0 | M16: 5 | N16: 0 | O16: 2.5 | P16: 0 | Q16: 0 | R16: 0 | S16: 0 | T16: 0 | U16: 0 | V16: 0 | W16: 0 | X16: 0 | Y16: 8 | Z16: 0 | AA16: 4
A17: Mihir | B17: Niskayuna A | C17: 8 | D17: 192 | E17: 13 | F17: 0 | G17: Infinity | H17: 52 | I17: 6.5 | J17: 1 | K17: 0 | L17: 0.5 | M17: 6 | N17: 0 | O17: 3 | P17: 0 | Q17: 0 | R17: 0 | S17: 1 | T17: 0 | U17: 0.5 | V17: 4 | W17: 0 | X17: 2 | Y17: 1 | Z17: 0 | AA17: 0.5
A18: Kevin | B18: Shen B | C18: 7 | D18: 168 | E18: 11 | F18: 0 | G18: Infinity | H18: 44 | I18: 6.2857143 | J18: 3 | K18: 0 | L18: 1.7142857 | M18: 0 | N18: 0 | O18: 0 | P18: 3 | Q18: 0 | R18: 1.7142857 | S18: 0 | T18: 0 | U18: 0 | V18: 4 | W18: 0 | X18: 2.2857143 | Y18: 1 | Z18: 0 | AA18: 0.57142857
A19: Chad | B19: BHBL A | C19: 4 | D19: 96 | E19: 7 | F19: 1 | G19: 7 | H19: 24 | I19: 6 | J19: 1 | K19: 0 | L19: 1 | M19: 2 | N19: 0 | O19: 2 | P19: 2 | Q19: 1 | R19: 1 | S19: 0 | T19: 0 | U19: 0 | V19: 1 | W19: 0 | X19: 1 | Y19: 1 | Z19: 0 | AA19: 1
A20: Jo | B20: Shen B | C20: 8 | D20: 192 | E20: 11 | F20: 1 | G20: 11 | H20: 40 | I20: 5 | J20: 1 | K20: 0 | L20: 0.5 | M20: 0 | N20: 0 | O20: 0 | P20: 1 | Q20: 0 | R20: 0.5 | S20: 8 | T20: 1 | U20: 3.5 | V20: 1 | W20: 0 | X20: 0.5 | Y20: 0 | Z20: 0 | AA20: 0
A21: Arjun | B21: WWPN | C21: 7 | D21: 168 | E21: 9 | F21: 1 | G21: 9 | H21: 32 | I21: 4.5714286 | J21: 1 | K21: 0 | L21: 0.57142857 | M21: 0 | N21: 0 | O21: 0 | P21: 5 | Q21: 0 | R21: 2.8571429 | S21: 1 | T21: 1 | U21: 0 | V21: 1 | W21: 0 | X21: 0.57142857 | Y21: 1 | Z21: 0 | AA21: 0.57142857
A22: Daniel | B22: Niskayuna A | C22: 8 | D22: 192 | E22: 12 | F22: 3 | G22: 4 | H22: 36 | I22: 4.5 | J22: 5 | K22: 0 | L22: 2.5 | M22: 0 | N22: 0 | O22: 0 | P22: 0 | Q22: 0 | R22: 0 | S22: 5 | T22: 0 | U22: 2.5 | V22: 2 | W22: 3 | X22: -0.5 | Y22: 0 | Z22: 0 | AA22: 0
A23: Shreyash | B23: WWPN | C23: 8 | D23: 192 | E23: 12 | F23: 3 | G23: 4 | H23: 36 | I23: 4.5 | J23: 2 | K23: 1 | L23: 0.5 | M23: 4 | N23: 0 | O23: 2 | P23: 0 | Q23: 0 | R23: 0 | S23: 5 | T23: 2 | U23: 1.5 | V23: 0 | W23: 0 | X23: 0 | Y23: 1 | Z23: 0 | AA23: 0.5
A24: Cheuk | B24: Niskayuna B | C24: 10 | D24: 240 | E24: 11 | F24: 0 | G24: Infinity | H24: 44 | I24: 4.4 | J24: 2 | K24: 0 | L24: 0.8 | M24: 5 | N24: 0 | O24: 2 | P24: 1 | Q24: 0 | R24: 0.4 | S24: 1 | T24: 0 | U24: 0.4 | V24: 0 | W24: 0 | X24: 0 | Y24: 2 | Z24: 0 | AA24: 0.8
A25: Iris | B25: Niskayuna B | C25: 10 | D25: 240 | E25: 12 | F25: 1 | G25: 12 | H25: 44 | I25: 4.4 | J25: 2 | K25: 0 | L25: 0.8 | M25: 1 | N25: 0 | O25: 0.4 | P25: 3 | Q25: 0 | R25: 1.2 | S25: 0 | T25: 0 | U25: 0 | V25: 6 | W25: 1 | X25: 2 | Y25: 0 | Z25: 0 | AA25: 0
A26: Aditya | B26: Morris Hills | C26: 7 | D26: 168 | E26: 7 | F26: 0 | G26: Infinity | H26: 28 | I26: 4 | J26: 3 | K26: 0 | L26: 1.7142857 | M26: 0 | N26: 0 | O26: 0 | P26: 0 | Q26: 0 | R26: 0 | S26: 0 | T26: 0 | U26: 0 | V26: 4 | W26: 0 | X26: 2.2857143 | Y26: 0 | Z26: 0 | AA26: 0
A27: Colin | B27: CBA | C27: 6 | D27: 144 | E27: 7 | F27: 1 | G27: 7 | H27: 24 | I27: 4 | J27: 0 | K27: 0 | L27: 0 | M27: 2 | N27: 0 | O27: 1.3333333 | P27: 5 | Q27: 0 | R27: 3.3333333 | S27: 0 | T27: 0 | U27: 0 | V27: 0 | W27: 1 | X27: -0.66666667 | Y27: 0 | Z27: 0 | AA27: 0
A28: Joseph | B28: Shen C | C28: 7 | D28: 168 | E28: 8 | F28: 1 | G28: 8 | H28: 28 | I28: 4 | J28: 1 | K28: 0 | L28: 0.57142857 | M28: 0 | N28: 0 | O28: 0 | P28: 0 | Q28: 0 | R28: 0 | S28: 4 | T28: 1 | U28: 1.7142857 | V28: 0 | W28: 0 | X28: 0 | Y28: 3 | Z28: 0 | AA28: 1.7142857
A29: Ethan | B29: CBA | C29: 6 | D29: 144 | E29: 6 | F29: 1 | G29: 6 | H29: 20 | I29: 3.3333333 | J29: 1 | K29: 0 | L29: 0.66666667 | M29: 1 | N29: 0 | O29: 0.66666667 | P29: 2 | Q29: 0 | R29: 1.3333333 | S29: 0 | T29: 1 | U29: -0.66666667 | V29: 0 | W29: 0 | X29: 0 | Y29: 2 | Z29: 0 | AA29: 1.3333333
A30: Madeline | B30: BHBL A | C30: 4 | D30: 96 | E30: 3 | F30: 0 | G30: Infinity | H30: 12 | I30: 3 | J30: 0 | K30: 0 | L30: 0 | M30: 0 | N30: 0 | O30: 0 | P30: 0 | Q30: 0 | R30: 0 | S30: 2 | T30: 0 | U30: 2 | V30: 1 | W30: 0 | X30: 1 | Y30: 0 | Z30: 0 | AA30: 0
A31: Myles | B31: BHBL A | C31: 4 | D31: 96 | E31: 3 | F31: 0 | G31: Infinity | H31: 12 | I31: 3 | J31: 0 | K31: 0 | L31: 0 | M31: 3 | N31: 0 | O31: 3 | P31: 0 | Q31: 0 | R31: 0 | S31: 0 | T31: 0 | U31: 0 | V31: 0 | W31: 0 | X31: 0 | Y31: 0 | Z31: 0 | AA31: 0
A32: Hubert | B32: CBA | C32: 6 | D32: 144 | E32: 4 | F32: 0 | G32: Infinity | H32: 16 | I32: 2.6666667 | J32: 1 | K32: 0 | L32: 0.66666667 | M32: 1 | N32: 0 | O32: 0.66666667 | P32: 0 | Q32: 0 | R32: 0 | S32: 1 | T32: 0 | U32: 0.66666667 | V32: 0 | W32: 0 | X32: 0 | Y32: 1 | Z32: 0 | AA32: 0.66666667
A33: Jack | B33: BHBL A | C33: 4 | D33: 96 | E33: 2 | F33: 0 | G33: Infinity | H33: 8 | I33: 2 | J33: 1 | K33: 0 | L33: 1 | M33: 0 | N33: 0 | O33: 0 | P33: 0 | Q33: 0 | R33: 0 | S33: 1 | T33: 0 | U33: 1 | V33: 0 | W33: 0 | X33: 0 | Y33: 0 | Z33: 0 | AA33: 0
A34: Kagame | B34: CBA | C34: 6 | D34: 144 | E34: 4 | F34: 1 | G34: 4 | H34: 12 | I34: 2 | J34: 0 | K34: 0 | L34: 0 | M34: 2 | N34: 1 | O34: 0.66666667 | P34: 0 | Q34: 0 | R34: 0 | S34: 1 | T34: 0 | U34: 0.66666667 | V34: 0 | W34: 0 | X34: 0 | Y34: 1 | Z34: 0 | AA34: 0.66666667
A35: Lily | B35: BHBL B | C35: 4 | D35: 96 | E35: 2 | F35: 0 | G35: Infinity | H35: 8 | I35: 2 | J35: 0 | K35: 0 | L35: 0 | M35: 0 | N35: 0 | O35: 0 | P35: 0 | Q35: 0 | R35: 0 | S35: 1 | T35: 0 | U35: 1 | V35: 0 | W35: 0 | X35: 0 | Y35: 1 | Z35: 0 | AA35: 1
A36: Nicole | B36: BHBL B | C36: 4 | D36: 96 | E36: 2 | F36: 0 | G36: Infinity | H36: 8 | I36: 2 | J36: 0 | K36: 0 | L36: 0 | M36: 0 | N36: 0 | O36: 0 | P36: 1 | Q36: 0 | R36: 1 | S36: 0 | T36: 0 | U36: 0 | V36: 0 | W36: 0 | X36: 0 | Y36: 1 | Z36: 0 | AA36: 1
A37: Wyatt | B37: BHBL B | C37: 4 | D37: 96 | E37: 2 | F37: 0 | G37: Infinity | H37: 8 | I37: 2 | J37: 0 | K37: 0 | L37: 0 | M37: 2 | N37: 0 | O37: 2 | P37: 0 | Q37: 0 | R37: 0 | S37: 0 | T37: 0 | U37: 0 | V37: 0 | W37: 0 | X37: 0 | Y37: 0 | Z37: 0 | AA37: 0
A38: Aakaash | B38: Shen B | C38: 7 | D38: 168 | E38: 3 | F38: 0 | G38: Infinity | H38: 12 | I38: 1.7142857 | J38: 1 | K38: 0 | L38: 0.57142857 | M38: 0 | N38: 0 | O38: 0 | P38: 0 | Q38: 0 | R38: 0 | S38: 1 | T38: 0 | U38: 0.57142857 | V38: 1 | W38: 0 | X38: 0.57142857 | Y38: 0 | Z38: 0 | AA38: 0
A39: Tarun | B39: Niskayuna A | C39: 4 | D39: 96 | E39: 6 | F39: 5 | G39: 1.2 | H39: 4 | I39: 1 | J39: 0 | K39: 0 | L39: 0 | M39: 0 | N39: 0 | O39: 0 | P39: 1 | Q39: 0 | R39: 1 | S39: 1 | T39: 2 | U39: -1 | V39: 1 | W39: 0 | X39: 1 | Y39: 3 | Z39: 3 | AA39: 0
A40: Asif | B40: CBA | C40: 6 | D40: 144 | E40: 1 | F40: 0 | G40: Infinity | H40: 4 | I40: 0.66666667 | J40: 0 | K40: 0 | L40: 0 | M40: 0 | N40: 0 | O40: 0 | P40: 0 | Q40: 0 | R40: 0 | S40: 0 | T40: 0 | U40: 0 | V40: 1 | W40: 0 | X40: 0.66666667 | Y40: 0 | Z40: 0 | AA40: 0
A41: Karl | B41: Shen C | C41: 7 | D41: 168 | E41: 3 | F41: 2 | G41: 1.5 | H41: 4 | I41: 0.57142857 | J41: 2 | K41: 0 | L41: 1.1428571 | M41: 1 | N41: 1 | O41: 0 | P41: 0 | Q41: 0 | R41: 0 | S41: 0 | T41: 1 | U41: -0.57142857 | V41: 0 | W41: 0 | X41: 0 | Y41: 0 | Z41: 0 | AA41: 0
A42: Matt | B42: BHBL B | C42: 4 | D42: 96 | E42: 0 | F42: 0 | G42: Infinity | H42: 0 | I42: 0 | J42: 0 | K42: 0 | L42: 0 | M42: 0 | N42: 0 | O42: 0 | P42: 0 | Q42: 0 | R42: 0 | S42: 0 | T42: 0 | U42: 0 | V42: 0 | W42: 0 | X42: 0 | Y42: 0 | Z42: 0 | AA42: 0
A43: Matthew | B43: Shen C | C43: 3 | D43: 72 | E43: 0 | F43: 0 | G43: Infinity | H43: 0 | I43: 0 | J43: 0 | K43: 0 | L43: 0 | M43: 0 | N43: 0 | O43: 0 | P43: 0 | Q43: 0 | R43: 0 | S43: 0 | T43: 0 | U43: 0 | V43: 0 | W43: 0 | X43: 0 | Y43: 0 | Z43: 0 | AA43: 0

Sheet Team Stats
A1: {=sort(transpose('Sorted Team'!A331:T347),2,false)} | B1: PPG | C1: GP | D1: Bonus | E1: Bonus % | F1: X Bonus | G1: X Bonus % | H1: M Bonus | I1: M Bonus % | J1: C Bonus | K1: C Bonus % | L1: E Bonus | M1: E Bonus % | N1: B Bonus | O1: B Bonus % | P1: P Bonus | Q1: P Bonus %
A2: WWPN | B2: 117.75 | C2: 8 | D2: 53 | E2: 0.56382979 | F2: 7 | G2: 0.46666667 | H2: 15 | I2: 0.71428571 | J2: 7 | K2: 0.53846154 | L2: 13 | M2: 0.68421053 | N2: 6 | O2: 0.46153846 | P2: 5 | Q2: 0.38461538
A3: Niskayuna A | B3: 71.25 | C3: 8 | D3: 29 | E3: 0.453125 | F3: 5 | G3: 0.45454545 | H3: 9 | I3: 0.6 | J3: 6 | K3: 0.46153846 | L3: 4 | M3: 0.44444444 | N3: 2 | O3: 0.22222222 | P3: 3 | Q3: 0.42857143
A4: Shen B | B4: 71.25 | C4: 8 | D4: 27 | E4: 0.39130435 | F4: 8 | G4: 0.66666667 | H4: 4 | I4: 0.4 | J4: 4 | K4: 0.33333333 | L4: 5 | M4: 0.41666667 | N4: 4 | O4: 0.4 | P4: 2 | Q4: 0.15384615
A5: Morris Hills | B5: 68 | C5: 7 | D5: 24 | E5: 0.42857143 | F5: 7 | G5: 0.7 | H5: 3 | I5: 0.33333333 | J5: 3 | K5: 0.33333333 | L5: 4 | M5: 0.5 | N5: 3 | O5: 0.3 | P5: 4 | Q5: 0.4
A6: Niskayuna B | B6: 63.8 | C6: 10 | D6: 31 | E6: 0.43055556 | F6: 10 | G6: 0.66666667 | H6: 3 | I6: 0.3 | J6: 4 | K6: 0.57142857 | L6: 7 | M6: 0.4375 | N6: 4 | O6: 0.25 | P6: 3 | Q6: 0.375
A7: Shen C | B7: 47.142857 | C7: 7 | D7: 17 | E7: 0.425 | F7: 6 | G7: 0.75 | H7: 3 | I7: 0.375 | J7: 2 | K7: 0.66666667 | L7: 3 | M7: 0.42857143 | N7: 1 | O7: 0.2 | P7: 2 | Q7: 0.22222222
A8: BHBL B | B8: 38.5 | C8: 4 | D8: 7 | E8: 0.35 | F8: 1 | G8: 1 | H8: 2 | I8: 0.4 | J8: 1 | K8: 0.16666667 | L8: 0 | M8: 0 | N8: 1 | O8: 0.5 | P8: 2 | Q8: 0.5
A9: Bethlehem | B9: 35.666667 | C9: 6 | D9: 9 | E9: 0.31034483 | F9: 3 | G9: 0.33333333 | H9: 0 | I9: 0 | J9: 3 | K9: 0.6 | L9: 0 | M9: 0 | N9: 3 | O9: 0.375 | P9: 0 | Q9: 0
A10: CBA | B10: 28 | C10: 6 | D10: 6 | E10: 0.27272727 | F10: 0 | G10: 0 | H10: 1 | I10: 0.16666667 | J10: 4 | K10: 0.57142857 | L10: 0 | M10: 0 | N10: 0 | O10: 0 | P10: 1 | Q10: 0.25
A11: BHBL A | B11: 21 | C11: 4 | D11: 2 | E11: 0.13333333 | F11: 0 | G11: 0 | H11: 0 | I11: 0 | J11: 0 | K11: 0 | L11: 1 | M11: 0.33333333 | N11: 1 | O11: 0.5 | P11: 0 | Q11: 0

Sheet X-Risk
A1: {=sort(Stats!A1:A1000,Stats!L1:L1000,false)} -> Overall | B1: {=sort(Stats!D1:D1000,Stats!L1:L1000,false)} -> TUH | C1: {=sort(Stats!J1:L1000,Stats!L1:L1000,false)} -> X TU | D1: X Neg | E1: X PPG
A2: Aldric | B2: 192 | C2: 11 | D2: 2 | E2: 4.5
A3: Aivin | B3: 192 | C3: 7 | D3: 0 | E3: 3.5
A4: Brendan | B4: 168 | C4: 6 | D4: 0 | E4: 3.4285714
A5: Kevin | B5: 168 | C5: 5 | D5: 0 | E5: 2.8571429
A6: Ian | B6: 144 | C6: 4 | D6: 0 | E6: 2.6666667
A7: Daniel | B7: 192 | C7: 5 | D7: 0 | E7: 2.5
A8: Aarush | B8: 240 | C8: 6 | D8: 0 | E8: 2.4
A9: Jamis | B9: 168 | C9: 4 | D9: 0 | E9: 2.2857143
A10: Kevin | B10: 168 | C10: 3 | D10: 0 | E10: 1.7142857
A11: Aditya | B11: 168 | C11: 3 | D11: 0 | E11: 1.7142857
A12: Alex | B12: 240 | C12: 5 | D12: 1 | E12: 1.6
A13: Faiz | B13: 192 | C13: 3 | D13: 0 | E13: 1.5
... A43: Rithik | B43: 192 | C43: 1 | D43: 2 | E43: -0.5

Sheet Math
A1: {=sort(Stats!A1:A1000,Stats!O1:O1000,false)} -> Overall | B1: {=sort(Stats!D1:D1000,Stats!O1:O1000,false)} -> TUH | C1: {=sort(Stats!M1:O1000,Stats!O1:O1000,false)} -> M TU | D1: M Neg | E1: M PPG
A2: Rithik | B2: 192 | C2: 16 | D2: 1 | E2: 7.5
A3: Brendan | B3: 168 | C3: 7 | D3: 0 | E3: 4
A4: Arjun | B4: 216 | C4: 7 | D4: 0 | E4: 3.1111111
A5: Liam | B5: 96 | C5: 3 | D5: 0 | E5: 3
A6: Mihir | B6: 192 | C6: 6 | D6: 0 | E6: 3
A7: Myles | B7: 96 | C7: 3 | D7: 0 | E7: 3
A8: Ankur | B8: 168 | C8: 5 | D8: 0 | E8: 2.8571429
A9: Aivin | B9: 192 | C9: 5 | D9: 0 | E9: 2.5
A10: Jacob | B10: 192 | C10: 5 | D10: 0 | E10: 2.5
A11: Chad | B11: 96 | C11: 2 | D11: 0 | E11: 2
A12: Shreyash | B12: 192 | C12: 4 | D12: 0 | E12: 2
A13: Cheuk | B13: 240 | C13: 5 | D13: 0 | E13: 2
... A43: Matthew | B43: 72 | C43: 0 | D43: 0 | E43: 0

Sheet Chemistry
A1: {=sort(Stats!A1:A1000,Stats!R1:R1000,false)} -> Overall | B1: {=sort(Stats!D1:D1000,Stats!R1:R1000,false)} -> TUH | C1: {=sort(Stats!P1:R1000,Stats!R1:R1000,false)} -> C TU | D1: C Neg | E1: C PPG
A2: Faiz | B2: 192 | C2: 10 | D2: 0 | E2: 5
A3: Aivin | B3: 192 | C3: 8 | D3: 0 | E3: 4
A4: Liam | B4: 96 | C4: 5 | D4: 1 | E4: 4
A5: Aldric | B5: 192 | C5: 7 | D5: 0 | E5: 3.5
A6: Eashan | B6: 168 | C6: 6 | D6: 0 | E6: 3.4285714
A7: Colin | B7: 144 | C7: 5 | D7: 0 | E7: 3.3333333
A8: Arjun | B8: 168 | C8: 5 | D8: 0 | E8: 2.8571429
A9: Brendan | B9: 168 | C9: 3 | D9: 0 | E9: 1.7142857
A10: Kevin | B10: 168 | C10: 3 | D10: 0 | E10: 1.7142857
A11: Kevin | B11: 168 | C11: 3 | D11: 0 | E11: 1.7142857
A12: Ian | B12: 144 | C12: 2 | D12: 0 | E12: 1.3333333
A13: Ethan | B13: 144 | C13: 2 | D13: 0 | E13: 1.3333333
... A43: Matthew | B43: 72 | C43: 0 | D43: 0 | E43: 0

Sheet EarthSpace
A1: {=sort(Stats!A1:A1000,Stats!U1:U1000,false)} -> Overall | B1: {=sort(Stats!D1:D1000,Stats!U1:U1000,false)} -> TUH | C1: {=sort(Stats!S1:U1000,Stats!U1:U1000,false)} -> E TU | D1: E Neg | E1: E PPG
A2: Aldric | B2: 192 | C2: 13 | D2: 0 | E2: 6.5
A3: Alex | B3: 240 | C3: 13 | D3: 0 | E3: 5.2
A4: Jo | B4: 192 | C4: 8 | D4: 1 | E4: 3.5
A5: Brendan | B5: 168 | C5: 6 | D5: 0 | E5: 3.4285714
A6: Daniel | B6: 192 | C6: 5 | D6: 0 | E6: 2.5
A7: Madeline | B7: 96 | C7: 2 | D7: 0 | E7: 2
A8: Joseph | B8: 168 | C8: 4 | D8: 1 | E8: 1.7142857
A9: Aivin | B9: 192 | C9: 3 | D9: 0 | E9: 1.5
A10: Shreyash | B10: 192 | C10: 5 | D10: 2 | E10: 1.5
A11: Kevin | B11: 168 | C11: 2 | D11: 0 | E11: 1.1428571
A12: Eashan | B12: 168 | C12: 2 | D12: 0 | E12: 1.1428571
A13: Jamis | B13: 168 | C13: 2 | D13: 0 | E13: 1.1428571
... A43: Tarun | B43: 96 | C43: 1 | D43: 2 | E43: -1

Sheet Biology
A1: {=sort(Stats!A1:A1000,Stats!X1:X1000,false)} -> Overall | B1: {=sort(Stats!D1:D1000,Stats!X1:X1000,false)} -> TUH | C1: {=sort(Stats!V1:X1000,Stats!X1:X1000,false)} -> B TU | D1: B Neg | E1: B PPG
A2: Aldric | B2: 192 | C2: 12 | D2: 4 | E2: 4
A3: Kevin | B3: 168 | C3: 7 | D3: 0 | E3: 4
A4: Aarush | B4: 240 | C4: 10 | D4: 1 | E4: 3.6
A5: Brendan | B5: 168 | C5: 5 | D5: 0 | E5: 2.8571429
A6: Kevin | B6: 168 | C6: 4 | D6: 0 | E6: 2.2857143
A7: Aditya | B7: 168 | C7: 4 | D7: 0 | E7: 2.2857143
A8: Aivin | B8: 192 | C8: 4 | D8: 0 | E8: 2
A9: Mihir | B9: 192 | C9: 4 | D9: 0 | E9: 2
A10: Iris | B10: 240 | C10: 6 | D10: 1 | E10: 2
A11: Jamis | B11: 168 | C11: 3 | D11: 0 | E11: 1.7142857
A12: Ankur | B12: 168 | C12: 2 | D12: 0 | E12: 1.1428571
A13: Liam | B13: 96 | C13: 2 | D13: 1 | E13: 1
... A43: Colin | B43: 144 | C43: 0 | D43: 1 | E43: -0.66666667

Sheet Physics
A1: {=sort(Stats!A1:A1000,Stats!AA1:AA1000,false)} -> Overall | B1: {=sort(Stats!D1:D1000,Stats!AA1:AA1000,false)} -> TUH | C1: {=sort(Stats!Y1:AA1000,Stats!AA1:AA1000,false)} -> P TU | D1: P Neg | E1: P PPG
A2: Aldric | B2: 192 | C2: 10 | D2: 2 | E2: 4
A3: Jacob | B3: 192 | C3: 8 | D3: 0 | E3: 4
A4: Brendan | B4: 168 | C4: 6 | D4: 1 | E4: 2.8571429
A5: Aarush | B5: 240 | C5: 7 | D5: 0 | E5: 2.8
A6: Eashan | B6: 168 | C6: 4 | D6: 0 | E6: 2.2857143
A7: Aivin | B7: 192 | C7: 4 | D7: 0 | E7: 2
A8: Liam | B8: 96 | C8: 2 | D8: 0 | E8: 2
A9: Jamis | B9: 168 | C9: 3 | D9: 0 | E9: 1.7142857
A10: Ankur | B10: 168 | C10: 3 | D10: 0 | E10: 1.7142857
A11: Joseph | B11: 168 | C11: 3 | D11: 0 | E11: 1.7142857
A12: Ian | B12: 144 | C12: 2 | D12: 0 | E12: 1.3333333
A13: Ethan | B13: 144 | C13: 2 | D13: 0 | E13: 1.3333333
... A43: Matthew | B43: 72 | C43: 0 | D43: 0 | E43: 0
