Workbook

Sheet Cumulative Player Stats
C1: Earth | I1: Space | O1: Combined | U1: Median
A2: Player | B2: GP | C2: C | D2: IC | E2: P | F2: Gain | G2: Net | H2: %✅ | I2: C | J2: IC | K2: P | L2: Gain | M2: Net | N2: %✅ | O2: C | P2: IC | Q2: P | R2: Gain | S2: Net | T2: %✅ | U2: C | V2: IC | W2: P | X2: Gain | Y2: Net | Z2: %✅
A3: [4.4] Roshan A | B3: =COUNTIF('RR1 Player Stats'!$A$3:$A$50,$A3)+COUNTIF('RR2 Player Stats'!$A$3:$A$50,$A3)+COUNTIF('RR3 Player Stats'!$A$3:$A$50,$A3)+COUNTIF('RR4 Player Stats'!$A$3:$A$50,$A3)+COUNTIF('RR5 Player Stats'!$A$3:$A$50,$A3) -> 5 | C3: =IFERROR(__xludf.DUMMYFUNCTION("IFERROR(FILTER('RR1 Player Stats'!V$3:V$50, ISNUMBER(SEARCH($A3,'RR1 Player Stats'!$A$3:$A$50))),0) +IFERROR(FILTER('RR2 Player Stats'!V$3:V$50, ISNUMBER(SEARCH($A3,'RR2 Player Stats'!$A$3:$A$50))),0) +IFERROR(FILTER('RR3 Player Stats'!V$3:V$50, ISNUMBER("&"SEARCH($A3,'RR3 Player Stats'!$A$3:$A$50))),0) +IFERROR(FILTER('RR4 Player Stats'!V$3:V$50, ISNUMBER(SEARCH($A3,'RR4 Player Stats'!$A$3:$A$50))),0) +IFERROR(FILTER('RR5 Player Stats'!V$3:V$50, ISNUMBER(SEARCH($A3,'RR5 Player Stats'!$A$3:$A$50))),0)"),7.0) -> 7 | D3: =IFERROR(__xludf.DUMMYFUNCTION("IFERROR(FILTER('RR1 Player Stats'!W$3:W$50, ISNUMBER(SEARCH($A3,'RR1 Player Stats'!$A$3:$A$50))),0) +IFERROR(FILTER('RR2 Player Stats'!W$3:W$50, ISNUMBER(SEARCH($A3,'RR2 Player Stats'!$A$3:$A$50))),0) +IFERROR(FILTER('RR3 Player Stats'!W$3:W$50, ISNUMBER("&"SEARCH($A3,'RR3 Player Stats'!$A$3:$A$50))),0) +IFERROR(FILTER('RR4 Player Stats'!W$3:W$50, ISNUMBER(SEARCH($A3,'RR4 Player Stats'!$A$3:$A$50))),0) +IFERROR(FILTER('RR5 Player Stats'!W$3:W$50, ISNUMBER(SEARCH($A3,'RR5 Player Stats'!$A$3:$A$50))),0)"),31.0) -> 31 | E3: =IFERROR(__xludf.DUMMYFUNCTION("IFERROR(FILTER('RR1 Player Stats'!X$3:X$50, ISNUMBER(SEARCH($A3,'RR1 Player Stats'!$A$3:$A$50))),0) +IFERROR(FILTER('RR2 Player Stats'!X$3:X$50, ISNUMBER(SEARCH($A3,'RR2 Player Stats'!$A$3:$A$50))),0) +IFERROR(FILTER('RR3 Player Stats'!X$3:X$50, ISNUMBER("&"SEARCH($A3,'RR3 Player Stats'!$A$3:$A$50))),0) +IFERROR(FILTER('RR4 Player Stats'!X$3:X$50, ISNUMBER(SEARCH($A3,'RR4 Player Stats'!$A$3:$A$50))),0) +IFERROR(FILTER('RR5 Player Stats'!X$3:X$50, ISNUMBER(SEARCH($A3,'RR5 Player Stats'!$A$3:$A$50))),0)"),16.0) -> 16 | F3: =IFERROR(__xludf.DUMMYFUNCTION("IFERROR(FILTER('RR1 Player Stats'!Y$3:Y$50, ISNUMBER(SEARCH($A3,'RR1 Player Stats'!$A$3:$A$50))),0) +IFERROR(FILTER('RR2 Player Stats'!Y$3:Y$50, ISNUMBER(SEARCH($A3,'RR2 Player Stats'!$A$3:$A$50))),0) +IFERROR(FILTER('RR3 Player Stats'!Y$3:Y$50, ISNUMBER("&"SEARCH($A3,'RR3 Player Stats'!$A$3:$A$50))),0) +IFERROR(FILTER('RR4 Player Stats'!Y$3:Y$50, ISNUMBER(SEARCH($A3,'RR4 Player Stats'!$A$3:$A$50))),0) +IFERROR(FILTER('RR5 Player Stats'!Y$3:Y$50, ISNUMBER(SEARCH($A3,'RR5 Player Stats'!$A$3:$A$50))),0)"),214.0) -> 214 | G3: =IFERROR(__xludf.DUMMYFUNCTION("IFERROR(FILTER('RR1 Player Stats'!Z$3:Z$50, ISNUMBER(SEARCH($A3,'RR1 Player Stats'!$A$3:$A$50))),0) +IFERROR(FILTER('RR2 Player Stats'!Z$3:Z$50, ISNUMBER(SEARCH($A3,'RR2 Player Stats'!$A$3:$A$50))),0) +IFERROR(FILTER('RR3 Player Stats'!Z$3:Z$50, ISNUMBER("&"SEARCH($A3,'RR3 Player Stats'!$A$3:$A$50))),0) +IFERROR(FILTER('RR4 Player Stats'!Z$3:Z$50, ISNUMBER(SEARCH($A3,'RR4 Player Stats'!$A$3:$A$50))),0) +IFERROR(FILTER('RR5 Player Stats'!Z$3:Z$50, ISNUMBER(SEARCH($A3,'RR5 Player Stats'!$A$3:$A$50))),0)"),150.0) -> 150 | H3: =IFERROR(__xludf.DUMMYFUNCTION("(IFERROR(FILTER('RR1 Player Stats'!AA$3:AA$50, ISNUMBER(SEARCH($A3,'RR1 Player Stats'!$A$3:$A$50))),0) +IFERROR(FILTER('RR2 Player Stats'!AA$3:AA$50, ISNUMBER(SEARCH($A3,'RR2 Player Stats'!$A$3:$A$50))),0) +IFERROR(FILTER('RR3 Player Stats'!AA$3:AA$50, IS"&"NUMBER(SEARCH($A3,'RR3 Player Stats'!$A$3:$A$50))),0) +IFERROR(FILTER('RR4 Player Stats'!AA$3:AA$50, ISNUMBER(SEARCH($A3,'RR4 Player Stats'!$A$3:$A$50))),0) +IFERROR(FILTER('RR5 Player Stats'!AA$3:AA$50, ISNUMBER(SEARCH($A3,'RR5 Player Stats'!$A$3:$A$50))"&"),0))/5"),0.634) -> 0.634 | I3: =IFERROR(__xludf.DUMMYFUNCTION("IFERROR(FILTER('RR1 Player Stats'!AB$3:AB$50, ISNUMBER(SEARCH($A3,'RR1 Player Stats'!$A$3:$A$50))),0) +IFERROR(FILTER('RR2 Player Stats'!AB$3:AB$50, ISNUMBER(SEARCH($A3,'RR2 Player Stats'!$A$3:$A$50))),0) +IFERROR(FILTER('RR3 Player Stats'!AB$3:AB$50, ISN"&"UMBER(SEARCH($A3,'RR3 Player Stats'!$A$3:$A$50))),0) +IFERROR(FILTER('RR4 Player Stats'!AB$3:AB$50, ISNUMBER(SEARCH($A3,'RR4 Player Stats'!$A$3:$A$50))),0) +IFERROR(FILTER('RR5 Player Stats'!AB$3:AB$50, ISNUMBER(SEARCH($A3,'RR5 Player Stats'!$A$3:$A$50)))"&",0)"),6.0) -> 6 | J3: =IFERROR(__xludf.DUMMYFUNCTION("IFERROR(FILTER('RR1 Player Stats'!AC$3:AC$50, ISNUMBER(SEARCH($A3,'RR1 Player Stats'!$A$3:$A$50))),0) +IFERROR(FILTER('RR2 Player Stats'!AC$3:AC$50, ISNUMBER(SEARCH($A3,'RR2 Player Stats'!$A$3:$A$50))),0) +IFERROR(FILTER('RR3 Player Stats'!AC$3:AC$50, ISN"&"UMBER(SEARCH($A3,'RR3 Player Stats'!$A$3:$A$50))),0) +IFERROR(FILTER('RR4 Player Stats'!AC$3:AC$50, ISNUMBER(SEARCH($A3,'RR4 Player Stats'!$A$3:$A$50))),0) +IFERROR(FILTER('RR5 Player Stats'!AC$3:AC$50, ISNUMBER(SEARCH($A3,'RR5 Player Stats'!$A$3:$A$50)))"&",0)"),17.0) -> 17 | K3: =IFERROR(__xludf.DUMMYFUNCTION("IFERROR(FILTER('RR1 Player Stats'!AD$3:AD$50, ISNUMBER(SEARCH($A3,'RR1 Player Stats'!$A$3:$A$50))),0) +IFERROR(FILTER('RR2 Player Stats'!AD$3:AD$50, ISNUMBER(SEARCH($A3,'RR2 Player Stats'!$A$3:$A$50))),0) +IFERROR(FILTER('RR3 Player Stats'!AD$3:AD$50, ISN"&"UMBER(SEARCH($A3,'RR3 Player Stats'!$A$3:$A$50))),0) +IFERROR(FILTER('RR4 Player Stats'!AD$3:AD$50, ISNUMBER(SEARCH($A3,'RR4 Player Stats'!$A$3:$A$50))),0) +IFERROR(FILTER('RR5 Player Stats'!AD$3:AD$50, ISNUMBER(SEARCH($A3,'RR5 Player Stats'!$A$3:$A$50)))"&",0)"),14.0) -> 14 | L3: =IFERROR(__xludf.DUMMYFUNCTION("IFERROR(FILTER('RR1 Player Stats'!AE$3:AE$50, ISNUMBER(SEARCH($A3,'RR1 Player Stats'!$A$3:$A$50))),0) +IFERROR(FILTER('RR2 Player Stats'!AE$3:AE$50, ISNUMBER(SEARCH($A3,'RR2 Player Stats'!$A$3:$A$50))),0) +IFERROR(FILTER('RR3 Player Stats'!AE$3:AE$50, ISN"&"UMBER(SEARCH($A3,'RR3 Player Stats'!$A$3:$A$50))),0) +IFERROR(FILTER('RR4 Player Stats'!AE$3:AE$50, ISNUMBER(SEARCH($A3,'RR4 Player Stats'!$A$3:$A$50))),0) +IFERROR(FILTER('RR5 Player Stats'!AE$3:AE$50, ISNUMBER(SEARCH($A3,'RR5 Player Stats'!$A$3:$A$50)))"&",0)"),126.0) -> 126 | M3: =IFERROR(__xludf.DUMMYFUNCTION("IFERROR(FILTER('RR1 Player Stats'!AF$3:AF$50, ISNUMBER(SEARCH($A3,'RR1 Player Stats'!$A$3:$A$50))),0) +IFERROR(FILTER('RR2 Player Stats'!AF$3:AF$50, ISNUMBER(SEARCH($A3,'RR2 Player Stats'!$A$3:$A$50))),0) +IFERROR(FILTER('RR3 Player Stats'!AF$3:AF$50, ISN"&"UMBER(SEARCH($A3,'RR3 Player Stats'!$A$3:$A$50))),0) +IFERROR(FILTER('RR4 Player Stats'!AF$3:AF$50, ISNUMBER(SEARCH($A3,'RR4 Player Stats'!$A$3:$A$50))),0) +IFERROR(FILTER('RR5 Player Stats'!AF$3:AF$50, ISNUMBER(SEARCH($A3,'RR5 Player Stats'!$A$3:$A$50)))"&",0)"),70.0) -> 70 | N3: =IFERROR(__xludf.DUMMYFUNCTION("(IFERROR(FILTER('RR1 Player Stats'!AG$3:AG$50, ISNUMBER(SEARCH($A3,'RR1 Player Stats'!$A$3:$A$50))),0) +IFERROR(FILTER('RR2 Player Stats'!AG$3:AG$50, ISNUMBER(SEARCH($A3,'RR2 Player Stats'!$A$3:$A$50))),0) +IFERROR(FILTER('RR3 Player Stats'!AG$3:AG$50, IS"&"NUMBER(SEARCH($A3,'RR3 Player Stats'!$A$3:$A$50))),0) +IFERROR(FILTER('RR4 Player Stats'!AG$3:AG$50, ISNUMBER(SEARCH($A3,'RR4 Player Stats'!$A$3:$A$50))),0) +IFERROR(FILTER('RR5 Player Stats'!AG$3:AG$50, ISNUMBER(SEARCH($A3,'RR5 Player Stats'!$A$3:$A$50))"&"),0))/5"),0.578) -> 0.578 | O3: =IFERROR(__xludf.DUMMYFUNCTION("IFERROR(FILTER('RR1 Player Stats'!AH$3:AH$50, ISNUMBER(SEARCH($A3,'RR1 Player Stats'!$A$3:$A$50))),0) +IFERROR(FILTER('RR2 Player Stats'!AH$3:AH$50, ISNUMBER(SEARCH($A3,'RR2 Player Stats'!$A$3:$A$50))),0) +IFERROR(FILTER('RR3 Player Stats'!AH$3:AH$50, ISN"&"UMBER(SEARCH($A3,'RR3 Player Stats'!$A$3:$A$50))),0) +IFERROR(FILTER('RR4 Player Stats'!AH$3:AH$50, ISNUMBER(SEARCH($A3,'RR4 Player Stats'!$A$3:$A$50))),0) +IFERROR(FILTER('RR5 Player Stats'!AH$3:AH$50, ISNUMBER(SEARCH($A3,'RR5 Player Stats'!$A$3:$A$50)))"&",0)"),13.0) -> 13 | P3: =IFERROR(__xludf.DUMMYFUNCTION("IFERROR(FILTER('RR1 Player Stats'!AI$3:AI$50, ISNUMBER(SEARCH($A3,'RR1 Player Stats'!$A$3:$A$50))),0) +IFERROR(FILTER('RR2 Player Stats'!AI$3:AI$50, ISNUMBER(SEARCH($A3,'RR2 Player Stats'!$A$3:$A$50))),0) +IFERROR(FILTER('RR3 Player Stats'!AI$3:AI$50, ISN"&"UMBER(SEARCH($A3,'RR3 Player Stats'!$A$3:$A$50))),0) +IFERROR(FILTER('RR4 Player Stats'!AI$3:AI$50, ISNUMBER(SEARCH($A3,'RR4 Player Stats'!$A$3:$A$50))),0) +IFERROR(FILTER('RR5 Player Stats'!AI$3:AI$50, ISNUMBER(SEARCH($A3,'RR5 Player Stats'!$A$3:$A$50)))"&",0)"),48.0) -> 48 | Q3: =IFERROR(__xludf.DUMMYFUNCTION("IFERROR(FILTER('RR1 Player Stats'!AJ$3:AJ$50, ISNUMBER(SEARCH($A3,'RR1 Player Stats'!$A$3:$A$50))),0) +IFERROR(FILTER('RR2 Player Stats'!AJ$3:AJ$50, ISNUMBER(SEARCH($A3,'RR2 Player Stats'!$A$3:$A$50))),0) +IFERROR(FILTER('RR3 Player Stats'!AJ$3:AJ$50, ISN"&"UMBER(SEARCH($A3,'RR3 Player Stats'!$A$3:$A$50))),0) +IFERROR(FILTER('RR4 Player Stats'!AJ$3:AJ$50, ISNUMBER(SEARCH($A3,'RR4 Player Stats'!$A$3:$A$50))),0) +IFERROR(FILTER('RR5 Player Stats'!AJ$3:AJ$50, ISNUMBER(SEARCH($A3,'RR5 Player Stats'!$A$3:$A$50)))"&",0)"),30.0) -> 30 | R3: =IFERROR(__xludf.DUMMYFUNCTION("IFERROR(FILTER('RR1 Player Stats'!AK$3:AK$50, ISNUMBER(SEARCH($A3,'RR1 Player Stats'!$A$3:$A$50))),0) +IFERROR(FILTER('RR2 Player Stats'!AK$3:AK$50, ISNUMBER(SEARCH($A3,'RR2 Player Stats'!$A$3:$A$50))),0) +IFERROR(FILTER('RR3 Player Stats'!AK$3:AK$50, ISN"&"UMBER(SEARCH($A3,'RR3 Player Stats'!$A$3:$A$50))),0) +IFERROR(FILTER('RR4 Player Stats'!AK$3:AK$50, ISNUMBER(SEARCH($A3,'RR4 Player Stats'!$A$3:$A$50))),0) +IFERROR(FILTER('RR5 Player Stats'!AK$3:AK$50, ISNUMBER(SEARCH($A3,'RR5 Player Stats'!$A$3:$A$50)))"&",0)"),340.0) -> 340 | S3: =IFERROR(__xludf.DUMMYFUNCTION("IFERROR(FILTER('RR1 Player Stats'!AL$3:AL$50, ISNUMBER(SEARCH($A3,'RR1 Player Stats'!$A$3:$A$50))),0) +IFERROR(FILTER('RR2 Player Stats'!AL$3:AL$50, ISNUMBER(SEARCH($A3,'RR2 Player Stats'!$A$3:$A$50))),0) +IFERROR(FILTER('RR3 Player Stats'!AL$3:AL$50, ISN"&"UMBER(SEARCH($A3,'RR3 Player Stats'!$A$3:$A$50))),0) +IFERROR(FILTER('RR4 Player Stats'!AL$3:AL$50, ISNUMBER(SEARCH($A3,'RR4 Player Stats'!$A$3:$A$50))),0) +IFERROR(FILTER('RR5 Player Stats'!AL$3:AL$50, ISNUMBER(SEARCH($A3,'RR5 Player Stats'!$A$3:$A$50)))"&",0)"),220.0) -> 220 | T3: =IFERROR(__xludf.DUMMYFUNCTION("(IFERROR(FILTER('RR1 Player Stats'!AM$3:AM$50, ISNUMBER(SEARCH($A3,'RR1 Player Stats'!$A$3:$A$50))),0) +IFERROR(FILTER('RR2 Player Stats'!AM$3:AM$50, ISNUMBER(SEARCH($A3,'RR2 Player Stats'!$A$3:$A$50))),0) +IFERROR(FILTER('RR3 Player Stats'!AM$3:AM$50, IS"&"NUMBER(SEARCH($A3,'RR3 Player Stats'!$A$3:$A$50))),0) +IFERROR(FILTER('RR4 Player Stats'!AM$3:AM$50, ISNUMBER(SEARCH($A3,'RR4 Player Stats'!$A$3:$A$50))),0) +IFERROR(FILTER('RR5 Player Stats'!AM$3:AM$50, ISNUMBER(SEARCH($A3,'RR5 Player Stats'!$A$3:$A$50))"&"),0))/B3"),0.61) -> 0.61 | U3: =IFERROR(__xludf.DUMMYFUNCTION("MEDIAN(IFERROR(FILTER('RR1 Player Stats'!AH$3:AH$50, ISNUMBER(SEARCH($A3,'RR1 Player Stats'!$A$3:$A$50))),0),IFERROR(FILTER('RR2 Player Stats'!AH$3:AH$50, ISNUMBER(SEARCH($A3,'RR2 Player Stats'!$A$3:$A$50))),0),IFERROR(FILTER('RR3 Player Stats'!AH$3:AH$50"&", ISNUMBER(SEARCH($A3,'RR3 Player Stats'!$A$3:$A$50))),0),IFERROR(FILTER('RR4 Player Stats'!AH$3:AH$50, ISNUMBER(SEARCH($A3,'RR4 Player Stats'!$A$3:$A$50))),0),IFERROR(FILTER('RR5 Player Stats'!AH$3:AH$50, ISNUMBER(SEARCH($A3,'RR5 Player Stats'!$A$3:$A$50"&"))),0))"),3.0) -> 3 | V3: =IFERROR(__xludf.DUMMYFUNCTION("MEDIAN(IFERROR(FILTER('RR1 Player Stats'!AI$3:AI$50, ISNUMBER(SEARCH($A3,'RR1 Player Stats'!$A$3:$A$50))),0),IFERROR(FILTER('RR2 Player Stats'!AI$3:AI$50, ISNUMBER(SEARCH($A3,'RR2 Player Stats'!$A$3:$A$50))),0),IFERROR(FILTER('RR3 Player Stats'!AI$3:AI$50"&", ISNUMBER(SEARCH($A3,'RR3 Player Stats'!$A$3:$A$50))),0),IFERROR(FILTER('RR4 Player Stats'!AI$3:AI$50, ISNUMBER(SEARCH($A3,'RR4 Player Stats'!$A$3:$A$50))),0),IFERROR(FILTER('RR5 Player Stats'!AI$3:AI$50, ISNUMBER(SEARCH($A3,'RR5 Player Stats'!$A$3:$A$50"&"))),0))"),9.0) -> 9 | W3: =IFERROR(__xludf.DUMMYFUNCTION("MEDIAN(IFERROR(FILTER('RR1 Player Stats'!AJ$3:AJ$50, ISNUMBER(SEARCH($A3,'RR1 Player Stats'!$A$3:$A$50))),0),IFERROR(FILTER('RR2 Player Stats'!AJ$3:AJ$50, ISNUMBER(SEARCH($A3,'RR2 Player Stats'!$A$3:$A$50))),0),IFERROR(FILTER('RR3 Player Stats'!AJ$3:AJ$50"&", ISNUMBER(SEARCH($A3,'RR3 Player Stats'!$A$3:$A$50))),0),IFERROR(FILTER('RR4 Player Stats'!AJ$3:AJ$50, ISNUMBER(SEARCH($A3,'RR4 Player Stats'!$A$3:$A$50))),0),IFERROR(FILTER('RR5 Player Stats'!AJ$3:AJ$50, ISNUMBER(SEARCH($A3,'RR5 Player Stats'!$A$3:$A$50"&"))),0))"),6.0) -> 6 | X3: =IFERROR(__xludf.DUMMYFUNCTION("MEDIAN(IFERROR(FILTER('RR1 Player Stats'!AK$3:AK$50, ISNUMBER(SEARCH($A3,'RR1 Player Stats'!$A$3:$A$50))),0),IFERROR(FILTER('RR2 Player Stats'!AK$3:AK$50, ISNUMBER(SEARCH($A3,'RR2 Player Stats'!$A$3:$A$50))),0),IFERROR(FILTER('RR3 Player Stats'!AK$3:AK$50"&", ISNUMBER(SEARCH($A3,'RR3 Player Stats'!$A$3:$A$50))),0),IFERROR(FILTER('RR4 Player Stats'!AK$3:AK$50, ISNUMBER(SEARCH($A3,'RR4 Player Stats'!$A$3:$A$50))),0),IFERROR(FILTER('RR5 Player Stats'!AK$3:AK$50, ISNUMBER(SEARCH($A3,'RR5 Player Stats'!$A$3:$A$50"&"))),0))"),58.0) -> 58 | Y3: =IFERROR(__xludf.DUMMYFUNCTION("MEDIAN(IFERROR(FILTER('RR1 Player Stats'!AL$3:AL$50, ISNUMBER(SEARCH($A3,'RR1 Player Stats'!$A$3:$A$50))),0),IFERROR(FILTER('RR2 Player Stats'!AL$3:AL$50, ISNUMBER(SEARCH($A3,'RR2 Player Stats'!$A$3:$A$50))),0),IFERROR(FILTER('RR3 Player Stats'!AL$3:AL$50"&", ISNUMBER(SEARCH($A3,'RR3 Player Stats'!$A$3:$A$50))),0),IFERROR(FILTER('RR4 Player Stats'!AL$3:AL$50, ISNUMBER(SEARCH($A3,'RR4 Player Stats'!$A$3:$A$50))),0),IFERROR(FILTER('RR5 Player Stats'!AL$3:AL$50, ISNUMBER(SEARCH($A3,'RR5 Player Stats'!$A$3:$A$50"&"))),0))"),34.0) -> 34 | Z3: =IFERROR(__xludf.DUMMYFUNCTION("MEDIAN(IFERROR(FILTER('RR1 Player Stats'!AM$3:AM$50, ISNUMBER(SEARCH($A3,'RR1 Player Stats'!$A$3:$A$50))),0),IFERROR(FILTER('RR2 Player Stats'!AM$3:AM$50, ISNUMBER(SEARCH($A3,'RR2 Player Stats'!$A$3:$A$50))),0),IFERROR(FILTER('RR3 Player Stats'!AM$3:AM$50"&", ISNUMBER(SEARCH($A3,'RR3 Player Stats'!$A$3:$A$50))),0),IFERROR(FILTER('RR4 Player Stats'!AM$3:AM$50, ISNUMBER(SEARCH($A3,'RR4 Player Stats'!$A$3:$A$50))),0),IFERROR(FILTER('RR5 Player Stats'!AM$3:AM$50, ISNUMBER(SEARCH($A3,'RR5 Player Stats'!$A$3:$A$50"&"))),0))"),0.55) -> 0.55
A4: [2.2] Suzuko O | B4: =COUNTIF('RR1 Player Stats'!$A$3:$A$50,$A4)+COUNTIF('RR2 Player Stats'!$A$3:$A$50,$A4)+COUNTIF('RR3 Player Stats'!$A$3:$A$50,$A4)+COUNTIF('RR4 Player Stats'!$A$3:$A$50,$A4)+COUNTIF('RR5 Player Stats'!$A$3:$A$50,$A4) -> 5 | C4: =IFERROR(__xludf.DUMMYFUNCTION("IFERROR(FILTER('RR1 Player Stats'!V$3:V$50, ISNUMBER(SEARCH($A4,'RR1 Player Stats'!$A$3:$A$50))),0) +IFERROR(FILTER('RR2 Player Stats'!V$3:V$50, ISNUMBER(SEARCH($A4,'RR2 Player Stats'!$A$3:$A$50))),0) +IFERROR(FILTER('RR3 Player Stats'!V$3:V$50, ISNUMBER("&"SEARCH($A4,'RR3 Player Stats'!$A$3:$A$50))),0) +IFERROR(FILTER('RR4 Player Stats'!V$3:V$50, ISNUMBER(SEARCH($A4,'RR4 Player Stats'!$A$3:$A$50))),0) +IFERROR(FILTER('RR5 Player Stats'!V$3:V$50, ISNUMBER(SEARCH($A4,'RR5 Player Stats'!$A$3:$A$50))),0)"),12.0) -> 12 | D4: =IFERROR(__xludf.DUMMYFUNCTION("IFERROR(FILTER('RR1 Player Stats'!W$3:W$50, ISNUMBER(SEARCH($A4,'RR1 Player Stats'!$A$3:$A$50))),0) +IFERROR(FILTER('RR2 Player Stats'!W$3:W$50, ISNUMBER(SEARCH($A4,'RR2 Player Stats'!$A$3:$A$50))),0) +IFERROR(FILTER('RR3 Player Stats'!W$3:W$50, ISNUMBER("&"SEARCH($A4,'RR3 Player Stats'!$A$3:$A$50))),0) +IFERROR(FILTER('RR4 Player Stats'!W$3:W$50, ISNUMBER(SEARCH($A4,'RR4 Player Stats'!$A$3:$A$50))),0) +IFERROR(FILTER('RR5 Player Stats'!W$3:W$50, ISNUMBER(SEARCH($A4,'RR5 Player Stats'!$A$3:$A$50))),0)"),27.0) -> 27 | E4: =IFERROR(__xludf.DUMMYFUNCTION("IFERROR(FILTER('RR1 Player Stats'!X$3:X$50, ISNUMBER(SEARCH($A4,'RR1 Player Stats'!$A$3:$A$50))),0) +IFERROR(FILTER('RR2 Player Stats'!X$3:X$50, ISNUMBER(SEARCH($A4,'RR2 Player Stats'!$A$3:$A$50))),0) +IFERROR(FILTER('RR3 Player Stats'!X$3:X$50, ISNUMBER("&"SEARCH($A4,'RR3 Player Stats'!$A$3:$A$50))),0) +IFERROR(FILTER('RR4 Player Stats'!X$3:X$50, ISNUMBER(SEARCH($A4,'RR4 Player Stats'!$A$3:$A$50))),0) +IFERROR(FILTER('RR5 Player Stats'!X$3:X$50, ISNUMBER(SEARCH($A4,'RR5 Player Stats'!$A$3:$A$50))),0)"),6.0) -> 6 | F4: =IFERROR(__xludf.DUMMYFUNCTION("IFERROR(FILTER('RR1 Player Stats'!Y$3:Y$50, ISNUMBER(SEARCH($A4,'RR1 Player Stats'!$A$3:$A$50))),0) +IFERROR(FILTER('RR2 Player Stats'!Y$3:Y$50, ISNUMBER(SEARCH($A4,'RR2 Player Stats'!$A$3:$A$50))),0) +IFERROR(FILTER('RR3 Player Stats'!Y$3:Y$50, ISNUMBER("&"SEARCH($A4,'RR3 Player Stats'!$A$3:$A$50))),0) +IFERROR(FILTER('RR4 Player Stats'!Y$3:Y$50, ISNUMBER(SEARCH($A4,'RR4 Player Stats'!$A$3:$A$50))),0) +IFERROR(FILTER('RR5 Player Stats'!Y$3:Y$50, ISNUMBER(SEARCH($A4,'RR5 Player Stats'!$A$3:$A$50))),0)"),210.0) -> 210 | G4: =IFERROR(__xludf.DUMMYFUNCTION("IFERROR(FILTER('RR1 Player Stats'!Z$3:Z$50, ISNUMBER(SEARCH($A4,'RR1 Player Stats'!$A$3:$A$50))),0) +IFERROR(FILTER('RR2 Player Stats'!Z$3:Z$50, ISNUMBER(SEARCH($A4,'RR2 Player Stats'!$A$3:$A$50))),0) +IFERROR(FILTER('RR3 Player Stats'!Z$3:Z$50, ISNUMBER("&"SEARCH($A4,'RR3 Player Stats'!$A$3:$A$50))),0) +IFERROR(FILTER('RR4 Player Stats'!Z$3:Z$50, ISNUMBER(SEARCH($A4,'RR4 Player Stats'!$A$3:$A$50))),0) +IFERROR(FILTER('RR5 Player Stats'!Z$3:Z$50, ISNUMBER(SEARCH($A4,'RR5 Player Stats'!$A$3:$A$50))),0)"),186.0) -> 186 | H4: =IFERROR(__xludf.DUMMYFUNCTION("(IFERROR(FILTER('RR1 Player Stats'!AA$3:AA$50, ISNUMBER(SEARCH($A4,'RR1 Player Stats'!$A$3:$A$50))),0) +IFERROR(FILTER('RR2 Player Stats'!AA$3:AA$50, ISNUMBER(SEARCH($A4,'RR2 Player Stats'!$A$3:$A$50))),0) +IFERROR(FILTER('RR3 Player Stats'!AA$3:AA$50, IS"&"NUMBER(SEARCH($A4,'RR3 Player Stats'!$A$3:$A$50))),0) +IFERROR(FILTER('RR4 Player Stats'!AA$3:AA$50, ISNUMBER(SEARCH($A4,'RR4 Player Stats'!$A$3:$A$50))),0) +IFERROR(FILTER('RR5 Player Stats'!AA$3:AA$50, ISNUMBER(SEARCH($A4,'RR5 Player Stats'!$A$3:$A$50))"&"),0))/5"),0.6519999999999999) -> 0.652 | I4: =IFERROR(__xludf.DUMMYFUNCTION("IFERROR(FILTER('RR1 Player Stats'!AB$3:AB$50, ISNUMBER(SEARCH($A4,'RR1 Player Stats'!$A$3:$A$50))),0) +IFERROR(FILTER('RR2 Player Stats'!AB$3:AB$50, ISNUMBER(SEARCH($A4,'RR2 Player Stats'!$A$3:$A$50))),0) +IFERROR(FILTER('RR3 Player Stats'!AB$3:AB$50, ISN"&"UMBER(SEARCH($A4,'RR3 Player Stats'!$A$3:$A$50))),0) +IFERROR(FILTER('RR4 Player Stats'!AB$3:AB$50, ISNUMBER(SEARCH($A4,'RR4 Player Stats'!$A$3:$A$50))),0) +IFERROR(FILTER('RR5 Player Stats'!AB$3:AB$50, ISNUMBER(SEARCH($A4,'RR5 Player Stats'!$A$3:$A$50)))"&",0)"),10.0) -> 10 | J4: =IFERROR(__xludf.DUMMYFUNCTION("IFERROR(FILTER('RR1 Player Stats'!AC$3:AC$50, ISNUMBER(SEARCH($A4,'RR1 Player Stats'!$A$3:$A$50))),0) +IFERROR(FILTER('RR2 Player Stats'!AC$3:AC$50, ISNUMBER(SEARCH($A4,'RR2 Player Stats'!$A$3:$A$50))),0) +IFERROR(FILTER('RR3 Player Stats'!AC$3:AC$50, ISN"&"UMBER(SEARCH($A4,'RR3 Player Stats'!$A$3:$A$50))),0) +IFERROR(FILTER('RR4 Player Stats'!AC$3:AC$50, ISNUMBER(SEARCH($A4,'RR4 Player Stats'!$A$3:$A$50))),0) +IFERROR(FILTER('RR5 Player Stats'!AC$3:AC$50, ISNUMBER(SEARCH($A4,'RR5 Player Stats'!$A$3:$A$50)))"&",0)"),10.0) -> 10 | K4: =IFERROR(__xludf.DUMMYFUNCTION("IFERROR(FILTER('RR1 Player Stats'!AD$3:AD$50, ISNUMBER(SEARCH($A4,'RR1 Player Stats'!$A$3:$A$50))),0) +IFERROR(FILTER('RR2 Player Stats'!AD$3:AD$50, ISNUMBER(SEARCH($A4,'RR2 Player Stats'!$A$3:$A$50))),0) +IFERROR(FILTER('RR3 Player Stats'!AD$3:AD$50, ISN"&"UMBER(SEARCH($A4,'RR3 Player Stats'!$A$3:$A$50))),0) +IFERROR(FILTER('RR4 Player Stats'!AD$3:AD$50, ISNUMBER(SEARCH($A4,'RR4 Player Stats'!$A$3:$A$50))),0) +IFERROR(FILTER('RR5 Player Stats'!AD$3:AD$50, ISNUMBER(SEARCH($A4,'RR5 Player Stats'!$A$3:$A$50)))"&",0)"),6.0) -> 6 | L4: =IFERROR(__xludf.DUMMYFUNCTION("IFERROR(FILTER('RR1 Player Stats'!AE$3:AE$50, ISNUMBER(SEARCH($A4,'RR1 Player Stats'!$A$3:$A$50))),0) +IFERROR(FILTER('RR2 Player Stats'!AE$3:AE$50, ISNUMBER(SEARCH($A4,'RR2 Player Stats'!$A$3:$A$50))),0) +IFERROR(FILTER('RR3 Player Stats'!AE$3:AE$50, ISN"&"UMBER(SEARCH($A4,'RR3 Player Stats'!$A$3:$A$50))),0) +IFERROR(FILTER('RR4 Player Stats'!AE$3:AE$50, ISNUMBER(SEARCH($A4,'RR4 Player Stats'!$A$3:$A$50))),0) +IFERROR(FILTER('RR5 Player Stats'!AE$3:AE$50, ISNUMBER(SEARCH($A4,'RR5 Player Stats'!$A$3:$A$50)))"&",0)"),100.0) -> 100 | M4: =IFERROR(__xludf.DUMMYFUNCTION("IFERROR(FILTER('RR1 Player Stats'!AF$3:AF$50, ISNUMBER(SEARCH($A4,'RR1 Player Stats'!$A$3:$A$50))),0) +IFERROR(FILTER('RR2 Player Stats'!AF$3:AF$50, ISNUMBER(SEARCH($A4,'RR2 Player Stats'!$A$3:$A$50))),0) +IFERROR(FILTER('RR3 Player Stats'!AF$3:AF$50, ISN"&"UMBER(SEARCH($A4,'RR3 Player Stats'!$A$3:$A$50))),0) +IFERROR(FILTER('RR4 Player Stats'!AF$3:AF$50, ISNUMBER(SEARCH($A4,'RR4 Player Stats'!$A$3:$A$50))),0) +IFERROR(FILTER('RR5 Player Stats'!AF$3:AF$50, ISNUMBER(SEARCH($A4,'RR5 Player Stats'!$A$3:$A$50)))"&",0)"),76.0) -> 76 | N4: =IFERROR(__xludf.DUMMYFUNCTION("(IFERROR(FILTER('RR1 Player Stats'!AG$3:AG$50, ISNUMBER(SEARCH($A4,'RR1 Player Stats'!$A$3:$A$50))),0) +IFERROR(FILTER('RR2 Player Stats'!AG$3:AG$50, ISNUMBER(SEARCH($A4,'RR2 Player Stats'!$A$3:$A$50))),0) +IFERROR(FILTER('RR3 Player Stats'!AG$3:AG$50, IS"&"NUMBER(SEARCH($A4,'RR3 Player Stats'!$A$3:$A$50))),0) +IFERROR(FILTER('RR4 Player Stats'!AG$3:AG$50, ISNUMBER(SEARCH($A4,'RR4 Player Stats'!$A$3:$A$50))),0) +IFERROR(FILTER('RR5 Player Stats'!AG$3:AG$50, ISNUMBER(SEARCH($A4,'RR5 Player Stats'!$A$3:$A$50))"&"),0))/5"),0.504) -> 0.504 | O4: =IFERROR(__xludf.DUMMYFUNCTION("IFERROR(FILTER('RR1 Player Stats'!AH$3:AH$50, ISNUMBER(SEARCH($A4,'RR1 Player Stats'!$A$3:$A$50))),0) +IFERROR(FILTER('RR2 Player Stats'!AH$3:AH$50, ISNUMBER(SEARCH($A4,'RR2 Player Stats'!$A$3:$A$50))),0) +IFERROR(FILTER('RR3 Player Stats'!AH$3:AH$50, ISN"&"UMBER(SEARCH($A4,'RR3 Player Stats'!$A$3:$A$50))),0) +IFERROR(FILTER('RR4 Player Stats'!AH$3:AH$50, ISNUMBER(SEARCH($A4,'RR4 Player Stats'!$A$3:$A$50))),0) +IFERROR(FILTER('RR5 Player Stats'!AH$3:AH$50, ISNUMBER(SEARCH($A4,'RR5 Player Stats'!$A$3:$A$50)))"&",0)"),22.0) -> 22 | P4: =IFERROR(__xludf.DUMMYFUNCTION("IFERROR(FILTER('RR1 Player Stats'!AI$3:AI$50, ISNUMBER(SEARCH($A4,'RR1 Player Stats'!$A$3:$A$50))),0) +IFERROR(FILTER('RR2 Player Stats'!AI$3:AI$50, ISNUMBER(SEARCH($A4,'RR2 Player Stats'!$A$3:$A$50))),0) +IFERROR(FILTER('RR3 Player Stats'!AI$3:AI$50, ISN"&"UMBER(SEARCH($A4,'RR3 Player Stats'!$A$3:$A$50))),0) +IFERROR(FILTER('RR4 Player Stats'!AI$3:AI$50, ISNUMBER(SEARCH($A4,'RR4 Player Stats'!$A$3:$A$50))),0) +IFERROR(FILTER('RR5 Player Stats'!AI$3:AI$50, ISNUMBER(SEARCH($A4,'RR5 Player Stats'!$A$3:$A$50)))"&",0)"),37.0) -> 37 | Q4: =IFERROR(__xludf.DUMMYFUNCTION("IFERROR(FILTER('RR1 Player Stats'!AJ$3:AJ$50, ISNUMBER(SEARCH($A4,'RR1 Player Stats'!$A$3:$A$50))),0) +IFERROR(FILTER('RR2 Player Stats'!AJ$3:AJ$50, ISNUMBER(SEARCH($A4,'RR2 Player Stats'!$A$3:$A$50))),0) +IFERROR(FILTER('RR3 Player Stats'!AJ$3:AJ$50, ISN"&"UMBER(SEARCH($A4,'RR3 Player Stats'!$A$3:$A$50))),0) +IFERROR(FILTER('RR4 Player Stats'!AJ$3:AJ$50, ISNUMBER(SEARCH($A4,'RR4 Player Stats'!$A$3:$A$50))),0) +IFERROR(FILTER('RR5 Player Stats'!AJ$3:AJ$50, ISNUMBER(SEARCH($A4,'RR5 Player Stats'!$A$3:$A$50)))"&",0)"),12.0) -> 12 | R4: =IFERROR(__xludf.DUMMYFUNCTION("IFERROR(FILTER('RR1 Player Stats'!AK$3:AK$50, ISNUMBER(SEARCH($A4,'RR1 Player Stats'!$A$3:$A$50))),0) +IFERROR(FILTER('RR2 Player Stats'!AK$3:AK$50, ISNUMBER(SEARCH($A4,'RR2 Player Stats'!$A$3:$A$50))),0) +IFERROR(FILTER('RR3 Player Stats'!AK$3:AK$50, ISN"&"UMBER(SEARCH($A4,'RR3 Player Stats'!$A$3:$A$50))),0) +IFERROR(FILTER('RR4 Player Stats'!AK$3:AK$50, ISNUMBER(SEARCH($A4,'RR4 Player Stats'!$A$3:$A$50))),0) +IFERROR(FILTER('RR5 Player Stats'!AK$3:AK$50, ISNUMBER(SEARCH($A4,'RR5 Player Stats'!$A$3:$A$50)))"&",0)"),310.0) -> 310 | S4: =IFERROR(__xludf.DUMMYFUNCTION("IFERROR(FILTER('RR1 Player Stats'!AL$3:AL$50, ISNUMBER(SEARCH($A4,'RR1 Player Stats'!$A$3:$A$50))),0) +IFERROR(FILTER('RR2 Player Stats'!AL$3:AL$50, ISNUMBER(SEARCH($A4,'RR2 Player Stats'!$A$3:$A$50))),0) +IFERROR(FILTER('RR3 Player Stats'!AL$3:AL$50, ISN"&"UMBER(SEARCH($A4,'RR3 Player Stats'!$A$3:$A$50))),0) +IFERROR(FILTER('RR4 Player Stats'!AL$3:AL$50, ISNUMBER(SEARCH($A4,'RR4 Player Stats'!$A$3:$A$50))),0) +IFERROR(FILTER('RR5 Player Stats'!AL$3:AL$50, ISNUMBER(SEARCH($A4,'RR5 Player Stats'!$A$3:$A$50)))"&",0)"),262.0) -> 262 | T4: =IFERROR(__xludf.DUMMYFUNCTION("(IFERROR(FILTER('RR1 Player Stats'!AM$3:AM$50, ISNUMBER(SEARCH($A4,'RR1 Player Stats'!$A$3:$A$50))),0) +IFERROR(FILTER('RR2 Player Stats'!AM$3:AM$50, ISNUMBER(SEARCH($A4,'RR2 Player Stats'!$A$3:$A$50))),0) +IFERROR(FILTER('RR3 Player Stats'!AM$3:AM$50, IS"&"NUMBER(SEARCH($A4,'RR3 Player Stats'!$A$3:$A$50))),0) +IFERROR(FILTER('RR4 Player Stats'!AM$3:AM$50, ISNUMBER(SEARCH($A4,'RR4 Player Stats'!$A$3:$A$50))),0) +IFERROR(FILTER('RR5 Player Stats'!AM$3:AM$50, ISNUMBER(SEARCH($A4,'RR5 Player Stats'!$A$3:$A$50))"&"),0))/B4"),0.5900000000000001) -> 0.59 | U4: =IFERROR(__xludf.DUMMYFUNCTION("MEDIAN(IFERROR(FILTER('RR1 Player Stats'!AH$3:AH$50, ISNUMBER(SEARCH($A4,'RR1 Player Stats'!$A$3:$A$50))),0),IFERROR(FILTER('RR2 Player Stats'!AH$3:AH$50, ISNUMBER(SEARCH($A4,'RR2 Player Stats'!$A$3:$A$50))),0),IFERROR(FILTER('RR3 Player Stats'!AH$3:AH$50"&", ISNUMBER(SEARCH($A4,'RR3 Player Stats'!$A$3:$A$50))),0),IFERROR(FILTER('RR4 Player Stats'!AH$3:AH$50, ISNUMBER(SEARCH($A4,'RR4 Player Stats'!$A$3:$A$50))),0),IFERROR(FILTER('RR5 Player Stats'!AH$3:AH$50, ISNUMBER(SEARCH($A4,'RR5 Player Stats'!$A$3:$A$50"&"))),0))"),5.0) -> 5 | V4: =IFERROR(__xludf.DUMMYFUNCTION("MEDIAN(IFERROR(FILTER('RR1 Player Stats'!AI$3:AI$50, ISNUMBER(SEARCH($A4,'RR1 Player Stats'!$A$3:$A$50))),0),IFERROR(FILTER('RR2 Player Stats'!AI$3:AI$50, ISNUMBER(SEARCH($A4,'RR2 Player Stats'!$A$3:$A$50))),0),IFERROR(FILTER('RR3 Player Stats'!AI$3:AI$50"&", ISNUMBER(SEARCH($A4,'RR3 Player Stats'!$A$3:$A$50))),0),IFERROR(FILTER('RR4 Player Stats'!AI$3:AI$50, ISNUMBER(SEARCH($A4,'RR4 Player Stats'!$A$3:$A$50))),0),IFERROR(FILTER('RR5 Player Stats'!AI$3:AI$50, ISNUMBER(SEARCH($A4,'RR5 Player Stats'!$A$3:$A$50"&"))),0))"),7.0) -> 7 | W4: =IFERROR(__xludf.DUMMYFUNCTION("MEDIAN(IFERROR(FILTER('RR1 Player Stats'!AJ$3:AJ$50, ISNUMBER(SEARCH($A4,'RR1 Player Stats'!$A$3:$A$50))),0),IFERROR(FILTER('RR2 Player Stats'!AJ$3:AJ$50, ISNUMBER(SEARCH($A4,'RR2 Player Stats'!$A$3:$A$50))),0),IFERROR(FILTER('RR3 Player Stats'!AJ$3:AJ$50"&", ISNUMBER(SEARCH($A4,'RR3 Player Stats'!$A$3:$A$50))),0),IFERROR(FILTER('RR4 Player Stats'!AJ$3:AJ$50, ISNUMBER(SEARCH($A4,'RR4 Player Stats'!$A$3:$A$50))),0),IFERROR(FILTER('RR5 Player Stats'!AJ$3:AJ$50, ISNUMBER(SEARCH($A4,'RR5 Player Stats'!$A$3:$A$50"&"))),0))"),2.0) -> 2 | X4: =IFERROR(__xludf.DUMMYFUNCTION("MEDIAN(IFERROR(FILTER('RR1 Player Stats'!AK$3:AK$50, ISNUMBER(SEARCH($A4,'RR1 Player Stats'!$A$3:$A$50))),0),IFERROR(FILTER('RR2 Player Stats'!AK$3:AK$50, ISNUMBER(SEARCH($A4,'RR2 Player Stats'!$A$3:$A$50))),0),IFERROR(FILTER('RR3 Player Stats'!AK$3:AK$50"&", ISNUMBER(SEARCH($A4,'RR3 Player Stats'!$A$3:$A$50))),0),IFERROR(FILTER('RR4 Player Stats'!AK$3:AK$50, ISNUMBER(SEARCH($A4,'RR4 Player Stats'!$A$3:$A$50))),0),IFERROR(FILTER('RR5 Player Stats'!AK$3:AK$50, ISNUMBER(SEARCH($A4,'RR5 Player Stats'!$A$3:$A$50"&"))),0))"),66.0) -> 66 | Y4: =IFERROR(__xludf.DUMMYFUNCTION("MEDIAN(IFERROR(FILTER('RR1 Player Stats'!AL$3:AL$50, ISNUMBER(SEARCH($A4,'RR1 Player Stats'!$A$3:$A$50))),0),IFERROR(FILTER('RR2 Player Stats'!AL$3:AL$50, ISNUMBER(SEARCH($A4,'RR2 Player Stats'!$A$3:$A$50))),0),IFERROR(FILTER('RR3 Player Stats'!AL$3:AL$50"&", ISNUMBER(SEARCH($A4,'RR3 Player Stats'!$A$3:$A$50))),0),IFERROR(FILTER('RR4 Player Stats'!AL$3:AL$50, ISNUMBER(SEARCH($A4,'RR4 Player Stats'!$A$3:$A$50))),0),IFERROR(FILTER('RR5 Player Stats'!AL$3:AL$50, ISNUMBER(SEARCH($A4,'RR5 Player Stats'!$A$3:$A$50"&"))),0))"),58.0) -> 58 | Z4: =IFERROR(__xludf.DUMMYFUNCTION("MEDIAN(IFERROR(FILTER('RR1 Player Stats'!AM$3:AM$50, ISNUMBER(SEARCH($A4,'RR1 Player Stats'!$A$3:$A$50))),0),IFERROR(FILTER('RR2 Player Stats'!AM$3:AM$50, ISNUMBER(SEARCH($A4,'RR2 Player Stats'!$A$3:$A$50))),0),IFERROR(FILTER('RR3 Player Stats'!AM$3:AM$50"&", ISNUMBER(SEARCH($A4,'RR3 Player Stats'!$A$3:$A$50))),0),IFERROR(FILTER('RR4 Player Stats'!AM$3:AM$50, ISNUMBER(SEARCH($A4,'RR4 Player Stats'!$A$3:$A$50))),0),IFERROR(FILTER('RR5 Player Stats'!AM$3:AM$50, ISNUMBER(SEARCH($A4,'RR5 Player Stats'!$A$3:$A$50"&"))),0))"),0.65) -> 0.65
A5: [7.5] Kensuke O | B5: =COUNTIF('RR1 Player Stats'!$A$3:$A$50,$A5)+COUNTIF('RR2 Player Stats'!$A$3:$A$50,$A5)+COUNTIF('RR3 Player Stats'!$A$3:$A$50,$A5)+COUNTIF('RR4 Player Stats'!$A$3:$A$50,$A5)+COUNTIF('RR5 Player Stats'!$A$3:$A$50,$A5) -> 5 | C5: =IFERROR(__xludf.DUMMYFUNCTION("IFERROR(FILTER('RR1 Player Stats'!V$3:V$50, ISNUMBER(SEARCH($A5,'RR1 Player Stats'!$A$3:$A$50))),0) +IFERROR(FILTER('RR2 Player Stats'!V$3:V$50, ISNUMBER(SEARCH($A5,'RR2 Player Stats'!$A$3:$A$50))),0) +IFERROR(FILTER('RR3 Player Stats'!V$3:V$50, ISNUMBER("&"SEARCH($A5,'RR3 Player Stats'!$A$3:$A$50))),0) +IFERROR(FILTER('RR4 Player Stats'!V$3:V$50, ISNUMBER(SEARCH($A5,'RR4 Player Stats'!$A$3:$A$50))),0) +IFERROR(FILTER('RR5 Player Stats'!V$3:V$50, ISNUMBER(SEARCH($A5,'RR5 Player Stats'!$A$3:$A$50))),0)"),21.0) -> 21 | D5: =IFERROR(__xludf.DUMMYFUNCTION("IFERROR(FILTER('RR1 Player Stats'!W$3:W$50, ISNUMBER(SEARCH($A5,'RR1 Player Stats'!$A$3:$A$50))),0) +IFERROR(FILTER('RR2 Player Stats'!W$3:W$50, ISNUMBER(SEARCH($A5,'RR2 Player Stats'!$A$3:$A$50))),0) +IFERROR(FILTER('RR3 Player Stats'!W$3:W$50, ISNUMBER("&"SEARCH($A5,'RR3 Player Stats'!$A$3:$A$50))),0) +IFERROR(FILTER('RR4 Player Stats'!W$3:W$50, ISNUMBER(SEARCH($A5,'RR4 Player Stats'!$A$3:$A$50))),0) +IFERROR(FILTER('RR5 Player Stats'!W$3:W$50, ISNUMBER(SEARCH($A5,'RR5 Player Stats'!$A$3:$A$50))),0)"),18.0) -> 18 | E5: =IFERROR(__xludf.DUMMYFUNCTION("IFERROR(FILTER('RR1 Player Stats'!X$3:X$50, ISNUMBER(SEARCH($A5,'RR1 Player Stats'!$A$3:$A$50))),0) +IFERROR(FILTER('RR2 Player Stats'!X$3:X$50, ISNUMBER(SEARCH($A5,'RR2 Player Stats'!$A$3:$A$50))),0) +IFERROR(FILTER('RR3 Player Stats'!X$3:X$50, ISNUMBER("&"SEARCH($A5,'RR3 Player Stats'!$A$3:$A$50))),0) +IFERROR(FILTER('RR4 Player Stats'!X$3:X$50, ISNUMBER(SEARCH($A5,'RR4 Player Stats'!$A$3:$A$50))),0) +IFERROR(FILTER('RR5 Player Stats'!X$3:X$50, ISNUMBER(SEARCH($A5,'RR5 Player Stats'!$A$3:$A$50))),0)"),4.0) -> 4 | F5: =IFERROR(__xludf.DUMMYFUNCTION("IFERROR(FILTER('RR1 Player Stats'!Y$3:Y$50, ISNUMBER(SEARCH($A5,'RR1 Player Stats'!$A$3:$A$50))),0) +IFERROR(FILTER('RR2 Player Stats'!Y$3:Y$50, ISNUMBER(SEARCH($A5,'RR2 Player Stats'!$A$3:$A$50))),0) +IFERROR(FILTER('RR3 Player Stats'!Y$3:Y$50, ISNUMBER("&"SEARCH($A5,'RR3 Player Stats'!$A$3:$A$50))),0) +IFERROR(FILTER('RR4 Player Stats'!Y$3:Y$50, ISNUMBER(SEARCH($A5,'RR4 Player Stats'!$A$3:$A$50))),0) +IFERROR(FILTER('RR5 Player Stats'!Y$3:Y$50, ISNUMBER(SEARCH($A5,'RR5 Player Stats'!$A$3:$A$50))),0)"),192.0) -> 192 | G5: =IFERROR(__xludf.DUMMYFUNCTION("IFERROR(FILTER('RR1 Player Stats'!Z$3:Z$50, ISNUMBER(SEARCH($A5,'RR1 Player Stats'!$A$3:$A$50))),0) +IFERROR(FILTER('RR2 Player Stats'!Z$3:Z$50, ISNUMBER(SEARCH($A5,'RR2 Player Stats'!$A$3:$A$50))),0) +IFERROR(FILTER('RR3 Player Stats'!Z$3:Z$50, ISNUMBER("&"SEARCH($A5,'RR3 Player Stats'!$A$3:$A$50))),0) +IFERROR(FILTER('RR4 Player Stats'!Z$3:Z$50, ISNUMBER(SEARCH($A5,'RR4 Player Stats'!$A$3:$A$50))),0) +IFERROR(FILTER('RR5 Player Stats'!Z$3:Z$50, ISNUMBER(SEARCH($A5,'RR5 Player Stats'!$A$3:$A$50))),0)"),176.0) -> 176 | H5: =IFERROR(__xludf.DUMMYFUNCTION("(IFERROR(FILTER('RR1 Player Stats'!AA$3:AA$50, ISNUMBER(SEARCH($A5,'RR1 Player Stats'!$A$3:$A$50))),0) +IFERROR(FILTER('RR2 Player Stats'!AA$3:AA$50, ISNUMBER(SEARCH($A5,'RR2 Player Stats'!$A$3:$A$50))),0) +IFERROR(FILTER('RR3 Player Stats'!AA$3:AA$50, IS"&"NUMBER(SEARCH($A5,'RR3 Player Stats'!$A$3:$A$50))),0) +IFERROR(FILTER('RR4 Player Stats'!AA$3:AA$50, ISNUMBER(SEARCH($A5,'RR4 Player Stats'!$A$3:$A$50))),0) +IFERROR(FILTER('RR5 Player Stats'!AA$3:AA$50, ISNUMBER(SEARCH($A5,'RR5 Player Stats'!$A$3:$A$50))"&"),0))/5"),0.6519999999999999) -> 0.652 | I5: =IFERROR(__xludf.DUMMYFUNCTION("IFERROR(FILTER('RR1 Player Stats'!AB$3:AB$50, ISNUMBER(SEARCH($A5,'RR1 Player Stats'!$A$3:$A$50))),0) +IFERROR(FILTER('RR2 Player Stats'!AB$3:AB$50, ISNUMBER(SEARCH($A5,'RR2 Player Stats'!$A$3:$A$50))),0) +IFERROR(FILTER('RR3 Player Stats'!AB$3:AB$50, ISN"&"UMBER(SEARCH($A5,'RR3 Player Stats'!$A$3:$A$50))),0) +IFERROR(FILTER('RR4 Player Stats'!AB$3:AB$50, ISNUMBER(SEARCH($A5,'RR4 Player Stats'!$A$3:$A$50))),0) +IFERROR(FILTER('RR5 Player Stats'!AB$3:AB$50, ISNUMBER(SEARCH($A5,'RR5 Player Stats'!$A$3:$A$50)))"&",0)"),10.0) -> 10 | J5: =IFERROR(__xludf.DUMMYFUNCTION("IFERROR(FILTER('RR1 Player Stats'!AC$3:AC$50, ISNUMBER(SEARCH($A5,'RR1 Player Stats'!$A$3:$A$50))),0) +IFERROR(FILTER('RR2 Player Stats'!AC$3:AC$50, ISNUMBER(SEARCH($A5,'RR2 Player Stats'!$A$3:$A$50))),0) +IFERROR(FILTER('RR3 Player Stats'!AC$3:AC$50, ISN"&"UMBER(SEARCH($A5,'RR3 Player Stats'!$A$3:$A$50))),0) +IFERROR(FILTER('RR4 Player Stats'!AC$3:AC$50, ISNUMBER(SEARCH($A5,'RR4 Player Stats'!$A$3:$A$50))),0) +IFERROR(FILTER('RR5 Player Stats'!AC$3:AC$50, ISNUMBER(SEARCH($A5,'RR5 Player Stats'!$A$3:$A$50)))"&",0)"),10.0) -> 10 | K5: =IFERROR(__xludf.DUMMYFUNCTION("IFERROR(FILTER('RR1 Player Stats'!AD$3:AD$50, ISNUMBER(SEARCH($A5,'RR1 Player Stats'!$A$3:$A$50))),0) +IFERROR(FILTER('RR2 Player Stats'!AD$3:AD$50, ISNUMBER(SEARCH($A5,'RR2 Player Stats'!$A$3:$A$50))),0) +IFERROR(FILTER('RR3 Player Stats'!AD$3:AD$50, ISN"&"UMBER(SEARCH($A5,'RR3 Player Stats'!$A$3:$A$50))),0) +IFERROR(FILTER('RR4 Player Stats'!AD$3:AD$50, ISNUMBER(SEARCH($A5,'RR4 Player Stats'!$A$3:$A$50))),0) +IFERROR(FILTER('RR5 Player Stats'!AD$3:AD$50, ISNUMBER(SEARCH($A5,'RR5 Player Stats'!$A$3:$A$50)))"&",0)"),1.0) -> 1 | L5: =IFERROR(__xludf.DUMMYFUNCTION("IFERROR(FILTER('RR1 Player Stats'!AE$3:AE$50, ISNUMBER(SEARCH($A5,'RR1 Player Stats'!$A$3:$A$50))),0) +IFERROR(FILTER('RR2 Player Stats'!AE$3:AE$50, ISNUMBER(SEARCH($A5,'RR2 Player Stats'!$A$3:$A$50))),0) +IFERROR(FILTER('RR3 Player Stats'!AE$3:AE$50, ISN"&"UMBER(SEARCH($A5,'RR3 Player Stats'!$A$3:$A$50))),0) +IFERROR(FILTER('RR4 Player Stats'!AE$3:AE$50, ISNUMBER(SEARCH($A5,'RR4 Player Stats'!$A$3:$A$50))),0) +IFERROR(FILTER('RR5 Player Stats'!AE$3:AE$50, ISNUMBER(SEARCH($A5,'RR5 Player Stats'!$A$3:$A$50)))"&",0)"),100.0) -> 100 | M5: =IFERROR(__xludf.DUMMYFUNCTION("IFERROR(FILTER('RR1 Player Stats'!AF$3:AF$50, ISNUMBER(SEARCH($A5,'RR1 Player Stats'!$A$3:$A$50))),0) +IFERROR(FILTER('RR2 Player Stats'!AF$3:AF$50, ISNUMBER(SEARCH($A5,'RR2 Player Stats'!$A$3:$A$50))),0) +IFERROR(FILTER('RR3 Player Stats'!AF$3:AF$50, ISN"&"UMBER(SEARCH($A5,'RR3 Player Stats'!$A$3:$A$50))),0) +IFERROR(FILTER('RR4 Player Stats'!AF$3:AF$50, ISNUMBER(SEARCH($A5,'RR4 Player Stats'!$A$3:$A$50))),0) +IFERROR(FILTER('RR5 Player Stats'!AF$3:AF$50, ISNUMBER(SEARCH($A5,'RR5 Player Stats'!$A$3:$A$50)))"&",0)"),96.0) -> 96 | N5: =IFERROR(__xludf.DUMMYFUNCTION("(IFERROR(FILTER('RR1 Player Stats'!AG$3:AG$50, ISNUMBER(SEARCH($A5,'RR1 Player Stats'!$A$3:$A$50))),0) +IFERROR(FILTER('RR2 Player Stats'!AG$3:AG$50, ISNUMBER(SEARCH($A5,'RR2 Player Stats'!$A$3:$A$50))),0) +IFERROR(FILTER('RR3 Player Stats'!AG$3:AG$50, IS"&"NUMBER(SEARCH($A5,'RR3 Player Stats'!$A$3:$A$50))),0) +IFERROR(FILTER('RR4 Player Stats'!AG$3:AG$50, ISNUMBER(SEARCH($A5,'RR4 Player Stats'!$A$3:$A$50))),0) +IFERROR(FILTER('RR5 Player Stats'!AG$3:AG$50, ISNUMBER(SEARCH($A5,'RR5 Player Stats'!$A$3:$A$50))"&"),0))/5"),0.502) -> 0.502 | O5: =IFERROR(__xludf.DUMMYFUNCTION("IFERROR(FILTER('RR1 Player Stats'!AH$3:AH$50, ISNUMBER(SEARCH($A5,'RR1 Player Stats'!$A$3:$A$50))),0) +IFERROR(FILTER('RR2 Player Stats'!AH$3:AH$50, ISNUMBER(SEARCH($A5,'RR2 Player Stats'!$A$3:$A$50))),0) +IFERROR(FILTER('RR3 Player Stats'!AH$3:AH$50, ISN"&"UMBER(SEARCH($A5,'RR3 Player Stats'!$A$3:$A$50))),0) +IFERROR(FILTER('RR4 Player Stats'!AH$3:AH$50, ISNUMBER(SEARCH($A5,'RR4 Player Stats'!$A$3:$A$50))),0) +IFERROR(FILTER('RR5 Player Stats'!AH$3:AH$50, ISNUMBER(SEARCH($A5,'RR5 Player Stats'!$A$3:$A$50)))"&",0)"),31.0) -> 31 | P5: =IFERROR(__xludf.DUMMYFUNCTION("IFERROR(FILTER('RR1 Player Stats'!AI$3:AI$50, ISNUMBER(SEARCH($A5,'RR1 Player Stats'!$A$3:$A$50))),0) +IFERROR(FILTER('RR2 Player Stats'!AI$3:AI$50, ISNUMBER(SEARCH($A5,'RR2 Player Stats'!$A$3:$A$50))),0) +IFERROR(FILTER('RR3 Player Stats'!AI$3:AI$50, ISN"&"UMBER(SEARCH($A5,'RR3 Player Stats'!$A$3:$A$50))),0) +IFERROR(FILTER('RR4 Player Stats'!AI$3:AI$50, ISNUMBER(SEARCH($A5,'RR4 Player Stats'!$A$3:$A$50))),0) +IFERROR(FILTER('RR5 Player Stats'!AI$3:AI$50, ISNUMBER(SEARCH($A5,'RR5 Player Stats'!$A$3:$A$50)))"&",0)"),28.0) -> 28 | Q5: =IFERROR(__xludf.DUMMYFUNCTION("IFERROR(FILTER('RR1 Player Stats'!AJ$3:AJ$50, ISNUMBER(SEARCH($A5,'RR1 Player Stats'!$A$3:$A$50))),0) +IFERROR(FILTER('RR2 Player Stats'!AJ$3:AJ$50, ISNUMBER(SEARCH($A5,'RR2 Player Stats'!$A$3:$A$50))),0) +IFERROR(FILTER('RR3 Player Stats'!AJ$3:AJ$50, ISN"&"UMBER(SEARCH($A5,'RR3 Player Stats'!$A$3:$A$50))),0) +IFERROR(FILTER('RR4 Player Stats'!AJ$3:AJ$50, ISNUMBER(SEARCH($A5,'RR4 Player Stats'!$A$3:$A$50))),0) +IFERROR(FILTER('RR5 Player Stats'!AJ$3:AJ$50, ISNUMBER(SEARCH($A5,'RR5 Player Stats'!$A$3:$A$50)))"&",0)"),5.0) -> 5 | R5: =IFERROR(__xludf.DUMMYFUNCTION("IFERROR(FILTER('RR1 Player Stats'!AK$3:AK$50, ISNUMBER(SEARCH($A5,'RR1 Player Stats'!$A$3:$A$50))),0) +IFERROR(FILTER('RR2 Player Stats'!AK$3:AK$50, ISNUMBER(SEARCH($A5,'RR2 Player Stats'!$A$3:$A$50))),0) +IFERROR(FILTER('RR3 Player Stats'!AK$3:AK$50, ISN"&"UMBER(SEARCH($A5,'RR3 Player Stats'!$A$3:$A$50))),0) +IFERROR(FILTER('RR4 Player Stats'!AK$3:AK$50, ISNUMBER(SEARCH($A5,'RR4 Player Stats'!$A$3:$A$50))),0) +IFERROR(FILTER('RR5 Player Stats'!AK$3:AK$50, ISNUMBER(SEARCH($A5,'RR5 Player Stats'!$A$3:$A$50)))"&",0)"),292.0) -> 292 | S5: =IFERROR(__xludf.DUMMYFUNCTION("IFERROR(FILTER('RR1 Player Stats'!AL$3:AL$50, ISNUMBER(SEARCH($A5,'RR1 Player Stats'!$A$3:$A$50))),0) +IFERROR(FILTER('RR2 Player Stats'!AL$3:AL$50, ISNUMBER(SEARCH($A5,'RR2 Player Stats'!$A$3:$A$50))),0) +IFERROR(FILTER('RR3 Player Stats'!AL$3:AL$50, ISN"&"UMBER(SEARCH($A5,'RR3 Player Stats'!$A$3:$A$50))),0) +IFERROR(FILTER('RR4 Player Stats'!AL$3:AL$50, ISNUMBER(SEARCH($A5,'RR4 Player Stats'!$A$3:$A$50))),0) +IFERROR(FILTER('RR5 Player Stats'!AL$3:AL$50, ISNUMBER(SEARCH($A5,'RR5 Player Stats'!$A$3:$A$50)))"&",0)"),272.0) -> 272 | T5: =IFERROR(__xludf.DUMMYFUNCTION("(IFERROR(FILTER('RR1 Player Stats'!AM$3:AM$50, ISNUMBER(SEARCH($A5,'RR1 Player Stats'!$A$3:$A$50))),0) +IFERROR(FILTER('RR2 Player Stats'!AM$3:AM$50, ISNUMBER(SEARCH($A5,'RR2 Player Stats'!$A$3:$A$50))),0) +IFERROR(FILTER('RR3 Player Stats'!AM$3:AM$50, IS"&"NUMBER(SEARCH($A5,'RR3 Player Stats'!$A$3:$A$50))),0) +IFERROR(FILTER('RR4 Player Stats'!AM$3:AM$50, ISNUMBER(SEARCH($A5,'RR4 Player Stats'!$A$3:$A$50))),0) +IFERROR(FILTER('RR5 Player Stats'!AM$3:AM$50, ISNUMBER(SEARCH($A5,'RR5 Player Stats'!$A$3:$A$50))"&"),0))/B5"),0.59) -> 0.59 | U5: =IFERROR(__xludf.DUMMYFUNCTION("MEDIAN(IFERROR(FILTER('RR1 Player Stats'!AH$3:AH$50, ISNUMBER(SEARCH($A5,'RR1 Player Stats'!$A$3:$A$50))),0),IFERROR(FILTER('RR2 Player Stats'!AH$3:AH$50, ISNUMBER(SEARCH($A5,'RR2 Player Stats'!$A$3:$A$50))),0),IFERROR(FILTER('RR3 Player Stats'!AH$3:AH$50"&", ISNUMBER(SEARCH($A5,'RR3 Player Stats'!$A$3:$A$50))),0),IFERROR(FILTER('RR4 Player Stats'!AH$3:AH$50, ISNUMBER(SEARCH($A5,'RR4 Player Stats'!$A$3:$A$50))),0),IFERROR(FILTER('RR5 Player Stats'!AH$3:AH$50, ISNUMBER(SEARCH($A5,'RR5 Player Stats'!$A$3:$A$50"&"))),0))"),4.0) -> 4 | V5: =IFERROR(__xludf.DUMMYFUNCTION("MEDIAN(IFERROR(FILTER('RR1 Player Stats'!AI$3:AI$50, ISNUMBER(SEARCH($A5,'RR1 Player Stats'!$A$3:$A$50))),0),IFERROR(FILTER('RR2 Player Stats'!AI$3:AI$50, ISNUMBER(SEARCH($A5,'RR2 Player Stats'!$A$3:$A$50))),0),IFERROR(FILTER('RR3 Player Stats'!AI$3:AI$50"&", ISNUMBER(SEARCH($A5,'RR3 Player Stats'!$A$3:$A$50))),0),IFERROR(FILTER('RR4 Player Stats'!AI$3:AI$50, ISNUMBER(SEARCH($A5,'RR4 Player Stats'!$A$3:$A$50))),0),IFERROR(FILTER('RR5 Player Stats'!AI$3:AI$50, ISNUMBER(SEARCH($A5,'RR5 Player Stats'!$A$3:$A$50"&"))),0))"),5.0) -> 5 | W5: =IFERROR(__xludf.DUMMYFUNCTION("MEDIAN(IFERROR(FILTER('RR1 Player Stats'!AJ$3:AJ$50, ISNUMBER(SEARCH($A5,'RR1 Player Stats'!$A$3:$A$50))),0),IFERROR(FILTER('RR2 Player Stats'!AJ$3:AJ$50, ISNUMBER(SEARCH($A5,'RR2 Player Stats'!$A$3:$A$50))),0),IFERROR(FILTER('RR3 Player Stats'!AJ$3:AJ$50"&", ISNUMBER(SEARCH($A5,'RR3 Player Stats'!$A$3:$A$50))),0),IFERROR(FILTER('RR4 Player Stats'!AJ$3:AJ$50, ISNUMBER(SEARCH($A5,'RR4 Player Stats'!$A$3:$A$50))),0),IFERROR(FILTER('RR5 Player Stats'!AJ$3:AJ$50, ISNUMBER(SEARCH($A5,'RR5 Player Stats'!$A$3:$A$50"&"))),0))"),1.0) -> 1 | X5: =IFERROR(__xludf.DUMMYFUNCTION("MEDIAN(IFERROR(FILTER('RR1 Player Stats'!AK$3:AK$50, ISNUMBER(SEARCH($A5,'RR1 Player Stats'!$A$3:$A$50))),0),IFERROR(FILTER('RR2 Player Stats'!AK$3:AK$50, ISNUMBER(SEARCH($A5,'RR2 Player Stats'!$A$3:$A$50))),0),IFERROR(FILTER('RR3 Player Stats'!AK$3:AK$50"&", ISNUMBER(SEARCH($A5,'RR3 Player Stats'!$A$3:$A$50))),0),IFERROR(FILTER('RR4 Player Stats'!AK$3:AK$50, ISNUMBER(SEARCH($A5,'RR4 Player Stats'!$A$3:$A$50))),0),IFERROR(FILTER('RR5 Player Stats'!AK$3:AK$50, ISNUMBER(SEARCH($A5,'RR5 Player Stats'!$A$3:$A$50"&"))),0))"),64.0) -> 64 | Y5: =IFERROR(__xludf.DUMMYFUNCTION("MEDIAN(IFERROR(FILTER('RR1 Player Stats'!AL$3:AL$50, ISNUMBER(SEARCH($A5,'RR1 Player Stats'!$A$3:$A$50))),0),IFERROR(FILTER('RR2 Player Stats'!AL$3:AL$50, ISNUMBER(SEARCH($A5,'RR2 Player Stats'!$A$3:$A$50))),0),IFERROR(FILTER('RR3 Player Stats'!AL$3:AL$50"&", ISNUMBER(SEARCH($A5,'RR3 Player Stats'!$A$3:$A$50))),0),IFERROR(FILTER('RR4 Player Stats'!AL$3:AL$50, ISNUMBER(SEARCH($A5,'RR4 Player Stats'!$A$3:$A$50))),0),IFERROR(FILTER('RR5 Player Stats'!AL$3:AL$50, ISNUMBER(SEARCH($A5,'RR5 Player Stats'!$A$3:$A$50"&"))),0))"),60.0) -> 60 | Z5: =IFERROR(__xludf.DUMMYFUNCTION("MEDIAN(IFERROR(FILTER('RR1 Player Stats'!AM$3:AM$50, ISNUMBER(SEARCH($A5,'RR1 Player Stats'!$A$3:$A$50))),0),IFERROR(FILTER('RR2 Player Stats'!AM$3:AM$50, ISNUMBER(SEARCH($A5,'RR2 Player Stats'!$A$3:$A$50))),0),IFERROR(FILTER('RR3 Player Stats'!AM$3:AM$50"&", ISNUMBER(SEARCH($A5,'RR3 Player Stats'!$A$3:$A$50))),0),IFERROR(FILTER('RR4 Player Stats'!AM$3:AM$50, ISNUMBER(SEARCH($A5,'RR4 Player Stats'!$A$3:$A$50))),0),IFERROR(FILTER('RR5 Player Stats'!AM$3:AM$50, ISNUMBER(SEARCH($A5,'RR5 Player Stats'!$A$3:$A$50"&"))),0))"),0.6) -> 0.6
A6: [3.5] Ryan E | B6: =COUNTIF('RR1 Player Stats'!$A$3:$A$50,$A6)+COUNTIF('RR2 Player Stats'!$A$3:$A$50,$A6)+COUNTIF('RR3 Player Stats'!$A$3:$A$50,$A6)+COUNTIF('RR4 Player Stats'!$A$3:$A$50,$A6)+COUNTIF('RR5 Player Stats'!$A$3:$A$50,$A6) -> 5 | C6: =IFERROR(__xludf.DUMMYFUNCTION("IFERROR(FILTER('RR1 Player Stats'!V$3:V$50, ISNUMBER(SEARCH($A6,'RR1 Player Stats'!$A$3:$A$50))),0) +IFERROR(FILTER('RR2 Player Stats'!V$3:V$50, ISNUMBER(SEARCH($A6,'RR2 Player Stats'!$A$3:$A$50))),0) +IFERROR(FILTER('RR3 Player Stats'!V$3:V$50, ISNUMBER("&"SEARCH($A6,'RR3 Player Stats'!$A$3:$A$50))),0) +IFERROR(FILTER('RR4 Player Stats'!V$3:V$50, ISNUMBER(SEARCH($A6,'RR4 Player Stats'!$A$3:$A$50))),0) +IFERROR(FILTER('RR5 Player Stats'!V$3:V$50, ISNUMBER(SEARCH($A6,'RR5 Player Stats'!$A$3:$A$50))),0)"),18.0) -> 18 | D6: =IFERROR(__xludf.DUMMYFUNCTION("IFERROR(FILTER('RR1 Player Stats'!W$3:W$50, ISNUMBER(SEARCH($A6,'RR1 Player Stats'!$A$3:$A$50))),0) +IFERROR(FILTER('RR2 Player Stats'!W$3:W$50, ISNUMBER(SEARCH($A6,'RR2 Player Stats'!$A$3:$A$50))),0) +IFERROR(FILTER('RR3 Player Stats'!W$3:W$50, ISNUMBER("&"SEARCH($A6,'RR3 Player Stats'!$A$3:$A$50))),0) +IFERROR(FILTER('RR4 Player Stats'!W$3:W$50, ISNUMBER(SEARCH($A6,'RR4 Player Stats'!$A$3:$A$50))),0) +IFERROR(FILTER('RR5 Player Stats'!W$3:W$50, ISNUMBER(SEARCH($A6,'RR5 Player Stats'!$A$3:$A$50))),0)"),20.0) -> 20 | E6: =IFERROR(__xludf.DUMMYFUNCTION("IFERROR(FILTER('RR1 Player Stats'!X$3:X$50, ISNUMBER(SEARCH($A6,'RR1 Player Stats'!$A$3:$A$50))),0) +IFERROR(FILTER('RR2 Player Stats'!X$3:X$50, ISNUMBER(SEARCH($A6,'RR2 Player Stats'!$A$3:$A$50))),0) +IFERROR(FILTER('RR3 Player Stats'!X$3:X$50, ISNUMBER("&"SEARCH($A6,'RR3 Player Stats'!$A$3:$A$50))),0) +IFERROR(FILTER('RR4 Player Stats'!X$3:X$50, ISNUMBER(SEARCH($A6,'RR4 Player Stats'!$A$3:$A$50))),0) +IFERROR(FILTER('RR5 Player Stats'!X$3:X$50, ISNUMBER(SEARCH($A6,'RR5 Player Stats'!$A$3:$A$50))),0)"),7.0) -> 7 | F6: =IFERROR(__xludf.DUMMYFUNCTION("IFERROR(FILTER('RR1 Player Stats'!Y$3:Y$50, ISNUMBER(SEARCH($A6,'RR1 Player Stats'!$A$3:$A$50))),0) +IFERROR(FILTER('RR2 Player Stats'!Y$3:Y$50, ISNUMBER(SEARCH($A6,'RR2 Player Stats'!$A$3:$A$50))),0) +IFERROR(FILTER('RR3 Player Stats'!Y$3:Y$50, ISNUMBER("&"SEARCH($A6,'RR3 Player Stats'!$A$3:$A$50))),0) +IFERROR(FILTER('RR4 Player Stats'!Y$3:Y$50, ISNUMBER(SEARCH($A6,'RR4 Player Stats'!$A$3:$A$50))),0) +IFERROR(FILTER('RR5 Player Stats'!Y$3:Y$50, ISNUMBER(SEARCH($A6,'RR5 Player Stats'!$A$3:$A$50))),0)"),192.0) -> 192 | G6: =IFERROR(__xludf.DUMMYFUNCTION("IFERROR(FILTER('RR1 Player Stats'!Z$3:Z$50, ISNUMBER(SEARCH($A6,'RR1 Player Stats'!$A$3:$A$50))),0) +IFERROR(FILTER('RR2 Player Stats'!Z$3:Z$50, ISNUMBER(SEARCH($A6,'RR2 Player Stats'!$A$3:$A$50))),0) +IFERROR(FILTER('RR3 Player Stats'!Z$3:Z$50, ISNUMBER("&"SEARCH($A6,'RR3 Player Stats'!$A$3:$A$50))),0) +IFERROR(FILTER('RR4 Player Stats'!Z$3:Z$50, ISNUMBER(SEARCH($A6,'RR4 Player Stats'!$A$3:$A$50))),0) +IFERROR(FILTER('RR5 Player Stats'!Z$3:Z$50, ISNUMBER(SEARCH($A6,'RR5 Player Stats'!$A$3:$A$50))),0)"),164.0) -> 164 | H6: =IFERROR(__xludf.DUMMYFUNCTION("(IFERROR(FILTER('RR1 Player Stats'!AA$3:AA$50, ISNUMBER(SEARCH($A6,'RR1 Player Stats'!$A$3:$A$50))),0) +IFERROR(FILTER('RR2 Player Stats'!AA$3:AA$50, ISNUMBER(SEARCH($A6,'RR2 Player Stats'!$A$3:$A$50))),0) +IFERROR(FILTER('RR3 Player Stats'!AA$3:AA$50, IS"&"NUMBER(SEARCH($A6,'RR3 Player Stats'!$A$3:$A$50))),0) +IFERROR(FILTER('RR4 Player Stats'!AA$3:AA$50, ISNUMBER(SEARCH($A6,'RR4 Player Stats'!$A$3:$A$50))),0) +IFERROR(FILTER('RR5 Player Stats'!AA$3:AA$50, ISNUMBER(SEARCH($A6,'RR5 Player Stats'!$A$3:$A$50))"&"),0))/5"),0.634) -> 0.634 | I6: =IFERROR(__xludf.DUMMYFUNCTION("IFERROR(FILTER('RR1 Player Stats'!AB$3:AB$50, ISNUMBER(SEARCH($A6,'RR1 Player Stats'!$A$3:$A$50))),0) +IFERROR(FILTER('RR2 Player Stats'!AB$3:AB$50, ISNUMBER(SEARCH($A6,'RR2 Player Stats'!$A$3:$A$50))),0) +IFERROR(FILTER('RR3 Player Stats'!AB$3:AB$50, ISN"&"UMBER(SEARCH($A6,'RR3 Player Stats'!$A$3:$A$50))),0) +IFERROR(FILTER('RR4 Player Stats'!AB$3:AB$50, ISNUMBER(SEARCH($A6,'RR4 Player Stats'!$A$3:$A$50))),0) +IFERROR(FILTER('RR5 Player Stats'!AB$3:AB$50, ISNUMBER(SEARCH($A6,'RR5 Player Stats'!$A$3:$A$50)))"&",0)"),11.0) -> 11 | J6: =IFERROR(__xludf.DUMMYFUNCTION("IFERROR(FILTER('RR1 Player Stats'!AC$3:AC$50, ISNUMBER(SEARCH($A6,'RR1 Player Stats'!$A$3:$A$50))),0) +IFERROR(FILTER('RR2 Player Stats'!AC$3:AC$50, ISNUMBER(SEARCH($A6,'RR2 Player Stats'!$A$3:$A$50))),0) +IFERROR(FILTER('RR3 Player Stats'!AC$3:AC$50, ISN"&"UMBER(SEARCH($A6,'RR3 Player Stats'!$A$3:$A$50))),0) +IFERROR(FILTER('RR4 Player Stats'!AC$3:AC$50, ISNUMBER(SEARCH($A6,'RR4 Player Stats'!$A$3:$A$50))),0) +IFERROR(FILTER('RR5 Player Stats'!AC$3:AC$50, ISNUMBER(SEARCH($A6,'RR5 Player Stats'!$A$3:$A$50)))"&",0)"),7.0) -> 7 | K6: =IFERROR(__xludf.DUMMYFUNCTION("IFERROR(FILTER('RR1 Player Stats'!AD$3:AD$50, ISNUMBER(SEARCH($A6,'RR1 Player Stats'!$A$3:$A$50))),0) +IFERROR(FILTER('RR2 Player Stats'!AD$3:AD$50, ISNUMBER(SEARCH($A6,'RR2 Player Stats'!$A$3:$A$50))),0) +IFERROR(FILTER('RR3 Player Stats'!AD$3:AD$50, ISN"&"UMBER(SEARCH($A6,'RR3 Player Stats'!$A$3:$A$50))),0) +IFERROR(FILTER('RR4 Player Stats'!AD$3:AD$50, ISNUMBER(SEARCH($A6,'RR4 Player Stats'!$A$3:$A$50))),0) +IFERROR(FILTER('RR5 Player Stats'!AD$3:AD$50, ISNUMBER(SEARCH($A6,'RR5 Player Stats'!$A$3:$A$50)))"&",0)"),0.0) -> 0 | L6: =IFERROR(__xludf.DUMMYFUNCTION("IFERROR(FILTER('RR1 Player Stats'!AE$3:AE$50, ISNUMBER(SEARCH($A6,'RR1 Player Stats'!$A$3:$A$50))),0) +IFERROR(FILTER('RR2 Player Stats'!AE$3:AE$50, ISNUMBER(SEARCH($A6,'RR2 Player Stats'!$A$3:$A$50))),0) +IFERROR(FILTER('RR3 Player Stats'!AE$3:AE$50, ISN"&"UMBER(SEARCH($A6,'RR3 Player Stats'!$A$3:$A$50))),0) +IFERROR(FILTER('RR4 Player Stats'!AE$3:AE$50, ISNUMBER(SEARCH($A6,'RR4 Player Stats'!$A$3:$A$50))),0) +IFERROR(FILTER('RR5 Player Stats'!AE$3:AE$50, ISNUMBER(SEARCH($A6,'RR5 Player Stats'!$A$3:$A$50)))"&",0)"),86.0) -> 86 | M6: =IFERROR(__xludf.DUMMYFUNCTION("IFERROR(FILTER('RR1 Player Stats'!AF$3:AF$50, ISNUMBER(SEARCH($A6,'RR1 Player Stats'!$A$3:$A$50))),0) +IFERROR(FILTER('RR2 Player Stats'!AF$3:AF$50, ISNUMBER(SEARCH($A6,'RR2 Player Stats'!$A$3:$A$50))),0) +IFERROR(FILTER('RR3 Player Stats'!AF$3:AF$50, ISN"&"UMBER(SEARCH($A6,'RR3 Player Stats'!$A$3:$A$50))),0) +IFERROR(FILTER('RR4 Player Stats'!AF$3:AF$50, ISNUMBER(SEARCH($A6,'RR4 Player Stats'!$A$3:$A$50))),0) +IFERROR(FILTER('RR5 Player Stats'!AF$3:AF$50, ISNUMBER(SEARCH($A6,'RR5 Player Stats'!$A$3:$A$50)))"&",0)"),86.0) -> 86 | N6: =IFERROR(__xludf.DUMMYFUNCTION("(IFERROR(FILTER('RR1 Player Stats'!AG$3:AG$50, ISNUMBER(SEARCH($A6,'RR1 Player Stats'!$A$3:$A$50))),0) +IFERROR(FILTER('RR2 Player Stats'!AG$3:AG$50, ISNUMBER(SEARCH($A6,'RR2 Player Stats'!$A$3:$A$50))),0) +IFERROR(FILTER('RR3 Player Stats'!AG$3:AG$50, IS"&"NUMBER(SEARCH($A6,'RR3 Player Stats'!$A$3:$A$50))),0) +IFERROR(FILTER('RR4 Player Stats'!AG$3:AG$50, ISNUMBER(SEARCH($A6,'RR4 Player Stats'!$A$3:$A$50))),0) +IFERROR(FILTER('RR5 Player Stats'!AG$3:AG$50, ISNUMBER(SEARCH($A6,'RR5 Player Stats'!$A$3:$A$50))"&"),0))/5"),0.45199999999999996) -> 0.452 | O6: =IFERROR(__xludf.DUMMYFUNCTION("IFERROR(FILTER('RR1 Player Stats'!AH$3:AH$50, ISNUMBER(SEARCH($A6,'RR1 Player Stats'!$A$3:$A$50))),0) +IFERROR(FILTER('RR2 Player Stats'!AH$3:AH$50, ISNUMBER(SEARCH($A6,'RR2 Player Stats'!$A$3:$A$50))),0) +IFERROR(FILTER('RR3 Player Stats'!AH$3:AH$50, ISN"&"UMBER(SEARCH($A6,'RR3 Player Stats'!$A$3:$A$50))),0) +IFERROR(FILTER('RR4 Player Stats'!AH$3:AH$50, ISNUMBER(SEARCH($A6,'RR4 Player Stats'!$A$3:$A$50))),0) +IFERROR(FILTER('RR5 Player Stats'!AH$3:AH$50, ISNUMBER(SEARCH($A6,'RR5 Player Stats'!$A$3:$A$50)))"&",0)"),29.0) -> 29 | P6: =IFERROR(__xludf.DUMMYFUNCTION("IFERROR(FILTER('RR1 Player Stats'!AI$3:AI$50, ISNUMBER(SEARCH($A6,'RR1 Player Stats'!$A$3:$A$50))),0) +IFERROR(FILTER('RR2 Player Stats'!AI$3:AI$50, ISNUMBER(SEARCH($A6,'RR2 Player Stats'!$A$3:$A$50))),0) +IFERROR(FILTER('RR3 Player Stats'!AI$3:AI$50, ISN"&"UMBER(SEARCH($A6,'RR3 Player Stats'!$A$3:$A$50))),0) +IFERROR(FILTER('RR4 Player Stats'!AI$3:AI$50, ISNUMBER(SEARCH($A6,'RR4 Player Stats'!$A$3:$A$50))),0) +IFERROR(FILTER('RR5 Player Stats'!AI$3:AI$50, ISNUMBER(SEARCH($A6,'RR5 Player Stats'!$A$3:$A$50)))"&",0)"),27.0) -> 27 | Q6: =IFERROR(__xludf.DUMMYFUNCTION("IFERROR(FILTER('RR1 Player Stats'!AJ$3:AJ$50, ISNUMBER(SEARCH($A6,'RR1 Player Stats'!$A$3:$A$50))),0) +IFERROR(FILTER('RR2 Player Stats'!AJ$3:AJ$50, ISNUMBER(SEARCH($A6,'RR2 Player Stats'!$A$3:$A$50))),0) +IFERROR(FILTER('RR3 Player Stats'!AJ$3:AJ$50, ISN"&"UMBER(SEARCH($A6,'RR3 Player Stats'!$A$3:$A$50))),0) +IFERROR(FILTER('RR4 Player Stats'!AJ$3:AJ$50, ISNUMBER(SEARCH($A6,'RR4 Player Stats'!$A$3:$A$50))),0) +IFERROR(FILTER('RR5 Player Stats'!AJ$3:AJ$50, ISNUMBER(SEARCH($A6,'RR5 Player Stats'!$A$3:$A$50)))"&",0)"),7.0) -> 7 | R6: =IFERROR(__xludf.DUMMYFUNCTION("IFERROR(FILTER('RR1 Player Stats'!AK$3:AK$50, ISNUMBER(SEARCH($A6,'RR1 Player Stats'!$A$3:$A$50))),0) +IFERROR(FILTER('RR2 Player Stats'!AK$3:AK$50, ISNUMBER(SEARCH($A6,'RR2 Player Stats'!$A$3:$A$50))),0) +IFERROR(FILTER('RR3 Player Stats'!AK$3:AK$50, ISN"&"UMBER(SEARCH($A6,'RR3 Player Stats'!$A$3:$A$50))),0) +IFERROR(FILTER('RR4 Player Stats'!AK$3:AK$50, ISNUMBER(SEARCH($A6,'RR4 Player Stats'!$A$3:$A$50))),0) +IFERROR(FILTER('RR5 Player Stats'!AK$3:AK$50, ISNUMBER(SEARCH($A6,'RR5 Player Stats'!$A$3:$A$50)))"&",0)"),278.0) -> 278 | S6: =IFERROR(__xludf.DUMMYFUNCTION("IFERROR(FILTER('RR1 Player Stats'!AL$3:AL$50, ISNUMBER(SEARCH($A6,'RR1 Player Stats'!$A$3:$A$50))),0) +IFERROR(FILTER('RR2 Player Stats'!AL$3:AL$50, ISNUMBER(SEARCH($A6,'RR2 Player Stats'!$A$3:$A$50))),0) +IFERROR(FILTER('RR3 Player Stats'!AL$3:AL$50, ISN"&"UMBER(SEARCH($A6,'RR3 Player Stats'!$A$3:$A$50))),0) +IFERROR(FILTER('RR4 Player Stats'!AL$3:AL$50, ISNUMBER(SEARCH($A6,'RR4 Player Stats'!$A$3:$A$50))),0) +IFERROR(FILTER('RR5 Player Stats'!AL$3:AL$50, ISNUMBER(SEARCH($A6,'RR5 Player Stats'!$A$3:$A$50)))"&",0)"),250.0) -> 250 | T6: =IFERROR(__xludf.DUMMYFUNCTION("(IFERROR(FILTER('RR1 Player Stats'!AM$3:AM$50, ISNUMBER(SEARCH($A6,'RR1 Player Stats'!$A$3:$A$50))),0) +IFERROR(FILTER('RR2 Player Stats'!AM$3:AM$50, ISNUMBER(SEARCH($A6,'RR2 Player Stats'!$A$3:$A$50))),0) +IFERROR(FILTER('RR3 Player Stats'!AM$3:AM$50, IS"&"NUMBER(SEARCH($A6,'RR3 Player Stats'!$A$3:$A$50))),0) +IFERROR(FILTER('RR4 Player Stats'!AM$3:AM$50, ISNUMBER(SEARCH($A6,'RR4 Player Stats'!$A$3:$A$50))),0) +IFERROR(FILTER('RR5 Player Stats'!AM$3:AM$50, ISNUMBER(SEARCH($A6,'RR5 Player Stats'!$A$3:$A$50))"&"),0))/B6"),0.5599999999999999) -> 0.56 | U6: =IFERROR(__xludf.DUMMYFUNCTION("MEDIAN(IFERROR(FILTER('RR1 Player Stats'!AH$3:AH$50, ISNUMBER(SEARCH($A6,'RR1 Player Stats'!$A$3:$A$50))),0),IFERROR(FILTER('RR2 Player Stats'!AH$3:AH$50, ISNUMBER(SEARCH($A6,'RR2 Player Stats'!$A$3:$A$50))),0),IFERROR(FILTER('RR3 Player Stats'!AH$3:AH$50"&", ISNUMBER(SEARCH($A6,'RR3 Player Stats'!$A$3:$A$50))),0),IFERROR(FILTER('RR4 Player Stats'!AH$3:AH$50, ISNUMBER(SEARCH($A6,'RR4 Player Stats'!$A$3:$A$50))),0),IFERROR(FILTER('RR5 Player Stats'!AH$3:AH$50, ISNUMBER(SEARCH($A6,'RR5 Player Stats'!$A$3:$A$50"&"))),0))"),5.0) -> 5 | V6: =IFERROR(__xludf.DUMMYFUNCTION("MEDIAN(IFERROR(FILTER('RR1 Player Stats'!AI$3:AI$50, ISNUMBER(SEARCH($A6,'RR1 Player Stats'!$A$3:$A$50))),0),IFERROR(FILTER('RR2 Player Stats'!AI$3:AI$50, ISNUMBER(SEARCH($A6,'RR2 Player Stats'!$A$3:$A$50))),0),IFERROR(FILTER('RR3 Player Stats'!AI$3:AI$50"&", ISNUMBER(SEARCH($A6,'RR3 Player Stats'!$A$3:$A$50))),0),IFERROR(FILTER('RR4 Player Stats'!AI$3:AI$50, ISNUMBER(SEARCH($A6,'RR4 Player Stats'!$A$3:$A$50))),0),IFERROR(FILTER('RR5 Player Stats'!AI$3:AI$50, ISNUMBER(SEARCH($A6,'RR5 Player Stats'!$A$3:$A$50"&"))),0))"),6.0) -> 6 | W6: =IFERROR(__xludf.DUMMYFUNCTION("MEDIAN(IFERROR(FILTER('RR1 Player Stats'!AJ$3:AJ$50, ISNUMBER(SEARCH($A6,'RR1 Player Stats'!$A$3:$A$50))),0),IFERROR(FILTER('RR2 Player Stats'!AJ$3:AJ$50, ISNUMBER(SEARCH($A6,'RR2 Player Stats'!$A$3:$A$50))),0),IFERROR(FILTER('RR3 Player Stats'!AJ$3:AJ$50"&", ISNUMBER(SEARCH($A6,'RR3 Player Stats'!$A$3:$A$50))),0),IFERROR(FILTER('RR4 Player Stats'!AJ$3:AJ$50, ISNUMBER(SEARCH($A6,'RR4 Player Stats'!$A$3:$A$50))),0),IFERROR(FILTER('RR5 Player Stats'!AJ$3:AJ$50, ISNUMBER(SEARCH($A6,'RR5 Player Stats'!$A$3:$A$50"&"))),0))"),1.0) -> 1 | X6: =IFERROR(__xludf.DUMMYFUNCTION("MEDIAN(IFERROR(FILTER('RR1 Player Stats'!AK$3:AK$50, ISNUMBER(SEARCH($A6,'RR1 Player Stats'!$A$3:$A$50))),0),IFERROR(FILTER('RR2 Player Stats'!AK$3:AK$50, ISNUMBER(SEARCH($A6,'RR2 Player Stats'!$A$3:$A$50))),0),IFERROR(FILTER('RR3 Player Stats'!AK$3:AK$50"&", ISNUMBER(SEARCH($A6,'RR3 Player Stats'!$A$3:$A$50))),0),IFERROR(FILTER('RR4 Player Stats'!AK$3:AK$50, ISNUMBER(SEARCH($A6,'RR4 Player Stats'!$A$3:$A$50))),0),IFERROR(FILTER('RR5 Player Stats'!AK$3:AK$50, ISNUMBER(SEARCH($A6,'RR5 Player Stats'!$A$3:$A$50"&"))),0))"),56.0) -> 56 | Y6: =IFERROR(__xludf.DUMMYFUNCTION("MEDIAN(IFERROR(FILTER('RR1 Player Stats'!AL$3:AL$50, ISNUMBER(SEARCH($A6,'RR1 Player Stats'!$A$3:$A$50))),0),IFERROR(FILTER('RR2 Player Stats'!AL$3:AL$50, ISNUMBER(SEARCH($A6,'RR2 Player Stats'!$A$3:$A$50))),0),IFERROR(FILTER('RR3 Player Stats'!AL$3:AL$50"&", ISNUMBER(SEARCH($A6,'RR3 Player Stats'!$A$3:$A$50))),0),IFERROR(FILTER('RR4 Player Stats'!AL$3:AL$50, ISNUMBER(SEARCH($A6,'RR4 Player Stats'!$A$3:$A$50))),0),IFERROR(FILTER('RR5 Player Stats'!AL$3:AL$50, ISNUMBER(SEARCH($A6,'RR5 Player Stats'!$A$3:$A$50"&"))),0))"),52.0) -> 52 | Z6: =IFERROR(__xludf.DUMMYFUNCTION("MEDIAN(IFERROR(FILTER('RR1 Player Stats'!AM$3:AM$50, ISNUMBER(SEARCH($A6,'RR1 Player Stats'!$A$3:$A$50))),0),IFERROR(FILTER('RR2 Player Stats'!AM$3:AM$50, ISNUMBER(SEARCH($A6,'RR2 Player Stats'!$A$3:$A$50))),0),IFERROR(FILTER('RR3 Player Stats'!AM$3:AM$50"&", ISNUMBER(SEARCH($A6,'RR3 Player Stats'!$A$3:$A$50))),0),IFERROR(FILTER('RR4 Player Stats'!AM$3:AM$50, ISNUMBER(SEARCH($A6,'RR4 Player Stats'!$A$3:$A$50))),0),IFERROR(FILTER('RR5 Player Stats'!AM$3:AM$50, ISNUMBER(SEARCH($A6,'RR5 Player Stats'!$A$3:$A$50"&"))),0))"),0.55) -> 0.55
A7: [5.4] Yale Z | B7: =COUNTIF('RR1 Player Stats'!$A$3:$A$50,$A7)+COUNTIF('RR2 Player Stats'!$A$3:$A$50,$A7)+COUNTIF('RR3 Player Stats'!$A$3:$A$50,$A7)+COUNTIF('RR4 Player Stats'!$A$3:$A$50,$A7)+COUNTIF('RR5 Player Stats'!$A$3:$A$50,$A7) -> 5 | C7: =IFERROR(__xludf.DUMMYFUNCTION("IFERROR(FILTER('RR1 Player Stats'!V$3:V$50, ISNUMBER(SEARCH($A7,'RR1 Player Stats'!$A$3:$A$50))),0) +IFERROR(FILTER('RR2 Player Stats'!V$3:V$50, ISNUMBER(SEARCH($A7,'RR2 Player Stats'!$A$3:$A$50))),0) +IFERROR(FILTER('RR3 Player Stats'!V$3:V$50, ISNUMBER("&"SEARCH($A7,'RR3 Player Stats'!$A$3:$A$50))),0) +IFERROR(FILTER('RR4 Player Stats'!V$3:V$50, ISNUMBER(SEARCH($A7,'RR4 Player Stats'!$A$3:$A$50))),0) +IFERROR(FILTER('RR5 Player Stats'!V$3:V$50, ISNUMBER(SEARCH($A7,'RR5 Player Stats'!$A$3:$A$50))),0)"),13.0) -> 13 | D7: =IFERROR(__xludf.DUMMYFUNCTION("IFERROR(FILTER('RR1 Player Stats'!W$3:W$50, ISNUMBER(SEARCH($A7,'RR1 Player Stats'!$A$3:$A$50))),0) +IFERROR(FILTER('RR2 Player Stats'!W$3:W$50, ISNUMBER(SEARCH($A7,'RR2 Player Stats'!$A$3:$A$50))),0) +IFERROR(FILTER('RR3 Player Stats'!W$3:W$50, ISNUMBER("&"SEARCH($A7,'RR3 Player Stats'!$A$3:$A$50))),0) +IFERROR(FILTER('RR4 Player Stats'!W$3:W$50, ISNUMBER(SEARCH($A7,'RR4 Player Stats'!$A$3:$A$50))),0) +IFERROR(FILTER('RR5 Player Stats'!W$3:W$50, ISNUMBER(SEARCH($A7,'RR5 Player Stats'!$A$3:$A$50))),0)"),20.0) -> 20 | E7: =IFERROR(__xludf.DUMMYFUNCTION("IFERROR(FILTER('RR1 Player Stats'!X$3:X$50, ISNUMBER(SEARCH($A7,'RR1 Player Stats'!$A$3:$A$50))),0) +IFERROR(FILTER('RR2 Player Stats'!X$3:X$50, ISNUMBER(SEARCH($A7,'RR2 Player Stats'!$A$3:$A$50))),0) +IFERROR(FILTER('RR3 Player Stats'!X$3:X$50, ISNUMBER("&"SEARCH($A7,'RR3 Player Stats'!$A$3:$A$50))),0) +IFERROR(FILTER('RR4 Player Stats'!X$3:X$50, ISNUMBER(SEARCH($A7,'RR4 Player Stats'!$A$3:$A$50))),0) +IFERROR(FILTER('RR5 Player Stats'!X$3:X$50, ISNUMBER(SEARCH($A7,'RR5 Player Stats'!$A$3:$A$50))),0)"),7.0) -> 7 | F7: =IFERROR(__xludf.DUMMYFUNCTION("IFERROR(FILTER('RR1 Player Stats'!Y$3:Y$50, ISNUMBER(SEARCH($A7,'RR1 Player Stats'!$A$3:$A$50))),0) +IFERROR(FILTER('RR2 Player Stats'!Y$3:Y$50, ISNUMBER(SEARCH($A7,'RR2 Player Stats'!$A$3:$A$50))),0) +IFERROR(FILTER('RR3 Player Stats'!Y$3:Y$50, ISNUMBER("&"SEARCH($A7,'RR3 Player Stats'!$A$3:$A$50))),0) +IFERROR(FILTER('RR4 Player Stats'!Y$3:Y$50, ISNUMBER(SEARCH($A7,'RR4 Player Stats'!$A$3:$A$50))),0) +IFERROR(FILTER('RR5 Player Stats'!Y$3:Y$50, ISNUMBER(SEARCH($A7,'RR5 Player Stats'!$A$3:$A$50))),0)"),172.0) -> 172 | G7: =IFERROR(__xludf.DUMMYFUNCTION("IFERROR(FILTER('RR1 Player Stats'!Z$3:Z$50, ISNUMBER(SEARCH($A7,'RR1 Player Stats'!$A$3:$A$50))),0) +IFERROR(FILTER('RR2 Player Stats'!Z$3:Z$50, ISNUMBER(SEARCH($A7,'RR2 Player Stats'!$A$3:$A$50))),0) +IFERROR(FILTER('RR3 Player Stats'!Z$3:Z$50, ISNUMBER("&"SEARCH($A7,'RR3 Player Stats'!$A$3:$A$50))),0) +IFERROR(FILTER('RR4 Player Stats'!Z$3:Z$50, ISNUMBER(SEARCH($A7,'RR4 Player Stats'!$A$3:$A$50))),0) +IFERROR(FILTER('RR5 Player Stats'!Z$3:Z$50, ISNUMBER(SEARCH($A7,'RR5 Player Stats'!$A$3:$A$50))),0)"),144.0) -> 144 | H7: =IFERROR(__xludf.DUMMYFUNCTION("(IFERROR(FILTER('RR1 Player Stats'!AA$3:AA$50, ISNUMBER(SEARCH($A7,'RR1 Player Stats'!$A$3:$A$50))),0) +IFERROR(FILTER('RR2 Player Stats'!AA$3:AA$50, ISNUMBER(SEARCH($A7,'RR2 Player Stats'!$A$3:$A$50))),0) +IFERROR(FILTER('RR3 Player Stats'!AA$3:AA$50, IS"&"NUMBER(SEARCH($A7,'RR3 Player Stats'!$A$3:$A$50))),0) +IFERROR(FILTER('RR4 Player Stats'!AA$3:AA$50, ISNUMBER(SEARCH($A7,'RR4 Player Stats'!$A$3:$A$50))),0) +IFERROR(FILTER('RR5 Player Stats'!AA$3:AA$50, ISNUMBER(SEARCH($A7,'RR5 Player Stats'!$A$3:$A$50))"&"),0))/5"),0.552) -> 0.552 | I7: =IFERROR(__xludf.DUMMYFUNCTION("IFERROR(FILTER('RR1 Player Stats'!AB$3:AB$50, ISNUMBER(SEARCH($A7,'RR1 Player Stats'!$A$3:$A$50))),0) +IFERROR(FILTER('RR2 Player Stats'!AB$3:AB$50, ISNUMBER(SEARCH($A7,'RR2 Player Stats'!$A$3:$A$50))),0) +IFERROR(FILTER('RR3 Player Stats'!AB$3:AB$50, ISN"&"UMBER(SEARCH($A7,'RR3 Player Stats'!$A$3:$A$50))),0) +IFERROR(FILTER('RR4 Player Stats'!AB$3:AB$50, ISNUMBER(SEARCH($A7,'RR4 Player Stats'!$A$3:$A$50))),0) +IFERROR(FILTER('RR5 Player Stats'!AB$3:AB$50, ISNUMBER(SEARCH($A7,'RR5 Player Stats'!$A$3:$A$50)))"&",0)"),11.0) -> 11 | J7: =IFERROR(__xludf.DUMMYFUNCTION("IFERROR(FILTER('RR1 Player Stats'!AC$3:AC$50, ISNUMBER(SEARCH($A7,'RR1 Player Stats'!$A$3:$A$50))),0) +IFERROR(FILTER('RR2 Player Stats'!AC$3:AC$50, ISNUMBER(SEARCH($A7,'RR2 Player Stats'!$A$3:$A$50))),0) +IFERROR(FILTER('RR3 Player Stats'!AC$3:AC$50, ISN"&"UMBER(SEARCH($A7,'RR3 Player Stats'!$A$3:$A$50))),0) +IFERROR(FILTER('RR4 Player Stats'!AC$3:AC$50, ISNUMBER(SEARCH($A7,'RR4 Player Stats'!$A$3:$A$50))),0) +IFERROR(FILTER('RR5 Player Stats'!AC$3:AC$50, ISNUMBER(SEARCH($A7,'RR5 Player Stats'!$A$3:$A$50)))"&",0)"),9.0) -> 9 | K7: =IFERROR(__xludf.DUMMYFUNCTION("IFERROR(FILTER('RR1 Player Stats'!AD$3:AD$50, ISNUMBER(SEARCH($A7,'RR1 Player Stats'!$A$3:$A$50))),0) +IFERROR(FILTER('RR2 Player Stats'!AD$3:AD$50, ISNUMBER(SEARCH($A7,'RR2 Player Stats'!$A$3:$A$50))),0) +IFERROR(FILTER('RR3 Player Stats'!AD$3:AD$50, ISN"&"UMBER(SEARCH($A7,'RR3 Player Stats'!$A$3:$A$50))),0) +IFERROR(FILTER('RR4 Player Stats'!AD$3:AD$50, ISNUMBER(SEARCH($A7,'RR4 Player Stats'!$A$3:$A$50))),0) +IFERROR(FILTER('RR5 Player Stats'!AD$3:AD$50, ISNUMBER(SEARCH($A7,'RR5 Player Stats'!$A$3:$A$50)))"&",0)"),2.0) -> 2 | L7: =IFERROR(__xludf.DUMMYFUNCTION("IFERROR(FILTER('RR1 Player Stats'!AE$3:AE$50, ISNUMBER(SEARCH($A7,'RR1 Player Stats'!$A$3:$A$50))),0) +IFERROR(FILTER('RR2 Player Stats'!AE$3:AE$50, ISNUMBER(SEARCH($A7,'RR2 Player Stats'!$A$3:$A$50))),0) +IFERROR(FILTER('RR3 Player Stats'!AE$3:AE$50, ISN"&"UMBER(SEARCH($A7,'RR3 Player Stats'!$A$3:$A$50))),0) +IFERROR(FILTER('RR4 Player Stats'!AE$3:AE$50, ISNUMBER(SEARCH($A7,'RR4 Player Stats'!$A$3:$A$50))),0) +IFERROR(FILTER('RR5 Player Stats'!AE$3:AE$50, ISNUMBER(SEARCH($A7,'RR5 Player Stats'!$A$3:$A$50)))"&",0)"),98.0) -> 98 | M7: =IFERROR(__xludf.DUMMYFUNCTION("IFERROR(FILTER('RR1 Player Stats'!AF$3:AF$50, ISNUMBER(SEARCH($A7,'RR1 Player Stats'!$A$3:$A$50))),0) +IFERROR(FILTER('RR2 Player Stats'!AF$3:AF$50, ISNUMBER(SEARCH($A7,'RR2 Player Stats'!$A$3:$A$50))),0) +IFERROR(FILTER('RR3 Player Stats'!AF$3:AF$50, ISN"&"UMBER(SEARCH($A7,'RR3 Player Stats'!$A$3:$A$50))),0) +IFERROR(FILTER('RR4 Player Stats'!AF$3:AF$50, ISNUMBER(SEARCH($A7,'RR4 Player Stats'!$A$3:$A$50))),0) +IFERROR(FILTER('RR5 Player Stats'!AF$3:AF$50, ISNUMBER(SEARCH($A7,'RR5 Player Stats'!$A$3:$A$50)))"&",0)"),90.0) -> 90 | N7: =IFERROR(__xludf.DUMMYFUNCTION("(IFERROR(FILTER('RR1 Player Stats'!AG$3:AG$50, ISNUMBER(SEARCH($A7,'RR1 Player Stats'!$A$3:$A$50))),0) +IFERROR(FILTER('RR2 Player Stats'!AG$3:AG$50, ISNUMBER(SEARCH($A7,'RR2 Player Stats'!$A$3:$A$50))),0) +IFERROR(FILTER('RR3 Player Stats'!AG$3:AG$50, IS"&"NUMBER(SEARCH($A7,'RR3 Player Stats'!$A$3:$A$50))),0) +IFERROR(FILTER('RR4 Player Stats'!AG$3:AG$50, ISNUMBER(SEARCH($A7,'RR4 Player Stats'!$A$3:$A$50))),0) +IFERROR(FILTER('RR5 Player Stats'!AG$3:AG$50, ISNUMBER(SEARCH($A7,'RR5 Player Stats'!$A$3:$A$50))"&"),0))/5"),0.502) -> 0.502 | O7: =IFERROR(__xludf.DUMMYFUNCTION("IFERROR(FILTER('RR1 Player Stats'!AH$3:AH$50, ISNUMBER(SEARCH($A7,'RR1 Player Stats'!$A$3:$A$50))),0) +IFERROR(FILTER('RR2 Player Stats'!AH$3:AH$50, ISNUMBER(SEARCH($A7,'RR2 Player Stats'!$A$3:$A$50))),0) +IFERROR(FILTER('RR3 Player Stats'!AH$3:AH$50, ISN"&"UMBER(SEARCH($A7,'RR3 Player Stats'!$A$3:$A$50))),0) +IFERROR(FILTER('RR4 Player Stats'!AH$3:AH$50, ISNUMBER(SEARCH($A7,'RR4 Player Stats'!$A$3:$A$50))),0) +IFERROR(FILTER('RR5 Player Stats'!AH$3:AH$50, ISNUMBER(SEARCH($A7,'RR5 Player Stats'!$A$3:$A$50)))"&",0)"),24.0) -> 24 | P7: =IFERROR(__xludf.DUMMYFUNCTION("IFERROR(FILTER('RR1 Player Stats'!AI$3:AI$50, ISNUMBER(SEARCH($A7,'RR1 Player Stats'!$A$3:$A$50))),0) +IFERROR(FILTER('RR2 Player Stats'!AI$3:AI$50, ISNUMBER(SEARCH($A7,'RR2 Player Stats'!$A$3:$A$50))),0) +IFERROR(FILTER('RR3 Player Stats'!AI$3:AI$50, ISN"&"UMBER(SEARCH($A7,'RR3 Player Stats'!$A$3:$A$50))),0) +IFERROR(FILTER('RR4 Player Stats'!AI$3:AI$50, ISNUMBER(SEARCH($A7,'RR4 Player Stats'!$A$3:$A$50))),0) +IFERROR(FILTER('RR5 Player Stats'!AI$3:AI$50, ISNUMBER(SEARCH($A7,'RR5 Player Stats'!$A$3:$A$50)))"&",0)"),29.0) -> 29 | Q7: =IFERROR(__xludf.DUMMYFUNCTION("IFERROR(FILTER('RR1 Player Stats'!AJ$3:AJ$50, ISNUMBER(SEARCH($A7,'RR1 Player Stats'!$A$3:$A$50))),0) +IFERROR(FILTER('RR2 Player Stats'!AJ$3:AJ$50, ISNUMBER(SEARCH($A7,'RR2 Player Stats'!$A$3:$A$50))),0) +IFERROR(FILTER('RR3 Player Stats'!AJ$3:AJ$50, ISN"&"UMBER(SEARCH($A7,'RR3 Player Stats'!$A$3:$A$50))),0) +IFERROR(FILTER('RR4 Player Stats'!AJ$3:AJ$50, ISNUMBER(SEARCH($A7,'RR4 Player Stats'!$A$3:$A$50))),0) +IFERROR(FILTER('RR5 Player Stats'!AJ$3:AJ$50, ISNUMBER(SEARCH($A7,'RR5 Player Stats'!$A$3:$A$50)))"&",0)"),9.0) -> 9 | R7: =IFERROR(__xludf.DUMMYFUNCTION("IFERROR(FILTER('RR1 Player Stats'!AK$3:AK$50, ISNUMBER(SEARCH($A7,'RR1 Player Stats'!$A$3:$A$50))),0) +IFERROR(FILTER('RR2 Player Stats'!AK$3:AK$50, ISNUMBER(SEARCH($A7,'RR2 Player Stats'!$A$3:$A$50))),0) +IFERROR(FILTER('RR3 Player Stats'!AK$3:AK$50, ISN"&"UMBER(SEARCH($A7,'RR3 Player Stats'!$A$3:$A$50))),0) +IFERROR(FILTER('RR4 Player Stats'!AK$3:AK$50, ISNUMBER(SEARCH($A7,'RR4 Player Stats'!$A$3:$A$50))),0) +IFERROR(FILTER('RR5 Player Stats'!AK$3:AK$50, ISNUMBER(SEARCH($A7,'RR5 Player Stats'!$A$3:$A$50)))"&",0)"),270.0) -> 270 | S7: =IFERROR(__xludf.DUMMYFUNCTION("IFERROR(FILTER('RR1 Player Stats'!AL$3:AL$50, ISNUMBER(SEARCH($A7,'RR1 Player Stats'!$A$3:$A$50))),0) +IFERROR(FILTER('RR2 Player Stats'!AL$3:AL$50, ISNUMBER(SEARCH($A7,'RR2 Player Stats'!$A$3:$A$50))),0) +IFERROR(FILTER('RR3 Player Stats'!AL$3:AL$50, ISN"&"UMBER(SEARCH($A7,'RR3 Player Stats'!$A$3:$A$50))),0) +IFERROR(FILTER('RR4 Player Stats'!AL$3:AL$50, ISNUMBER(SEARCH($A7,'RR4 Player Stats'!$A$3:$A$50))),0) +IFERROR(FILTER('RR5 Player Stats'!AL$3:AL$50, ISNUMBER(SEARCH($A7,'RR5 Player Stats'!$A$3:$A$50)))"&",0)"),234.0) -> 234 | T7: =IFERROR(__xludf.DUMMYFUNCTION("(IFERROR(FILTER('RR1 Player Stats'!AM$3:AM$50, ISNUMBER(SEARCH($A7,'RR1 Player Stats'!$A$3:$A$50))),0) +IFERROR(FILTER('RR2 Player Stats'!AM$3:AM$50, ISNUMBER(SEARCH($A7,'RR2 Player Stats'!$A$3:$A$50))),0) +IFERROR(FILTER('RR3 Player Stats'!AM$3:AM$50, IS"&"NUMBER(SEARCH($A7,'RR3 Player Stats'!$A$3:$A$50))),0) +IFERROR(FILTER('RR4 Player Stats'!AM$3:AM$50, ISNUMBER(SEARCH($A7,'RR4 Player Stats'!$A$3:$A$50))),0) +IFERROR(FILTER('RR5 Player Stats'!AM$3:AM$50, ISNUMBER(SEARCH($A7,'RR5 Player Stats'!$A$3:$A$50))"&"),0))/B7"),0.53) -> 0.53 | U7: =IFERROR(__xludf.DUMMYFUNCTION("MEDIAN(IFERROR(FILTER('RR1 Player Stats'!AH$3:AH$50, ISNUMBER(SEARCH($A7,'RR1 Player Stats'!$A$3:$A$50))),0),IFERROR(FILTER('RR2 Player Stats'!AH$3:AH$50, ISNUMBER(SEARCH($A7,'RR2 Player Stats'!$A$3:$A$50))),0),IFERROR(FILTER('RR3 Player Stats'!AH$3:AH$50"&", ISNUMBER(SEARCH($A7,'RR3 Player Stats'!$A$3:$A$50))),0),IFERROR(FILTER('RR4 Player Stats'!AH$3:AH$50, ISNUMBER(SEARCH($A7,'RR4 Player Stats'!$A$3:$A$50))),0),IFERROR(FILTER('RR5 Player Stats'!AH$3:AH$50, ISNUMBER(SEARCH($A7,'RR5 Player Stats'!$A$3:$A$50"&"))),0))"),5.0) -> 5 | V7: =IFERROR(__xludf.DUMMYFUNCTION("MEDIAN(IFERROR(FILTER('RR1 Player Stats'!AI$3:AI$50, ISNUMBER(SEARCH($A7,'RR1 Player Stats'!$A$3:$A$50))),0),IFERROR(FILTER('RR2 Player Stats'!AI$3:AI$50, ISNUMBER(SEARCH($A7,'RR2 Player Stats'!$A$3:$A$50))),0),IFERROR(FILTER('RR3 Player Stats'!AI$3:AI$50"&", ISNUMBER(SEARCH($A7,'RR3 Player Stats'!$A$3:$A$50))),0),IFERROR(FILTER('RR4 Player Stats'!AI$3:AI$50, ISNUMBER(SEARCH($A7,'RR4 Player Stats'!$A$3:$A$50))),0),IFERROR(FILTER('RR5 Player Stats'!AI$3:AI$50, ISNUMBER(SEARCH($A7,'RR5 Player Stats'!$A$3:$A$50"&"))),0))"),6.0) -> 6 | W7: =IFERROR(__xludf.DUMMYFUNCTION("MEDIAN(IFERROR(FILTER('RR1 Player Stats'!AJ$3:AJ$50, ISNUMBER(SEARCH($A7,'RR1 Player Stats'!$A$3:$A$50))),0),IFERROR(FILTER('RR2 Player Stats'!AJ$3:AJ$50, ISNUMBER(SEARCH($A7,'RR2 Player Stats'!$A$3:$A$50))),0),IFERROR(FILTER('RR3 Player Stats'!AJ$3:AJ$50"&", ISNUMBER(SEARCH($A7,'RR3 Player Stats'!$A$3:$A$50))),0),IFERROR(FILTER('RR4 Player Stats'!AJ$3:AJ$50, ISNUMBER(SEARCH($A7,'RR4 Player Stats'!$A$3:$A$50))),0),IFERROR(FILTER('RR5 Player Stats'!AJ$3:AJ$50, ISNUMBER(SEARCH($A7,'RR5 Player Stats'!$A$3:$A$50"&"))),0))"),2.0) -> 2 | X7: =IFERROR(__xludf.DUMMYFUNCTION("MEDIAN(IFERROR(FILTER('RR1 Player Stats'!AK$3:AK$50, ISNUMBER(SEARCH($A7,'RR1 Player Stats'!$A$3:$A$50))),0),IFERROR(FILTER('RR2 Player Stats'!AK$3:AK$50, ISNUMBER(SEARCH($A7,'RR2 Player Stats'!$A$3:$A$50))),0),IFERROR(FILTER('RR3 Player Stats'!AK$3:AK$50"&", ISNUMBER(SEARCH($A7,'RR3 Player Stats'!$A$3:$A$50))),0),IFERROR(FILTER('RR4 Player Stats'!AK$3:AK$50, ISNUMBER(SEARCH($A7,'RR4 Player Stats'!$A$3:$A$50))),0),IFERROR(FILTER('RR5 Player Stats'!AK$3:AK$50, ISNUMBER(SEARCH($A7,'RR5 Player Stats'!$A$3:$A$50"&"))),0))"),54.0) -> 54 | Y7: =IFERROR(__xludf.DUMMYFUNCTION("MEDIAN(IFERROR(FILTER('RR1 Player Stats'!AL$3:AL$50, ISNUMBER(SEARCH($A7,'RR1 Player Stats'!$A$3:$A$50))),0),IFERROR(FILTER('RR2 Player Stats'!AL$3:AL$50, ISNUMBER(SEARCH($A7,'RR2 Player Stats'!$A$3:$A$50))),0),IFERROR(FILTER('RR3 Player Stats'!AL$3:AL$50"&", ISNUMBER(SEARCH($A7,'RR3 Player Stats'!$A$3:$A$50))),0),IFERROR(FILTER('RR4 Player Stats'!AL$3:AL$50, ISNUMBER(SEARCH($A7,'RR4 Player Stats'!$A$3:$A$50))),0),IFERROR(FILTER('RR5 Player Stats'!AL$3:AL$50, ISNUMBER(SEARCH($A7,'RR5 Player Stats'!$A$3:$A$50"&"))),0))"),48.0) -> 48 | Z7: =IFERROR(__xludf.DUMMYFUNCTION("MEDIAN(IFERROR(FILTER('RR1 Player Stats'!AM$3:AM$50, ISNUMBER(SEARCH($A7,'RR1 Player Stats'!$A$3:$A$50))),0),IFERROR(FILTER('RR2 Player Stats'!AM$3:AM$50, ISNUMBER(SEARCH($A7,'RR2 Player Stats'!$A$3:$A$50))),0),IFERROR(FILTER('RR3 Player Stats'!AM$3:AM$50"&", ISNUMBER(SEARCH($A7,'RR3 Player Stats'!$A$3:$A$50))),0),IFERROR(FILTER('RR4 Player Stats'!AM$3:AM$50, ISNUMBER(SEARCH($A7,'RR4 Player Stats'!$A$3:$A$50))),0),IFERROR(FILTER('RR5 Player Stats'!AM$3:AM$50, ISNUMBER(SEARCH($A7,'RR5 Player Stats'!$A$3:$A$50"&"))),0))"),0.55) -> 0.55
A8: [5.5] Kaiwen Y | B8: =COUNTIF('RR1 Player Stats'!$A$3:$A$50,$A8)+COUNTIF('RR2 Player Stats'!$A$3:$A$50,$A8)+COUNTIF('RR3 Player Stats'!$A$3:$A$50,$A8)+COUNTIF('RR4 Player Stats'!$A$3:$A$50,$A8)+COUNTIF('RR5 Player Stats'!$A$3:$A$50,$A8) -> 5 | C8: =IFERROR(__xludf.DUMMYFUNCTION("IFERROR(FILTER('RR1 Player Stats'!V$3:V$50, ISNUMBER(SEARCH($A8,'RR1 Player Stats'!$A$3:$A$50))),0) +IFERROR(FILTER('RR2 Player Stats'!V$3:V$50, ISNUMBER(SEARCH($A8,'RR2 Player Stats'!$A$3:$A$50))),0) +IFERROR(FILTER('RR3 Player Stats'!V$3:V$50, ISNUMBER("&"SEARCH($A8,'RR3 Player Stats'!$A$3:$A$50))),0) +IFERROR(FILTER('RR4 Player Stats'!V$3:V$50, ISNUMBER(SEARCH($A8,'RR4 Player Stats'!$A$3:$A$50))),0) +IFERROR(FILTER('RR5 Player Stats'!V$3:V$50, ISNUMBER(SEARCH($A8,'RR5 Player Stats'!$A$3:$A$50))),0)"),16.0) -> 16 | D8: =IFERROR(__xludf.DUMMYFUNCTION("IFERROR(FILTER('RR1 Player Stats'!W$3:W$50, ISNUMBER(SEARCH($A8,'RR1 Player Stats'!$A$3:$A$50))),0) +IFERROR(FILTER('RR2 Player Stats'!W$3:W$50, ISNUMBER(SEARCH($A8,'RR2 Player Stats'!$A$3:$A$50))),0) +IFERROR(FILTER('RR3 Player Stats'!W$3:W$50, ISNUMBER("&"SEARCH($A8,'RR3 Player Stats'!$A$3:$A$50))),0) +IFERROR(FILTER('RR4 Player Stats'!W$3:W$50, ISNUMBER(SEARCH($A8,'RR4 Player Stats'!$A$3:$A$50))),0) +IFERROR(FILTER('RR5 Player Stats'!W$3:W$50, ISNUMBER(SEARCH($A8,'RR5 Player Stats'!$A$3:$A$50))),0)"),17.0) -> 17 | E8: =IFERROR(__xludf.DUMMYFUNCTION("IFERROR(FILTER('RR1 Player Stats'!X$3:X$50, ISNUMBER(SEARCH($A8,'RR1 Player Stats'!$A$3:$A$50))),0) +IFERROR(FILTER('RR2 Player Stats'!X$3:X$50, ISNUMBER(SEARCH($A8,'RR2 Player Stats'!$A$3:$A$50))),0) +IFERROR(FILTER('RR3 Player Stats'!X$3:X$50, ISNUMBER("&"SEARCH($A8,'RR3 Player Stats'!$A$3:$A$50))),0) +IFERROR(FILTER('RR4 Player Stats'!X$3:X$50, ISNUMBER(SEARCH($A8,'RR4 Player Stats'!$A$3:$A$50))),0) +IFERROR(FILTER('RR5 Player Stats'!X$3:X$50, ISNUMBER(SEARCH($A8,'RR5 Player Stats'!$A$3:$A$50))),0)"),8.0) -> 8 | F8: =IFERROR(__xludf.DUMMYFUNCTION("IFERROR(FILTER('RR1 Player Stats'!Y$3:Y$50, ISNUMBER(SEARCH($A8,'RR1 Player Stats'!$A$3:$A$50))),0) +IFERROR(FILTER('RR2 Player Stats'!Y$3:Y$50, ISNUMBER(SEARCH($A8,'RR2 Player Stats'!$A$3:$A$50))),0) +IFERROR(FILTER('RR3 Player Stats'!Y$3:Y$50, ISNUMBER("&"SEARCH($A8,'RR3 Player Stats'!$A$3:$A$50))),0) +IFERROR(FILTER('RR4 Player Stats'!Y$3:Y$50, ISNUMBER(SEARCH($A8,'RR4 Player Stats'!$A$3:$A$50))),0) +IFERROR(FILTER('RR5 Player Stats'!Y$3:Y$50, ISNUMBER(SEARCH($A8,'RR5 Player Stats'!$A$3:$A$50))),0)"),166.0) -> 166 | G8: =IFERROR(__xludf.DUMMYFUNCTION("IFERROR(FILTER('RR1 Player Stats'!Z$3:Z$50, ISNUMBER(SEARCH($A8,'RR1 Player Stats'!$A$3:$A$50))),0) +IFERROR(FILTER('RR2 Player Stats'!Z$3:Z$50, ISNUMBER(SEARCH($A8,'RR2 Player Stats'!$A$3:$A$50))),0) +IFERROR(FILTER('RR3 Player Stats'!Z$3:Z$50, ISNUMBER("&"SEARCH($A8,'RR3 Player Stats'!$A$3:$A$50))),0) +IFERROR(FILTER('RR4 Player Stats'!Z$3:Z$50, ISNUMBER(SEARCH($A8,'RR4 Player Stats'!$A$3:$A$50))),0) +IFERROR(FILTER('RR5 Player Stats'!Z$3:Z$50, ISNUMBER(SEARCH($A8,'RR5 Player Stats'!$A$3:$A$50))),0)"),134.0) -> 134 | H8: =IFERROR(__xludf.DUMMYFUNCTION("(IFERROR(FILTER('RR1 Player Stats'!AA$3:AA$50, ISNUMBER(SEARCH($A8,'RR1 Player Stats'!$A$3:$A$50))),0) +IFERROR(FILTER('RR2 Player Stats'!AA$3:AA$50, ISNUMBER(SEARCH($A8,'RR2 Player Stats'!$A$3:$A$50))),0) +IFERROR(FILTER('RR3 Player Stats'!AA$3:AA$50, IS"&"NUMBER(SEARCH($A8,'RR3 Player Stats'!$A$3:$A$50))),0) +IFERROR(FILTER('RR4 Player Stats'!AA$3:AA$50, ISNUMBER(SEARCH($A8,'RR4 Player Stats'!$A$3:$A$50))),0) +IFERROR(FILTER('RR5 Player Stats'!AA$3:AA$50, ISNUMBER(SEARCH($A8,'RR5 Player Stats'!$A$3:$A$50))"&"),0))/5"),0.55) -> 0.55 | I8: =IFERROR(__xludf.DUMMYFUNCTION("IFERROR(FILTER('RR1 Player Stats'!AB$3:AB$50, ISNUMBER(SEARCH($A8,'RR1 Player Stats'!$A$3:$A$50))),0) +IFERROR(FILTER('RR2 Player Stats'!AB$3:AB$50, ISNUMBER(SEARCH($A8,'RR2 Player Stats'!$A$3:$A$50))),0) +IFERROR(FILTER('RR3 Player Stats'!AB$3:AB$50, ISN"&"UMBER(SEARCH($A8,'RR3 Player Stats'!$A$3:$A$50))),0) +IFERROR(FILTER('RR4 Player Stats'!AB$3:AB$50, ISNUMBER(SEARCH($A8,'RR4 Player Stats'!$A$3:$A$50))),0) +IFERROR(FILTER('RR5 Player Stats'!AB$3:AB$50, ISNUMBER(SEARCH($A8,'RR5 Player Stats'!$A$3:$A$50)))"&",0)"),10.0) -> 10 | J8: =IFERROR(__xludf.DUMMYFUNCTION("IFERROR(FILTER('RR1 Player Stats'!AC$3:AC$50, ISNUMBER(SEARCH($A8,'RR1 Player Stats'!$A$3:$A$50))),0) +IFERROR(FILTER('RR2 Player Stats'!AC$3:AC$50, ISNUMBER(SEARCH($A8,'RR2 Player Stats'!$A$3:$A$50))),0) +IFERROR(FILTER('RR3 Player Stats'!AC$3:AC$50, ISN"&"UMBER(SEARCH($A8,'RR3 Player Stats'!$A$3:$A$50))),0) +IFERROR(FILTER('RR4 Player Stats'!AC$3:AC$50, ISNUMBER(SEARCH($A8,'RR4 Player Stats'!$A$3:$A$50))),0) +IFERROR(FILTER('RR5 Player Stats'!AC$3:AC$50, ISNUMBER(SEARCH($A8,'RR5 Player Stats'!$A$3:$A$50)))"&",0)"),10.0) -> 10 | K8: =IFERROR(__xludf.DUMMYFUNCTION("IFERROR(FILTER('RR1 Player Stats'!AD$3:AD$50, ISNUMBER(SEARCH($A8,'RR1 Player Stats'!$A$3:$A$50))),0) +IFERROR(FILTER('RR2 Player Stats'!AD$3:AD$50, ISNUMBER(SEARCH($A8,'RR2 Player Stats'!$A$3:$A$50))),0) +IFERROR(FILTER('RR3 Player Stats'!AD$3:AD$50, ISN"&"UMBER(SEARCH($A8,'RR3 Player Stats'!$A$3:$A$50))),0) +IFERROR(FILTER('RR4 Player Stats'!AD$3:AD$50, ISNUMBER(SEARCH($A8,'RR4 Player Stats'!$A$3:$A$50))),0) +IFERROR(FILTER('RR5 Player Stats'!AD$3:AD$50, ISNUMBER(SEARCH($A8,'RR5 Player Stats'!$A$3:$A$50)))"&",0)"),5.0) -> 5 | L8: =IFERROR(__xludf.DUMMYFUNCTION("IFERROR(FILTER('RR1 Player Stats'!AE$3:AE$50, ISNUMBER(SEARCH($A8,'RR1 Player Stats'!$A$3:$A$50))),0) +IFERROR(FILTER('RR2 Player Stats'!AE$3:AE$50, ISNUMBER(SEARCH($A8,'RR2 Player Stats'!$A$3:$A$50))),0) +IFERROR(FILTER('RR3 Player Stats'!AE$3:AE$50, ISN"&"UMBER(SEARCH($A8,'RR3 Player Stats'!$A$3:$A$50))),0) +IFERROR(FILTER('RR4 Player Stats'!AE$3:AE$50, ISNUMBER(SEARCH($A8,'RR4 Player Stats'!$A$3:$A$50))),0) +IFERROR(FILTER('RR5 Player Stats'!AE$3:AE$50, ISNUMBER(SEARCH($A8,'RR5 Player Stats'!$A$3:$A$50)))"&",0)"),100.0) -> 100 | M8: =IFERROR(__xludf.DUMMYFUNCTION("IFERROR(FILTER('RR1 Player Stats'!AF$3:AF$50, ISNUMBER(SEARCH($A8,'RR1 Player Stats'!$A$3:$A$50))),0) +IFERROR(FILTER('RR2 Player Stats'!AF$3:AF$50, ISNUMBER(SEARCH($A8,'RR2 Player Stats'!$A$3:$A$50))),0) +IFERROR(FILTER('RR3 Player Stats'!AF$3:AF$50, ISN"&"UMBER(SEARCH($A8,'RR3 Player Stats'!$A$3:$A$50))),0) +IFERROR(FILTER('RR4 Player Stats'!AF$3:AF$50, ISNUMBER(SEARCH($A8,'RR4 Player Stats'!$A$3:$A$50))),0) +IFERROR(FILTER('RR5 Player Stats'!AF$3:AF$50, ISNUMBER(SEARCH($A8,'RR5 Player Stats'!$A$3:$A$50)))"&",0)"),80.0) -> 80 | N8: =IFERROR(__xludf.DUMMYFUNCTION("(IFERROR(FILTER('RR1 Player Stats'!AG$3:AG$50, ISNUMBER(SEARCH($A8,'RR1 Player Stats'!$A$3:$A$50))),0) +IFERROR(FILTER('RR2 Player Stats'!AG$3:AG$50, ISNUMBER(SEARCH($A8,'RR2 Player Stats'!$A$3:$A$50))),0) +IFERROR(FILTER('RR3 Player Stats'!AG$3:AG$50, IS"&"NUMBER(SEARCH($A8,'RR3 Player Stats'!$A$3:$A$50))),0) +IFERROR(FILTER('RR4 Player Stats'!AG$3:AG$50, ISNUMBER(SEARCH($A8,'RR4 Player Stats'!$A$3:$A$50))),0) +IFERROR(FILTER('RR5 Player Stats'!AG$3:AG$50, ISNUMBER(SEARCH($A8,'RR5 Player Stats'!$A$3:$A$50))"&"),0))/5"),0.5039999999999999) -> 0.504 | O8: =IFERROR(__xludf.DUMMYFUNCTION("IFERROR(FILTER('RR1 Player Stats'!AH$3:AH$50, ISNUMBER(SEARCH($A8,'RR1 Player Stats'!$A$3:$A$50))),0) +IFERROR(FILTER('RR2 Player Stats'!AH$3:AH$50, ISNUMBER(SEARCH($A8,'RR2 Player Stats'!$A$3:$A$50))),0) +IFERROR(FILTER('RR3 Player Stats'!AH$3:AH$50, ISN"&"UMBER(SEARCH($A8,'RR3 Player Stats'!$A$3:$A$50))),0) +IFERROR(FILTER('RR4 Player Stats'!AH$3:AH$50, ISNUMBER(SEARCH($A8,'RR4 Player Stats'!$A$3:$A$50))),0) +IFERROR(FILTER('RR5 Player Stats'!AH$3:AH$50, ISNUMBER(SEARCH($A8,'RR5 Player Stats'!$A$3:$A$50)))"&",0)"),26.0) -> 26 | P8: =IFERROR(__xludf.DUMMYFUNCTION("IFERROR(FILTER('RR1 Player Stats'!AI$3:AI$50, ISNUMBER(SEARCH($A8,'RR1 Player Stats'!$A$3:$A$50))),0) +IFERROR(FILTER('RR2 Player Stats'!AI$3:AI$50, ISNUMBER(SEARCH($A8,'RR2 Player Stats'!$A$3:$A$50))),0) +IFERROR(FILTER('RR3 Player Stats'!AI$3:AI$50, ISN"&"UMBER(SEARCH($A8,'RR3 Player Stats'!$A$3:$A$50))),0) +IFERROR(FILTER('RR4 Player Stats'!AI$3:AI$50, ISNUMBER(SEARCH($A8,'RR4 Player Stats'!$A$3:$A$50))),0) +IFERROR(FILTER('RR5 Player Stats'!AI$3:AI$50, ISNUMBER(SEARCH($A8,'RR5 Player Stats'!$A$3:$A$50)))"&",0)"),27.0) -> 27 | Q8: =IFERROR(__xludf.DUMMYFUNCTION("IFERROR(FILTER('RR1 Player Stats'!AJ$3:AJ$50, ISNUMBER(SEARCH($A8,'RR1 Player Stats'!$A$3:$A$50))),0) +IFERROR(FILTER('RR2 Player Stats'!AJ$3:AJ$50, ISNUMBER(SEARCH($A8,'RR2 Player Stats'!$A$3:$A$50))),0) +IFERROR(FILTER('RR3 Player Stats'!AJ$3:AJ$50, ISN"&"UMBER(SEARCH($A8,'RR3 Player Stats'!$A$3:$A$50))),0) +IFERROR(FILTER('RR4 Player Stats'!AJ$3:AJ$50, ISNUMBER(SEARCH($A8,'RR4 Player Stats'!$A$3:$A$50))),0) +IFERROR(FILTER('RR5 Player Stats'!AJ$3:AJ$50, ISNUMBER(SEARCH($A8,'RR5 Player Stats'!$A$3:$A$50)))"&",0)"),13.0) -> 13 | R8: =IFERROR(__xludf.DUMMYFUNCTION("IFERROR(FILTER('RR1 Player Stats'!AK$3:AK$50, ISNUMBER(SEARCH($A8,'RR1 Player Stats'!$A$3:$A$50))),0) +IFERROR(FILTER('RR2 Player Stats'!AK$3:AK$50, ISNUMBER(SEARCH($A8,'RR2 Player Stats'!$A$3:$A$50))),0) +IFERROR(FILTER('RR3 Player Stats'!AK$3:AK$50, ISN"&"UMBER(SEARCH($A8,'RR3 Player Stats'!$A$3:$A$50))),0) +IFERROR(FILTER('RR4 Player Stats'!AK$3:AK$50, ISNUMBER(SEARCH($A8,'RR4 Player Stats'!$A$3:$A$50))),0) +IFERROR(FILTER('RR5 Player Stats'!AK$3:AK$50, ISNUMBER(SEARCH($A8,'RR5 Player Stats'!$A$3:$A$50)))"&",0)"),266.0) -> 266 | S8: =IFERROR(__xludf.DUMMYFUNCTION("IFERROR(FILTER('RR1 Player Stats'!AL$3:AL$50, ISNUMBER(SEARCH($A8,'RR1 Player Stats'!$A$3:$A$50))),0) +IFERROR(FILTER('RR2 Player Stats'!AL$3:AL$50, ISNUMBER(SEARCH($A8,'RR2 Player Stats'!$A$3:$A$50))),0) +IFERROR(FILTER('RR3 Player Stats'!AL$3:AL$50, ISN"&"UMBER(SEARCH($A8,'RR3 Player Stats'!$A$3:$A$50))),0) +IFERROR(FILTER('RR4 Player Stats'!AL$3:AL$50, ISNUMBER(SEARCH($A8,'RR4 Player Stats'!$A$3:$A$50))),0) +IFERROR(FILTER('RR5 Player Stats'!AL$3:AL$50, ISNUMBER(SEARCH($A8,'RR5 Player Stats'!$A$3:$A$50)))"&",0)"),214.0) -> 214 | T8: =IFERROR(__xludf.DUMMYFUNCTION("(IFERROR(FILTER('RR1 Player Stats'!AM$3:AM$50, ISNUMBER(SEARCH($A8,'RR1 Player Stats'!$A$3:$A$50))),0) +IFERROR(FILTER('RR2 Player Stats'!AM$3:AM$50, ISNUMBER(SEARCH($A8,'RR2 Player Stats'!$A$3:$A$50))),0) +IFERROR(FILTER('RR3 Player Stats'!AM$3:AM$50, IS"&"NUMBER(SEARCH($A8,'RR3 Player Stats'!$A$3:$A$50))),0) +IFERROR(FILTER('RR4 Player Stats'!AM$3:AM$50, ISNUMBER(SEARCH($A8,'RR4 Player Stats'!$A$3:$A$50))),0) +IFERROR(FILTER('RR5 Player Stats'!AM$3:AM$50, ISNUMBER(SEARCH($A8,'RR5 Player Stats'!$A$3:$A$50))"&"),0))/B8"),0.53) -> 0.53 | U8: =IFERROR(__xludf.DUMMYFUNCTION("MEDIAN(IFERROR(FILTER('RR1 Player Stats'!AH$3:AH$50, ISNUMBER(SEARCH($A8,'RR1 Player Stats'!$A$3:$A$50))),0),IFERROR(FILTER('RR2 Player Stats'!AH$3:AH$50, ISNUMBER(SEARCH($A8,'RR2 Player Stats'!$A$3:$A$50))),0),IFERROR(FILTER('RR3 Player Stats'!AH$3:AH$50"&", ISNUMBER(SEARCH($A8,'RR3 Player Stats'!$A$3:$A$50))),0),IFERROR(FILTER('RR4 Player Stats'!AH$3:AH$50, ISNUMBER(SEARCH($A8,'RR4 Player Stats'!$A$3:$A$50))),0),IFERROR(FILTER('RR5 Player Stats'!AH$3:AH$50, ISNUMBER(SEARCH($A8,'RR5 Player Stats'!$A$3:$A$50"&"))),0))"),5.0) -> 5 | V8: =IFERROR(__xludf.DUMMYFUNCTION("MEDIAN(IFERROR(FILTER('RR1 Player Stats'!AI$3:AI$50, ISNUMBER(SEARCH($A8,'RR1 Player Stats'!$A$3:$A$50))),0),IFERROR(FILTER('RR2 Player Stats'!AI$3:AI$50, ISNUMBER(SEARCH($A8,'RR2 Player Stats'!$A$3:$A$50))),0),IFERROR(FILTER('RR3 Player Stats'!AI$3:AI$50"&", ISNUMBER(SEARCH($A8,'RR3 Player Stats'!$A$3:$A$50))),0),IFERROR(FILTER('RR4 Player Stats'!AI$3:AI$50, ISNUMBER(SEARCH($A8,'RR4 Player Stats'!$A$3:$A$50))),0),IFERROR(FILTER('RR5 Player Stats'!AI$3:AI$50, ISNUMBER(SEARCH($A8,'RR5 Player Stats'!$A$3:$A$50"&"))),0))"),6.0) -> 6 | W8: =IFERROR(__xludf.DUMMYFUNCTION("MEDIAN(IFERROR(FILTER('RR1 Player Stats'!AJ$3:AJ$50, ISNUMBER(SEARCH($A8,'RR1 Player Stats'!$A$3:$A$50))),0),IFERROR(FILTER('RR2 Player Stats'!AJ$3:AJ$50, ISNUMBER(SEARCH($A8,'RR2 Player Stats'!$A$3:$A$50))),0),IFERROR(FILTER('RR3 Player Stats'!AJ$3:AJ$50"&", ISNUMBER(SEARCH($A8,'RR3 Player Stats'!$A$3:$A$50))),0),IFERROR(FILTER('RR4 Player Stats'!AJ$3:AJ$50, ISNUMBER(SEARCH($A8,'RR4 Player Stats'!$A$3:$A$50))),0),IFERROR(FILTER('RR5 Player Stats'!AJ$3:AJ$50, ISNUMBER(SEARCH($A8,'RR5 Player Stats'!$A$3:$A$50"&"))),0))"),3.0) -> 3 | X8: =IFERROR(__xludf.DUMMYFUNCTION("MEDIAN(IFERROR(FILTER('RR1 Player Stats'!AK$3:AK$50, ISNUMBER(SEARCH($A8,'RR1 Player Stats'!$A$3:$A$50))),0),IFERROR(FILTER('RR2 Player Stats'!AK$3:AK$50, ISNUMBER(SEARCH($A8,'RR2 Player Stats'!$A$3:$A$50))),0),IFERROR(FILTER('RR3 Player Stats'!AK$3:AK$50"&", ISNUMBER(SEARCH($A8,'RR3 Player Stats'!$A$3:$A$50))),0),IFERROR(FILTER('RR4 Player Stats'!AK$3:AK$50, ISNUMBER(SEARCH($A8,'RR4 Player Stats'!$A$3:$A$50))),0),IFERROR(FILTER('RR5 Player Stats'!AK$3:AK$50, ISNUMBER(SEARCH($A8,'RR5 Player Stats'!$A$3:$A$50"&"))),0))"),58.0) -> 58 | Y8: =IFERROR(__xludf.DUMMYFUNCTION("MEDIAN(IFERROR(FILTER('RR1 Player Stats'!AL$3:AL$50, ISNUMBER(SEARCH($A8,'RR1 Player Stats'!$A$3:$A$50))),0),IFERROR(FILTER('RR2 Player Stats'!AL$3:AL$50, ISNUMBER(SEARCH($A8,'RR2 Player Stats'!$A$3:$A$50))),0),IFERROR(FILTER('RR3 Player Stats'!AL$3:AL$50"&", ISNUMBER(SEARCH($A8,'RR3 Player Stats'!$A$3:$A$50))),0),IFERROR(FILTER('RR4 Player Stats'!AL$3:AL$50, ISNUMBER(SEARCH($A8,'RR4 Player Stats'!$A$3:$A$50))),0),IFERROR(FILTER('RR5 Player Stats'!AL$3:AL$50, ISNUMBER(SEARCH($A8,'RR5 Player Stats'!$A$3:$A$50"&"))),0))"),44.0) -> 44 | Z8: =IFERROR(__xludf.DUMMYFUNCTION("MEDIAN(IFERROR(FILTER('RR1 Player Stats'!AM$3:AM$50, ISNUMBER(SEARCH($A8,'RR1 Player Stats'!$A$3:$A$50))),0),IFERROR(FILTER('RR2 Player Stats'!AM$3:AM$50, ISNUMBER(SEARCH($A8,'RR2 Player Stats'!$A$3:$A$50))),0),IFERROR(FILTER('RR3 Player Stats'!AM$3:AM$50"&", ISNUMBER(SEARCH($A8,'RR3 Player Stats'!$A$3:$A$50))),0),IFERROR(FILTER('RR4 Player Stats'!AM$3:AM$50, ISNUMBER(SEARCH($A8,'RR4 Player Stats'!$A$3:$A$50))),0),IFERROR(FILTER('RR5 Player Stats'!AM$3:AM$50, ISNUMBER(SEARCH($A8,'RR5 Player Stats'!$A$3:$A$50"&"))),0))"),0.55) -> 0.55
A9: [6.3] Rishabh V | B9: =COUNTIF('RR1 Player Stats'!$A$3:$A$50,$A9)+COUNTIF('RR2 Player Stats'!$A$3:$A$50,$A9)+COUNTIF('RR3 Player Stats'!$A$3:$A$50,$A9)+COUNTIF('RR4 Player Stats'!$A$3:$A$50,$A9)+COUNTIF('RR5 Player Stats'!$A$3:$A$50,$A9) -> 4 | C9: =IFERROR(__xludf.DUMMYFUNCTION("IFERROR(FILTER('RR1 Player Stats'!V$3:V$50, ISNUMBER(SEARCH($A9,'RR1 Player Stats'!$A$3:$A$50))),0) +IFERROR(FILTER('RR2 Player Stats'!V$3:V$50, ISNUMBER(SEARCH($A9,'RR2 Player Stats'!$A$3:$A$50))),0) +IFERROR(FILTER('RR3 Player Stats'!V$3:V$50, ISNUMBER("&"SEARCH($A9,'RR3 Player Stats'!$A$3:$A$50))),0) +IFERROR(FILTER('RR4 Player Stats'!V$3:V$50, ISNUMBER(SEARCH($A9,'RR4 Player Stats'!$A$3:$A$50))),0) +IFERROR(FILTER('RR5 Player Stats'!V$3:V$50, ISNUMBER(SEARCH($A9,'RR5 Player Stats'!$A$3:$A$50))),0)"),12.0) -> 12 | D9: =IFERROR(__xludf.DUMMYFUNCTION("IFERROR(FILTER('RR1 Player Stats'!W$3:W$50, ISNUMBER(SEARCH($A9,'RR1 Player Stats'!$A$3:$A$50))),0) +IFERROR(FILTER('RR2 Player Stats'!W$3:W$50, ISNUMBER(SEARCH($A9,'RR2 Player Stats'!$A$3:$A$50))),0) +IFERROR(FILTER('RR3 Player Stats'!W$3:W$50, ISNUMBER("&"SEARCH($A9,'RR3 Player Stats'!$A$3:$A$50))),0) +IFERROR(FILTER('RR4 Player Stats'!W$3:W$50, ISNUMBER(SEARCH($A9,'RR4 Player Stats'!$A$3:$A$50))),0) +IFERROR(FILTER('RR5 Player Stats'!W$3:W$50, ISNUMBER(SEARCH($A9,'RR5 Player Stats'!$A$3:$A$50))),0)"),23.0) -> 23 | E9: =IFERROR(__xludf.DUMMYFUNCTION("IFERROR(FILTER('RR1 Player Stats'!X$3:X$50, ISNUMBER(SEARCH($A9,'RR1 Player Stats'!$A$3:$A$50))),0) +IFERROR(FILTER('RR2 Player Stats'!X$3:X$50, ISNUMBER(SEARCH($A9,'RR2 Player Stats'!$A$3:$A$50))),0) +IFERROR(FILTER('RR3 Player Stats'!X$3:X$50, ISNUMBER("&"SEARCH($A9,'RR3 Player Stats'!$A$3:$A$50))),0) +IFERROR(FILTER('RR4 Player Stats'!X$3:X$50, ISNUMBER(SEARCH($A9,'RR4 Player Stats'!$A$3:$A$50))),0) +IFERROR(FILTER('RR5 Player Stats'!X$3:X$50, ISNUMBER(SEARCH($A9,'RR5 Player Stats'!$A$3:$A$50))),0)"),6.0) -> 6 | F9: =IFERROR(__xludf.DUMMYFUNCTION("IFERROR(FILTER('RR1 Player Stats'!Y$3:Y$50, ISNUMBER(SEARCH($A9,'RR1 Player Stats'!$A$3:$A$50))),0) +IFERROR(FILTER('RR2 Player Stats'!Y$3:Y$50, ISNUMBER(SEARCH($A9,'RR2 Player Stats'!$A$3:$A$50))),0) +IFERROR(FILTER('RR3 Player Stats'!Y$3:Y$50, ISNUMBER("&"SEARCH($A9,'RR3 Player Stats'!$A$3:$A$50))),0) +IFERROR(FILTER('RR4 Player Stats'!Y$3:Y$50, ISNUMBER(SEARCH($A9,'RR4 Player Stats'!$A$3:$A$50))),0) +IFERROR(FILTER('RR5 Player Stats'!Y$3:Y$50, ISNUMBER(SEARCH($A9,'RR5 Player Stats'!$A$3:$A$50))),0)"),186.0) -> 186 | G9: =IFERROR(__xludf.DUMMYFUNCTION("IFERROR(FILTER('RR1 Player Stats'!Z$3:Z$50, ISNUMBER(SEARCH($A9,'RR1 Player Stats'!$A$3:$A$50))),0) +IFERROR(FILTER('RR2 Player Stats'!Z$3:Z$50, ISNUMBER(SEARCH($A9,'RR2 Player Stats'!$A$3:$A$50))),0) +IFERROR(FILTER('RR3 Player Stats'!Z$3:Z$50, ISNUMBER("&"SEARCH($A9,'RR3 Player Stats'!$A$3:$A$50))),0) +IFERROR(FILTER('RR4 Player Stats'!Z$3:Z$50, ISNUMBER(SEARCH($A9,'RR4 Player Stats'!$A$3:$A$50))),0) +IFERROR(FILTER('RR5 Player Stats'!Z$3:Z$50, ISNUMBER(SEARCH($A9,'RR5 Player Stats'!$A$3:$A$50))),0)"),162.0) -> 162 | H9: =IFERROR(__xludf.DUMMYFUNCTION("(IFERROR(FILTER('RR1 Player Stats'!AA$3:AA$50, ISNUMBER(SEARCH($A9,'RR1 Player Stats'!$A$3:$A$50))),0) +IFERROR(FILTER('RR2 Player Stats'!AA$3:AA$50, ISNUMBER(SEARCH($A9,'RR2 Player Stats'!$A$3:$A$50))),0) +IFERROR(FILTER('RR3 Player Stats'!AA$3:AA$50, IS"&"NUMBER(SEARCH($A9,'RR3 Player Stats'!$A$3:$A$50))),0) +IFERROR(FILTER('RR4 Player Stats'!AA$3:AA$50, ISNUMBER(SEARCH($A9,'RR4 Player Stats'!$A$3:$A$50))),0) +IFERROR(FILTER('RR5 Player Stats'!AA$3:AA$50, ISNUMBER(SEARCH($A9,'RR5 Player Stats'!$A$3:$A$50))"&"),0))/5"),0.584) -> 0.584 | I9: =IFERROR(__xludf.DUMMYFUNCTION("IFERROR(FILTER('RR1 Player Stats'!AB$3:AB$50, ISNUMBER(SEARCH($A9,'RR1 Player Stats'!$A$3:$A$50))),0) +IFERROR(FILTER('RR2 Player Stats'!AB$3:AB$50, ISNUMBER(SEARCH($A9,'RR2 Player Stats'!$A$3:$A$50))),0) +IFERROR(FILTER('RR3 Player Stats'!AB$3:AB$50, ISN"&"UMBER(SEARCH($A9,'RR3 Player Stats'!$A$3:$A$50))),0) +IFERROR(FILTER('RR4 Player Stats'!AB$3:AB$50, ISNUMBER(SEARCH($A9,'RR4 Player Stats'!$A$3:$A$50))),0) +IFERROR(FILTER('RR5 Player Stats'!AB$3:AB$50, ISNUMBER(SEARCH($A9,'RR5 Player Stats'!$A$3:$A$50)))"&",0)"),9.0) -> 9 | J9: =IFERROR(__xludf.DUMMYFUNCTION("IFERROR(FILTER('RR1 Player Stats'!AC$3:AC$50, ISNUMBER(SEARCH($A9,'RR1 Player Stats'!$A$3:$A$50))),0) +IFERROR(FILTER('RR2 Player Stats'!AC$3:AC$50, ISNUMBER(SEARCH($A9,'RR2 Player Stats'!$A$3:$A$50))),0) +IFERROR(FILTER('RR3 Player Stats'!AC$3:AC$50, ISN"&"UMBER(SEARCH($A9,'RR3 Player Stats'!$A$3:$A$50))),0) +IFERROR(FILTER('RR4 Player Stats'!AC$3:AC$50, ISNUMBER(SEARCH($A9,'RR4 Player Stats'!$A$3:$A$50))),0) +IFERROR(FILTER('RR5 Player Stats'!AC$3:AC$50, ISNUMBER(SEARCH($A9,'RR5 Player Stats'!$A$3:$A$50)))"&",0)"),7.0) -> 7 | K9: =IFERROR(__xludf.DUMMYFUNCTION("IFERROR(FILTER('RR1 Player Stats'!AD$3:AD$50, ISNUMBER(SEARCH($A9,'RR1 Player Stats'!$A$3:$A$50))),0) +IFERROR(FILTER('RR2 Player Stats'!AD$3:AD$50, ISNUMBER(SEARCH($A9,'RR2 Player Stats'!$A$3:$A$50))),0) +IFERROR(FILTER('RR3 Player Stats'!AD$3:AD$50, ISN"&"UMBER(SEARCH($A9,'RR3 Player Stats'!$A$3:$A$50))),0) +IFERROR(FILTER('RR4 Player Stats'!AD$3:AD$50, ISNUMBER(SEARCH($A9,'RR4 Player Stats'!$A$3:$A$50))),0) +IFERROR(FILTER('RR5 Player Stats'!AD$3:AD$50, ISNUMBER(SEARCH($A9,'RR5 Player Stats'!$A$3:$A$50)))"&",0)"),8.0) -> 8 | L9: =IFERROR(__xludf.DUMMYFUNCTION("IFERROR(FILTER('RR1 Player Stats'!AE$3:AE$50, ISNUMBER(SEARCH($A9,'RR1 Player Stats'!$A$3:$A$50))),0) +IFERROR(FILTER('RR2 Player Stats'!AE$3:AE$50, ISNUMBER(SEARCH($A9,'RR2 Player Stats'!$A$3:$A$50))),0) +IFERROR(FILTER('RR3 Player Stats'!AE$3:AE$50, ISN"&"UMBER(SEARCH($A9,'RR3 Player Stats'!$A$3:$A$50))),0) +IFERROR(FILTER('RR4 Player Stats'!AE$3:AE$50, ISNUMBER(SEARCH($A9,'RR4 Player Stats'!$A$3:$A$50))),0) +IFERROR(FILTER('RR5 Player Stats'!AE$3:AE$50, ISNUMBER(SEARCH($A9,'RR5 Player Stats'!$A$3:$A$50)))"&",0)"),78.0) -> 78 | M9: =IFERROR(__xludf.DUMMYFUNCTION("IFERROR(FILTER('RR1 Player Stats'!AF$3:AF$50, ISNUMBER(SEARCH($A9,'RR1 Player Stats'!$A$3:$A$50))),0) +IFERROR(FILTER('RR2 Player Stats'!AF$3:AF$50, ISNUMBER(SEARCH($A9,'RR2 Player Stats'!$A$3:$A$50))),0) +IFERROR(FILTER('RR3 Player Stats'!AF$3:AF$50, ISN"&"UMBER(SEARCH($A9,'RR3 Player Stats'!$A$3:$A$50))),0) +IFERROR(FILTER('RR4 Player Stats'!AF$3:AF$50, ISNUMBER(SEARCH($A9,'RR4 Player Stats'!$A$3:$A$50))),0) +IFERROR(FILTER('RR5 Player Stats'!AF$3:AF$50, ISNUMBER(SEARCH($A9,'RR5 Player Stats'!$A$3:$A$50)))"&",0)"),46.0) -> 46 | N9: =IFERROR(__xludf.DUMMYFUNCTION("(IFERROR(FILTER('RR1 Player Stats'!AG$3:AG$50, ISNUMBER(SEARCH($A9,'RR1 Player Stats'!$A$3:$A$50))),0) +IFERROR(FILTER('RR2 Player Stats'!AG$3:AG$50, ISNUMBER(SEARCH($A9,'RR2 Player Stats'!$A$3:$A$50))),0) +IFERROR(FILTER('RR3 Player Stats'!AG$3:AG$50, IS"&"NUMBER(SEARCH($A9,'RR3 Player Stats'!$A$3:$A$50))),0) +IFERROR(FILTER('RR4 Player Stats'!AG$3:AG$50, ISNUMBER(SEARCH($A9,'RR4 Player Stats'!$A$3:$A$50))),0) +IFERROR(FILTER('RR5 Player Stats'!AG$3:AG$50, ISNUMBER(SEARCH($A9,'RR5 Player Stats'!$A$3:$A$50))"&"),0))/5"),0.40199999999999997) -> 0.402 | O9: =IFERROR(__xludf.DUMMYFUNCTION("IFERROR(FILTER('RR1 Player Stats'!AH$3:AH$50, ISNUMBER(SEARCH($A9,'RR1 Player Stats'!$A$3:$A$50))),0) +IFERROR(FILTER('RR2 Player Stats'!AH$3:AH$50, ISNUMBER(SEARCH($A9,'RR2 Player Stats'!$A$3:$A$50))),0) +IFERROR(FILTER('RR3 Player Stats'!AH$3:AH$50, ISN"&"UMBER(SEARCH($A9,'RR3 Player Stats'!$A$3:$A$50))),0) +IFERROR(FILTER('RR4 Player Stats'!AH$3:AH$50, ISNUMBER(SEARCH($A9,'RR4 Player Stats'!$A$3:$A$50))),0) +IFERROR(FILTER('RR5 Player Stats'!AH$3:AH$50, ISNUMBER(SEARCH($A9,'RR5 Player Stats'!$A$3:$A$50)))"&",0)"),21.0) -> 21 | P9: =IFERROR(__xludf.DUMMYFUNCTION("IFERROR(FILTER('RR1 Player Stats'!AI$3:AI$50, ISNUMBER(SEARCH($A9,'RR1 Player Stats'!$A$3:$A$50))),0) +IFERROR(FILTER('RR2 Player Stats'!AI$3:AI$50, ISNUMBER(SEARCH($A9,'RR2 Player Stats'!$A$3:$A$50))),0) +IFERROR(FILTER('RR3 Player Stats'!AI$3:AI$50, ISN"&"UMBER(SEARCH($A9,'RR3 Player Stats'!$A$3:$A$50))),0) +IFERROR(FILTER('RR4 Player Stats'!AI$3:AI$50, ISNUMBER(SEARCH($A9,'RR4 Player Stats'!$A$3:$A$50))),0) +IFERROR(FILTER('RR5 Player Stats'!AI$3:AI$50, ISNUMBER(SEARCH($A9,'RR5 Player Stats'!$A$3:$A$50)))"&",0)"),30.0) -> 30 | Q9: =IFERROR(__xludf.DUMMYFUNCTION("IFERROR(FILTER('RR1 Player Stats'!AJ$3:AJ$50, ISNUMBER(SEARCH($A9,'RR1 Player Stats'!$A$3:$A$50))),0) +IFERROR(FILTER('RR2 Player Stats'!AJ$3:AJ$50, ISNUMBER(SEARCH($A9,'RR2 Player Stats'!$A$3:$A$50))),0) +IFERROR(FILTER('RR3 Player Stats'!AJ$3:AJ$50, ISN"&"UMBER(SEARCH($A9,'RR3 Player Stats'!$A$3:$A$50))),0) +IFERROR(FILTER('RR4 Player Stats'!AJ$3:AJ$50, ISNUMBER(SEARCH($A9,'RR4 Player Stats'!$A$3:$A$50))),0) +IFERROR(FILTER('RR5 Player Stats'!AJ$3:AJ$50, ISNUMBER(SEARCH($A9,'RR5 Player Stats'!$A$3:$A$50)))"&",0)"),14.0) -> 14 | R9: =IFERROR(__xludf.DUMMYFUNCTION("IFERROR(FILTER('RR1 Player Stats'!AK$3:AK$50, ISNUMBER(SEARCH($A9,'RR1 Player Stats'!$A$3:$A$50))),0) +IFERROR(FILTER('RR2 Player Stats'!AK$3:AK$50, ISNUMBER(SEARCH($A9,'RR2 Player Stats'!$A$3:$A$50))),0) +IFERROR(FILTER('RR3 Player Stats'!AK$3:AK$50, ISN"&"UMBER(SEARCH($A9,'RR3 Player Stats'!$A$3:$A$50))),0) +IFERROR(FILTER('RR4 Player Stats'!AK$3:AK$50, ISNUMBER(SEARCH($A9,'RR4 Player Stats'!$A$3:$A$50))),0) +IFERROR(FILTER('RR5 Player Stats'!AK$3:AK$50, ISNUMBER(SEARCH($A9,'RR5 Player Stats'!$A$3:$A$50)))"&",0)"),264.0) -> 264 | S9: =IFERROR(__xludf.DUMMYFUNCTION("IFERROR(FILTER('RR1 Player Stats'!AL$3:AL$50, ISNUMBER(SEARCH($A9,'RR1 Player Stats'!$A$3:$A$50))),0) +IFERROR(FILTER('RR2 Player Stats'!AL$3:AL$50, ISNUMBER(SEARCH($A9,'RR2 Player Stats'!$A$3:$A$50))),0) +IFERROR(FILTER('RR3 Player Stats'!AL$3:AL$50, ISN"&"UMBER(SEARCH($A9,'RR3 Player Stats'!$A$3:$A$50))),0) +IFERROR(FILTER('RR4 Player Stats'!AL$3:AL$50, ISNUMBER(SEARCH($A9,'RR4 Player Stats'!$A$3:$A$50))),0) +IFERROR(FILTER('RR5 Player Stats'!AL$3:AL$50, ISNUMBER(SEARCH($A9,'RR5 Player Stats'!$A$3:$A$50)))"&",0)"),208.0) -> 208 | T9: =IFERROR(__xludf.DUMMYFUNCTION("(IFERROR(FILTER('RR1 Player Stats'!AM$3:AM$50, ISNUMBER(SEARCH($A9,'RR1 Player Stats'!$A$3:$A$50))),0) +IFERROR(FILTER('RR2 Player Stats'!AM$3:AM$50, ISNUMBER(SEARCH($A9,'RR2 Player Stats'!$A$3:$A$50))),0) +IFERROR(FILTER('RR3 Player Stats'!AM$3:AM$50, IS"&"NUMBER(SEARCH($A9,'RR3 Player Stats'!$A$3:$A$50))),0) +IFERROR(FILTER('RR4 Player Stats'!AM$3:AM$50, ISNUMBER(SEARCH($A9,'RR4 Player Stats'!$A$3:$A$50))),0) +IFERROR(FILTER('RR5 Player Stats'!AM$3:AM$50, ISNUMBER(SEARCH($A9,'RR5 Player Stats'!$A$3:$A$50))"&"),0))/B9"),0.6375) -> 0.6375 | U9: =IFERROR(__xludf.DUMMYFUNCTION("MEDIAN(IFERROR(FILTER('RR1 Player Stats'!AH$3:AH$50, ISNUMBER(SEARCH($A9,'RR1 Player Stats'!$A$3:$A$50))),0),IFERROR(FILTER('RR2 Player Stats'!AH$3:AH$50, ISNUMBER(SEARCH($A9,'RR2 Player Stats'!$A$3:$A$50))),0),IFERROR(FILTER('RR3 Player Stats'!AH$3:AH$50"&", ISNUMBER(SEARCH($A9,'RR3 Player Stats'!$A$3:$A$50))),0),IFERROR(FILTER('RR4 Player Stats'!AH$3:AH$50, ISNUMBER(SEARCH($A9,'RR4 Player Stats'!$A$3:$A$50))),0),IFERROR(FILTER('RR5 Player Stats'!AH$3:AH$50, ISNUMBER(SEARCH($A9,'RR5 Player Stats'!$A$3:$A$50"&"))),0))"),5.0) -> 5 | V9: =IFERROR(__xludf.DUMMYFUNCTION("MEDIAN(IFERROR(FILTER('RR1 Player Stats'!AI$3:AI$50, ISNUMBER(SEARCH($A9,'RR1 Player Stats'!$A$3:$A$50))),0),IFERROR(FILTER('RR2 Player Stats'!AI$3:AI$50, ISNUMBER(SEARCH($A9,'RR2 Player Stats'!$A$3:$A$50))),0),IFERROR(FILTER('RR3 Player Stats'!AI$3:AI$50"&", ISNUMBER(SEARCH($A9,'RR3 Player Stats'!$A$3:$A$50))),0),IFERROR(FILTER('RR4 Player Stats'!AI$3:AI$50, ISNUMBER(SEARCH($A9,'RR4 Player Stats'!$A$3:$A$50))),0),IFERROR(FILTER('RR5 Player Stats'!AI$3:AI$50, ISNUMBER(SEARCH($A9,'RR5 Player Stats'!$A$3:$A$50"&"))),0))"),4.0) -> 4 | W9: =IFERROR(__xludf.DUMMYFUNCTION("MEDIAN(IFERROR(FILTER('RR1 Player Stats'!AJ$3:AJ$50, ISNUMBER(SEARCH($A9,'RR1 Player Stats'!$A$3:$A$50))),0),IFERROR(FILTER('RR2 Player Stats'!AJ$3:AJ$50, ISNUMBER(SEARCH($A9,'RR2 Player Stats'!$A$3:$A$50))),0),IFERROR(FILTER('RR3 Player Stats'!AJ$3:AJ$50"&", ISNUMBER(SEARCH($A9,'RR3 Player Stats'!$A$3:$A$50))),0),IFERROR(FILTER('RR4 Player Stats'!AJ$3:AJ$50, ISNUMBER(SEARCH($A9,'RR4 Player Stats'!$A$3:$A$50))),0),IFERROR(FILTER('RR5 Player Stats'!AJ$3:AJ$50, ISNUMBER(SEARCH($A9,'RR5 Player Stats'!$A$3:$A$50"&"))),0))"),3.0) -> 3 | X9: =IFERROR(__xludf.DUMMYFUNCTION("MEDIAN(IFERROR(FILTER('RR1 Player Stats'!AK$3:AK$50, ISNUMBER(SEARCH($A9,'RR1 Player Stats'!$A$3:$A$50))),0),IFERROR(FILTER('RR2 Player Stats'!AK$3:AK$50, ISNUMBER(SEARCH($A9,'RR2 Player Stats'!$A$3:$A$50))),0),IFERROR(FILTER('RR3 Player Stats'!AK$3:AK$50"&", ISNUMBER(SEARCH($A9,'RR3 Player Stats'!$A$3:$A$50))),0),IFERROR(FILTER('RR4 Player Stats'!AK$3:AK$50, ISNUMBER(SEARCH($A9,'RR4 Player Stats'!$A$3:$A$50))),0),IFERROR(FILTER('RR5 Player Stats'!AK$3:AK$50, ISNUMBER(SEARCH($A9,'RR5 Player Stats'!$A$3:$A$50"&"))),0))"),60.0) -> 60 | Y9: =IFERROR(__xludf.DUMMYFUNCTION("MEDIAN(IFERROR(FILTER('RR1 Player Stats'!AL$3:AL$50, ISNUMBER(SEARCH($A9,'RR1 Player Stats'!$A$3:$A$50))),0),IFERROR(FILTER('RR2 Player Stats'!AL$3:AL$50, ISNUMBER(SEARCH($A9,'RR2 Player Stats'!$A$3:$A$50))),0),IFERROR(FILTER('RR3 Player Stats'!AL$3:AL$50"&", ISNUMBER(SEARCH($A9,'RR3 Player Stats'!$A$3:$A$50))),0),IFERROR(FILTER('RR4 Player Stats'!AL$3:AL$50, ISNUMBER(SEARCH($A9,'RR4 Player Stats'!$A$3:$A$50))),0),IFERROR(FILTER('RR5 Player Stats'!AL$3:AL$50, ISNUMBER(SEARCH($A9,'RR5 Player Stats'!$A$3:$A$50"&"))),0))"),44.0) -> 44 | Z9: =IFERROR(__xludf.DUMMYFUNCTION("MEDIAN(IFERROR(FILTER('RR1 Player Stats'!AM$3:AM$50, ISNUMBER(SEARCH($A9,'RR1 Player Stats'!$A$3:$A$50))),0),IFERROR(FILTER('RR2 Player Stats'!AM$3:AM$50, ISNUMBER(SEARCH($A9,'RR2 Player Stats'!$A$3:$A$50))),0),IFERROR(FILTER('RR3 Player Stats'!AM$3:AM$50"&", ISNUMBER(SEARCH($A9,'RR3 Player Stats'!$A$3:$A$50))),0),IFERROR(FILTER('RR4 Player Stats'!AM$3:AM$50, ISNUMBER(SEARCH($A9,'RR4 Player Stats'!$A$3:$A$50))),0),IFERROR(FILTER('RR5 Player Stats'!AM$3:AM$50, ISNUMBER(SEARCH($A9,'RR5 Player Stats'!$A$3:$A$50"&"))),0))"),0.65) -> 0.65
A10: [1.4] Connor Z | B10: =COUNTIF('RR1 Player Stats'!$A$3:$A$50,$A10)+COUNTIF('RR2 Player Stats'!$A$3:$A$50,$A10)+COUNTIF('RR3 Player Stats'!$A$3:$A$50,$A10)+COUNTIF('RR4 Player Stats'!$A$3:$A$50,$A10)+COUNTIF('RR5 Player Stats'!$A$3:$A$50,$A10) -> 5 | C10: =IFERROR(__xludf.DUMMYFUNCTION("IFERROR(FILTER('RR1 Player Stats'!V$3:V$50, ISNUMBER(SEARCH($A10,'RR1 Player Stats'!$A$3:$A$50))),0) +IFERROR(FILTER('RR2 Player Stats'!V$3:V$50, ISNUMBER(SEARCH($A10,'RR2 Player Stats'!$A$3:$A$50))),0) +IFERROR(FILTER('RR3 Player Stats'!V$3:V$50, ISNUMBE"&"R(SEARCH($A10,'RR3 Player Stats'!$A$3:$A$50))),0) +IFERROR(FILTER('RR4 Player Stats'!V$3:V$50, ISNUMBER(SEARCH($A10,'RR4 Player Stats'!$A$3:$A$50))),0) +IFERROR(FILTER('RR5 Player Stats'!V$3:V$50, ISNUMBER(SEARCH($A10,'RR5 Player Stats'!$A$3:$A$50))),0)"),6.0) -> 6 | D10: =IFERROR(__xludf.DUMMYFUNCTION("IFERROR(FILTER('RR1 Player Stats'!W$3:W$50, ISNUMBER(SEARCH($A10,'RR1 Player Stats'!$A$3:$A$50))),0) +IFERROR(FILTER('RR2 Player Stats'!W$3:W$50, ISNUMBER(SEARCH($A10,'RR2 Player Stats'!$A$3:$A$50))),0) +IFERROR(FILTER('RR3 Player Stats'!W$3:W$50, ISNUMBE"&"R(SEARCH($A10,'RR3 Player Stats'!$A$3:$A$50))),0) +IFERROR(FILTER('RR4 Player Stats'!W$3:W$50, ISNUMBER(SEARCH($A10,'RR4 Player Stats'!$A$3:$A$50))),0) +IFERROR(FILTER('RR5 Player Stats'!W$3:W$50, ISNUMBER(SEARCH($A10,'RR5 Player Stats'!$A$3:$A$50))),0)"),21.0) -> 21 | E10: =IFERROR(__xludf.DUMMYFUNCTION("IFERROR(FILTER('RR1 Player Stats'!X$3:X$50, ISNUMBER(SEARCH($A10,'RR1 Player Stats'!$A$3:$A$50))),0) +IFERROR(FILTER('RR2 Player Stats'!X$3:X$50, ISNUMBER(SEARCH($A10,'RR2 Player Stats'!$A$3:$A$50))),0) +IFERROR(FILTER('RR3 Player Stats'!X$3:X$50, ISNUMBE"&"R(SEARCH($A10,'RR3 Player Stats'!$A$3:$A$50))),0) +IFERROR(FILTER('RR4 Player Stats'!X$3:X$50, ISNUMBER(SEARCH($A10,'RR4 Player Stats'!$A$3:$A$50))),0) +IFERROR(FILTER('RR5 Player Stats'!X$3:X$50, ISNUMBER(SEARCH($A10,'RR5 Player Stats'!$A$3:$A$50))),0)"),11.0) -> 11 | F10: =IFERROR(__xludf.DUMMYFUNCTION("IFERROR(FILTER('RR1 Player Stats'!Y$3:Y$50, ISNUMBER(SEARCH($A10,'RR1 Player Stats'!$A$3:$A$50))),0) +IFERROR(FILTER('RR2 Player Stats'!Y$3:Y$50, ISNUMBER(SEARCH($A10,'RR2 Player Stats'!$A$3:$A$50))),0) +IFERROR(FILTER('RR3 Player Stats'!Y$3:Y$50, ISNUMBE"&"R(SEARCH($A10,'RR3 Player Stats'!$A$3:$A$50))),0) +IFERROR(FILTER('RR4 Player Stats'!Y$3:Y$50, ISNUMBER(SEARCH($A10,'RR4 Player Stats'!$A$3:$A$50))),0) +IFERROR(FILTER('RR5 Player Stats'!Y$3:Y$50, ISNUMBER(SEARCH($A10,'RR5 Player Stats'!$A$3:$A$50))),0)"),150.0) -> 150 | G10: =IFERROR(__xludf.DUMMYFUNCTION("IFERROR(FILTER('RR1 Player Stats'!Z$3:Z$50, ISNUMBER(SEARCH($A10,'RR1 Player Stats'!$A$3:$A$50))),0) +IFERROR(FILTER('RR2 Player Stats'!Z$3:Z$50, ISNUMBER(SEARCH($A10,'RR2 Player Stats'!$A$3:$A$50))),0) +IFERROR(FILTER('RR3 Player Stats'!Z$3:Z$50, ISNUMBE"&"R(SEARCH($A10,'RR3 Player Stats'!$A$3:$A$50))),0) +IFERROR(FILTER('RR4 Player Stats'!Z$3:Z$50, ISNUMBER(SEARCH($A10,'RR4 Player Stats'!$A$3:$A$50))),0) +IFERROR(FILTER('RR5 Player Stats'!Z$3:Z$50, ISNUMBER(SEARCH($A10,'RR5 Player Stats'!$A$3:$A$50))),0)"),106.0) -> 106 | H10: =IFERROR(__xludf.DUMMYFUNCTION("(IFERROR(FILTER('RR1 Player Stats'!AA$3:AA$50, ISNUMBER(SEARCH($A10,'RR1 Player Stats'!$A$3:$A$50))),0) +IFERROR(FILTER('RR2 Player Stats'!AA$3:AA$50, ISNUMBER(SEARCH($A10,'RR2 Player Stats'!$A$3:$A$50))),0) +IFERROR(FILTER('RR3 Player Stats'!AA$3:AA$50, "&"ISNUMBER(SEARCH($A10,'RR3 Player Stats'!$A$3:$A$50))),0) +IFERROR(FILTER('RR4 Player Stats'!AA$3:AA$50, ISNUMBER(SEARCH($A10,'RR4 Player Stats'!$A$3:$A$50))),0) +IFERROR(FILTER('RR5 Player Stats'!AA$3:AA$50, ISNUMBER(SEARCH($A10,'RR5 Player Stats'!$A$3:$A"&"$50))),0))/5"),0.44399999999999995) -> 0.444 | I10: =IFERROR(__xludf.DUMMYFUNCTION("IFERROR(FILTER('RR1 Player Stats'!AB$3:AB$50, ISNUMBER(SEARCH($A10,'RR1 Player Stats'!$A$3:$A$50))),0) +IFERROR(FILTER('RR2 Player Stats'!AB$3:AB$50, ISNUMBER(SEARCH($A10,'RR2 Player Stats'!$A$3:$A$50))),0) +IFERROR(FILTER('RR3 Player Stats'!AB$3:AB$50, I"&"SNUMBER(SEARCH($A10,'RR3 Player Stats'!$A$3:$A$50))),0) +IFERROR(FILTER('RR4 Player Stats'!AB$3:AB$50, ISNUMBER(SEARCH($A10,'RR4 Player Stats'!$A$3:$A$50))),0) +IFERROR(FILTER('RR5 Player Stats'!AB$3:AB$50, ISNUMBER(SEARCH($A10,'RR5 Player Stats'!$A$3:$A$"&"50))),0)"),4.0) -> 4 | J10: =IFERROR(__xludf.DUMMYFUNCTION("IFERROR(FILTER('RR1 Player Stats'!AC$3:AC$50, ISNUMBER(SEARCH($A10,'RR1 Player Stats'!$A$3:$A$50))),0) +IFERROR(FILTER('RR2 Player Stats'!AC$3:AC$50, ISNUMBER(SEARCH($A10,'RR2 Player Stats'!$A$3:$A$50))),0) +IFERROR(FILTER('RR3 Player Stats'!AC$3:AC$50, I"&"SNUMBER(SEARCH($A10,'RR3 Player Stats'!$A$3:$A$50))),0) +IFERROR(FILTER('RR4 Player Stats'!AC$3:AC$50, ISNUMBER(SEARCH($A10,'RR4 Player Stats'!$A$3:$A$50))),0) +IFERROR(FILTER('RR5 Player Stats'!AC$3:AC$50, ISNUMBER(SEARCH($A10,'RR5 Player Stats'!$A$3:$A$"&"50))),0)"),13.0) -> 13 | K10: =IFERROR(__xludf.DUMMYFUNCTION("IFERROR(FILTER('RR1 Player Stats'!AD$3:AD$50, ISNUMBER(SEARCH($A10,'RR1 Player Stats'!$A$3:$A$50))),0) +IFERROR(FILTER('RR2 Player Stats'!AD$3:AD$50, ISNUMBER(SEARCH($A10,'RR2 Player Stats'!$A$3:$A$50))),0) +IFERROR(FILTER('RR3 Player Stats'!AD$3:AD$50, I"&"SNUMBER(SEARCH($A10,'RR3 Player Stats'!$A$3:$A$50))),0) +IFERROR(FILTER('RR4 Player Stats'!AD$3:AD$50, ISNUMBER(SEARCH($A10,'RR4 Player Stats'!$A$3:$A$50))),0) +IFERROR(FILTER('RR5 Player Stats'!AD$3:AD$50, ISNUMBER(SEARCH($A10,'RR5 Player Stats'!$A$3:$A$"&"50))),0)"),14.0) -> 14 | L10: =IFERROR(__xludf.DUMMYFUNCTION("IFERROR(FILTER('RR1 Player Stats'!AE$3:AE$50, ISNUMBER(SEARCH($A10,'RR1 Player Stats'!$A$3:$A$50))),0) +IFERROR(FILTER('RR2 Player Stats'!AE$3:AE$50, ISNUMBER(SEARCH($A10,'RR2 Player Stats'!$A$3:$A$50))),0) +IFERROR(FILTER('RR3 Player Stats'!AE$3:AE$50, I"&"SNUMBER(SEARCH($A10,'RR3 Player Stats'!$A$3:$A$50))),0) +IFERROR(FILTER('RR4 Player Stats'!AE$3:AE$50, ISNUMBER(SEARCH($A10,'RR4 Player Stats'!$A$3:$A$50))),0) +IFERROR(FILTER('RR5 Player Stats'!AE$3:AE$50, ISNUMBER(SEARCH($A10,'RR5 Player Stats'!$A$3:$A$"&"50))),0)"),94.0) -> 94 | M10: =IFERROR(__xludf.DUMMYFUNCTION("IFERROR(FILTER('RR1 Player Stats'!AF$3:AF$50, ISNUMBER(SEARCH($A10,'RR1 Player Stats'!$A$3:$A$50))),0) +IFERROR(FILTER('RR2 Player Stats'!AF$3:AF$50, ISNUMBER(SEARCH($A10,'RR2 Player Stats'!$A$3:$A$50))),0) +IFERROR(FILTER('RR3 Player Stats'!AF$3:AF$50, I"&"SNUMBER(SEARCH($A10,'RR3 Player Stats'!$A$3:$A$50))),0) +IFERROR(FILTER('RR4 Player Stats'!AF$3:AF$50, ISNUMBER(SEARCH($A10,'RR4 Player Stats'!$A$3:$A$50))),0) +IFERROR(FILTER('RR5 Player Stats'!AF$3:AF$50, ISNUMBER(SEARCH($A10,'RR5 Player Stats'!$A$3:$A$"&"50))),0)"),38.0) -> 38 | N10: =IFERROR(__xludf.DUMMYFUNCTION("(IFERROR(FILTER('RR1 Player Stats'!AG$3:AG$50, ISNUMBER(SEARCH($A10,'RR1 Player Stats'!$A$3:$A$50))),0) +IFERROR(FILTER('RR2 Player Stats'!AG$3:AG$50, ISNUMBER(SEARCH($A10,'RR2 Player Stats'!$A$3:$A$50))),0) +IFERROR(FILTER('RR3 Player Stats'!AG$3:AG$50, "&"ISNUMBER(SEARCH($A10,'RR3 Player Stats'!$A$3:$A$50))),0) +IFERROR(FILTER('RR4 Player Stats'!AG$3:AG$50, ISNUMBER(SEARCH($A10,'RR4 Player Stats'!$A$3:$A$50))),0) +IFERROR(FILTER('RR5 Player Stats'!AG$3:AG$50, ISNUMBER(SEARCH($A10,'RR5 Player Stats'!$A$3:$A"&"$50))),0))/5"),0.442) -> 0.442 | O10: =IFERROR(__xludf.DUMMYFUNCTION("IFERROR(FILTER('RR1 Player Stats'!AH$3:AH$50, ISNUMBER(SEARCH($A10,'RR1 Player Stats'!$A$3:$A$50))),0) +IFERROR(FILTER('RR2 Player Stats'!AH$3:AH$50, ISNUMBER(SEARCH($A10,'RR2 Player Stats'!$A$3:$A$50))),0) +IFERROR(FILTER('RR3 Player Stats'!AH$3:AH$50, I"&"SNUMBER(SEARCH($A10,'RR3 Player Stats'!$A$3:$A$50))),0) +IFERROR(FILTER('RR4 Player Stats'!AH$3:AH$50, ISNUMBER(SEARCH($A10,'RR4 Player Stats'!$A$3:$A$50))),0) +IFERROR(FILTER('RR5 Player Stats'!AH$3:AH$50, ISNUMBER(SEARCH($A10,'RR5 Player Stats'!$A$3:$A$"&"50))),0)"),10.0) -> 10 | P10: =IFERROR(__xludf.DUMMYFUNCTION("IFERROR(FILTER('RR1 Player Stats'!AI$3:AI$50, ISNUMBER(SEARCH($A10,'RR1 Player Stats'!$A$3:$A$50))),0) +IFERROR(FILTER('RR2 Player Stats'!AI$3:AI$50, ISNUMBER(SEARCH($A10,'RR2 Player Stats'!$A$3:$A$50))),0) +IFERROR(FILTER('RR3 Player Stats'!AI$3:AI$50, I"&"SNUMBER(SEARCH($A10,'RR3 Player Stats'!$A$3:$A$50))),0) +IFERROR(FILTER('RR4 Player Stats'!AI$3:AI$50, ISNUMBER(SEARCH($A10,'RR4 Player Stats'!$A$3:$A$50))),0) +IFERROR(FILTER('RR5 Player Stats'!AI$3:AI$50, ISNUMBER(SEARCH($A10,'RR5 Player Stats'!$A$3:$A$"&"50))),0)"),34.0) -> 34 | Q10: =IFERROR(__xludf.DUMMYFUNCTION("IFERROR(FILTER('RR1 Player Stats'!AJ$3:AJ$50, ISNUMBER(SEARCH($A10,'RR1 Player Stats'!$A$3:$A$50))),0) +IFERROR(FILTER('RR2 Player Stats'!AJ$3:AJ$50, ISNUMBER(SEARCH($A10,'RR2 Player Stats'!$A$3:$A$50))),0) +IFERROR(FILTER('RR3 Player Stats'!AJ$3:AJ$50, I"&"SNUMBER(SEARCH($A10,'RR3 Player Stats'!$A$3:$A$50))),0) +IFERROR(FILTER('RR4 Player Stats'!AJ$3:AJ$50, ISNUMBER(SEARCH($A10,'RR4 Player Stats'!$A$3:$A$50))),0) +IFERROR(FILTER('RR5 Player Stats'!AJ$3:AJ$50, ISNUMBER(SEARCH($A10,'RR5 Player Stats'!$A$3:$A$"&"50))),0)"),25.0) -> 25 | R10: =IFERROR(__xludf.DUMMYFUNCTION("IFERROR(FILTER('RR1 Player Stats'!AK$3:AK$50, ISNUMBER(SEARCH($A10,'RR1 Player Stats'!$A$3:$A$50))),0) +IFERROR(FILTER('RR2 Player Stats'!AK$3:AK$50, ISNUMBER(SEARCH($A10,'RR2 Player Stats'!$A$3:$A$50))),0) +IFERROR(FILTER('RR3 Player Stats'!AK$3:AK$50, I"&"SNUMBER(SEARCH($A10,'RR3 Player Stats'!$A$3:$A$50))),0) +IFERROR(FILTER('RR4 Player Stats'!AK$3:AK$50, ISNUMBER(SEARCH($A10,'RR4 Player Stats'!$A$3:$A$50))),0) +IFERROR(FILTER('RR5 Player Stats'!AK$3:AK$50, ISNUMBER(SEARCH($A10,'RR5 Player Stats'!$A$3:$A$"&"50))),0)"),244.0) -> 244 | S10: =IFERROR(__xludf.DUMMYFUNCTION("IFERROR(FILTER('RR1 Player Stats'!AL$3:AL$50, ISNUMBER(SEARCH($A10,'RR1 Player Stats'!$A$3:$A$50))),0) +IFERROR(FILTER('RR2 Player Stats'!AL$3:AL$50, ISNUMBER(SEARCH($A10,'RR2 Player Stats'!$A$3:$A$50))),0) +IFERROR(FILTER('RR3 Player Stats'!AL$3:AL$50, I"&"SNUMBER(SEARCH($A10,'RR3 Player Stats'!$A$3:$A$50))),0) +IFERROR(FILTER('RR4 Player Stats'!AL$3:AL$50, ISNUMBER(SEARCH($A10,'RR4 Player Stats'!$A$3:$A$50))),0) +IFERROR(FILTER('RR5 Player Stats'!AL$3:AL$50, ISNUMBER(SEARCH($A10,'RR5 Player Stats'!$A$3:$A$"&"50))),0)"),144.0) -> 144 | T10: =IFERROR(__xludf.DUMMYFUNCTION("(IFERROR(FILTER('RR1 Player Stats'!AM$3:AM$50, ISNUMBER(SEARCH($A10,'RR1 Player Stats'!$A$3:$A$50))),0) +IFERROR(FILTER('RR2 Player Stats'!AM$3:AM$50, ISNUMBER(SEARCH($A10,'RR2 Player Stats'!$A$3:$A$50))),0) +IFERROR(FILTER('RR3 Player Stats'!AM$3:AM$50, "&"ISNUMBER(SEARCH($A10,'RR3 Player Stats'!$A$3:$A$50))),0) +IFERROR(FILTER('RR4 Player Stats'!AM$3:AM$50, ISNUMBER(SEARCH($A10,'RR4 Player Stats'!$A$3:$A$50))),0) +IFERROR(FILTER('RR5 Player Stats'!AM$3:AM$50, ISNUMBER(SEARCH($A10,'RR5 Player Stats'!$A$3:$A"&"$50))),0))/B10"),0.44000000000000006) -> 0.44 | U10: =IFERROR(__xludf.DUMMYFUNCTION("MEDIAN(IFERROR(FILTER('RR1 Player Stats'!AH$3:AH$50, ISNUMBER(SEARCH($A10,'RR1 Player Stats'!$A$3:$A$50))),0),IFERROR(FILTER('RR2 Player Stats'!AH$3:AH$50, ISNUMBER(SEARCH($A10,'RR2 Player Stats'!$A$3:$A$50))),0),IFERROR(FILTER('RR3 Player Stats'!AH$3:AH$"&"50, ISNUMBER(SEARCH($A10,'RR3 Player Stats'!$A$3:$A$50))),0),IFERROR(FILTER('RR4 Player Stats'!AH$3:AH$50, ISNUMBER(SEARCH($A10,'RR4 Player Stats'!$A$3:$A$50))),0),IFERROR(FILTER('RR5 Player Stats'!AH$3:AH$50, ISNUMBER(SEARCH($A10,'RR5 Player Stats'!$A$3:"&"$A$50))),0))"),2.0) -> 2 | V10: =IFERROR(__xludf.DUMMYFUNCTION("MEDIAN(IFERROR(FILTER('RR1 Player Stats'!AI$3:AI$50, ISNUMBER(SEARCH($A10,'RR1 Player Stats'!$A$3:$A$50))),0),IFERROR(FILTER('RR2 Player Stats'!AI$3:AI$50, ISNUMBER(SEARCH($A10,'RR2 Player Stats'!$A$3:$A$50))),0),IFERROR(FILTER('RR3 Player Stats'!AI$3:AI$"&"50, ISNUMBER(SEARCH($A10,'RR3 Player Stats'!$A$3:$A$50))),0),IFERROR(FILTER('RR4 Player Stats'!AI$3:AI$50, ISNUMBER(SEARCH($A10,'RR4 Player Stats'!$A$3:$A$50))),0),IFERROR(FILTER('RR5 Player Stats'!AI$3:AI$50, ISNUMBER(SEARCH($A10,'RR5 Player Stats'!$A$3:"&"$A$50))),0))"),6.0) -> 6 | W10: =IFERROR(__xludf.DUMMYFUNCTION("MEDIAN(IFERROR(FILTER('RR1 Player Stats'!AJ$3:AJ$50, ISNUMBER(SEARCH($A10,'RR1 Player Stats'!$A$3:$A$50))),0),IFERROR(FILTER('RR2 Player Stats'!AJ$3:AJ$50, ISNUMBER(SEARCH($A10,'RR2 Player Stats'!$A$3:$A$50))),0),IFERROR(FILTER('RR3 Player Stats'!AJ$3:AJ$"&"50, ISNUMBER(SEARCH($A10,'RR3 Player Stats'!$A$3:$A$50))),0),IFERROR(FILTER('RR4 Player Stats'!AJ$3:AJ$50, ISNUMBER(SEARCH($A10,'RR4 Player Stats'!$A$3:$A$50))),0),IFERROR(FILTER('RR5 Player Stats'!AJ$3:AJ$50, ISNUMBER(SEARCH($A10,'RR5 Player Stats'!$A$3:"&"$A$50))),0))"),4.0) -> 4 | X10: =IFERROR(__xludf.DUMMYFUNCTION("MEDIAN(IFERROR(FILTER('RR1 Player Stats'!AK$3:AK$50, ISNUMBER(SEARCH($A10,'RR1 Player Stats'!$A$3:$A$50))),0),IFERROR(FILTER('RR2 Player Stats'!AK$3:AK$50, ISNUMBER(SEARCH($A10,'RR2 Player Stats'!$A$3:$A$50))),0),IFERROR(FILTER('RR3 Player Stats'!AK$3:AK$"&"50, ISNUMBER(SEARCH($A10,'RR3 Player Stats'!$A$3:$A$50))),0),IFERROR(FILTER('RR4 Player Stats'!AK$3:AK$50, ISNUMBER(SEARCH($A10,'RR4 Player Stats'!$A$3:$A$50))),0),IFERROR(FILTER('RR5 Player Stats'!AK$3:AK$50, ISNUMBER(SEARCH($A10,'RR5 Player Stats'!$A$3:"&"$A$50))),0))"),48.0) -> 48 | Y10: =IFERROR(__xludf.DUMMYFUNCTION("MEDIAN(IFERROR(FILTER('RR1 Player Stats'!AL$3:AL$50, ISNUMBER(SEARCH($A10,'RR1 Player Stats'!$A$3:$A$50))),0),IFERROR(FILTER('RR2 Player Stats'!AL$3:AL$50, ISNUMBER(SEARCH($A10,'RR2 Player Stats'!$A$3:$A$50))),0),IFERROR(FILTER('RR3 Player Stats'!AL$3:AL$"&"50, ISNUMBER(SEARCH($A10,'RR3 Player Stats'!$A$3:$A$50))),0),IFERROR(FILTER('RR4 Player Stats'!AL$3:AL$50, ISNUMBER(SEARCH($A10,'RR4 Player Stats'!$A$3:$A$50))),0),IFERROR(FILTER('RR5 Player Stats'!AL$3:AL$50, ISNUMBER(SEARCH($A10,'RR5 Player Stats'!$A$3:"&"$A$50))),0))"),26.0) -> 26 | Z10: =IFERROR(__xludf.DUMMYFUNCTION("MEDIAN(IFERROR(FILTER('RR1 Player Stats'!AM$3:AM$50, ISNUMBER(SEARCH($A10,'RR1 Player Stats'!$A$3:$A$50))),0),IFERROR(FILTER('RR2 Player Stats'!AM$3:AM$50, ISNUMBER(SEARCH($A10,'RR2 Player Stats'!$A$3:$A$50))),0),IFERROR(FILTER('RR3 Player Stats'!AM$3:AM$"&"50, ISNUMBER(SEARCH($A10,'RR3 Player Stats'!$A$3:$A$50))),0),IFERROR(FILTER('RR4 Player Stats'!AM$3:AM$50, ISNUMBER(SEARCH($A10,'RR4 Player Stats'!$A$3:$A$50))),0),IFERROR(FILTER('RR5 Player Stats'!AM$3:AM$50, ISNUMBER(SEARCH($A10,'RR5 Player Stats'!$A$3:"&"$A$50))),0))"),0.45) -> 0.45
A11: [8.1] Akhil B | B11: =COUNTIF('RR1 Player Stats'!$A$3:$A$50,$A11)+COUNTIF('RR2 Player Stats'!$A$3:$A$50,$A11)+COUNTIF('RR3 Player Stats'!$A$3:$A$50,$A11)+COUNTIF('RR4 Player Stats'!$A$3:$A$50,$A11)+COUNTIF('RR5 Player Stats'!$A$3:$A$50,$A11) -> 4 | C11: =IFERROR(__xludf.DUMMYFUNCTION("IFERROR(FILTER('RR1 Player Stats'!V$3:V$50, ISNUMBER(SEARCH($A11,'RR1 Player Stats'!$A$3:$A$50))),0) +IFERROR(FILTER('RR2 Player Stats'!V$3:V$50, ISNUMBER(SEARCH($A11,'RR2 Player Stats'!$A$3:$A$50))),0) +IFERROR(FILTER('RR3 Player Stats'!V$3:V$50, ISNUMBE"&"R(SEARCH($A11,'RR3 Player Stats'!$A$3:$A$50))),0) +IFERROR(FILTER('RR4 Player Stats'!V$3:V$50, ISNUMBER(SEARCH($A11,'RR4 Player Stats'!$A$3:$A$50))),0) +IFERROR(FILTER('RR5 Player Stats'!V$3:V$50, ISNUMBER(SEARCH($A11,'RR5 Player Stats'!$A$3:$A$50))),0)"),4.0) -> 4 | D11: =IFERROR(__xludf.DUMMYFUNCTION("IFERROR(FILTER('RR1 Player Stats'!W$3:W$50, ISNUMBER(SEARCH($A11,'RR1 Player Stats'!$A$3:$A$50))),0) +IFERROR(FILTER('RR2 Player Stats'!W$3:W$50, ISNUMBER(SEARCH($A11,'RR2 Player Stats'!$A$3:$A$50))),0) +IFERROR(FILTER('RR3 Player Stats'!W$3:W$50, ISNUMBE"&"R(SEARCH($A11,'RR3 Player Stats'!$A$3:$A$50))),0) +IFERROR(FILTER('RR4 Player Stats'!W$3:W$50, ISNUMBER(SEARCH($A11,'RR4 Player Stats'!$A$3:$A$50))),0) +IFERROR(FILTER('RR5 Player Stats'!W$3:W$50, ISNUMBER(SEARCH($A11,'RR5 Player Stats'!$A$3:$A$50))),0)"),20.0) -> 20 | E11: =IFERROR(__xludf.DUMMYFUNCTION("IFERROR(FILTER('RR1 Player Stats'!X$3:X$50, ISNUMBER(SEARCH($A11,'RR1 Player Stats'!$A$3:$A$50))),0) +IFERROR(FILTER('RR2 Player Stats'!X$3:X$50, ISNUMBER(SEARCH($A11,'RR2 Player Stats'!$A$3:$A$50))),0) +IFERROR(FILTER('RR3 Player Stats'!X$3:X$50, ISNUMBE"&"R(SEARCH($A11,'RR3 Player Stats'!$A$3:$A$50))),0) +IFERROR(FILTER('RR4 Player Stats'!X$3:X$50, ISNUMBER(SEARCH($A11,'RR4 Player Stats'!$A$3:$A$50))),0) +IFERROR(FILTER('RR5 Player Stats'!X$3:X$50, ISNUMBER(SEARCH($A11,'RR5 Player Stats'!$A$3:$A$50))),0)"),7.0) -> 7 | F11: =IFERROR(__xludf.DUMMYFUNCTION("IFERROR(FILTER('RR1 Player Stats'!Y$3:Y$50, ISNUMBER(SEARCH($A11,'RR1 Player Stats'!$A$3:$A$50))),0) +IFERROR(FILTER('RR2 Player Stats'!Y$3:Y$50, ISNUMBER(SEARCH($A11,'RR2 Player Stats'!$A$3:$A$50))),0) +IFERROR(FILTER('RR3 Player Stats'!Y$3:Y$50, ISNUMBE"&"R(SEARCH($A11,'RR3 Player Stats'!$A$3:$A$50))),0) +IFERROR(FILTER('RR4 Player Stats'!Y$3:Y$50, ISNUMBER(SEARCH($A11,'RR4 Player Stats'!$A$3:$A$50))),0) +IFERROR(FILTER('RR5 Player Stats'!Y$3:Y$50, ISNUMBER(SEARCH($A11,'RR5 Player Stats'!$A$3:$A$50))),0)"),136.0) -> 136 | G11: =IFERROR(__xludf.DUMMYFUNCTION("IFERROR(FILTER('RR1 Player Stats'!Z$3:Z$50, ISNUMBER(SEARCH($A11,'RR1 Player Stats'!$A$3:$A$50))),0) +IFERROR(FILTER('RR2 Player Stats'!Z$3:Z$50, ISNUMBER(SEARCH($A11,'RR2 Player Stats'!$A$3:$A$50))),0) +IFERROR(FILTER('RR3 Player Stats'!Z$3:Z$50, ISNUMBE"&"R(SEARCH($A11,'RR3 Player Stats'!$A$3:$A$50))),0) +IFERROR(FILTER('RR4 Player Stats'!Z$3:Z$50, ISNUMBER(SEARCH($A11,'RR4 Player Stats'!$A$3:$A$50))),0) +IFERROR(FILTER('RR5 Player Stats'!Z$3:Z$50, ISNUMBER(SEARCH($A11,'RR5 Player Stats'!$A$3:$A$50))),0)"),108.0) -> 108 | H11: =IFERROR(__xludf.DUMMYFUNCTION("(IFERROR(FILTER('RR1 Player Stats'!AA$3:AA$50, ISNUMBER(SEARCH($A11,'RR1 Player Stats'!$A$3:$A$50))),0) +IFERROR(FILTER('RR2 Player Stats'!AA$3:AA$50, ISNUMBER(SEARCH($A11,'RR2 Player Stats'!$A$3:$A$50))),0) +IFERROR(FILTER('RR3 Player Stats'!AA$3:AA$50, "&"ISNUMBER(SEARCH($A11,'RR3 Player Stats'!$A$3:$A$50))),0) +IFERROR(FILTER('RR4 Player Stats'!AA$3:AA$50, ISNUMBER(SEARCH($A11,'RR4 Player Stats'!$A$3:$A$50))),0) +IFERROR(FILTER('RR5 Player Stats'!AA$3:AA$50, ISNUMBER(SEARCH($A11,'RR5 Player Stats'!$A$3:$A"&"$50))),0))/5"),0.4) -> 0.4 | I11: =IFERROR(__xludf.DUMMYFUNCTION("IFERROR(FILTER('RR1 Player Stats'!AB$3:AB$50, ISNUMBER(SEARCH($A11,'RR1 Player Stats'!$A$3:$A$50))),0) +IFERROR(FILTER('RR2 Player Stats'!AB$3:AB$50, ISNUMBER(SEARCH($A11,'RR2 Player Stats'!$A$3:$A$50))),0) +IFERROR(FILTER('RR3 Player Stats'!AB$3:AB$50, I"&"SNUMBER(SEARCH($A11,'RR3 Player Stats'!$A$3:$A$50))),0) +IFERROR(FILTER('RR4 Player Stats'!AB$3:AB$50, ISNUMBER(SEARCH($A11,'RR4 Player Stats'!$A$3:$A$50))),0) +IFERROR(FILTER('RR5 Player Stats'!AB$3:AB$50, ISNUMBER(SEARCH($A11,'RR5 Player Stats'!$A$3:$A$"&"50))),0)"),9.0) -> 9 | J11: =IFERROR(__xludf.DUMMYFUNCTION("IFERROR(FILTER('RR1 Player Stats'!AC$3:AC$50, ISNUMBER(SEARCH($A11,'RR1 Player Stats'!$A$3:$A$50))),0) +IFERROR(FILTER('RR2 Player Stats'!AC$3:AC$50, ISNUMBER(SEARCH($A11,'RR2 Player Stats'!$A$3:$A$50))),0) +IFERROR(FILTER('RR3 Player Stats'!AC$3:AC$50, I"&"SNUMBER(SEARCH($A11,'RR3 Player Stats'!$A$3:$A$50))),0) +IFERROR(FILTER('RR4 Player Stats'!AC$3:AC$50, ISNUMBER(SEARCH($A11,'RR4 Player Stats'!$A$3:$A$50))),0) +IFERROR(FILTER('RR5 Player Stats'!AC$3:AC$50, ISNUMBER(SEARCH($A11,'RR5 Player Stats'!$A$3:$A$"&"50))),0)"),10.0) -> 10 | K11: =IFERROR(__xludf.DUMMYFUNCTION("IFERROR(FILTER('RR1 Player Stats'!AD$3:AD$50, ISNUMBER(SEARCH($A11,'RR1 Player Stats'!$A$3:$A$50))),0) +IFERROR(FILTER('RR2 Player Stats'!AD$3:AD$50, ISNUMBER(SEARCH($A11,'RR2 Player Stats'!$A$3:$A$50))),0) +IFERROR(FILTER('RR3 Player Stats'!AD$3:AD$50, I"&"SNUMBER(SEARCH($A11,'RR3 Player Stats'!$A$3:$A$50))),0) +IFERROR(FILTER('RR4 Player Stats'!AD$3:AD$50, ISNUMBER(SEARCH($A11,'RR4 Player Stats'!$A$3:$A$50))),0) +IFERROR(FILTER('RR5 Player Stats'!AD$3:AD$50, ISNUMBER(SEARCH($A11,'RR5 Player Stats'!$A$3:$A$"&"50))),0)"),4.0) -> 4 | L11: =IFERROR(__xludf.DUMMYFUNCTION("IFERROR(FILTER('RR1 Player Stats'!AE$3:AE$50, ISNUMBER(SEARCH($A11,'RR1 Player Stats'!$A$3:$A$50))),0) +IFERROR(FILTER('RR2 Player Stats'!AE$3:AE$50, ISNUMBER(SEARCH($A11,'RR2 Player Stats'!$A$3:$A$50))),0) +IFERROR(FILTER('RR3 Player Stats'!AE$3:AE$50, I"&"SNUMBER(SEARCH($A11,'RR3 Player Stats'!$A$3:$A$50))),0) +IFERROR(FILTER('RR4 Player Stats'!AE$3:AE$50, ISNUMBER(SEARCH($A11,'RR4 Player Stats'!$A$3:$A$50))),0) +IFERROR(FILTER('RR5 Player Stats'!AE$3:AE$50, ISNUMBER(SEARCH($A11,'RR5 Player Stats'!$A$3:$A$"&"50))),0)"),96.0) -> 96 | M11: =IFERROR(__xludf.DUMMYFUNCTION("IFERROR(FILTER('RR1 Player Stats'!AF$3:AF$50, ISNUMBER(SEARCH($A11,'RR1 Player Stats'!$A$3:$A$50))),0) +IFERROR(FILTER('RR2 Player Stats'!AF$3:AF$50, ISNUMBER(SEARCH($A11,'RR2 Player Stats'!$A$3:$A$50))),0) +IFERROR(FILTER('RR3 Player Stats'!AF$3:AF$50, I"&"SNUMBER(SEARCH($A11,'RR3 Player Stats'!$A$3:$A$50))),0) +IFERROR(FILTER('RR4 Player Stats'!AF$3:AF$50, ISNUMBER(SEARCH($A11,'RR4 Player Stats'!$A$3:$A$50))),0) +IFERROR(FILTER('RR5 Player Stats'!AF$3:AF$50, ISNUMBER(SEARCH($A11,'RR5 Player Stats'!$A$3:$A$"&"50))),0)"),80.0) -> 80 | N11: =IFERROR(__xludf.DUMMYFUNCTION("(IFERROR(FILTER('RR1 Player Stats'!AG$3:AG$50, ISNUMBER(SEARCH($A11,'RR1 Player Stats'!$A$3:$A$50))),0) +IFERROR(FILTER('RR2 Player Stats'!AG$3:AG$50, ISNUMBER(SEARCH($A11,'RR2 Player Stats'!$A$3:$A$50))),0) +IFERROR(FILTER('RR3 Player Stats'!AG$3:AG$50, "&"ISNUMBER(SEARCH($A11,'RR3 Player Stats'!$A$3:$A$50))),0) +IFERROR(FILTER('RR4 Player Stats'!AG$3:AG$50, ISNUMBER(SEARCH($A11,'RR4 Player Stats'!$A$3:$A$50))),0) +IFERROR(FILTER('RR5 Player Stats'!AG$3:AG$50, ISNUMBER(SEARCH($A11,'RR5 Player Stats'!$A$3:$A"&"$50))),0))/5"),0.476) -> 0.476 | O11: =IFERROR(__xludf.DUMMYFUNCTION("IFERROR(FILTER('RR1 Player Stats'!AH$3:AH$50, ISNUMBER(SEARCH($A11,'RR1 Player Stats'!$A$3:$A$50))),0) +IFERROR(FILTER('RR2 Player Stats'!AH$3:AH$50, ISNUMBER(SEARCH($A11,'RR2 Player Stats'!$A$3:$A$50))),0) +IFERROR(FILTER('RR3 Player Stats'!AH$3:AH$50, I"&"SNUMBER(SEARCH($A11,'RR3 Player Stats'!$A$3:$A$50))),0) +IFERROR(FILTER('RR4 Player Stats'!AH$3:AH$50, ISNUMBER(SEARCH($A11,'RR4 Player Stats'!$A$3:$A$50))),0) +IFERROR(FILTER('RR5 Player Stats'!AH$3:AH$50, ISNUMBER(SEARCH($A11,'RR5 Player Stats'!$A$3:$A$"&"50))),0)"),13.0) -> 13 | P11: =IFERROR(__xludf.DUMMYFUNCTION("IFERROR(FILTER('RR1 Player Stats'!AI$3:AI$50, ISNUMBER(SEARCH($A11,'RR1 Player Stats'!$A$3:$A$50))),0) +IFERROR(FILTER('RR2 Player Stats'!AI$3:AI$50, ISNUMBER(SEARCH($A11,'RR2 Player Stats'!$A$3:$A$50))),0) +IFERROR(FILTER('RR3 Player Stats'!AI$3:AI$50, I"&"SNUMBER(SEARCH($A11,'RR3 Player Stats'!$A$3:$A$50))),0) +IFERROR(FILTER('RR4 Player Stats'!AI$3:AI$50, ISNUMBER(SEARCH($A11,'RR4 Player Stats'!$A$3:$A$50))),0) +IFERROR(FILTER('RR5 Player Stats'!AI$3:AI$50, ISNUMBER(SEARCH($A11,'RR5 Player Stats'!$A$3:$A$"&"50))),0)"),30.0) -> 30 | Q11: =IFERROR(__xludf.DUMMYFUNCTION("IFERROR(FILTER('RR1 Player Stats'!AJ$3:AJ$50, ISNUMBER(SEARCH($A11,'RR1 Player Stats'!$A$3:$A$50))),0) +IFERROR(FILTER('RR2 Player Stats'!AJ$3:AJ$50, ISNUMBER(SEARCH($A11,'RR2 Player Stats'!$A$3:$A$50))),0) +IFERROR(FILTER('RR3 Player Stats'!AJ$3:AJ$50, I"&"SNUMBER(SEARCH($A11,'RR3 Player Stats'!$A$3:$A$50))),0) +IFERROR(FILTER('RR4 Player Stats'!AJ$3:AJ$50, ISNUMBER(SEARCH($A11,'RR4 Player Stats'!$A$3:$A$50))),0) +IFERROR(FILTER('RR5 Player Stats'!AJ$3:AJ$50, ISNUMBER(SEARCH($A11,'RR5 Player Stats'!$A$3:$A$"&"50))),0)"),11.0) -> 11 | R11: =IFERROR(__xludf.DUMMYFUNCTION("IFERROR(FILTER('RR1 Player Stats'!AK$3:AK$50, ISNUMBER(SEARCH($A11,'RR1 Player Stats'!$A$3:$A$50))),0) +IFERROR(FILTER('RR2 Player Stats'!AK$3:AK$50, ISNUMBER(SEARCH($A11,'RR2 Player Stats'!$A$3:$A$50))),0) +IFERROR(FILTER('RR3 Player Stats'!AK$3:AK$50, I"&"SNUMBER(SEARCH($A11,'RR3 Player Stats'!$A$3:$A$50))),0) +IFERROR(FILTER('RR4 Player Stats'!AK$3:AK$50, ISNUMBER(SEARCH($A11,'RR4 Player Stats'!$A$3:$A$50))),0) +IFERROR(FILTER('RR5 Player Stats'!AK$3:AK$50, ISNUMBER(SEARCH($A11,'RR5 Player Stats'!$A$3:$A$"&"50))),0)"),232.0) -> 232 | S11: =IFERROR(__xludf.DUMMYFUNCTION("IFERROR(FILTER('RR1 Player Stats'!AL$3:AL$50, ISNUMBER(SEARCH($A11,'RR1 Player Stats'!$A$3:$A$50))),0) +IFERROR(FILTER('RR2 Player Stats'!AL$3:AL$50, ISNUMBER(SEARCH($A11,'RR2 Player Stats'!$A$3:$A$50))),0) +IFERROR(FILTER('RR3 Player Stats'!AL$3:AL$50, I"&"SNUMBER(SEARCH($A11,'RR3 Player Stats'!$A$3:$A$50))),0) +IFERROR(FILTER('RR4 Player Stats'!AL$3:AL$50, ISNUMBER(SEARCH($A11,'RR4 Player Stats'!$A$3:$A$50))),0) +IFERROR(FILTER('RR5 Player Stats'!AL$3:AL$50, ISNUMBER(SEARCH($A11,'RR5 Player Stats'!$A$3:$A$"&"50))),0)"),188.0) -> 188 | T11: =IFERROR(__xludf.DUMMYFUNCTION("(IFERROR(FILTER('RR1 Player Stats'!AM$3:AM$50, ISNUMBER(SEARCH($A11,'RR1 Player Stats'!$A$3:$A$50))),0) +IFERROR(FILTER('RR2 Player Stats'!AM$3:AM$50, ISNUMBER(SEARCH($A11,'RR2 Player Stats'!$A$3:$A$50))),0) +IFERROR(FILTER('RR3 Player Stats'!AM$3:AM$50, "&"ISNUMBER(SEARCH($A11,'RR3 Player Stats'!$A$3:$A$50))),0) +IFERROR(FILTER('RR4 Player Stats'!AM$3:AM$50, ISNUMBER(SEARCH($A11,'RR4 Player Stats'!$A$3:$A$50))),0) +IFERROR(FILTER('RR5 Player Stats'!AM$3:AM$50, ISNUMBER(SEARCH($A11,'RR5 Player Stats'!$A$3:$A"&"$50))),0))/B11"),0.5375000000000001) -> 0.5375 | U11: =IFERROR(__xludf.DUMMYFUNCTION("MEDIAN(IFERROR(FILTER('RR1 Player Stats'!AH$3:AH$50, ISNUMBER(SEARCH($A11,'RR1 Player Stats'!$A$3:$A$50))),0),IFERROR(FILTER('RR2 Player Stats'!AH$3:AH$50, ISNUMBER(SEARCH($A11,'RR2 Player Stats'!$A$3:$A$50))),0),IFERROR(FILTER('RR3 Player Stats'!AH$3:AH$"&"50, ISNUMBER(SEARCH($A11,'RR3 Player Stats'!$A$3:$A$50))),0),IFERROR(FILTER('RR4 Player Stats'!AH$3:AH$50, ISNUMBER(SEARCH($A11,'RR4 Player Stats'!$A$3:$A$50))),0),IFERROR(FILTER('RR5 Player Stats'!AH$3:AH$50, ISNUMBER(SEARCH($A11,'RR5 Player Stats'!$A$3:"&"$A$50))),0))"),3.0) -> 3 | V11: =IFERROR(__xludf.DUMMYFUNCTION("MEDIAN(IFERROR(FILTER('RR1 Player Stats'!AI$3:AI$50, ISNUMBER(SEARCH($A11,'RR1 Player Stats'!$A$3:$A$50))),0),IFERROR(FILTER('RR2 Player Stats'!AI$3:AI$50, ISNUMBER(SEARCH($A11,'RR2 Player Stats'!$A$3:$A$50))),0),IFERROR(FILTER('RR3 Player Stats'!AI$3:AI$"&"50, ISNUMBER(SEARCH($A11,'RR3 Player Stats'!$A$3:$A$50))),0),IFERROR(FILTER('RR4 Player Stats'!AI$3:AI$50, ISNUMBER(SEARCH($A11,'RR4 Player Stats'!$A$3:$A$50))),0),IFERROR(FILTER('RR5 Player Stats'!AI$3:AI$50, ISNUMBER(SEARCH($A11,'RR5 Player Stats'!$A$3:"&"$A$50))),0))"),7.0) -> 7 | W11: =IFERROR(__xludf.DUMMYFUNCTION("MEDIAN(IFERROR(FILTER('RR1 Player Stats'!AJ$3:AJ$50, ISNUMBER(SEARCH($A11,'RR1 Player Stats'!$A$3:$A$50))),0),IFERROR(FILTER('RR2 Player Stats'!AJ$3:AJ$50, ISNUMBER(SEARCH($A11,'RR2 Player Stats'!$A$3:$A$50))),0),IFERROR(FILTER('RR3 Player Stats'!AJ$3:AJ$"&"50, ISNUMBER(SEARCH($A11,'RR3 Player Stats'!$A$3:$A$50))),0),IFERROR(FILTER('RR4 Player Stats'!AJ$3:AJ$50, ISNUMBER(SEARCH($A11,'RR4 Player Stats'!$A$3:$A$50))),0),IFERROR(FILTER('RR5 Player Stats'!AJ$3:AJ$50, ISNUMBER(SEARCH($A11,'RR5 Player Stats'!$A$3:"&"$A$50))),0))"),3.0) -> 3 | X11: =IFERROR(__xludf.DUMMYFUNCTION("MEDIAN(IFERROR(FILTER('RR1 Player Stats'!AK$3:AK$50, ISNUMBER(SEARCH($A11,'RR1 Player Stats'!$A$3:$A$50))),0),IFERROR(FILTER('RR2 Player Stats'!AK$3:AK$50, ISNUMBER(SEARCH($A11,'RR2 Player Stats'!$A$3:$A$50))),0),IFERROR(FILTER('RR3 Player Stats'!AK$3:AK$"&"50, ISNUMBER(SEARCH($A11,'RR3 Player Stats'!$A$3:$A$50))),0),IFERROR(FILTER('RR4 Player Stats'!AK$3:AK$50, ISNUMBER(SEARCH($A11,'RR4 Player Stats'!$A$3:$A$50))),0),IFERROR(FILTER('RR5 Player Stats'!AK$3:AK$50, ISNUMBER(SEARCH($A11,'RR5 Player Stats'!$A$3:"&"$A$50))),0))"),46.0) -> 46 | Y11: =IFERROR(__xludf.DUMMYFUNCTION("MEDIAN(IFERROR(FILTER('RR1 Player Stats'!AL$3:AL$50, ISNUMBER(SEARCH($A11,'RR1 Player Stats'!$A$3:$A$50))),0),IFERROR(FILTER('RR2 Player Stats'!AL$3:AL$50, ISNUMBER(SEARCH($A11,'RR2 Player Stats'!$A$3:$A$50))),0),IFERROR(FILTER('RR3 Player Stats'!AL$3:AL$"&"50, ISNUMBER(SEARCH($A11,'RR3 Player Stats'!$A$3:$A$50))),0),IFERROR(FILTER('RR4 Player Stats'!AL$3:AL$50, ISNUMBER(SEARCH($A11,'RR4 Player Stats'!$A$3:$A$50))),0),IFERROR(FILTER('RR5 Player Stats'!AL$3:AL$50, ISNUMBER(SEARCH($A11,'RR5 Player Stats'!$A$3:"&"$A$50))),0))"),34.0) -> 34 | Z11: =IFERROR(__xludf.DUMMYFUNCTION("MEDIAN(IFERROR(FILTER('RR1 Player Stats'!AM$3:AM$50, ISNUMBER(SEARCH($A11,'RR1 Player Stats'!$A$3:$A$50))),0),IFERROR(FILTER('RR2 Player Stats'!AM$3:AM$50, ISNUMBER(SEARCH($A11,'RR2 Player Stats'!$A$3:$A$50))),0),IFERROR(FILTER('RR3 Player Stats'!AM$3:AM$"&"50, ISNUMBER(SEARCH($A11,'RR3 Player Stats'!$A$3:$A$50))),0),IFERROR(FILTER('RR4 Player Stats'!AM$3:AM$50, ISNUMBER(SEARCH($A11,'RR4 Player Stats'!$A$3:$A$50))),0),IFERROR(FILTER('RR5 Player Stats'!AM$3:AM$50, ISNUMBER(SEARCH($A11,'RR5 Player Stats'!$A$3:"&"$A$50))),0))"),0.45) -> 0.45
A12: [6.5] Alex L | B12: =COUNTIF('RR1 Player Stats'!$A$3:$A$50,$A12)+COUNTIF('RR2 Player Stats'!$A$3:$A$50,$A12)+COUNTIF('RR3 Player Stats'!$A$3:$A$50,$A12)+COUNTIF('RR4 Player Stats'!$A$3:$A$50,$A12)+COUNTIF('RR5 Player Stats'!$A$3:$A$50,$A12) -> 5 | C12: =IFERROR(__xludf.DUMMYFUNCTION("IFERROR(FILTER('RR1 Player Stats'!V$3:V$50, ISNUMBER(SEARCH($A12,'RR1 Player Stats'!$A$3:$A$50))),0) +IFERROR(FILTER('RR2 Player Stats'!V$3:V$50, ISNUMBER(SEARCH($A12,'RR2 Player Stats'!$A$3:$A$50))),0) +IFERROR(FILTER('RR3 Player Stats'!V$3:V$50, ISNUMBE"&"R(SEARCH($A12,'RR3 Player Stats'!$A$3:$A$50))),0) +IFERROR(FILTER('RR4 Player Stats'!V$3:V$50, ISNUMBER(SEARCH($A12,'RR4 Player Stats'!$A$3:$A$50))),0) +IFERROR(FILTER('RR5 Player Stats'!V$3:V$50, ISNUMBER(SEARCH($A12,'RR5 Player Stats'!$A$3:$A$50))),0)"),19.0) -> 19 | D12: =IFERROR(__xludf.DUMMYFUNCTION("IFERROR(FILTER('RR1 Player Stats'!W$3:W$50, ISNUMBER(SEARCH($A12,'RR1 Player Stats'!$A$3:$A$50))),0) +IFERROR(FILTER('RR2 Player Stats'!W$3:W$50, ISNUMBER(SEARCH($A12,'RR2 Player Stats'!$A$3:$A$50))),0) +IFERROR(FILTER('RR3 Player Stats'!W$3:W$50, ISNUMBE"&"R(SEARCH($A12,'RR3 Player Stats'!$A$3:$A$50))),0) +IFERROR(FILTER('RR4 Player Stats'!W$3:W$50, ISNUMBER(SEARCH($A12,'RR4 Player Stats'!$A$3:$A$50))),0) +IFERROR(FILTER('RR5 Player Stats'!W$3:W$50, ISNUMBER(SEARCH($A12,'RR5 Player Stats'!$A$3:$A$50))),0)"),14.0) -> 14 | E12: =IFERROR(__xludf.DUMMYFUNCTION("IFERROR(FILTER('RR1 Player Stats'!X$3:X$50, ISNUMBER(SEARCH($A12,'RR1 Player Stats'!$A$3:$A$50))),0) +IFERROR(FILTER('RR2 Player Stats'!X$3:X$50, ISNUMBER(SEARCH($A12,'RR2 Player Stats'!$A$3:$A$50))),0) +IFERROR(FILTER('RR3 Player Stats'!X$3:X$50, ISNUMBE"&"R(SEARCH($A12,'RR3 Player Stats'!$A$3:$A$50))),0) +IFERROR(FILTER('RR4 Player Stats'!X$3:X$50, ISNUMBER(SEARCH($A12,'RR4 Player Stats'!$A$3:$A$50))),0) +IFERROR(FILTER('RR5 Player Stats'!X$3:X$50, ISNUMBER(SEARCH($A12,'RR5 Player Stats'!$A$3:$A$50))),0)"),2.0) -> 2 | F12: =IFERROR(__xludf.DUMMYFUNCTION("IFERROR(FILTER('RR1 Player Stats'!Y$3:Y$50, ISNUMBER(SEARCH($A12,'RR1 Player Stats'!$A$3:$A$50))),0) +IFERROR(FILTER('RR2 Player Stats'!Y$3:Y$50, ISNUMBER(SEARCH($A12,'RR2 Player Stats'!$A$3:$A$50))),0) +IFERROR(FILTER('RR3 Player Stats'!Y$3:Y$50, ISNUMBE"&"R(SEARCH($A12,'RR3 Player Stats'!$A$3:$A$50))),0) +IFERROR(FILTER('RR4 Player Stats'!Y$3:Y$50, ISNUMBER(SEARCH($A12,'RR4 Player Stats'!$A$3:$A$50))),0) +IFERROR(FILTER('RR5 Player Stats'!Y$3:Y$50, ISNUMBER(SEARCH($A12,'RR5 Player Stats'!$A$3:$A$50))),0)"),160.0) -> 160 | G12: =IFERROR(__xludf.DUMMYFUNCTION("IFERROR(FILTER('RR1 Player Stats'!Z$3:Z$50, ISNUMBER(SEARCH($A12,'RR1 Player Stats'!$A$3:$A$50))),0) +IFERROR(FILTER('RR2 Player Stats'!Z$3:Z$50, ISNUMBER(SEARCH($A12,'RR2 Player Stats'!$A$3:$A$50))),0) +IFERROR(FILTER('RR3 Player Stats'!Z$3:Z$50, ISNUMBE"&"R(SEARCH($A12,'RR3 Player Stats'!$A$3:$A$50))),0) +IFERROR(FILTER('RR4 Player Stats'!Z$3:Z$50, ISNUMBER(SEARCH($A12,'RR4 Player Stats'!$A$3:$A$50))),0) +IFERROR(FILTER('RR5 Player Stats'!Z$3:Z$50, ISNUMBER(SEARCH($A12,'RR5 Player Stats'!$A$3:$A$50))),0)"),152.0) -> 152 | H12: =IFERROR(__xludf.DUMMYFUNCTION("(IFERROR(FILTER('RR1 Player Stats'!AA$3:AA$50, ISNUMBER(SEARCH($A12,'RR1 Player Stats'!$A$3:$A$50))),0) +IFERROR(FILTER('RR2 Player Stats'!AA$3:AA$50, ISNUMBER(SEARCH($A12,'RR2 Player Stats'!$A$3:$A$50))),0) +IFERROR(FILTER('RR3 Player Stats'!AA$3:AA$50, "&"ISNUMBER(SEARCH($A12,'RR3 Player Stats'!$A$3:$A$50))),0) +IFERROR(FILTER('RR4 Player Stats'!AA$3:AA$50, ISNUMBER(SEARCH($A12,'RR4 Player Stats'!$A$3:$A$50))),0) +IFERROR(FILTER('RR5 Player Stats'!AA$3:AA$50, ISNUMBER(SEARCH($A12,'RR5 Player Stats'!$A$3:$A"&"$50))),0))/5"),0.548) -> 0.548 | I12: =IFERROR(__xludf.DUMMYFUNCTION("IFERROR(FILTER('RR1 Player Stats'!AB$3:AB$50, ISNUMBER(SEARCH($A12,'RR1 Player Stats'!$A$3:$A$50))),0) +IFERROR(FILTER('RR2 Player Stats'!AB$3:AB$50, ISNUMBER(SEARCH($A12,'RR2 Player Stats'!$A$3:$A$50))),0) +IFERROR(FILTER('RR3 Player Stats'!AB$3:AB$50, I"&"SNUMBER(SEARCH($A12,'RR3 Player Stats'!$A$3:$A$50))),0) +IFERROR(FILTER('RR4 Player Stats'!AB$3:AB$50, ISNUMBER(SEARCH($A12,'RR4 Player Stats'!$A$3:$A$50))),0) +IFERROR(FILTER('RR5 Player Stats'!AB$3:AB$50, ISNUMBER(SEARCH($A12,'RR5 Player Stats'!$A$3:$A$"&"50))),0)"),13.0) -> 13 | J12: =IFERROR(__xludf.DUMMYFUNCTION("IFERROR(FILTER('RR1 Player Stats'!AC$3:AC$50, ISNUMBER(SEARCH($A12,'RR1 Player Stats'!$A$3:$A$50))),0) +IFERROR(FILTER('RR2 Player Stats'!AC$3:AC$50, ISNUMBER(SEARCH($A12,'RR2 Player Stats'!$A$3:$A$50))),0) +IFERROR(FILTER('RR3 Player Stats'!AC$3:AC$50, I"&"SNUMBER(SEARCH($A12,'RR3 Player Stats'!$A$3:$A$50))),0) +IFERROR(FILTER('RR4 Player Stats'!AC$3:AC$50, ISNUMBER(SEARCH($A12,'RR4 Player Stats'!$A$3:$A$50))),0) +IFERROR(FILTER('RR5 Player Stats'!AC$3:AC$50, ISNUMBER(SEARCH($A12,'RR5 Player Stats'!$A$3:$A$"&"50))),0)"),3.0) -> 3 | K12: =IFERROR(__xludf.DUMMYFUNCTION("IFERROR(FILTER('RR1 Player Stats'!AD$3:AD$50, ISNUMBER(SEARCH($A12,'RR1 Player Stats'!$A$3:$A$50))),0) +IFERROR(FILTER('RR2 Player Stats'!AD$3:AD$50, ISNUMBER(SEARCH($A12,'RR2 Player Stats'!$A$3:$A$50))),0) +IFERROR(FILTER('RR3 Player Stats'!AD$3:AD$50, I"&"SNUMBER(SEARCH($A12,'RR3 Player Stats'!$A$3:$A$50))),0) +IFERROR(FILTER('RR4 Player Stats'!AD$3:AD$50, ISNUMBER(SEARCH($A12,'RR4 Player Stats'!$A$3:$A$50))),0) +IFERROR(FILTER('RR5 Player Stats'!AD$3:AD$50, ISNUMBER(SEARCH($A12,'RR5 Player Stats'!$A$3:$A$"&"50))),0)"),1.0) -> 1 | L12: =IFERROR(__xludf.DUMMYFUNCTION("IFERROR(FILTER('RR1 Player Stats'!AE$3:AE$50, ISNUMBER(SEARCH($A12,'RR1 Player Stats'!$A$3:$A$50))),0) +IFERROR(FILTER('RR2 Player Stats'!AE$3:AE$50, ISNUMBER(SEARCH($A12,'RR2 Player Stats'!$A$3:$A$50))),0) +IFERROR(FILTER('RR3 Player Stats'!AE$3:AE$50, I"&"SNUMBER(SEARCH($A12,'RR3 Player Stats'!$A$3:$A$50))),0) +IFERROR(FILTER('RR4 Player Stats'!AE$3:AE$50, ISNUMBER(SEARCH($A12,'RR4 Player Stats'!$A$3:$A$50))),0) +IFERROR(FILTER('RR5 Player Stats'!AE$3:AE$50, ISNUMBER(SEARCH($A12,'RR5 Player Stats'!$A$3:$A$"&"50))),0)"),70.0) -> 70 | M12: =IFERROR(__xludf.DUMMYFUNCTION("IFERROR(FILTER('RR1 Player Stats'!AF$3:AF$50, ISNUMBER(SEARCH($A12,'RR1 Player Stats'!$A$3:$A$50))),0) +IFERROR(FILTER('RR2 Player Stats'!AF$3:AF$50, ISNUMBER(SEARCH($A12,'RR2 Player Stats'!$A$3:$A$50))),0) +IFERROR(FILTER('RR3 Player Stats'!AF$3:AF$50, I"&"SNUMBER(SEARCH($A12,'RR3 Player Stats'!$A$3:$A$50))),0) +IFERROR(FILTER('RR4 Player Stats'!AF$3:AF$50, ISNUMBER(SEARCH($A12,'RR4 Player Stats'!$A$3:$A$50))),0) +IFERROR(FILTER('RR5 Player Stats'!AF$3:AF$50, ISNUMBER(SEARCH($A12,'RR5 Player Stats'!$A$3:$A$"&"50))),0)"),66.0) -> 66 | N12: =IFERROR(__xludf.DUMMYFUNCTION("(IFERROR(FILTER('RR1 Player Stats'!AG$3:AG$50, ISNUMBER(SEARCH($A12,'RR1 Player Stats'!$A$3:$A$50))),0) +IFERROR(FILTER('RR2 Player Stats'!AG$3:AG$50, ISNUMBER(SEARCH($A12,'RR2 Player Stats'!$A$3:$A$50))),0) +IFERROR(FILTER('RR3 Player Stats'!AG$3:AG$50, "&"ISNUMBER(SEARCH($A12,'RR3 Player Stats'!$A$3:$A$50))),0) +IFERROR(FILTER('RR4 Player Stats'!AG$3:AG$50, ISNUMBER(SEARCH($A12,'RR4 Player Stats'!$A$3:$A$50))),0) +IFERROR(FILTER('RR5 Player Stats'!AG$3:AG$50, ISNUMBER(SEARCH($A12,'RR5 Player Stats'!$A$3:$A"&"$50))),0))/5"),0.4) -> 0.4 | O12: =IFERROR(__xludf.DUMMYFUNCTION("IFERROR(FILTER('RR1 Player Stats'!AH$3:AH$50, ISNUMBER(SEARCH($A12,'RR1 Player Stats'!$A$3:$A$50))),0) +IFERROR(FILTER('RR2 Player Stats'!AH$3:AH$50, ISNUMBER(SEARCH($A12,'RR2 Player Stats'!$A$3:$A$50))),0) +IFERROR(FILTER('RR3 Player Stats'!AH$3:AH$50, I"&"SNUMBER(SEARCH($A12,'RR3 Player Stats'!$A$3:$A$50))),0) +IFERROR(FILTER('RR4 Player Stats'!AH$3:AH$50, ISNUMBER(SEARCH($A12,'RR4 Player Stats'!$A$3:$A$50))),0) +IFERROR(FILTER('RR5 Player Stats'!AH$3:AH$50, ISNUMBER(SEARCH($A12,'RR5 Player Stats'!$A$3:$A$"&"50))),0)"),32.0) -> 32 | P12: =IFERROR(__xludf.DUMMYFUNCTION("IFERROR(FILTER('RR1 Player Stats'!AI$3:AI$50, ISNUMBER(SEARCH($A12,'RR1 Player Stats'!$A$3:$A$50))),0) +IFERROR(FILTER('RR2 Player Stats'!AI$3:AI$50, ISNUMBER(SEARCH($A12,'RR2 Player Stats'!$A$3:$A$50))),0) +IFERROR(FILTER('RR3 Player Stats'!AI$3:AI$50, I"&"SNUMBER(SEARCH($A12,'RR3 Player Stats'!$A$3:$A$50))),0) +IFERROR(FILTER('RR4 Player Stats'!AI$3:AI$50, ISNUMBER(SEARCH($A12,'RR4 Player Stats'!$A$3:$A$50))),0) +IFERROR(FILTER('RR5 Player Stats'!AI$3:AI$50, ISNUMBER(SEARCH($A12,'RR5 Player Stats'!$A$3:$A$"&"50))),0)"),17.0) -> 17 | Q12: =IFERROR(__xludf.DUMMYFUNCTION("IFERROR(FILTER('RR1 Player Stats'!AJ$3:AJ$50, ISNUMBER(SEARCH($A12,'RR1 Player Stats'!$A$3:$A$50))),0) +IFERROR(FILTER('RR2 Player Stats'!AJ$3:AJ$50, ISNUMBER(SEARCH($A12,'RR2 Player Stats'!$A$3:$A$50))),0) +IFERROR(FILTER('RR3 Player Stats'!AJ$3:AJ$50, I"&"SNUMBER(SEARCH($A12,'RR3 Player Stats'!$A$3:$A$50))),0) +IFERROR(FILTER('RR4 Player Stats'!AJ$3:AJ$50, ISNUMBER(SEARCH($A12,'RR4 Player Stats'!$A$3:$A$50))),0) +IFERROR(FILTER('RR5 Player Stats'!AJ$3:AJ$50, ISNUMBER(SEARCH($A12,'RR5 Player Stats'!$A$3:$A$"&"50))),0)"),3.0) -> 3 | R12: =IFERROR(__xludf.DUMMYFUNCTION("IFERROR(FILTER('RR1 Player Stats'!AK$3:AK$50, ISNUMBER(SEARCH($A12,'RR1 Player Stats'!$A$3:$A$50))),0) +IFERROR(FILTER('RR2 Player Stats'!AK$3:AK$50, ISNUMBER(SEARCH($A12,'RR2 Player Stats'!$A$3:$A$50))),0) +IFERROR(FILTER('RR3 Player Stats'!AK$3:AK$50, I"&"SNUMBER(SEARCH($A12,'RR3 Player Stats'!$A$3:$A$50))),0) +IFERROR(FILTER('RR4 Player Stats'!AK$3:AK$50, ISNUMBER(SEARCH($A12,'RR4 Player Stats'!$A$3:$A$50))),0) +IFERROR(FILTER('RR5 Player Stats'!AK$3:AK$50, ISNUMBER(SEARCH($A12,'RR5 Player Stats'!$A$3:$A$"&"50))),0)"),230.0) -> 230 | S12: =IFERROR(__xludf.DUMMYFUNCTION("IFERROR(FILTER('RR1 Player Stats'!AL$3:AL$50, ISNUMBER(SEARCH($A12,'RR1 Player Stats'!$A$3:$A$50))),0) +IFERROR(FILTER('RR2 Player Stats'!AL$3:AL$50, ISNUMBER(SEARCH($A12,'RR2 Player Stats'!$A$3:$A$50))),0) +IFERROR(FILTER('RR3 Player Stats'!AL$3:AL$50, I"&"SNUMBER(SEARCH($A12,'RR3 Player Stats'!$A$3:$A$50))),0) +IFERROR(FILTER('RR4 Player Stats'!AL$3:AL$50, ISNUMBER(SEARCH($A12,'RR4 Player Stats'!$A$3:$A$50))),0) +IFERROR(FILTER('RR5 Player Stats'!AL$3:AL$50, ISNUMBER(SEARCH($A12,'RR5 Player Stats'!$A$3:$A$"&"50))),0)"),218.0) -> 218 | T12: =IFERROR(__xludf.DUMMYFUNCTION("(IFERROR(FILTER('RR1 Player Stats'!AM$3:AM$50, ISNUMBER(SEARCH($A12,'RR1 Player Stats'!$A$3:$A$50))),0) +IFERROR(FILTER('RR2 Player Stats'!AM$3:AM$50, ISNUMBER(SEARCH($A12,'RR2 Player Stats'!$A$3:$A$50))),0) +IFERROR(FILTER('RR3 Player Stats'!AM$3:AM$50, "&"ISNUMBER(SEARCH($A12,'RR3 Player Stats'!$A$3:$A$50))),0) +IFERROR(FILTER('RR4 Player Stats'!AM$3:AM$50, ISNUMBER(SEARCH($A12,'RR4 Player Stats'!$A$3:$A$50))),0) +IFERROR(FILTER('RR5 Player Stats'!AM$3:AM$50, ISNUMBER(SEARCH($A12,'RR5 Player Stats'!$A$3:$A"&"$50))),0))/B12"),0.49000000000000005) -> 0.49 | U12: =IFERROR(__xludf.DUMMYFUNCTION("MEDIAN(IFERROR(FILTER('RR1 Player Stats'!AH$3:AH$50, ISNUMBER(SEARCH($A12,'RR1 Player Stats'!$A$3:$A$50))),0),IFERROR(FILTER('RR2 Player Stats'!AH$3:AH$50, ISNUMBER(SEARCH($A12,'RR2 Player Stats'!$A$3:$A$50))),0),IFERROR(FILTER('RR3 Player Stats'!AH$3:AH$"&"50, ISNUMBER(SEARCH($A12,'RR3 Player Stats'!$A$3:$A$50))),0),IFERROR(FILTER('RR4 Player Stats'!AH$3:AH$50, ISNUMBER(SEARCH($A12,'RR4 Player Stats'!$A$3:$A$50))),0),IFERROR(FILTER('RR5 Player Stats'!AH$3:AH$50, ISNUMBER(SEARCH($A12,'RR5 Player Stats'!$A$3:"&"$A$50))),0))"),7.0) -> 7 | V12: =IFERROR(__xludf.DUMMYFUNCTION("MEDIAN(IFERROR(FILTER('RR1 Player Stats'!AI$3:AI$50, ISNUMBER(SEARCH($A12,'RR1 Player Stats'!$A$3:$A$50))),0),IFERROR(FILTER('RR2 Player Stats'!AI$3:AI$50, ISNUMBER(SEARCH($A12,'RR2 Player Stats'!$A$3:$A$50))),0),IFERROR(FILTER('RR3 Player Stats'!AI$3:AI$"&"50, ISNUMBER(SEARCH($A12,'RR3 Player Stats'!$A$3:$A$50))),0),IFERROR(FILTER('RR4 Player Stats'!AI$3:AI$50, ISNUMBER(SEARCH($A12,'RR4 Player Stats'!$A$3:$A$50))),0),IFERROR(FILTER('RR5 Player Stats'!AI$3:AI$50, ISNUMBER(SEARCH($A12,'RR5 Player Stats'!$A$3:"&"$A$50))),0))"),3.0) -> 3 | W12: =IFERROR(__xludf.DUMMYFUNCTION("MEDIAN(IFERROR(FILTER('RR1 Player Stats'!AJ$3:AJ$50, ISNUMBER(SEARCH($A12,'RR1 Player Stats'!$A$3:$A$50))),0),IFERROR(FILTER('RR2 Player Stats'!AJ$3:AJ$50, ISNUMBER(SEARCH($A12,'RR2 Player Stats'!$A$3:$A$50))),0),IFERROR(FILTER('RR3 Player Stats'!AJ$3:AJ$"&"50, ISNUMBER(SEARCH($A12,'RR3 Player Stats'!$A$3:$A$50))),0),IFERROR(FILTER('RR4 Player Stats'!AJ$3:AJ$50, ISNUMBER(SEARCH($A12,'RR4 Player Stats'!$A$3:$A$50))),0),IFERROR(FILTER('RR5 Player Stats'!AJ$3:AJ$50, ISNUMBER(SEARCH($A12,'RR5 Player Stats'!$A$3:"&"$A$50))),0))"),1.0) -> 1 | X12: =IFERROR(__xludf.DUMMYFUNCTION("MEDIAN(IFERROR(FILTER('RR1 Player Stats'!AK$3:AK$50, ISNUMBER(SEARCH($A12,'RR1 Player Stats'!$A$3:$A$50))),0),IFERROR(FILTER('RR2 Player Stats'!AK$3:AK$50, ISNUMBER(SEARCH($A12,'RR2 Player Stats'!$A$3:$A$50))),0),IFERROR(FILTER('RR3 Player Stats'!AK$3:AK$"&"50, ISNUMBER(SEARCH($A12,'RR3 Player Stats'!$A$3:$A$50))),0),IFERROR(FILTER('RR4 Player Stats'!AK$3:AK$50, ISNUMBER(SEARCH($A12,'RR4 Player Stats'!$A$3:$A$50))),0),IFERROR(FILTER('RR5 Player Stats'!AK$3:AK$50, ISNUMBER(SEARCH($A12,'RR5 Player Stats'!$A$3:"&"$A$50))),0))"),46.0) -> 46 | Y12: =IFERROR(__xludf.DUMMYFUNCTION("MEDIAN(IFERROR(FILTER('RR1 Player Stats'!AL$3:AL$50, ISNUMBER(SEARCH($A12,'RR1 Player Stats'!$A$3:$A$50))),0),IFERROR(FILTER('RR2 Player Stats'!AL$3:AL$50, ISNUMBER(SEARCH($A12,'RR2 Player Stats'!$A$3:$A$50))),0),IFERROR(FILTER('RR3 Player Stats'!AL$3:AL$"&"50, ISNUMBER(SEARCH($A12,'RR3 Player Stats'!$A$3:$A$50))),0),IFERROR(FILTER('RR4 Player Stats'!AL$3:AL$50, ISNUMBER(SEARCH($A12,'RR4 Player Stats'!$A$3:$A$50))),0),IFERROR(FILTER('RR5 Player Stats'!AL$3:AL$50, ISNUMBER(SEARCH($A12,'RR5 Player Stats'!$A$3:"&"$A$50))),0))"),44.0) -> 44 | Z12: =IFERROR(__xludf.DUMMYFUNCTION("MEDIAN(IFERROR(FILTER('RR1 Player Stats'!AM$3:AM$50, ISNUMBER(SEARCH($A12,'RR1 Player Stats'!$A$3:$A$50))),0),IFERROR(FILTER('RR2 Player Stats'!AM$3:AM$50, ISNUMBER(SEARCH($A12,'RR2 Player Stats'!$A$3:$A$50))),0),IFERROR(FILTER('RR3 Player Stats'!AM$3:AM$"&"50, ISNUMBER(SEARCH($A12,'RR3 Player Stats'!$A$3:$A$50))),0),IFERROR(FILTER('RR4 Player Stats'!AM$3:AM$50, ISNUMBER(SEARCH($A12,'RR4 Player Stats'!$A$3:$A$50))),0),IFERROR(FILTER('RR5 Player Stats'!AM$3:AM$50, ISNUMBER(SEARCH($A12,'RR5 Player Stats'!$A$3:"&"$A$50))),0))"),0.45) -> 0.45
A13: [7.3] Praneel A | B13: =COUNTIF('RR1 Player Stats'!$A$3:$A$50,$A13)+COUNTIF('RR2 Player Stats'!$A$3:$A$50,$A13)+COUNTIF('RR3 Player Stats'!$A$3:$A$50,$A13)+COUNTIF('RR4 Player Stats'!$A$3:$A$50,$A13)+COUNTIF('RR5 Player Stats'!$A$3:$A$50,$A13) -> 5 | C13: =IFERROR(__xludf.DUMMYFUNCTION("IFERROR(FILTER('RR1 Player Stats'!V$3:V$50, ISNUMBER(SEARCH($A13,'RR1 Player Stats'!$A$3:$A$50))),0) +IFERROR(FILTER('RR2 Player Stats'!V$3:V$50, ISNUMBER(SEARCH($A13,'RR2 Player Stats'!$A$3:$A$50))),0) +IFERROR(FILTER('RR3 Player Stats'!V$3:V$50, ISNUMBE"&"R(SEARCH($A13,'RR3 Player Stats'!$A$3:$A$50))),0) +IFERROR(FILTER('RR4 Player Stats'!V$3:V$50, ISNUMBER(SEARCH($A13,'RR4 Player Stats'!$A$3:$A$50))),0) +IFERROR(FILTER('RR5 Player Stats'!V$3:V$50, ISNUMBER(SEARCH($A13,'RR5 Player Stats'!$A$3:$A$50))),0)"),15.0) -> 15 | D13: =IFERROR(__xludf.DUMMYFUNCTION("IFERROR(FILTER('RR1 Player Stats'!W$3:W$50, ISNUMBER(SEARCH($A13,'RR1 Player Stats'!$A$3:$A$50))),0) +IFERROR(FILTER('RR2 Player Stats'!W$3:W$50, ISNUMBER(SEARCH($A13,'RR2 Player Stats'!$A$3:$A$50))),0) +IFERROR(FILTER('RR3 Player Stats'!W$3:W$50, ISNUMBE"&"R(SEARCH($A13,'RR3 Player Stats'!$A$3:$A$50))),0) +IFERROR(FILTER('RR4 Player Stats'!W$3:W$50, ISNUMBER(SEARCH($A13,'RR4 Player Stats'!$A$3:$A$50))),0) +IFERROR(FILTER('RR5 Player Stats'!W$3:W$50, ISNUMBER(SEARCH($A13,'RR5 Player Stats'!$A$3:$A$50))),0)"),5.0) -> 5 | E13: =IFERROR(__xludf.DUMMYFUNCTION("IFERROR(FILTER('RR1 Player Stats'!X$3:X$50, ISNUMBER(SEARCH($A13,'RR1 Player Stats'!$A$3:$A$50))),0) +IFERROR(FILTER('RR2 Player Stats'!X$3:X$50, ISNUMBER(SEARCH($A13,'RR2 Player Stats'!$A$3:$A$50))),0) +IFERROR(FILTER('RR3 Player Stats'!X$3:X$50, ISNUMBE"&"R(SEARCH($A13,'RR3 Player Stats'!$A$3:$A$50))),0) +IFERROR(FILTER('RR4 Player Stats'!X$3:X$50, ISNUMBER(SEARCH($A13,'RR4 Player Stats'!$A$3:$A$50))),0) +IFERROR(FILTER('RR5 Player Stats'!X$3:X$50, ISNUMBER(SEARCH($A13,'RR5 Player Stats'!$A$3:$A$50))),0)"),6.0) -> 6 | F13: =IFERROR(__xludf.DUMMYFUNCTION("IFERROR(FILTER('RR1 Player Stats'!Y$3:Y$50, ISNUMBER(SEARCH($A13,'RR1 Player Stats'!$A$3:$A$50))),0) +IFERROR(FILTER('RR2 Player Stats'!Y$3:Y$50, ISNUMBER(SEARCH($A13,'RR2 Player Stats'!$A$3:$A$50))),0) +IFERROR(FILTER('RR3 Player Stats'!Y$3:Y$50, ISNUMBE"&"R(SEARCH($A13,'RR3 Player Stats'!$A$3:$A$50))),0) +IFERROR(FILTER('RR4 Player Stats'!Y$3:Y$50, ISNUMBER(SEARCH($A13,'RR4 Player Stats'!$A$3:$A$50))),0) +IFERROR(FILTER('RR5 Player Stats'!Y$3:Y$50, ISNUMBER(SEARCH($A13,'RR5 Player Stats'!$A$3:$A$50))),0)"),90.0) -> 90 | G13: =IFERROR(__xludf.DUMMYFUNCTION("IFERROR(FILTER('RR1 Player Stats'!Z$3:Z$50, ISNUMBER(SEARCH($A13,'RR1 Player Stats'!$A$3:$A$50))),0) +IFERROR(FILTER('RR2 Player Stats'!Z$3:Z$50, ISNUMBER(SEARCH($A13,'RR2 Player Stats'!$A$3:$A$50))),0) +IFERROR(FILTER('RR3 Player Stats'!Z$3:Z$50, ISNUMBE"&"R(SEARCH($A13,'RR3 Player Stats'!$A$3:$A$50))),0) +IFERROR(FILTER('RR4 Player Stats'!Z$3:Z$50, ISNUMBER(SEARCH($A13,'RR4 Player Stats'!$A$3:$A$50))),0) +IFERROR(FILTER('RR5 Player Stats'!Z$3:Z$50, ISNUMBER(SEARCH($A13,'RR5 Player Stats'!$A$3:$A$50))),0)"),66.0) -> 66 | H13: =IFERROR(__xludf.DUMMYFUNCTION("(IFERROR(FILTER('RR1 Player Stats'!AA$3:AA$50, ISNUMBER(SEARCH($A13,'RR1 Player Stats'!$A$3:$A$50))),0) +IFERROR(FILTER('RR2 Player Stats'!AA$3:AA$50, ISNUMBER(SEARCH($A13,'RR2 Player Stats'!$A$3:$A$50))),0) +IFERROR(FILTER('RR3 Player Stats'!AA$3:AA$50, "&"ISNUMBER(SEARCH($A13,'RR3 Player Stats'!$A$3:$A$50))),0) +IFERROR(FILTER('RR4 Player Stats'!AA$3:AA$50, ISNUMBER(SEARCH($A13,'RR4 Player Stats'!$A$3:$A$50))),0) +IFERROR(FILTER('RR5 Player Stats'!AA$3:AA$50, ISNUMBER(SEARCH($A13,'RR5 Player Stats'!$A$3:$A"&"$50))),0))/5"),0.33399999999999996) -> 0.334 | I13: =IFERROR(__xludf.DUMMYFUNCTION("IFERROR(FILTER('RR1 Player Stats'!AB$3:AB$50, ISNUMBER(SEARCH($A13,'RR1 Player Stats'!$A$3:$A$50))),0) +IFERROR(FILTER('RR2 Player Stats'!AB$3:AB$50, ISNUMBER(SEARCH($A13,'RR2 Player Stats'!$A$3:$A$50))),0) +IFERROR(FILTER('RR3 Player Stats'!AB$3:AB$50, I"&"SNUMBER(SEARCH($A13,'RR3 Player Stats'!$A$3:$A$50))),0) +IFERROR(FILTER('RR4 Player Stats'!AB$3:AB$50, ISNUMBER(SEARCH($A13,'RR4 Player Stats'!$A$3:$A$50))),0) +IFERROR(FILTER('RR5 Player Stats'!AB$3:AB$50, ISNUMBER(SEARCH($A13,'RR5 Player Stats'!$A$3:$A$"&"50))),0)"),10.0) -> 10 | J13: =IFERROR(__xludf.DUMMYFUNCTION("IFERROR(FILTER('RR1 Player Stats'!AC$3:AC$50, ISNUMBER(SEARCH($A13,'RR1 Player Stats'!$A$3:$A$50))),0) +IFERROR(FILTER('RR2 Player Stats'!AC$3:AC$50, ISNUMBER(SEARCH($A13,'RR2 Player Stats'!$A$3:$A$50))),0) +IFERROR(FILTER('RR3 Player Stats'!AC$3:AC$50, I"&"SNUMBER(SEARCH($A13,'RR3 Player Stats'!$A$3:$A$50))),0) +IFERROR(FILTER('RR4 Player Stats'!AC$3:AC$50, ISNUMBER(SEARCH($A13,'RR4 Player Stats'!$A$3:$A$50))),0) +IFERROR(FILTER('RR5 Player Stats'!AC$3:AC$50, ISNUMBER(SEARCH($A13,'RR5 Player Stats'!$A$3:$A$"&"50))),0)"),14.0) -> 14 | K13: =IFERROR(__xludf.DUMMYFUNCTION("IFERROR(FILTER('RR1 Player Stats'!AD$3:AD$50, ISNUMBER(SEARCH($A13,'RR1 Player Stats'!$A$3:$A$50))),0) +IFERROR(FILTER('RR2 Player Stats'!AD$3:AD$50, ISNUMBER(SEARCH($A13,'RR2 Player Stats'!$A$3:$A$50))),0) +IFERROR(FILTER('RR3 Player Stats'!AD$3:AD$50, I"&"SNUMBER(SEARCH($A13,'RR3 Player Stats'!$A$3:$A$50))),0) +IFERROR(FILTER('RR4 Player Stats'!AD$3:AD$50, ISNUMBER(SEARCH($A13,'RR4 Player Stats'!$A$3:$A$50))),0) +IFERROR(FILTER('RR5 Player Stats'!AD$3:AD$50, ISNUMBER(SEARCH($A13,'RR5 Player Stats'!$A$3:$A$"&"50))),0)"),5.0) -> 5 | L13: =IFERROR(__xludf.DUMMYFUNCTION("IFERROR(FILTER('RR1 Player Stats'!AE$3:AE$50, ISNUMBER(SEARCH($A13,'RR1 Player Stats'!$A$3:$A$50))),0) +IFERROR(FILTER('RR2 Player Stats'!AE$3:AE$50, ISNUMBER(SEARCH($A13,'RR2 Player Stats'!$A$3:$A$50))),0) +IFERROR(FILTER('RR3 Player Stats'!AE$3:AE$50, I"&"SNUMBER(SEARCH($A13,'RR3 Player Stats'!$A$3:$A$50))),0) +IFERROR(FILTER('RR4 Player Stats'!AE$3:AE$50, ISNUMBER(SEARCH($A13,'RR4 Player Stats'!$A$3:$A$50))),0) +IFERROR(FILTER('RR5 Player Stats'!AE$3:AE$50, ISNUMBER(SEARCH($A13,'RR5 Player Stats'!$A$3:$A$"&"50))),0)"),124.0) -> 124 | M13: =IFERROR(__xludf.DUMMYFUNCTION("IFERROR(FILTER('RR1 Player Stats'!AF$3:AF$50, ISNUMBER(SEARCH($A13,'RR1 Player Stats'!$A$3:$A$50))),0) +IFERROR(FILTER('RR2 Player Stats'!AF$3:AF$50, ISNUMBER(SEARCH($A13,'RR2 Player Stats'!$A$3:$A$50))),0) +IFERROR(FILTER('RR3 Player Stats'!AF$3:AF$50, I"&"SNUMBER(SEARCH($A13,'RR3 Player Stats'!$A$3:$A$50))),0) +IFERROR(FILTER('RR4 Player Stats'!AF$3:AF$50, ISNUMBER(SEARCH($A13,'RR4 Player Stats'!$A$3:$A$50))),0) +IFERROR(FILTER('RR5 Player Stats'!AF$3:AF$50, ISNUMBER(SEARCH($A13,'RR5 Player Stats'!$A$3:$A$"&"50))),0)"),104.0) -> 104 | N13: =IFERROR(__xludf.DUMMYFUNCTION("(IFERROR(FILTER('RR1 Player Stats'!AG$3:AG$50, ISNUMBER(SEARCH($A13,'RR1 Player Stats'!$A$3:$A$50))),0) +IFERROR(FILTER('RR2 Player Stats'!AG$3:AG$50, ISNUMBER(SEARCH($A13,'RR2 Player Stats'!$A$3:$A$50))),0) +IFERROR(FILTER('RR3 Player Stats'!AG$3:AG$50, "&"ISNUMBER(SEARCH($A13,'RR3 Player Stats'!$A$3:$A$50))),0) +IFERROR(FILTER('RR4 Player Stats'!AG$3:AG$50, ISNUMBER(SEARCH($A13,'RR4 Player Stats'!$A$3:$A$50))),0) +IFERROR(FILTER('RR5 Player Stats'!AG$3:AG$50, ISNUMBER(SEARCH($A13,'RR5 Player Stats'!$A$3:$A"&"$50))),0))/5"),0.602) -> 0.602 | O13: =IFERROR(__xludf.DUMMYFUNCTION("IFERROR(FILTER('RR1 Player Stats'!AH$3:AH$50, ISNUMBER(SEARCH($A13,'RR1 Player Stats'!$A$3:$A$50))),0) +IFERROR(FILTER('RR2 Player Stats'!AH$3:AH$50, ISNUMBER(SEARCH($A13,'RR2 Player Stats'!$A$3:$A$50))),0) +IFERROR(FILTER('RR3 Player Stats'!AH$3:AH$50, I"&"SNUMBER(SEARCH($A13,'RR3 Player Stats'!$A$3:$A$50))),0) +IFERROR(FILTER('RR4 Player Stats'!AH$3:AH$50, ISNUMBER(SEARCH($A13,'RR4 Player Stats'!$A$3:$A$50))),0) +IFERROR(FILTER('RR5 Player Stats'!AH$3:AH$50, ISNUMBER(SEARCH($A13,'RR5 Player Stats'!$A$3:$A$"&"50))),0)"),25.0) -> 25 | P13: =IFERROR(__xludf.DUMMYFUNCTION("IFERROR(FILTER('RR1 Player Stats'!AI$3:AI$50, ISNUMBER(SEARCH($A13,'RR1 Player Stats'!$A$3:$A$50))),0) +IFERROR(FILTER('RR2 Player Stats'!AI$3:AI$50, ISNUMBER(SEARCH($A13,'RR2 Player Stats'!$A$3:$A$50))),0) +IFERROR(FILTER('RR3 Player Stats'!AI$3:AI$50, I"&"SNUMBER(SEARCH($A13,'RR3 Player Stats'!$A$3:$A$50))),0) +IFERROR(FILTER('RR4 Player Stats'!AI$3:AI$50, ISNUMBER(SEARCH($A13,'RR4 Player Stats'!$A$3:$A$50))),0) +IFERROR(FILTER('RR5 Player Stats'!AI$3:AI$50, ISNUMBER(SEARCH($A13,'RR5 Player Stats'!$A$3:$A$"&"50))),0)"),19.0) -> 19 | Q13: =IFERROR(__xludf.DUMMYFUNCTION("IFERROR(FILTER('RR1 Player Stats'!AJ$3:AJ$50, ISNUMBER(SEARCH($A13,'RR1 Player Stats'!$A$3:$A$50))),0) +IFERROR(FILTER('RR2 Player Stats'!AJ$3:AJ$50, ISNUMBER(SEARCH($A13,'RR2 Player Stats'!$A$3:$A$50))),0) +IFERROR(FILTER('RR3 Player Stats'!AJ$3:AJ$50, I"&"SNUMBER(SEARCH($A13,'RR3 Player Stats'!$A$3:$A$50))),0) +IFERROR(FILTER('RR4 Player Stats'!AJ$3:AJ$50, ISNUMBER(SEARCH($A13,'RR4 Player Stats'!$A$3:$A$50))),0) +IFERROR(FILTER('RR5 Player Stats'!AJ$3:AJ$50, ISNUMBER(SEARCH($A13,'RR5 Player Stats'!$A$3:$A$"&"50))),0)"),11.0) -> 11 | R13: =IFERROR(__xludf.DUMMYFUNCTION("IFERROR(FILTER('RR1 Player Stats'!AK$3:AK$50, ISNUMBER(SEARCH($A13,'RR1 Player Stats'!$A$3:$A$50))),0) +IFERROR(FILTER('RR2 Player Stats'!AK$3:AK$50, ISNUMBER(SEARCH($A13,'RR2 Player Stats'!$A$3:$A$50))),0) +IFERROR(FILTER('RR3 Player Stats'!AK$3:AK$50, I"&"SNUMBER(SEARCH($A13,'RR3 Player Stats'!$A$3:$A$50))),0) +IFERROR(FILTER('RR4 Player Stats'!AK$3:AK$50, ISNUMBER(SEARCH($A13,'RR4 Player Stats'!$A$3:$A$50))),0) +IFERROR(FILTER('RR5 Player Stats'!AK$3:AK$50, ISNUMBER(SEARCH($A13,'RR5 Player Stats'!$A$3:$A$"&"50))),0)"),214.0) -> 214 | S13: =IFERROR(__xludf.DUMMYFUNCTION("IFERROR(FILTER('RR1 Player Stats'!AL$3:AL$50, ISNUMBER(SEARCH($A13,'RR1 Player Stats'!$A$3:$A$50))),0) +IFERROR(FILTER('RR2 Player Stats'!AL$3:AL$50, ISNUMBER(SEARCH($A13,'RR2 Player Stats'!$A$3:$A$50))),0) +IFERROR(FILTER('RR3 Player Stats'!AL$3:AL$50, I"&"SNUMBER(SEARCH($A13,'RR3 Player Stats'!$A$3:$A$50))),0) +IFERROR(FILTER('RR4 Player Stats'!AL$3:AL$50, ISNUMBER(SEARCH($A13,'RR4 Player Stats'!$A$3:$A$50))),0) +IFERROR(FILTER('RR5 Player Stats'!AL$3:AL$50, ISNUMBER(SEARCH($A13,'RR5 Player Stats'!$A$3:$A$"&"50))),0)"),170.0) -> 170 | T13: =IFERROR(__xludf.DUMMYFUNCTION("(IFERROR(FILTER('RR1 Player Stats'!AM$3:AM$50, ISNUMBER(SEARCH($A13,'RR1 Player Stats'!$A$3:$A$50))),0) +IFERROR(FILTER('RR2 Player Stats'!AM$3:AM$50, ISNUMBER(SEARCH($A13,'RR2 Player Stats'!$A$3:$A$50))),0) +IFERROR(FILTER('RR3 Player Stats'!AM$3:AM$50, "&"ISNUMBER(SEARCH($A13,'RR3 Player Stats'!$A$3:$A$50))),0) +IFERROR(FILTER('RR4 Player Stats'!AM$3:AM$50, ISNUMBER(SEARCH($A13,'RR4 Player Stats'!$A$3:$A$50))),0) +IFERROR(FILTER('RR5 Player Stats'!AM$3:AM$50, ISNUMBER(SEARCH($A13,'RR5 Player Stats'!$A$3:$A"&"$50))),0))/B13"),0.44000000000000006) -> 0.44 | U13: =IFERROR(__xludf.DUMMYFUNCTION("MEDIAN(IFERROR(FILTER('RR1 Player Stats'!AH$3:AH$50, ISNUMBER(SEARCH($A13,'RR1 Player Stats'!$A$3:$A$50))),0),IFERROR(FILTER('RR2 Player Stats'!AH$3:AH$50, ISNUMBER(SEARCH($A13,'RR2 Player Stats'!$A$3:$A$50))),0),IFERROR(FILTER('RR3 Player Stats'!AH$3:AH$"&"50, ISNUMBER(SEARCH($A13,'RR3 Player Stats'!$A$3:$A$50))),0),IFERROR(FILTER('RR4 Player Stats'!AH$3:AH$50, ISNUMBER(SEARCH($A13,'RR4 Player Stats'!$A$3:$A$50))),0),IFERROR(FILTER('RR5 Player Stats'!AH$3:AH$50, ISNUMBER(SEARCH($A13,'RR5 Player Stats'!$A$3:"&"$A$50))),0))"),4.0) -> 4 | V13: =IFERROR(__xludf.DUMMYFUNCTION("MEDIAN(IFERROR(FILTER('RR1 Player Stats'!AI$3:AI$50, ISNUMBER(SEARCH($A13,'RR1 Player Stats'!$A$3:$A$50))),0),IFERROR(FILTER('RR2 Player Stats'!AI$3:AI$50, ISNUMBER(SEARCH($A13,'RR2 Player Stats'!$A$3:$A$50))),0),IFERROR(FILTER('RR3 Player Stats'!AI$3:AI$"&"50, ISNUMBER(SEARCH($A13,'RR3 Player Stats'!$A$3:$A$50))),0),IFERROR(FILTER('RR4 Player Stats'!AI$3:AI$50, ISNUMBER(SEARCH($A13,'RR4 Player Stats'!$A$3:$A$50))),0),IFERROR(FILTER('RR5 Player Stats'!AI$3:AI$50, ISNUMBER(SEARCH($A13,'RR5 Player Stats'!$A$3:"&"$A$50))),0))"),4.0) -> 4 | W13: =IFERROR(__xludf.DUMMYFUNCTION("MEDIAN(IFERROR(FILTER('RR1 Player Stats'!AJ$3:AJ$50, ISNUMBER(SEARCH($A13,'RR1 Player Stats'!$A$3:$A$50))),0),IFERROR(FILTER('RR2 Player Stats'!AJ$3:AJ$50, ISNUMBER(SEARCH($A13,'RR2 Player Stats'!$A$3:$A$50))),0),IFERROR(FILTER('RR3 Player Stats'!AJ$3:AJ$"&"50, ISNUMBER(SEARCH($A13,'RR3 Player Stats'!$A$3:$A$50))),0),IFERROR(FILTER('RR4 Player Stats'!AJ$3:AJ$50, ISNUMBER(SEARCH($A13,'RR4 Player Stats'!$A$3:$A$50))),0),IFERROR(FILTER('RR5 Player Stats'!AJ$3:AJ$50, ISNUMBER(SEARCH($A13,'RR5 Player Stats'!$A$3:"&"$A$50))),0))"),2.0) -> 2 | X13: =IFERROR(__xludf.DUMMYFUNCTION("MEDIAN(IFERROR(FILTER('RR1 Player Stats'!AK$3:AK$50, ISNUMBER(SEARCH($A13,'RR1 Player Stats'!$A$3:$A$50))),0),IFERROR(FILTER('RR2 Player Stats'!AK$3:AK$50, ISNUMBER(SEARCH($A13,'RR2 Player Stats'!$A$3:$A$50))),0),IFERROR(FILTER('RR3 Player Stats'!AK$3:AK$"&"50, ISNUMBER(SEARCH($A13,'RR3 Player Stats'!$A$3:$A$50))),0),IFERROR(FILTER('RR4 Player Stats'!AK$3:AK$50, ISNUMBER(SEARCH($A13,'RR4 Player Stats'!$A$3:$A$50))),0),IFERROR(FILTER('RR5 Player Stats'!AK$3:AK$50, ISNUMBER(SEARCH($A13,'RR5 Player Stats'!$A$3:"&"$A$50))),0))"),40.0) -> 40 | Y13: =IFERROR(__xludf.DUMMYFUNCTION("MEDIAN(IFERROR(FILTER('RR1 Player Stats'!AL$3:AL$50, ISNUMBER(SEARCH($A13,'RR1 Player Stats'!$A$3:$A$50))),0),IFERROR(FILTER('RR2 Player Stats'!AL$3:AL$50, ISNUMBER(SEARCH($A13,'RR2 Player Stats'!$A$3:$A$50))),0),IFERROR(FILTER('RR3 Player Stats'!AL$3:AL$"&"50, ISNUMBER(SEARCH($A13,'RR3 Player Stats'!$A$3:$A$50))),0),IFERROR(FILTER('RR4 Player Stats'!AL$3:AL$50, ISNUMBER(SEARCH($A13,'RR4 Player Stats'!$A$3:$A$50))),0),IFERROR(FILTER('RR5 Player Stats'!AL$3:AL$50, ISNUMBER(SEARCH($A13,'RR5 Player Stats'!$A$3:"&"$A$50))),0))"),34.0) -> 34 | Z13: =IFERROR(__xludf.DUMMYFUNCTION("MEDIAN(IFERROR(FILTER('RR1 Player Stats'!AM$3:AM$50, ISNUMBER(SEARCH($A13,'RR1 Player Stats'!$A$3:$A$50))),0),IFERROR(FILTER('RR2 Player Stats'!AM$3:AM$50, ISNUMBER(SEARCH($A13,'RR2 Player Stats'!$A$3:$A$50))),0),IFERROR(FILTER('RR3 Player Stats'!AM$3:AM$"&"50, ISNUMBER(SEARCH($A13,'RR3 Player Stats'!$A$3:$A$50))),0),IFERROR(FILTER('RR4 Player Stats'!AM$3:AM$50, ISNUMBER(SEARCH($A13,'RR4 Player Stats'!$A$3:$A$50))),0),IFERROR(FILTER('RR5 Player Stats'!AM$3:AM$50, ISNUMBER(SEARCH($A13,'RR5 Player Stats'!$A$3:"&"$A$50))),0))"),0.45) -> 0.45
A14: [5.6] Varyan J | B14: =COUNTIF('RR1 Player Stats'!$A$3:$A$50,$A14)+COUNTIF('RR2 Player Stats'!$A$3:$A$50,$A14)+COUNTIF('RR3 Player Stats'!$A$3:$A$50,$A14)+COUNTIF('RR4 Player Stats'!$A$3:$A$50,$A14)+COUNTIF('RR5 Player Stats'!$A$3:$A$50,$A14) -> 5 | C14: =IFERROR(__xludf.DUMMYFUNCTION("IFERROR(FILTER('RR1 Player Stats'!V$3:V$50, ISNUMBER(SEARCH($A14,'RR1 Player Stats'!$A$3:$A$50))),0) +IFERROR(FILTER('RR2 Player Stats'!V$3:V$50, ISNUMBER(SEARCH($A14,'RR2 Player Stats'!$A$3:$A$50))),0) +IFERROR(FILTER('RR3 Player Stats'!V$3:V$50, ISNUMBE"&"R(SEARCH($A14,'RR3 Player Stats'!$A$3:$A$50))),0) +IFERROR(FILTER('RR4 Player Stats'!V$3:V$50, ISNUMBER(SEARCH($A14,'RR4 Player Stats'!$A$3:$A$50))),0) +IFERROR(FILTER('RR5 Player Stats'!V$3:V$50, ISNUMBER(SEARCH($A14,'RR5 Player Stats'!$A$3:$A$50))),0)"),12.0) -> 12 | D14: =IFERROR(__xludf.DUMMYFUNCTION("IFERROR(FILTER('RR1 Player Stats'!W$3:W$50, ISNUMBER(SEARCH($A14,'RR1 Player Stats'!$A$3:$A$50))),0) +IFERROR(FILTER('RR2 Player Stats'!W$3:W$50, ISNUMBER(SEARCH($A14,'RR2 Player Stats'!$A$3:$A$50))),0) +IFERROR(FILTER('RR3 Player Stats'!W$3:W$50, ISNUMBE"&"R(SEARCH($A14,'RR3 Player Stats'!$A$3:$A$50))),0) +IFERROR(FILTER('RR4 Player Stats'!W$3:W$50, ISNUMBER(SEARCH($A14,'RR4 Player Stats'!$A$3:$A$50))),0) +IFERROR(FILTER('RR5 Player Stats'!W$3:W$50, ISNUMBER(SEARCH($A14,'RR5 Player Stats'!$A$3:$A$50))),0)"),14.0) -> 14 | E14: =IFERROR(__xludf.DUMMYFUNCTION("IFERROR(FILTER('RR1 Player Stats'!X$3:X$50, ISNUMBER(SEARCH($A14,'RR1 Player Stats'!$A$3:$A$50))),0) +IFERROR(FILTER('RR2 Player Stats'!X$3:X$50, ISNUMBER(SEARCH($A14,'RR2 Player Stats'!$A$3:$A$50))),0) +IFERROR(FILTER('RR3 Player Stats'!X$3:X$50, ISNUMBE"&"R(SEARCH($A14,'RR3 Player Stats'!$A$3:$A$50))),0) +IFERROR(FILTER('RR4 Player Stats'!X$3:X$50, ISNUMBER(SEARCH($A14,'RR4 Player Stats'!$A$3:$A$50))),0) +IFERROR(FILTER('RR5 Player Stats'!X$3:X$50, ISNUMBER(SEARCH($A14,'RR5 Player Stats'!$A$3:$A$50))),0)"),12.0) -> 12 | F14: =IFERROR(__xludf.DUMMYFUNCTION("IFERROR(FILTER('RR1 Player Stats'!Y$3:Y$50, ISNUMBER(SEARCH($A14,'RR1 Player Stats'!$A$3:$A$50))),0) +IFERROR(FILTER('RR2 Player Stats'!Y$3:Y$50, ISNUMBER(SEARCH($A14,'RR2 Player Stats'!$A$3:$A$50))),0) +IFERROR(FILTER('RR3 Player Stats'!Y$3:Y$50, ISNUMBE"&"R(SEARCH($A14,'RR3 Player Stats'!$A$3:$A$50))),0) +IFERROR(FILTER('RR4 Player Stats'!Y$3:Y$50, ISNUMBER(SEARCH($A14,'RR4 Player Stats'!$A$3:$A$50))),0) +IFERROR(FILTER('RR5 Player Stats'!Y$3:Y$50, ISNUMBER(SEARCH($A14,'RR5 Player Stats'!$A$3:$A$50))),0)"),132.0) -> 132 | G14: =IFERROR(__xludf.DUMMYFUNCTION("IFERROR(FILTER('RR1 Player Stats'!Z$3:Z$50, ISNUMBER(SEARCH($A14,'RR1 Player Stats'!$A$3:$A$50))),0) +IFERROR(FILTER('RR2 Player Stats'!Z$3:Z$50, ISNUMBER(SEARCH($A14,'RR2 Player Stats'!$A$3:$A$50))),0) +IFERROR(FILTER('RR3 Player Stats'!Z$3:Z$50, ISNUMBE"&"R(SEARCH($A14,'RR3 Player Stats'!$A$3:$A$50))),0) +IFERROR(FILTER('RR4 Player Stats'!Z$3:Z$50, ISNUMBER(SEARCH($A14,'RR4 Player Stats'!$A$3:$A$50))),0) +IFERROR(FILTER('RR5 Player Stats'!Z$3:Z$50, ISNUMBER(SEARCH($A14,'RR5 Player Stats'!$A$3:$A$50))),0)"),84.0) -> 84 | H14: =IFERROR(__xludf.DUMMYFUNCTION("(IFERROR(FILTER('RR1 Player Stats'!AA$3:AA$50, ISNUMBER(SEARCH($A14,'RR1 Player Stats'!$A$3:$A$50))),0) +IFERROR(FILTER('RR2 Player Stats'!AA$3:AA$50, ISNUMBER(SEARCH($A14,'RR2 Player Stats'!$A$3:$A$50))),0) +IFERROR(FILTER('RR3 Player Stats'!AA$3:AA$50, "&"ISNUMBER(SEARCH($A14,'RR3 Player Stats'!$A$3:$A$50))),0) +IFERROR(FILTER('RR4 Player Stats'!AA$3:AA$50, ISNUMBER(SEARCH($A14,'RR4 Player Stats'!$A$3:$A$50))),0) +IFERROR(FILTER('RR5 Player Stats'!AA$3:AA$50, ISNUMBER(SEARCH($A14,'RR5 Player Stats'!$A$3:$A"&"$50))),0))/5"),0.43200000000000005) -> 0.432 | I14: =IFERROR(__xludf.DUMMYFUNCTION("IFERROR(FILTER('RR1 Player Stats'!AB$3:AB$50, ISNUMBER(SEARCH($A14,'RR1 Player Stats'!$A$3:$A$50))),0) +IFERROR(FILTER('RR2 Player Stats'!AB$3:AB$50, ISNUMBER(SEARCH($A14,'RR2 Player Stats'!$A$3:$A$50))),0) +IFERROR(FILTER('RR3 Player Stats'!AB$3:AB$50, I"&"SNUMBER(SEARCH($A14,'RR3 Player Stats'!$A$3:$A$50))),0) +IFERROR(FILTER('RR4 Player Stats'!AB$3:AB$50, ISNUMBER(SEARCH($A14,'RR4 Player Stats'!$A$3:$A$50))),0) +IFERROR(FILTER('RR5 Player Stats'!AB$3:AB$50, ISNUMBER(SEARCH($A14,'RR5 Player Stats'!$A$3:$A$"&"50))),0)"),13.0) -> 13 | J14: =IFERROR(__xludf.DUMMYFUNCTION("IFERROR(FILTER('RR1 Player Stats'!AC$3:AC$50, ISNUMBER(SEARCH($A14,'RR1 Player Stats'!$A$3:$A$50))),0) +IFERROR(FILTER('RR2 Player Stats'!AC$3:AC$50, ISNUMBER(SEARCH($A14,'RR2 Player Stats'!$A$3:$A$50))),0) +IFERROR(FILTER('RR3 Player Stats'!AC$3:AC$50, I"&"SNUMBER(SEARCH($A14,'RR3 Player Stats'!$A$3:$A$50))),0) +IFERROR(FILTER('RR4 Player Stats'!AC$3:AC$50, ISNUMBER(SEARCH($A14,'RR4 Player Stats'!$A$3:$A$50))),0) +IFERROR(FILTER('RR5 Player Stats'!AC$3:AC$50, ISNUMBER(SEARCH($A14,'RR5 Player Stats'!$A$3:$A$"&"50))),0)"),4.0) -> 4 | K14: =IFERROR(__xludf.DUMMYFUNCTION("IFERROR(FILTER('RR1 Player Stats'!AD$3:AD$50, ISNUMBER(SEARCH($A14,'RR1 Player Stats'!$A$3:$A$50))),0) +IFERROR(FILTER('RR2 Player Stats'!AD$3:AD$50, ISNUMBER(SEARCH($A14,'RR2 Player Stats'!$A$3:$A$50))),0) +IFERROR(FILTER('RR3 Player Stats'!AD$3:AD$50, I"&"SNUMBER(SEARCH($A14,'RR3 Player Stats'!$A$3:$A$50))),0) +IFERROR(FILTER('RR4 Player Stats'!AD$3:AD$50, ISNUMBER(SEARCH($A14,'RR4 Player Stats'!$A$3:$A$50))),0) +IFERROR(FILTER('RR5 Player Stats'!AD$3:AD$50, ISNUMBER(SEARCH($A14,'RR5 Player Stats'!$A$3:$A$"&"50))),0)"),5.0) -> 5 | L14: =IFERROR(__xludf.DUMMYFUNCTION("IFERROR(FILTER('RR1 Player Stats'!AE$3:AE$50, ISNUMBER(SEARCH($A14,'RR1 Player Stats'!$A$3:$A$50))),0) +IFERROR(FILTER('RR2 Player Stats'!AE$3:AE$50, ISNUMBER(SEARCH($A14,'RR2 Player Stats'!$A$3:$A$50))),0) +IFERROR(FILTER('RR3 Player Stats'!AE$3:AE$50, I"&"SNUMBER(SEARCH($A14,'RR3 Player Stats'!$A$3:$A$50))),0) +IFERROR(FILTER('RR4 Player Stats'!AE$3:AE$50, ISNUMBER(SEARCH($A14,'RR4 Player Stats'!$A$3:$A$50))),0) +IFERROR(FILTER('RR5 Player Stats'!AE$3:AE$50, ISNUMBER(SEARCH($A14,'RR5 Player Stats'!$A$3:$A$"&"50))),0)"),76.0) -> 76 | M14: =IFERROR(__xludf.DUMMYFUNCTION("IFERROR(FILTER('RR1 Player Stats'!AF$3:AF$50, ISNUMBER(SEARCH($A14,'RR1 Player Stats'!$A$3:$A$50))),0) +IFERROR(FILTER('RR2 Player Stats'!AF$3:AF$50, ISNUMBER(SEARCH($A14,'RR2 Player Stats'!$A$3:$A$50))),0) +IFERROR(FILTER('RR3 Player Stats'!AF$3:AF$50, I"&"SNUMBER(SEARCH($A14,'RR3 Player Stats'!$A$3:$A$50))),0) +IFERROR(FILTER('RR4 Player Stats'!AF$3:AF$50, ISNUMBER(SEARCH($A14,'RR4 Player Stats'!$A$3:$A$50))),0) +IFERROR(FILTER('RR5 Player Stats'!AF$3:AF$50, ISNUMBER(SEARCH($A14,'RR5 Player Stats'!$A$3:$A$"&"50))),0)"),56.0) -> 56 | N14: =IFERROR(__xludf.DUMMYFUNCTION("(IFERROR(FILTER('RR1 Player Stats'!AG$3:AG$50, ISNUMBER(SEARCH($A14,'RR1 Player Stats'!$A$3:$A$50))),0) +IFERROR(FILTER('RR2 Player Stats'!AG$3:AG$50, ISNUMBER(SEARCH($A14,'RR2 Player Stats'!$A$3:$A$50))),0) +IFERROR(FILTER('RR3 Player Stats'!AG$3:AG$50, "&"ISNUMBER(SEARCH($A14,'RR3 Player Stats'!$A$3:$A$50))),0) +IFERROR(FILTER('RR4 Player Stats'!AG$3:AG$50, ISNUMBER(SEARCH($A14,'RR4 Player Stats'!$A$3:$A$50))),0) +IFERROR(FILTER('RR5 Player Stats'!AG$3:AG$50, ISNUMBER(SEARCH($A14,'RR5 Player Stats'!$A$3:$A"&"$50))),0))/5"),0.42800000000000005) -> 0.428 | O14: =IFERROR(__xludf.DUMMYFUNCTION("IFERROR(FILTER('RR1 Player Stats'!AH$3:AH$50, ISNUMBER(SEARCH($A14,'RR1 Player Stats'!$A$3:$A$50))),0) +IFERROR(FILTER('RR2 Player Stats'!AH$3:AH$50, ISNUMBER(SEARCH($A14,'RR2 Player Stats'!$A$3:$A$50))),0) +IFERROR(FILTER('RR3 Player Stats'!AH$3:AH$50, I"&"SNUMBER(SEARCH($A14,'RR3 Player Stats'!$A$3:$A$50))),0) +IFERROR(FILTER('RR4 Player Stats'!AH$3:AH$50, ISNUMBER(SEARCH($A14,'RR4 Player Stats'!$A$3:$A$50))),0) +IFERROR(FILTER('RR5 Player Stats'!AH$3:AH$50, ISNUMBER(SEARCH($A14,'RR5 Player Stats'!$A$3:$A$"&"50))),0)"),25.0) -> 25 | P14: =IFERROR(__xludf.DUMMYFUNCTION("IFERROR(FILTER('RR1 Player Stats'!AI$3:AI$50, ISNUMBER(SEARCH($A14,'RR1 Player Stats'!$A$3:$A$50))),0) +IFERROR(FILTER('RR2 Player Stats'!AI$3:AI$50, ISNUMBER(SEARCH($A14,'RR2 Player Stats'!$A$3:$A$50))),0) +IFERROR(FILTER('RR3 Player Stats'!AI$3:AI$50, I"&"SNUMBER(SEARCH($A14,'RR3 Player Stats'!$A$3:$A$50))),0) +IFERROR(FILTER('RR4 Player Stats'!AI$3:AI$50, ISNUMBER(SEARCH($A14,'RR4 Player Stats'!$A$3:$A$50))),0) +IFERROR(FILTER('RR5 Player Stats'!AI$3:AI$50, ISNUMBER(SEARCH($A14,'RR5 Player Stats'!$A$3:$A$"&"50))),0)"),18.0) -> 18 | Q14: =IFERROR(__xludf.DUMMYFUNCTION("IFERROR(FILTER('RR1 Player Stats'!AJ$3:AJ$50, ISNUMBER(SEARCH($A14,'RR1 Player Stats'!$A$3:$A$50))),0) +IFERROR(FILTER('RR2 Player Stats'!AJ$3:AJ$50, ISNUMBER(SEARCH($A14,'RR2 Player Stats'!$A$3:$A$50))),0) +IFERROR(FILTER('RR3 Player Stats'!AJ$3:AJ$50, I"&"SNUMBER(SEARCH($A14,'RR3 Player Stats'!$A$3:$A$50))),0) +IFERROR(FILTER('RR4 Player Stats'!AJ$3:AJ$50, ISNUMBER(SEARCH($A14,'RR4 Player Stats'!$A$3:$A$50))),0) +IFERROR(FILTER('RR5 Player Stats'!AJ$3:AJ$50, ISNUMBER(SEARCH($A14,'RR5 Player Stats'!$A$3:$A$"&"50))),0)"),17.0) -> 17 | R14: =IFERROR(__xludf.DUMMYFUNCTION("IFERROR(FILTER('RR1 Player Stats'!AK$3:AK$50, ISNUMBER(SEARCH($A14,'RR1 Player Stats'!$A$3:$A$50))),0) +IFERROR(FILTER('RR2 Player Stats'!AK$3:AK$50, ISNUMBER(SEARCH($A14,'RR2 Player Stats'!$A$3:$A$50))),0) +IFERROR(FILTER('RR3 Player Stats'!AK$3:AK$50, I"&"SNUMBER(SEARCH($A14,'RR3 Player Stats'!$A$3:$A$50))),0) +IFERROR(FILTER('RR4 Player Stats'!AK$3:AK$50, ISNUMBER(SEARCH($A14,'RR4 Player Stats'!$A$3:$A$50))),0) +IFERROR(FILTER('RR5 Player Stats'!AK$3:AK$50, ISNUMBER(SEARCH($A14,'RR5 Player Stats'!$A$3:$A$"&"50))),0)"),208.0) -> 208 | S14: =IFERROR(__xludf.DUMMYFUNCTION("IFERROR(FILTER('RR1 Player Stats'!AL$3:AL$50, ISNUMBER(SEARCH($A14,'RR1 Player Stats'!$A$3:$A$50))),0) +IFERROR(FILTER('RR2 Player Stats'!AL$3:AL$50, ISNUMBER(SEARCH($A14,'RR2 Player Stats'!$A$3:$A$50))),0) +IFERROR(FILTER('RR3 Player Stats'!AL$3:AL$50, I"&"SNUMBER(SEARCH($A14,'RR3 Player Stats'!$A$3:$A$50))),0) +IFERROR(FILTER('RR4 Player Stats'!AL$3:AL$50, ISNUMBER(SEARCH($A14,'RR4 Player Stats'!$A$3:$A$50))),0) +IFERROR(FILTER('RR5 Player Stats'!AL$3:AL$50, ISNUMBER(SEARCH($A14,'RR5 Player Stats'!$A$3:$A$"&"50))),0)"),140.0) -> 140 | T14: =IFERROR(__xludf.DUMMYFUNCTION("(IFERROR(FILTER('RR1 Player Stats'!AM$3:AM$50, ISNUMBER(SEARCH($A14,'RR1 Player Stats'!$A$3:$A$50))),0) +IFERROR(FILTER('RR2 Player Stats'!AM$3:AM$50, ISNUMBER(SEARCH($A14,'RR2 Player Stats'!$A$3:$A$50))),0) +IFERROR(FILTER('RR3 Player Stats'!AM$3:AM$50, "&"ISNUMBER(SEARCH($A14,'RR3 Player Stats'!$A$3:$A$50))),0) +IFERROR(FILTER('RR4 Player Stats'!AM$3:AM$50, ISNUMBER(SEARCH($A14,'RR4 Player Stats'!$A$3:$A$50))),0) +IFERROR(FILTER('RR5 Player Stats'!AM$3:AM$50, ISNUMBER(SEARCH($A14,'RR5 Player Stats'!$A$3:$A"&"$50))),0))/B14"),0.43) -> 0.43 | U14: =IFERROR(__xludf.DUMMYFUNCTION("MEDIAN(IFERROR(FILTER('RR1 Player Stats'!AH$3:AH$50, ISNUMBER(SEARCH($A14,'RR1 Player Stats'!$A$3:$A$50))),0),IFERROR(FILTER('RR2 Player Stats'!AH$3:AH$50, ISNUMBER(SEARCH($A14,'RR2 Player Stats'!$A$3:$A$50))),0),IFERROR(FILTER('RR3 Player Stats'!AH$3:AH$"&"50, ISNUMBER(SEARCH($A14,'RR3 Player Stats'!$A$3:$A$50))),0),IFERROR(FILTER('RR4 Player Stats'!AH$3:AH$50, ISNUMBER(SEARCH($A14,'RR4 Player Stats'!$A$3:$A$50))),0),IFERROR(FILTER('RR5 Player Stats'!AH$3:AH$50, ISNUMBER(SEARCH($A14,'RR5 Player Stats'!$A$3:"&"$A$50))),0))"),4.0) -> 4 | V14: =IFERROR(__xludf.DUMMYFUNCTION("MEDIAN(IFERROR(FILTER('RR1 Player Stats'!AI$3:AI$50, ISNUMBER(SEARCH($A14,'RR1 Player Stats'!$A$3:$A$50))),0),IFERROR(FILTER('RR2 Player Stats'!AI$3:AI$50, ISNUMBER(SEARCH($A14,'RR2 Player Stats'!$A$3:$A$50))),0),IFERROR(FILTER('RR3 Player Stats'!AI$3:AI$"&"50, ISNUMBER(SEARCH($A14,'RR3 Player Stats'!$A$3:$A$50))),0),IFERROR(FILTER('RR4 Player Stats'!AI$3:AI$50, ISNUMBER(SEARCH($A14,'RR4 Player Stats'!$A$3:$A$50))),0),IFERROR(FILTER('RR5 Player Stats'!AI$3:AI$50, ISNUMBER(SEARCH($A14,'RR5 Player Stats'!$A$3:"&"$A$50))),0))"),3.0) -> 3 | W14: =IFERROR(__xludf.DUMMYFUNCTION("MEDIAN(IFERROR(FILTER('RR1 Player Stats'!AJ$3:AJ$50, ISNUMBER(SEARCH($A14,'RR1 Player Stats'!$A$3:$A$50))),0),IFERROR(FILTER('RR2 Player Stats'!AJ$3:AJ$50, ISNUMBER(SEARCH($A14,'RR2 Player Stats'!$A$3:$A$50))),0),IFERROR(FILTER('RR3 Player Stats'!AJ$3:AJ$"&"50, ISNUMBER(SEARCH($A14,'RR3 Player Stats'!$A$3:$A$50))),0),IFERROR(FILTER('RR4 Player Stats'!AJ$3:AJ$50, ISNUMBER(SEARCH($A14,'RR4 Player Stats'!$A$3:$A$50))),0),IFERROR(FILTER('RR5 Player Stats'!AJ$3:AJ$50, ISNUMBER(SEARCH($A14,'RR5 Player Stats'!$A$3:"&"$A$50))),0))"),3.0) -> 3 | X14: =IFERROR(__xludf.DUMMYFUNCTION("MEDIAN(IFERROR(FILTER('RR1 Player Stats'!AK$3:AK$50, ISNUMBER(SEARCH($A14,'RR1 Player Stats'!$A$3:$A$50))),0),IFERROR(FILTER('RR2 Player Stats'!AK$3:AK$50, ISNUMBER(SEARCH($A14,'RR2 Player Stats'!$A$3:$A$50))),0),IFERROR(FILTER('RR3 Player Stats'!AK$3:AK$"&"50, ISNUMBER(SEARCH($A14,'RR3 Player Stats'!$A$3:$A$50))),0),IFERROR(FILTER('RR4 Player Stats'!AK$3:AK$50, ISNUMBER(SEARCH($A14,'RR4 Player Stats'!$A$3:$A$50))),0),IFERROR(FILTER('RR5 Player Stats'!AK$3:AK$50, ISNUMBER(SEARCH($A14,'RR5 Player Stats'!$A$3:"&"$A$50))),0))"),44.0) -> 44 | Y14: =IFERROR(__xludf.DUMMYFUNCTION("MEDIAN(IFERROR(FILTER('RR1 Player Stats'!AL$3:AL$50, ISNUMBER(SEARCH($A14,'RR1 Player Stats'!$A$3:$A$50))),0),IFERROR(FILTER('RR2 Player Stats'!AL$3:AL$50, ISNUMBER(SEARCH($A14,'RR2 Player Stats'!$A$3:$A$50))),0),IFERROR(FILTER('RR3 Player Stats'!AL$3:AL$"&"50, ISNUMBER(SEARCH($A14,'RR3 Player Stats'!$A$3:$A$50))),0),IFERROR(FILTER('RR4 Player Stats'!AL$3:AL$50, ISNUMBER(SEARCH($A14,'RR4 Player Stats'!$A$3:$A$50))),0),IFERROR(FILTER('RR5 Player Stats'!AL$3:AL$50, ISNUMBER(SEARCH($A14,'RR5 Player Stats'!$A$3:"&"$A$50))),0))"),32.0) -> 32 | Z14: =IFERROR(__xludf.DUMMYFUNCTION("MEDIAN(IFERROR(FILTER('RR1 Player Stats'!AM$3:AM$50, ISNUMBER(SEARCH($A14,'RR1 Player Stats'!$A$3:$A$50))),0),IFERROR(FILTER('RR2 Player Stats'!AM$3:AM$50, ISNUMBER(SEARCH($A14,'RR2 Player Stats'!$A$3:$A$50))),0),IFERROR(FILTER('RR3 Player Stats'!AM$3:AM$"&"50, ISNUMBER(SEARCH($A14,'RR3 Player Stats'!$A$3:$A$50))),0),IFERROR(FILTER('RR4 Player Stats'!AM$3:AM$50, ISNUMBER(SEARCH($A14,'RR4 Player Stats'!$A$3:$A$50))),0),IFERROR(FILTER('RR5 Player Stats'!AM$3:AM$50, ISNUMBER(SEARCH($A14,'RR5 Player Stats'!$A$3:"&"$A$50))),0))"),0.5) -> 0.5
A15: [1.2] Malachi N | B15: =COUNTIF('RR1 Player Stats'!$A$3:$A$50,$A15)+COUNTIF('RR2 Player Stats'!$A$3:$A$50,$A15)+COUNTIF('RR3 Player Stats'!$A$3:$A$50,$A15)+COUNTIF('RR4 Player Stats'!$A$3:$A$50,$A15)+COUNTIF('RR5 Player Stats'!$A$3:$A$50,$A15) -> 5 | C15: =IFERROR(__xludf.DUMMYFUNCTION("IFERROR(FILTER('RR1 Player Stats'!V$3:V$50, ISNUMBER(SEARCH($A15,'RR1 Player Stats'!$A$3:$A$50))),0) +IFERROR(FILTER('RR2 Player Stats'!V$3:V$50, ISNUMBER(SEARCH($A15,'RR2 Player Stats'!$A$3:$A$50))),0) +IFERROR(FILTER('RR3 Player Stats'!V$3:V$50, ISNUMBE"&"R(SEARCH($A15,'RR3 Player Stats'!$A$3:$A$50))),0) +IFERROR(FILTER('RR4 Player Stats'!V$3:V$50, ISNUMBER(SEARCH($A15,'RR4 Player Stats'!$A$3:$A$50))),0) +IFERROR(FILTER('RR5 Player Stats'!V$3:V$50, ISNUMBER(SEARCH($A15,'RR5 Player Stats'!$A$3:$A$50))),0)"),16.0) -> 16 | D15: =IFERROR(__xludf.DUMMYFUNCTION("IFERROR(FILTER('RR1 Player Stats'!W$3:W$50, ISNUMBER(SEARCH($A15,'RR1 Player Stats'!$A$3:$A$50))),0) +IFERROR(FILTER('RR2 Player Stats'!W$3:W$50, ISNUMBER(SEARCH($A15,'RR2 Player Stats'!$A$3:$A$50))),0) +IFERROR(FILTER('RR3 Player Stats'!W$3:W$50, ISNUMBE"&"R(SEARCH($A15,'RR3 Player Stats'!$A$3:$A$50))),0) +IFERROR(FILTER('RR4 Player Stats'!W$3:W$50, ISNUMBER(SEARCH($A15,'RR4 Player Stats'!$A$3:$A$50))),0) +IFERROR(FILTER('RR5 Player Stats'!W$3:W$50, ISNUMBER(SEARCH($A15,'RR5 Player Stats'!$A$3:$A$50))),0)"),11.0) -> 11 | E15: =IFERROR(__xludf.DUMMYFUNCTION("IFERROR(FILTER('RR1 Player Stats'!X$3:X$50, ISNUMBER(SEARCH($A15,'RR1 Player Stats'!$A$3:$A$50))),0) +IFERROR(FILTER('RR2 Player Stats'!X$3:X$50, ISNUMBER(SEARCH($A15,'RR2 Player Stats'!$A$3:$A$50))),0) +IFERROR(FILTER('RR3 Player Stats'!X$3:X$50, ISNUMBE"&"R(SEARCH($A15,'RR3 Player Stats'!$A$3:$A$50))),0) +IFERROR(FILTER('RR4 Player Stats'!X$3:X$50, ISNUMBER(SEARCH($A15,'RR4 Player Stats'!$A$3:$A$50))),0) +IFERROR(FILTER('RR5 Player Stats'!X$3:X$50, ISNUMBER(SEARCH($A15,'RR5 Player Stats'!$A$3:$A$50))),0)"),4.0) -> 4 | F15: =IFERROR(__xludf.DUMMYFUNCTION("IFERROR(FILTER('RR1 Player Stats'!Y$3:Y$50, ISNUMBER(SEARCH($A15,'RR1 Player Stats'!$A$3:$A$50))),0) +IFERROR(FILTER('RR2 Player Stats'!Y$3:Y$50, ISNUMBER(SEARCH($A15,'RR2 Player Stats'!$A$3:$A$50))),0) +IFERROR(FILTER('RR3 Player Stats'!Y$3:Y$50, ISNUMBE"&"R(SEARCH($A15,'RR3 Player Stats'!$A$3:$A$50))),0) +IFERROR(FILTER('RR4 Player Stats'!Y$3:Y$50, ISNUMBER(SEARCH($A15,'RR4 Player Stats'!$A$3:$A$50))),0) +IFERROR(FILTER('RR5 Player Stats'!Y$3:Y$50, ISNUMBER(SEARCH($A15,'RR5 Player Stats'!$A$3:$A$50))),0)"),130.0) -> 130 | G15: =IFERROR(__xludf.DUMMYFUNCTION("IFERROR(FILTER('RR1 Player Stats'!Z$3:Z$50, ISNUMBER(SEARCH($A15,'RR1 Player Stats'!$A$3:$A$50))),0) +IFERROR(FILTER('RR2 Player Stats'!Z$3:Z$50, ISNUMBER(SEARCH($A15,'RR2 Player Stats'!$A$3:$A$50))),0) +IFERROR(FILTER('RR3 Player Stats'!Z$3:Z$50, ISNUMBE"&"R(SEARCH($A15,'RR3 Player Stats'!$A$3:$A$50))),0) +IFERROR(FILTER('RR4 Player Stats'!Z$3:Z$50, ISNUMBER(SEARCH($A15,'RR4 Player Stats'!$A$3:$A$50))),0) +IFERROR(FILTER('RR5 Player Stats'!Z$3:Z$50, ISNUMBER(SEARCH($A15,'RR5 Player Stats'!$A$3:$A$50))),0)"),114.0) -> 114 | H15: =IFERROR(__xludf.DUMMYFUNCTION("(IFERROR(FILTER('RR1 Player Stats'!AA$3:AA$50, ISNUMBER(SEARCH($A15,'RR1 Player Stats'!$A$3:$A$50))),0) +IFERROR(FILTER('RR2 Player Stats'!AA$3:AA$50, ISNUMBER(SEARCH($A15,'RR2 Player Stats'!$A$3:$A$50))),0) +IFERROR(FILTER('RR3 Player Stats'!AA$3:AA$50, "&"ISNUMBER(SEARCH($A15,'RR3 Player Stats'!$A$3:$A$50))),0) +IFERROR(FILTER('RR4 Player Stats'!AA$3:AA$50, ISNUMBER(SEARCH($A15,'RR4 Player Stats'!$A$3:$A$50))),0) +IFERROR(FILTER('RR5 Player Stats'!AA$3:AA$50, ISNUMBER(SEARCH($A15,'RR5 Player Stats'!$A$3:$A"&"$50))),0))/5"),0.442) -> 0.442 | I15: =IFERROR(__xludf.DUMMYFUNCTION("IFERROR(FILTER('RR1 Player Stats'!AB$3:AB$50, ISNUMBER(SEARCH($A15,'RR1 Player Stats'!$A$3:$A$50))),0) +IFERROR(FILTER('RR2 Player Stats'!AB$3:AB$50, ISNUMBER(SEARCH($A15,'RR2 Player Stats'!$A$3:$A$50))),0) +IFERROR(FILTER('RR3 Player Stats'!AB$3:AB$50, I"&"SNUMBER(SEARCH($A15,'RR3 Player Stats'!$A$3:$A$50))),0) +IFERROR(FILTER('RR4 Player Stats'!AB$3:AB$50, ISNUMBER(SEARCH($A15,'RR4 Player Stats'!$A$3:$A$50))),0) +IFERROR(FILTER('RR5 Player Stats'!AB$3:AB$50, ISNUMBER(SEARCH($A15,'RR5 Player Stats'!$A$3:$A$"&"50))),0)"),9.0) -> 9 | J15: =IFERROR(__xludf.DUMMYFUNCTION("IFERROR(FILTER('RR1 Player Stats'!AC$3:AC$50, ISNUMBER(SEARCH($A15,'RR1 Player Stats'!$A$3:$A$50))),0) +IFERROR(FILTER('RR2 Player Stats'!AC$3:AC$50, ISNUMBER(SEARCH($A15,'RR2 Player Stats'!$A$3:$A$50))),0) +IFERROR(FILTER('RR3 Player Stats'!AC$3:AC$50, I"&"SNUMBER(SEARCH($A15,'RR3 Player Stats'!$A$3:$A$50))),0) +IFERROR(FILTER('RR4 Player Stats'!AC$3:AC$50, ISNUMBER(SEARCH($A15,'RR4 Player Stats'!$A$3:$A$50))),0) +IFERROR(FILTER('RR5 Player Stats'!AC$3:AC$50, ISNUMBER(SEARCH($A15,'RR5 Player Stats'!$A$3:$A$"&"50))),0)"),6.0) -> 6 | K15: =IFERROR(__xludf.DUMMYFUNCTION("IFERROR(FILTER('RR1 Player Stats'!AD$3:AD$50, ISNUMBER(SEARCH($A15,'RR1 Player Stats'!$A$3:$A$50))),0) +IFERROR(FILTER('RR2 Player Stats'!AD$3:AD$50, ISNUMBER(SEARCH($A15,'RR2 Player Stats'!$A$3:$A$50))),0) +IFERROR(FILTER('RR3 Player Stats'!AD$3:AD$50, I"&"SNUMBER(SEARCH($A15,'RR3 Player Stats'!$A$3:$A$50))),0) +IFERROR(FILTER('RR4 Player Stats'!AD$3:AD$50, ISNUMBER(SEARCH($A15,'RR4 Player Stats'!$A$3:$A$50))),0) +IFERROR(FILTER('RR5 Player Stats'!AD$3:AD$50, ISNUMBER(SEARCH($A15,'RR5 Player Stats'!$A$3:$A$"&"50))),0)"),1.0) -> 1 | L15: =IFERROR(__xludf.DUMMYFUNCTION("IFERROR(FILTER('RR1 Player Stats'!AE$3:AE$50, ISNUMBER(SEARCH($A15,'RR1 Player Stats'!$A$3:$A$50))),0) +IFERROR(FILTER('RR2 Player Stats'!AE$3:AE$50, ISNUMBER(SEARCH($A15,'RR2 Player Stats'!$A$3:$A$50))),0) +IFERROR(FILTER('RR3 Player Stats'!AE$3:AE$50, I"&"SNUMBER(SEARCH($A15,'RR3 Player Stats'!$A$3:$A$50))),0) +IFERROR(FILTER('RR4 Player Stats'!AE$3:AE$50, ISNUMBER(SEARCH($A15,'RR4 Player Stats'!$A$3:$A$50))),0) +IFERROR(FILTER('RR5 Player Stats'!AE$3:AE$50, ISNUMBER(SEARCH($A15,'RR5 Player Stats'!$A$3:$A$"&"50))),0)"),72.0) -> 72 | M15: =IFERROR(__xludf.DUMMYFUNCTION("IFERROR(FILTER('RR1 Player Stats'!AF$3:AF$50, ISNUMBER(SEARCH($A15,'RR1 Player Stats'!$A$3:$A$50))),0) +IFERROR(FILTER('RR2 Player Stats'!AF$3:AF$50, ISNUMBER(SEARCH($A15,'RR2 Player Stats'!$A$3:$A$50))),0) +IFERROR(FILTER('RR3 Player Stats'!AF$3:AF$50, I"&"SNUMBER(SEARCH($A15,'RR3 Player Stats'!$A$3:$A$50))),0) +IFERROR(FILTER('RR4 Player Stats'!AF$3:AF$50, ISNUMBER(SEARCH($A15,'RR4 Player Stats'!$A$3:$A$50))),0) +IFERROR(FILTER('RR5 Player Stats'!AF$3:AF$50, ISNUMBER(SEARCH($A15,'RR5 Player Stats'!$A$3:$A$"&"50))),0)"),68.0) -> 68 | N15: =IFERROR(__xludf.DUMMYFUNCTION("(IFERROR(FILTER('RR1 Player Stats'!AG$3:AG$50, ISNUMBER(SEARCH($A15,'RR1 Player Stats'!$A$3:$A$50))),0) +IFERROR(FILTER('RR2 Player Stats'!AG$3:AG$50, ISNUMBER(SEARCH($A15,'RR2 Player Stats'!$A$3:$A$50))),0) +IFERROR(FILTER('RR3 Player Stats'!AG$3:AG$50, "&"ISNUMBER(SEARCH($A15,'RR3 Player Stats'!$A$3:$A$50))),0) +IFERROR(FILTER('RR4 Player Stats'!AG$3:AG$50, ISNUMBER(SEARCH($A15,'RR4 Player Stats'!$A$3:$A$50))),0) +IFERROR(FILTER('RR5 Player Stats'!AG$3:AG$50, ISNUMBER(SEARCH($A15,'RR5 Player Stats'!$A$3:$A"&"$50))),0))/5"),0.388) -> 0.388 | O15: =IFERROR(__xludf.DUMMYFUNCTION("IFERROR(FILTER('RR1 Player Stats'!AH$3:AH$50, ISNUMBER(SEARCH($A15,'RR1 Player Stats'!$A$3:$A$50))),0) +IFERROR(FILTER('RR2 Player Stats'!AH$3:AH$50, ISNUMBER(SEARCH($A15,'RR2 Player Stats'!$A$3:$A$50))),0) +IFERROR(FILTER('RR3 Player Stats'!AH$3:AH$50, I"&"SNUMBER(SEARCH($A15,'RR3 Player Stats'!$A$3:$A$50))),0) +IFERROR(FILTER('RR4 Player Stats'!AH$3:AH$50, ISNUMBER(SEARCH($A15,'RR4 Player Stats'!$A$3:$A$50))),0) +IFERROR(FILTER('RR5 Player Stats'!AH$3:AH$50, ISNUMBER(SEARCH($A15,'RR5 Player Stats'!$A$3:$A$"&"50))),0)"),25.0) -> 25 | P15: =IFERROR(__xludf.DUMMYFUNCTION("IFERROR(FILTER('RR1 Player Stats'!AI$3:AI$50, ISNUMBER(SEARCH($A15,'RR1 Player Stats'!$A$3:$A$50))),0) +IFERROR(FILTER('RR2 Player Stats'!AI$3:AI$50, ISNUMBER(SEARCH($A15,'RR2 Player Stats'!$A$3:$A$50))),0) +IFERROR(FILTER('RR3 Player Stats'!AI$3:AI$50, I"&"SNUMBER(SEARCH($A15,'RR3 Player Stats'!$A$3:$A$50))),0) +IFERROR(FILTER('RR4 Player Stats'!AI$3:AI$50, ISNUMBER(SEARCH($A15,'RR4 Player Stats'!$A$3:$A$50))),0) +IFERROR(FILTER('RR5 Player Stats'!AI$3:AI$50, ISNUMBER(SEARCH($A15,'RR5 Player Stats'!$A$3:$A$"&"50))),0)"),17.0) -> 17 | Q15: =IFERROR(__xludf.DUMMYFUNCTION("IFERROR(FILTER('RR1 Player Stats'!AJ$3:AJ$50, ISNUMBER(SEARCH($A15,'RR1 Player Stats'!$A$3:$A$50))),0) +IFERROR(FILTER('RR2 Player Stats'!AJ$3:AJ$50, ISNUMBER(SEARCH($A15,'RR2 Player Stats'!$A$3:$A$50))),0) +IFERROR(FILTER('RR3 Player Stats'!AJ$3:AJ$50, I"&"SNUMBER(SEARCH($A15,'RR3 Player Stats'!$A$3:$A$50))),0) +IFERROR(FILTER('RR4 Player Stats'!AJ$3:AJ$50, ISNUMBER(SEARCH($A15,'RR4 Player Stats'!$A$3:$A$50))),0) +IFERROR(FILTER('RR5 Player Stats'!AJ$3:AJ$50, ISNUMBER(SEARCH($A15,'RR5 Player Stats'!$A$3:$A$"&"50))),0)"),5.0) -> 5 | R15: =IFERROR(__xludf.DUMMYFUNCTION("IFERROR(FILTER('RR1 Player Stats'!AK$3:AK$50, ISNUMBER(SEARCH($A15,'RR1 Player Stats'!$A$3:$A$50))),0) +IFERROR(FILTER('RR2 Player Stats'!AK$3:AK$50, ISNUMBER(SEARCH($A15,'RR2 Player Stats'!$A$3:$A$50))),0) +IFERROR(FILTER('RR3 Player Stats'!AK$3:AK$50, I"&"SNUMBER(SEARCH($A15,'RR3 Player Stats'!$A$3:$A$50))),0) +IFERROR(FILTER('RR4 Player Stats'!AK$3:AK$50, ISNUMBER(SEARCH($A15,'RR4 Player Stats'!$A$3:$A$50))),0) +IFERROR(FILTER('RR5 Player Stats'!AK$3:AK$50, ISNUMBER(SEARCH($A15,'RR5 Player Stats'!$A$3:$A$"&"50))),0)"),202.0) -> 202 | S15: =IFERROR(__xludf.DUMMYFUNCTION("IFERROR(FILTER('RR1 Player Stats'!AL$3:AL$50, ISNUMBER(SEARCH($A15,'RR1 Player Stats'!$A$3:$A$50))),0) +IFERROR(FILTER('RR2 Player Stats'!AL$3:AL$50, ISNUMBER(SEARCH($A15,'RR2 Player Stats'!$A$3:$A$50))),0) +IFERROR(FILTER('RR3 Player Stats'!AL$3:AL$50, I"&"SNUMBER(SEARCH($A15,'RR3 Player Stats'!$A$3:$A$50))),0) +IFERROR(FILTER('RR4 Player Stats'!AL$3:AL$50, ISNUMBER(SEARCH($A15,'RR4 Player Stats'!$A$3:$A$50))),0) +IFERROR(FILTER('RR5 Player Stats'!AL$3:AL$50, ISNUMBER(SEARCH($A15,'RR5 Player Stats'!$A$3:$A$"&"50))),0)"),182.0) -> 182 | T15: =IFERROR(__xludf.DUMMYFUNCTION("(IFERROR(FILTER('RR1 Player Stats'!AM$3:AM$50, ISNUMBER(SEARCH($A15,'RR1 Player Stats'!$A$3:$A$50))),0) +IFERROR(FILTER('RR2 Player Stats'!AM$3:AM$50, ISNUMBER(SEARCH($A15,'RR2 Player Stats'!$A$3:$A$50))),0) +IFERROR(FILTER('RR3 Player Stats'!AM$3:AM$50, "&"ISNUMBER(SEARCH($A15,'RR3 Player Stats'!$A$3:$A$50))),0) +IFERROR(FILTER('RR4 Player Stats'!AM$3:AM$50, ISNUMBER(SEARCH($A15,'RR4 Player Stats'!$A$3:$A$50))),0) +IFERROR(FILTER('RR5 Player Stats'!AM$3:AM$50, ISNUMBER(SEARCH($A15,'RR5 Player Stats'!$A$3:$A"&"$50))),0))/B15"),0.41999999999999993) -> 0.42 | U15: =IFERROR(__xludf.DUMMYFUNCTION("MEDIAN(IFERROR(FILTER('RR1 Player Stats'!AH$3:AH$50, ISNUMBER(SEARCH($A15,'RR1 Player Stats'!$A$3:$A$50))),0),IFERROR(FILTER('RR2 Player Stats'!AH$3:AH$50, ISNUMBER(SEARCH($A15,'RR2 Player Stats'!$A$3:$A$50))),0),IFERROR(FILTER('RR3 Player Stats'!AH$3:AH$"&"50, ISNUMBER(SEARCH($A15,'RR3 Player Stats'!$A$3:$A$50))),0),IFERROR(FILTER('RR4 Player Stats'!AH$3:AH$50, ISNUMBER(SEARCH($A15,'RR4 Player Stats'!$A$3:$A$50))),0),IFERROR(FILTER('RR5 Player Stats'!AH$3:AH$50, ISNUMBER(SEARCH($A15,'RR5 Player Stats'!$A$3:"&"$A$50))),0))"),5.0) -> 5 | V15: =IFERROR(__xludf.DUMMYFUNCTION("MEDIAN(IFERROR(FILTER('RR1 Player Stats'!AI$3:AI$50, ISNUMBER(SEARCH($A15,'RR1 Player Stats'!$A$3:$A$50))),0),IFERROR(FILTER('RR2 Player Stats'!AI$3:AI$50, ISNUMBER(SEARCH($A15,'RR2 Player Stats'!$A$3:$A$50))),0),IFERROR(FILTER('RR3 Player Stats'!AI$3:AI$"&"50, ISNUMBER(SEARCH($A15,'RR3 Player Stats'!$A$3:$A$50))),0),IFERROR(FILTER('RR4 Player Stats'!AI$3:AI$50, ISNUMBER(SEARCH($A15,'RR4 Player Stats'!$A$3:$A$50))),0),IFERROR(FILTER('RR5 Player Stats'!AI$3:AI$50, ISNUMBER(SEARCH($A15,'RR5 Player Stats'!$A$3:"&"$A$50))),0))"),3.0) -> 3 | W15: =IFERROR(__xludf.DUMMYFUNCTION("MEDIAN(IFERROR(FILTER('RR1 Player Stats'!AJ$3:AJ$50, ISNUMBER(SEARCH($A15,'RR1 Player Stats'!$A$3:$A$50))),0),IFERROR(FILTER('RR2 Player Stats'!AJ$3:AJ$50, ISNUMBER(SEARCH($A15,'RR2 Player Stats'!$A$3:$A$50))),0),IFERROR(FILTER('RR3 Player Stats'!AJ$3:AJ$"&"50, ISNUMBER(SEARCH($A15,'RR3 Player Stats'!$A$3:$A$50))),0),IFERROR(FILTER('RR4 Player Stats'!AJ$3:AJ$50, ISNUMBER(SEARCH($A15,'RR4 Player Stats'!$A$3:$A$50))),0),IFERROR(FILTER('RR5 Player Stats'!AJ$3:AJ$50, ISNUMBER(SEARCH($A15,'RR5 Player Stats'!$A$3:"&"$A$50))),0))"),1.0) -> 1 | X15: =IFERROR(__xludf.DUMMYFUNCTION("MEDIAN(IFERROR(FILTER('RR1 Player Stats'!AK$3:AK$50, ISNUMBER(SEARCH($A15,'RR1 Player Stats'!$A$3:$A$50))),0),IFERROR(FILTER('RR2 Player Stats'!AK$3:AK$50, ISNUMBER(SEARCH($A15,'RR2 Player Stats'!$A$3:$A$50))),0),IFERROR(FILTER('RR3 Player Stats'!AK$3:AK$"&"50, ISNUMBER(SEARCH($A15,'RR3 Player Stats'!$A$3:$A$50))),0),IFERROR(FILTER('RR4 Player Stats'!AK$3:AK$50, ISNUMBER(SEARCH($A15,'RR4 Player Stats'!$A$3:$A$50))),0),IFERROR(FILTER('RR5 Player Stats'!AK$3:AK$50, ISNUMBER(SEARCH($A15,'RR5 Player Stats'!$A$3:"&"$A$50))),0))"),40.0) -> 40 | Y15: =IFERROR(__xludf.DUMMYFUNCTION("MEDIAN(IFERROR(FILTER('RR1 Player Stats'!AL$3:AL$50, ISNUMBER(SEARCH($A15,'RR1 Player Stats'!$A$3:$A$50))),0),IFERROR(FILTER('RR2 Player Stats'!AL$3:AL$50, ISNUMBER(SEARCH($A15,'RR2 Player Stats'!$A$3:$A$50))),0),IFERROR(FILTER('RR3 Player Stats'!AL$3:AL$"&"50, ISNUMBER(SEARCH($A15,'RR3 Player Stats'!$A$3:$A$50))),0),IFERROR(FILTER('RR4 Player Stats'!AL$3:AL$50, ISNUMBER(SEARCH($A15,'RR4 Player Stats'!$A$3:$A$50))),0),IFERROR(FILTER('RR5 Player Stats'!AL$3:AL$50, ISNUMBER(SEARCH($A15,'RR5 Player Stats'!$A$3:"&"$A$50))),0))"),36.0) -> 36 | Z15: =IFERROR(__xludf.DUMMYFUNCTION("MEDIAN(IFERROR(FILTER('RR1 Player Stats'!AM$3:AM$50, ISNUMBER(SEARCH($A15,'RR1 Player Stats'!$A$3:$A$50))),0),IFERROR(FILTER('RR2 Player Stats'!AM$3:AM$50, ISNUMBER(SEARCH($A15,'RR2 Player Stats'!$A$3:$A$50))),0),IFERROR(FILTER('RR3 Player Stats'!AM$3:AM$"&"50, ISNUMBER(SEARCH($A15,'RR3 Player Stats'!$A$3:$A$50))),0),IFERROR(FILTER('RR4 Player Stats'!AM$3:AM$50, ISNUMBER(SEARCH($A15,'RR4 Player Stats'!$A$3:$A$50))),0),IFERROR(FILTER('RR5 Player Stats'!AM$3:AM$50, ISNUMBER(SEARCH($A15,'RR5 Player Stats'!$A$3:"&"$A$50))),0))"),0.45) -> 0.45
A16: [2.3] Ishaan K | B16: =COUNTIF('RR1 Player Stats'!$A$3:$A$50,$A16)+COUNTIF('RR2 Player Stats'!$A$3:$A$50,$A16)+COUNTIF('RR3 Player Stats'!$A$3:$A$50,$A16)+COUNTIF('RR4 Player Stats'!$A$3:$A$50,$A16)+COUNTIF('RR5 Player Stats'!$A$3:$A$50,$A16) -> 5 | C16: =IFERROR(__xludf.DUMMYFUNCTION("IFERROR(FILTER('RR1 Player Stats'!V$3:V$50, ISNUMBER(SEARCH($A16,'RR1 Player Stats'!$A$3:$A$50))),0) +IFERROR(FILTER('RR2 Player Stats'!V$3:V$50, ISNUMBER(SEARCH($A16,'RR2 Player Stats'!$A$3:$A$50))),0) +IFERROR(FILTER('RR3 Player Stats'!V$3:V$50, ISNUMBE"&"R(SEARCH($A16,'RR3 Player Stats'!$A$3:$A$50))),0) +IFERROR(FILTER('RR4 Player Stats'!V$3:V$50, ISNUMBER(SEARCH($A16,'RR4 Player Stats'!$A$3:$A$50))),0) +IFERROR(FILTER('RR5 Player Stats'!V$3:V$50, ISNUMBER(SEARCH($A16,'RR5 Player Stats'!$A$3:$A$50))),0)"),17.0) -> 17 | D16: =IFERROR(__xludf.DUMMYFUNCTION("IFERROR(FILTER('RR1 Player Stats'!W$3:W$50, ISNUMBER(SEARCH($A16,'RR1 Player Stats'!$A$3:$A$50))),0) +IFERROR(FILTER('RR2 Player Stats'!W$3:W$50, ISNUMBER(SEARCH($A16,'RR2 Player Stats'!$A$3:$A$50))),0) +IFERROR(FILTER('RR3 Player Stats'!W$3:W$50, ISNUMBE"&"R(SEARCH($A16,'RR3 Player Stats'!$A$3:$A$50))),0) +IFERROR(FILTER('RR4 Player Stats'!W$3:W$50, ISNUMBER(SEARCH($A16,'RR4 Player Stats'!$A$3:$A$50))),0) +IFERROR(FILTER('RR5 Player Stats'!W$3:W$50, ISNUMBER(SEARCH($A16,'RR5 Player Stats'!$A$3:$A$50))),0)"),9.0) -> 9 | E16: =IFERROR(__xludf.DUMMYFUNCTION("IFERROR(FILTER('RR1 Player Stats'!X$3:X$50, ISNUMBER(SEARCH($A16,'RR1 Player Stats'!$A$3:$A$50))),0) +IFERROR(FILTER('RR2 Player Stats'!X$3:X$50, ISNUMBER(SEARCH($A16,'RR2 Player Stats'!$A$3:$A$50))),0) +IFERROR(FILTER('RR3 Player Stats'!X$3:X$50, ISNUMBE"&"R(SEARCH($A16,'RR3 Player Stats'!$A$3:$A$50))),0) +IFERROR(FILTER('RR4 Player Stats'!X$3:X$50, ISNUMBER(SEARCH($A16,'RR4 Player Stats'!$A$3:$A$50))),0) +IFERROR(FILTER('RR5 Player Stats'!X$3:X$50, ISNUMBER(SEARCH($A16,'RR5 Player Stats'!$A$3:$A$50))),0)"),10.0) -> 10 | F16: =IFERROR(__xludf.DUMMYFUNCTION("IFERROR(FILTER('RR1 Player Stats'!Y$3:Y$50, ISNUMBER(SEARCH($A16,'RR1 Player Stats'!$A$3:$A$50))),0) +IFERROR(FILTER('RR2 Player Stats'!Y$3:Y$50, ISNUMBER(SEARCH($A16,'RR2 Player Stats'!$A$3:$A$50))),0) +IFERROR(FILTER('RR3 Player Stats'!Y$3:Y$50, ISNUMBE"&"R(SEARCH($A16,'RR3 Player Stats'!$A$3:$A$50))),0) +IFERROR(FILTER('RR4 Player Stats'!Y$3:Y$50, ISNUMBER(SEARCH($A16,'RR4 Player Stats'!$A$3:$A$50))),0) +IFERROR(FILTER('RR5 Player Stats'!Y$3:Y$50, ISNUMBER(SEARCH($A16,'RR5 Player Stats'!$A$3:$A$50))),0)"),122.0) -> 122 | G16: =IFERROR(__xludf.DUMMYFUNCTION("IFERROR(FILTER('RR1 Player Stats'!Z$3:Z$50, ISNUMBER(SEARCH($A16,'RR1 Player Stats'!$A$3:$A$50))),0) +IFERROR(FILTER('RR2 Player Stats'!Z$3:Z$50, ISNUMBER(SEARCH($A16,'RR2 Player Stats'!$A$3:$A$50))),0) +IFERROR(FILTER('RR3 Player Stats'!Z$3:Z$50, ISNUMBE"&"R(SEARCH($A16,'RR3 Player Stats'!$A$3:$A$50))),0) +IFERROR(FILTER('RR4 Player Stats'!Z$3:Z$50, ISNUMBER(SEARCH($A16,'RR4 Player Stats'!$A$3:$A$50))),0) +IFERROR(FILTER('RR5 Player Stats'!Z$3:Z$50, ISNUMBER(SEARCH($A16,'RR5 Player Stats'!$A$3:$A$50))),0)"),82.0) -> 82 | H16: =IFERROR(__xludf.DUMMYFUNCTION("(IFERROR(FILTER('RR1 Player Stats'!AA$3:AA$50, ISNUMBER(SEARCH($A16,'RR1 Player Stats'!$A$3:$A$50))),0) +IFERROR(FILTER('RR2 Player Stats'!AA$3:AA$50, ISNUMBER(SEARCH($A16,'RR2 Player Stats'!$A$3:$A$50))),0) +IFERROR(FILTER('RR3 Player Stats'!AA$3:AA$50, "&"ISNUMBER(SEARCH($A16,'RR3 Player Stats'!$A$3:$A$50))),0) +IFERROR(FILTER('RR4 Player Stats'!AA$3:AA$50, ISNUMBER(SEARCH($A16,'RR4 Player Stats'!$A$3:$A$50))),0) +IFERROR(FILTER('RR5 Player Stats'!AA$3:AA$50, ISNUMBER(SEARCH($A16,'RR5 Player Stats'!$A$3:$A"&"$50))),0))/5"),0.434) -> 0.434 | I16: =IFERROR(__xludf.DUMMYFUNCTION("IFERROR(FILTER('RR1 Player Stats'!AB$3:AB$50, ISNUMBER(SEARCH($A16,'RR1 Player Stats'!$A$3:$A$50))),0) +IFERROR(FILTER('RR2 Player Stats'!AB$3:AB$50, ISNUMBER(SEARCH($A16,'RR2 Player Stats'!$A$3:$A$50))),0) +IFERROR(FILTER('RR3 Player Stats'!AB$3:AB$50, I"&"SNUMBER(SEARCH($A16,'RR3 Player Stats'!$A$3:$A$50))),0) +IFERROR(FILTER('RR4 Player Stats'!AB$3:AB$50, ISNUMBER(SEARCH($A16,'RR4 Player Stats'!$A$3:$A$50))),0) +IFERROR(FILTER('RR5 Player Stats'!AB$3:AB$50, ISNUMBER(SEARCH($A16,'RR5 Player Stats'!$A$3:$A$"&"50))),0)"),7.0) -> 7 | J16: =IFERROR(__xludf.DUMMYFUNCTION("IFERROR(FILTER('RR1 Player Stats'!AC$3:AC$50, ISNUMBER(SEARCH($A16,'RR1 Player Stats'!$A$3:$A$50))),0) +IFERROR(FILTER('RR2 Player Stats'!AC$3:AC$50, ISNUMBER(SEARCH($A16,'RR2 Player Stats'!$A$3:$A$50))),0) +IFERROR(FILTER('RR3 Player Stats'!AC$3:AC$50, I"&"SNUMBER(SEARCH($A16,'RR3 Player Stats'!$A$3:$A$50))),0) +IFERROR(FILTER('RR4 Player Stats'!AC$3:AC$50, ISNUMBER(SEARCH($A16,'RR4 Player Stats'!$A$3:$A$50))),0) +IFERROR(FILTER('RR5 Player Stats'!AC$3:AC$50, ISNUMBER(SEARCH($A16,'RR5 Player Stats'!$A$3:$A$"&"50))),0)"),8.0) -> 8 | K16: =IFERROR(__xludf.DUMMYFUNCTION("IFERROR(FILTER('RR1 Player Stats'!AD$3:AD$50, ISNUMBER(SEARCH($A16,'RR1 Player Stats'!$A$3:$A$50))),0) +IFERROR(FILTER('RR2 Player Stats'!AD$3:AD$50, ISNUMBER(SEARCH($A16,'RR2 Player Stats'!$A$3:$A$50))),0) +IFERROR(FILTER('RR3 Player Stats'!AD$3:AD$50, I"&"SNUMBER(SEARCH($A16,'RR3 Player Stats'!$A$3:$A$50))),0) +IFERROR(FILTER('RR4 Player Stats'!AD$3:AD$50, ISNUMBER(SEARCH($A16,'RR4 Player Stats'!$A$3:$A$50))),0) +IFERROR(FILTER('RR5 Player Stats'!AD$3:AD$50, ISNUMBER(SEARCH($A16,'RR5 Player Stats'!$A$3:$A$"&"50))),0)"),8.0) -> 8 | L16: =IFERROR(__xludf.DUMMYFUNCTION("IFERROR(FILTER('RR1 Player Stats'!AE$3:AE$50, ISNUMBER(SEARCH($A16,'RR1 Player Stats'!$A$3:$A$50))),0) +IFERROR(FILTER('RR2 Player Stats'!AE$3:AE$50, ISNUMBER(SEARCH($A16,'RR2 Player Stats'!$A$3:$A$50))),0) +IFERROR(FILTER('RR3 Player Stats'!AE$3:AE$50, I"&"SNUMBER(SEARCH($A16,'RR3 Player Stats'!$A$3:$A$50))),0) +IFERROR(FILTER('RR4 Player Stats'!AE$3:AE$50, ISNUMBER(SEARCH($A16,'RR4 Player Stats'!$A$3:$A$50))),0) +IFERROR(FILTER('RR5 Player Stats'!AE$3:AE$50, ISNUMBER(SEARCH($A16,'RR5 Player Stats'!$A$3:$A$"&"50))),0)"),76.0) -> 76 | M16: =IFERROR(__xludf.DUMMYFUNCTION("IFERROR(FILTER('RR1 Player Stats'!AF$3:AF$50, ISNUMBER(SEARCH($A16,'RR1 Player Stats'!$A$3:$A$50))),0) +IFERROR(FILTER('RR2 Player Stats'!AF$3:AF$50, ISNUMBER(SEARCH($A16,'RR2 Player Stats'!$A$3:$A$50))),0) +IFERROR(FILTER('RR3 Player Stats'!AF$3:AF$50, I"&"SNUMBER(SEARCH($A16,'RR3 Player Stats'!$A$3:$A$50))),0) +IFERROR(FILTER('RR4 Player Stats'!AF$3:AF$50, ISNUMBER(SEARCH($A16,'RR4 Player Stats'!$A$3:$A$50))),0) +IFERROR(FILTER('RR5 Player Stats'!AF$3:AF$50, ISNUMBER(SEARCH($A16,'RR5 Player Stats'!$A$3:$A$"&"50))),0)"),44.0) -> 44 | N16: =IFERROR(__xludf.DUMMYFUNCTION("(IFERROR(FILTER('RR1 Player Stats'!AG$3:AG$50, ISNUMBER(SEARCH($A16,'RR1 Player Stats'!$A$3:$A$50))),0) +IFERROR(FILTER('RR2 Player Stats'!AG$3:AG$50, ISNUMBER(SEARCH($A16,'RR2 Player Stats'!$A$3:$A$50))),0) +IFERROR(FILTER('RR3 Player Stats'!AG$3:AG$50, "&"ISNUMBER(SEARCH($A16,'RR3 Player Stats'!$A$3:$A$50))),0) +IFERROR(FILTER('RR4 Player Stats'!AG$3:AG$50, ISNUMBER(SEARCH($A16,'RR4 Player Stats'!$A$3:$A$50))),0) +IFERROR(FILTER('RR5 Player Stats'!AG$3:AG$50, ISNUMBER(SEARCH($A16,'RR5 Player Stats'!$A$3:$A"&"$50))),0))/5"),0.378) -> 0.378 | O16: =IFERROR(__xludf.DUMMYFUNCTION("IFERROR(FILTER('RR1 Player Stats'!AH$3:AH$50, ISNUMBER(SEARCH($A16,'RR1 Player Stats'!$A$3:$A$50))),0) +IFERROR(FILTER('RR2 Player Stats'!AH$3:AH$50, ISNUMBER(SEARCH($A16,'RR2 Player Stats'!$A$3:$A$50))),0) +IFERROR(FILTER('RR3 Player Stats'!AH$3:AH$50, I"&"SNUMBER(SEARCH($A16,'RR3 Player Stats'!$A$3:$A$50))),0) +IFERROR(FILTER('RR4 Player Stats'!AH$3:AH$50, ISNUMBER(SEARCH($A16,'RR4 Player Stats'!$A$3:$A$50))),0) +IFERROR(FILTER('RR5 Player Stats'!AH$3:AH$50, ISNUMBER(SEARCH($A16,'RR5 Player Stats'!$A$3:$A$"&"50))),0)"),24.0) -> 24 | P16: =IFERROR(__xludf.DUMMYFUNCTION("IFERROR(FILTER('RR1 Player Stats'!AI$3:AI$50, ISNUMBER(SEARCH($A16,'RR1 Player Stats'!$A$3:$A$50))),0) +IFERROR(FILTER('RR2 Player Stats'!AI$3:AI$50, ISNUMBER(SEARCH($A16,'RR2 Player Stats'!$A$3:$A$50))),0) +IFERROR(FILTER('RR3 Player Stats'!AI$3:AI$50, I"&"SNUMBER(SEARCH($A16,'RR3 Player Stats'!$A$3:$A$50))),0) +IFERROR(FILTER('RR4 Player Stats'!AI$3:AI$50, ISNUMBER(SEARCH($A16,'RR4 Player Stats'!$A$3:$A$50))),0) +IFERROR(FILTER('RR5 Player Stats'!AI$3:AI$50, ISNUMBER(SEARCH($A16,'RR5 Player Stats'!$A$3:$A$"&"50))),0)"),17.0) -> 17 | Q16: =IFERROR(__xludf.DUMMYFUNCTION("IFERROR(FILTER('RR1 Player Stats'!AJ$3:AJ$50, ISNUMBER(SEARCH($A16,'RR1 Player Stats'!$A$3:$A$50))),0) +IFERROR(FILTER('RR2 Player Stats'!AJ$3:AJ$50, ISNUMBER(SEARCH($A16,'RR2 Player Stats'!$A$3:$A$50))),0) +IFERROR(FILTER('RR3 Player Stats'!AJ$3:AJ$50, I"&"SNUMBER(SEARCH($A16,'RR3 Player Stats'!$A$3:$A$50))),0) +IFERROR(FILTER('RR4 Player Stats'!AJ$3:AJ$50, ISNUMBER(SEARCH($A16,'RR4 Player Stats'!$A$3:$A$50))),0) +IFERROR(FILTER('RR5 Player Stats'!AJ$3:AJ$50, ISNUMBER(SEARCH($A16,'RR5 Player Stats'!$A$3:$A$"&"50))),0)"),18.0) -> 18 | R16: =IFERROR(__xludf.DUMMYFUNCTION("IFERROR(FILTER('RR1 Player Stats'!AK$3:AK$50, ISNUMBER(SEARCH($A16,'RR1 Player Stats'!$A$3:$A$50))),0) +IFERROR(FILTER('RR2 Player Stats'!AK$3:AK$50, ISNUMBER(SEARCH($A16,'RR2 Player Stats'!$A$3:$A$50))),0) +IFERROR(FILTER('RR3 Player Stats'!AK$3:AK$50, I"&"SNUMBER(SEARCH($A16,'RR3 Player Stats'!$A$3:$A$50))),0) +IFERROR(FILTER('RR4 Player Stats'!AK$3:AK$50, ISNUMBER(SEARCH($A16,'RR4 Player Stats'!$A$3:$A$50))),0) +IFERROR(FILTER('RR5 Player Stats'!AK$3:AK$50, ISNUMBER(SEARCH($A16,'RR5 Player Stats'!$A$3:$A$"&"50))),0)"),198.0) -> 198 | S16: =IFERROR(__xludf.DUMMYFUNCTION("IFERROR(FILTER('RR1 Player Stats'!AL$3:AL$50, ISNUMBER(SEARCH($A16,'RR1 Player Stats'!$A$3:$A$50))),0) +IFERROR(FILTER('RR2 Player Stats'!AL$3:AL$50, ISNUMBER(SEARCH($A16,'RR2 Player Stats'!$A$3:$A$50))),0) +IFERROR(FILTER('RR3 Player Stats'!AL$3:AL$50, I"&"SNUMBER(SEARCH($A16,'RR3 Player Stats'!$A$3:$A$50))),0) +IFERROR(FILTER('RR4 Player Stats'!AL$3:AL$50, ISNUMBER(SEARCH($A16,'RR4 Player Stats'!$A$3:$A$50))),0) +IFERROR(FILTER('RR5 Player Stats'!AL$3:AL$50, ISNUMBER(SEARCH($A16,'RR5 Player Stats'!$A$3:$A$"&"50))),0)"),126.0) -> 126 | T16: =IFERROR(__xludf.DUMMYFUNCTION("(IFERROR(FILTER('RR1 Player Stats'!AM$3:AM$50, ISNUMBER(SEARCH($A16,'RR1 Player Stats'!$A$3:$A$50))),0) +IFERROR(FILTER('RR2 Player Stats'!AM$3:AM$50, ISNUMBER(SEARCH($A16,'RR2 Player Stats'!$A$3:$A$50))),0) +IFERROR(FILTER('RR3 Player Stats'!AM$3:AM$50, "&"ISNUMBER(SEARCH($A16,'RR3 Player Stats'!$A$3:$A$50))),0) +IFERROR(FILTER('RR4 Player Stats'!AM$3:AM$50, ISNUMBER(SEARCH($A16,'RR4 Player Stats'!$A$3:$A$50))),0) +IFERROR(FILTER('RR5 Player Stats'!AM$3:AM$50, ISNUMBER(SEARCH($A16,'RR5 Player Stats'!$A$3:$A"&"$50))),0))/B16"),0.41) -> 0.41 | U16: =IFERROR(__xludf.DUMMYFUNCTION("MEDIAN(IFERROR(FILTER('RR1 Player Stats'!AH$3:AH$50, ISNUMBER(SEARCH($A16,'RR1 Player Stats'!$A$3:$A$50))),0),IFERROR(FILTER('RR2 Player Stats'!AH$3:AH$50, ISNUMBER(SEARCH($A16,'RR2 Player Stats'!$A$3:$A$50))),0),IFERROR(FILTER('RR3 Player Stats'!AH$3:AH$"&"50, ISNUMBER(SEARCH($A16,'RR3 Player Stats'!$A$3:$A$50))),0),IFERROR(FILTER('RR4 Player Stats'!AH$3:AH$50, ISNUMBER(SEARCH($A16,'RR4 Player Stats'!$A$3:$A$50))),0),IFERROR(FILTER('RR5 Player Stats'!AH$3:AH$50, ISNUMBER(SEARCH($A16,'RR5 Player Stats'!$A$3:"&"$A$50))),0))"),5.0) -> 5 | V16: =IFERROR(__xludf.DUMMYFUNCTION("MEDIAN(IFERROR(FILTER('RR1 Player Stats'!AI$3:AI$50, ISNUMBER(SEARCH($A16,'RR1 Player Stats'!$A$3:$A$50))),0),IFERROR(FILTER('RR2 Player Stats'!AI$3:AI$50, ISNUMBER(SEARCH($A16,'RR2 Player Stats'!$A$3:$A$50))),0),IFERROR(FILTER('RR3 Player Stats'!AI$3:AI$"&"50, ISNUMBER(SEARCH($A16,'RR3 Player Stats'!$A$3:$A$50))),0),IFERROR(FILTER('RR4 Player Stats'!AI$3:AI$50, ISNUMBER(SEARCH($A16,'RR4 Player Stats'!$A$3:$A$50))),0),IFERROR(FILTER('RR5 Player Stats'!AI$3:AI$50, ISNUMBER(SEARCH($A16,'RR5 Player Stats'!$A$3:"&"$A$50))),0))"),4.0) -> 4 | W16: =IFERROR(__xludf.DUMMYFUNCTION("MEDIAN(IFERROR(FILTER('RR1 Player Stats'!AJ$3:AJ$50, ISNUMBER(SEARCH($A16,'RR1 Player Stats'!$A$3:$A$50))),0),IFERROR(FILTER('RR2 Player Stats'!AJ$3:AJ$50, ISNUMBER(SEARCH($A16,'RR2 Player Stats'!$A$3:$A$50))),0),IFERROR(FILTER('RR3 Player Stats'!AJ$3:AJ$"&"50, ISNUMBER(SEARCH($A16,'RR3 Player Stats'!$A$3:$A$50))),0),IFERROR(FILTER('RR4 Player Stats'!AJ$3:AJ$50, ISNUMBER(SEARCH($A16,'RR4 Player Stats'!$A$3:$A$50))),0),IFERROR(FILTER('RR5 Player Stats'!AJ$3:AJ$50, ISNUMBER(SEARCH($A16,'RR5 Player Stats'!$A$3:"&"$A$50))),0))"),3.0) -> 3 | X16: =IFERROR(__xludf.DUMMYFUNCTION("MEDIAN(IFERROR(FILTER('RR1 Player Stats'!AK$3:AK$50, ISNUMBER(SEARCH($A16,'RR1 Player Stats'!$A$3:$A$50))),0),IFERROR(FILTER('RR2 Player Stats'!AK$3:AK$50, ISNUMBER(SEARCH($A16,'RR2 Player Stats'!$A$3:$A$50))),0),IFERROR(FILTER('RR3 Player Stats'!AK$3:AK$"&"50, ISNUMBER(SEARCH($A16,'RR3 Player Stats'!$A$3:$A$50))),0),IFERROR(FILTER('RR4 Player Stats'!AK$3:AK$50, ISNUMBER(SEARCH($A16,'RR4 Player Stats'!$A$3:$A$50))),0),IFERROR(FILTER('RR5 Player Stats'!AK$3:AK$50, ISNUMBER(SEARCH($A16,'RR5 Player Stats'!$A$3:"&"$A$50))),0))"),44.0) -> 44 | Y16: =IFERROR(__xludf.DUMMYFUNCTION("MEDIAN(IFERROR(FILTER('RR1 Player Stats'!AL$3:AL$50, ISNUMBER(SEARCH($A16,'RR1 Player Stats'!$A$3:$A$50))),0),IFERROR(FILTER('RR2 Player Stats'!AL$3:AL$50, ISNUMBER(SEARCH($A16,'RR2 Player Stats'!$A$3:$A$50))),0),IFERROR(FILTER('RR3 Player Stats'!AL$3:AL$"&"50, ISNUMBER(SEARCH($A16,'RR3 Player Stats'!$A$3:$A$50))),0),IFERROR(FILTER('RR4 Player Stats'!AL$3:AL$50, ISNUMBER(SEARCH($A16,'RR4 Player Stats'!$A$3:$A$50))),0),IFERROR(FILTER('RR5 Player Stats'!AL$3:AL$50, ISNUMBER(SEARCH($A16,'RR5 Player Stats'!$A$3:"&"$A$50))),0))"),28.0) -> 28 | Z16: =IFERROR(__xludf.DUMMYFUNCTION("MEDIAN(IFERROR(FILTER('RR1 Player Stats'!AM$3:AM$50, ISNUMBER(SEARCH($A16,'RR1 Player Stats'!$A$3:$A$50))),0),IFERROR(FILTER('RR2 Player Stats'!AM$3:AM$50, ISNUMBER(SEARCH($A16,'RR2 Player Stats'!$A$3:$A$50))),0),IFERROR(FILTER('RR3 Player Stats'!AM$3:AM$"&"50, ISNUMBER(SEARCH($A16,'RR3 Player Stats'!$A$3:$A$50))),0),IFERROR(FILTER('RR4 Player Stats'!AM$3:AM$50, ISNUMBER(SEARCH($A16,'RR4 Player Stats'!$A$3:$A$50))),0),IFERROR(FILTER('RR5 Player Stats'!AM$3:AM$50, ISNUMBER(SEARCH($A16,'RR5 Player Stats'!$A$3:"&"$A$50))),0))"),0.45) -> 0.45
