Workbook

Sheet Round Robin Subject Scores
A1: Round Robin Subject Scores
A3: Score = (# Correct Tossups) - (# Penalized Tossups) + 0.5 * (# of Correct Bonuses)
A5: Team Name: | B5: Cupertino A | D5: Team Members: | E5: {=IF(ISBLANK(B5),"Choose team",VLOOKUP(B5,'Check-in Import'!B2:I100,{4,5,6,7,8},false))} -> Aaditya Karnataki | F5: Jake Wang | G5: Minseo Park | H5: Aditi Gargeshwari | I5: Namita Gaidhani
A6: Subject: | B6: Math | D6: Score: | E6: =IFERROR(__xludf.DUMMYFUNCTION("IF(ISBLANK($B$6),""Choose Subject"",IFERROR(SUM(ARRAYFORMULA(INDEX(SPLIT(FILTER({FILTER('Round Robin Matchups'!$M$2:$M100,'Round Robin Matchups'!$B$2:$B100=$B$5);FILTER('Round Robin Matchups'!$R$2:$R100,'Round Robin Matchups'!$C$2:$C100=$B$5)},{FILTER('Ro"&"und Robin Matchups'!$M$2:$M100,'Round Robin Matchups'!$B$2:$B100=$B$5);FILTER('Round Robin Matchups'!$R$2:$R100,'Round Robin Matchups'!$C$2:$C100=$B$5)}<>""""),"",""),0,IF($B$6=""Biology"",1,IF($B$6=""Chemistry"",2,IF($B$6=""Earth & Space"",3,IF($B$6=""En"&"ergy"",4,IF($B$6=""Math"",5,6)))))))),))"),1.5) -> 1.5 | F6: =IFERROR(__xludf.DUMMYFUNCTION("IF(ISBLANK($B$6),""Choose Subject"",IFERROR(SUM(ARRAYFORMULA(INDEX(SPLIT(FILTER({FILTER('Round Robin Matchups'!$M$2:$M100,'Round Robin Matchups'!$B$2:$B100=$B$5);FILTER('Round Robin Matchups'!$R$2:$R100,'Round Robin Matchups'!$C$2:$C100=$B$5)},{FILTER('Ro"&"und Robin Matchups'!$M$2:$M100,'Round Robin Matchups'!$B$2:$B100=$B$5);FILTER('Round Robin Matchups'!$R$2:$R100,'Round Robin Matchups'!$C$2:$C100=$B$5)}<>""""),"",""),1,IF($B$6=""Biology"",1,IF($B$6=""Chemistry"",2,IF($B$6=""Earth & Space"",3,IF($B$6=""En"&"ergy"",4,IF($B$6=""Math"",5,6)))))))),))"),0.0) -> 0 | G6: =IFERROR(__xludf.DUMMYFUNCTION("IF(ISBLANK($B$6),""Choose Subject"",IFERROR(SUM(ARRAYFORMULA(INDEX(SPLIT(FILTER({FILTER('Round Robin Matchups'!$M$2:$M100,'Round Robin Matchups'!$B$2:$B100=$B$5);FILTER('Round Robin Matchups'!$R$2:$R100,'Round Robin Matchups'!$C$2:$C100=$B$5)},{FILTER('Ro"&"und Robin Matchups'!$M$2:$M100,'Round Robin Matchups'!$B$2:$B100=$B$5);FILTER('Round Robin Matchups'!$R$2:$R100,'Round Robin Matchups'!$C$2:$C100=$B$5)}<>""""),"",""),2,IF($B$6=""Biology"",1,IF($B$6=""Chemistry"",2,IF($B$6=""Earth & Space"",3,IF($B$6=""En"&"ergy"",4,IF($B$6=""Math"",5,6)))))))),))"),0.0) -> 0 | H6: =IFERROR(__xludf.DUMMYFUNCTION("IF(ISBLANK($B$6),""Choose Subject"",IFERROR(SUM(ARRAYFORMULA(INDEX(SPLIT(FILTER({FILTER('Round Robin Matchups'!$M$2:$M100,'Round Robin Matchups'!$B$2:$B100=$B$5);FILTER('Round Robin Matchups'!$R$2:$R100,'Round Robin Matchups'!$C$2:$C100=$B$5)},{FILTER('Ro"&"und Robin Matchups'!$M$2:$M100,'Round Robin Matchups'!$B$2:$B100=$B$5);FILTER('Round Robin Matchups'!$R$2:$R100,'Round Robin Matchups'!$C$2:$C100=$B$5)}<>""""),"",""),3,IF($B$6=""Biology"",1,IF($B$6=""Chemistry"",2,IF($B$6=""Earth & Space"",3,IF($B$6=""En"&"ergy"",4,IF($B$6=""Math"",5,6)))))))),))"),0.0) -> 0 | I6: =IFERROR(__xludf.DUMMYFUNCTION("IF(ISBLANK($B$6),""Choose Subject"",IFERROR(SUM(ARRAYFORMULA(INDEX(SPLIT(FILTER({FILTER('Round Robin Matchups'!$M$2:$M100,'Round Robin Matchups'!$B$2:$B100=$B$5);FILTER('Round Robin Matchups'!$R$2:$R100,'Round Robin Matchups'!$C$2:$C100=$B$5)},{FILTER('Ro"&"und Robin Matchups'!$M$2:$M100,'Round Robin Matchups'!$B$2:$B100=$B$5);FILTER('Round Robin Matchups'!$R$2:$R100,'Round Robin Matchups'!$C$2:$C100=$B$5)}<>""""),"",""),4,IF($B$6=""Biology"",1,IF($B$6=""Chemistry"",2,IF($B$6=""Earth & Space"",3,IF($B$6=""En"&"ergy"",4,IF($B$6=""Math"",5,6)))))))),))"),0.0) -> 0

Sheet Round Robin Individual Rankings
A1: 20 | B1: Biology | F1: Chemistry | J1: Earth & Space | N1: Energy | R1: Math | V1: Physics
A2: {=RANK(INDIRECT("C2:C"&($A$1+1)),C$2:C$21)} -> 1 | B2: =IFERROR(__xludf.DUMMYFUNCTION("QUERY(INDIRECT(B1&""!K2:M""),""select M order by L desc limit ""&$A$1)"),"Theenash Sengupta") -> Theenash Sengupta | C2: =IFERROR(__xludf.DUMMYFUNCTION("QUERY(INDIRECT(B1&""!K2:M""),""select L order by L desc limit ""&$A$1)"),21.0) -> 21 | E2: {=RANK(INDIRECT("G2:G"&($A$1+1)),G$2:G$21)} -> 1 | F2: =IFERROR(__xludf.DUMMYFUNCTION("QUERY(INDIRECT(F1&""!K2:M""),""select M order by L desc limit ""&$A$1)"),"Annie Xu") -> Annie Xu | G2: =IFERROR(__xludf.DUMMYFUNCTION("QUERY(INDIRECT(F1&""!K2:M""),""select L order by L desc limit ""&$A$1)"),19.0) -> 19 | I2: {=RANK(INDIRECT("K2:K"&($A$1+1)),K$2:K$21)} -> 1 | J2: =IFERROR(__xludf.DUMMYFUNCTION("QUERY(INDIRECT(J1&""!K2:M""),""select M order by L desc limit ""&$A$1)"),"Roshan Annamalai") -> Roshan Annamalai | K2: =IFERROR(__xludf.DUMMYFUNCTION("QUERY(INDIRECT(J1&""!K2:M""),""select L order by L desc limit ""&$A$1)"),15.5) -> 15.5 | M2: {=RANK(INDIRECT("O2:O"&($A$1+1)),O$2:O$21)} -> 1 | N2: =IFERROR(__xludf.DUMMYFUNCTION("QUERY(INDIRECT(N1&""!K2:M""),""select M order by L desc limit ""&$A$1)"),"Aatreyo Bhattacharyya ") -> Aatreyo Bhattacharyya | O2: =IFERROR(__xludf.DUMMYFUNCTION("QUERY(INDIRECT(N1&""!K2:M""),""select L order by L desc limit ""&$A$1)"),9.0) -> 9 | Q2: {=RANK(INDIRECT("S2:S"&($A$1+1)),S$2:S$21)} -> 1 | R2: =IFERROR(__xludf.DUMMYFUNCTION("QUERY(INDIRECT(R1&""!K2:M""),""select M order by L desc limit ""&$A$1)"),"Skyler Mao") -> Skyler Mao | S2: =IFERROR(__xludf.DUMMYFUNCTION("QUERY(INDIRECT(R1&""!K2:M""),""select L order by L desc limit ""&$A$1)"),15.5) -> 15.5 | U2: {=RANK(INDIRECT("W2:W"&($A$1+1)),W$2:W$21)} -> 1 | V2: =IFERROR(__xludf.DUMMYFUNCTION("QUERY(INDIRECT(V1&""!K2:M""),""select M order by L desc limit ""&$A$1)"),"Jake Wang") -> Jake Wang | W2: =IFERROR(__xludf.DUMMYFUNCTION("QUERY(INDIRECT(V1&""!K2:M""),""select L order by L desc limit ""&$A$1)"),14.0) -> 14
A3: 2 | B3: =IFERROR(__xludf.DUMMYFUNCTION("""COMPUTED_VALUE"""),"Sean Yu") -> Sean Yu | C3: =IFERROR(__xludf.DUMMYFUNCTION("""COMPUTED_VALUE"""),15.5) -> 15.5 | E3: 2 | F3: =IFERROR(__xludf.DUMMYFUNCTION("""COMPUTED_VALUE"""),"Forrest Chou") -> Forrest Chou | G3: =IFERROR(__xludf.DUMMYFUNCTION("""COMPUTED_VALUE"""),14.0) -> 14 | I3: 2 | J3: =IFERROR(__xludf.DUMMYFUNCTION("""COMPUTED_VALUE"""),"Flora Jiang") -> Flora Jiang | K3: =IFERROR(__xludf.DUMMYFUNCTION("""COMPUTED_VALUE"""),15.0) -> 15 | M3: 2 | N3: =IFERROR(__xludf.DUMMYFUNCTION("""COMPUTED_VALUE"""),"Ishan Pachauri") -> Ishan Pachauri | O3: =IFERROR(__xludf.DUMMYFUNCTION("""COMPUTED_VALUE"""),7.5) -> 7.5 | Q3: 2 | R3: =IFERROR(__xludf.DUMMYFUNCTION("""COMPUTED_VALUE"""),"Boheng Cao") -> Boheng Cao | S3: =IFERROR(__xludf.DUMMYFUNCTION("""COMPUTED_VALUE"""),14.0) -> 14 | U3: 2 | V3: =IFERROR(__xludf.DUMMYFUNCTION("""COMPUTED_VALUE"""),"Sohil Rathi") -> Sohil Rathi | W3: =IFERROR(__xludf.DUMMYFUNCTION("""COMPUTED_VALUE"""),13.0) -> 13
A4: 2 | B4: =IFERROR(__xludf.DUMMYFUNCTION("""COMPUTED_VALUE"""),"Gokulanath Mahesh Kumar") -> Gokulanath Mahesh Kumar | C4: =IFERROR(__xludf.DUMMYFUNCTION("""COMPUTED_VALUE"""),15.5) -> 15.5 | E4: 3 | F4: =IFERROR(__xludf.DUMMYFUNCTION("""COMPUTED_VALUE"""),"Alex Xu") -> Alex Xu | G4: =IFERROR(__xludf.DUMMYFUNCTION("""COMPUTED_VALUE"""),13.5) -> 13.5 | I4: 3 | J4: =IFERROR(__xludf.DUMMYFUNCTION("""COMPUTED_VALUE"""),"Thomas Wu") -> Thomas Wu | K4: =IFERROR(__xludf.DUMMYFUNCTION("""COMPUTED_VALUE"""),12.0) -> 12 | M4: 2 | N4: =IFERROR(__xludf.DUMMYFUNCTION("""COMPUTED_VALUE"""),"Aaditya Karnataki") -> Aaditya Karnataki | O4: =IFERROR(__xludf.DUMMYFUNCTION("""COMPUTED_VALUE"""),7.5) -> 7.5 | Q4: 2 | R4: =IFERROR(__xludf.DUMMYFUNCTION("""COMPUTED_VALUE"""),"Rohan Garg") -> Rohan Garg | S4: =IFERROR(__xludf.DUMMYFUNCTION("""COMPUTED_VALUE"""),14.0) -> 14 | U4: 3 | V4: =IFERROR(__xludf.DUMMYFUNCTION("""COMPUTED_VALUE"""),"Alex Xu") -> Alex Xu | W4: =IFERROR(__xludf.DUMMYFUNCTION("""COMPUTED_VALUE"""),10.5) -> 10.5
A5: 4 | B5: =IFERROR(__xludf.DUMMYFUNCTION("""COMPUTED_VALUE"""),"Edwin He") -> Edwin He | C5: =IFERROR(__xludf.DUMMYFUNCTION("""COMPUTED_VALUE"""),15.0) -> 15 | E5: 4 | F5: =IFERROR(__xludf.DUMMYFUNCTION("""COMPUTED_VALUE"""),"Ishan Pachauri") -> Ishan Pachauri | G5: =IFERROR(__xludf.DUMMYFUNCTION("""COMPUTED_VALUE"""),11.5) -> 11.5 | I5: 4 | J5: =IFERROR(__xludf.DUMMYFUNCTION("""COMPUTED_VALUE"""),"Jake Wang") -> Jake Wang | K5: =IFERROR(__xludf.DUMMYFUNCTION("""COMPUTED_VALUE"""),10.5) -> 10.5 | M5: 2 | N5: =IFERROR(__xludf.DUMMYFUNCTION("""COMPUTED_VALUE"""),"Theenash Sengupta") -> Theenash Sengupta | O5: =IFERROR(__xludf.DUMMYFUNCTION("""COMPUTED_VALUE"""),7.5) -> 7.5 | Q5: 4 | R5: =IFERROR(__xludf.DUMMYFUNCTION("""COMPUTED_VALUE"""),"Sohil Rathi") -> Sohil Rathi | S5: =IFERROR(__xludf.DUMMYFUNCTION("""COMPUTED_VALUE"""),12.5) -> 12.5 | U5: 4 | V5: =IFERROR(__xludf.DUMMYFUNCTION("""COMPUTED_VALUE"""),"William Zhao") -> William Zhao | W5: =IFERROR(__xludf.DUMMYFUNCTION("""COMPUTED_VALUE"""),9.5) -> 9.5
A6: 5 | B6: =IFERROR(__xludf.DUMMYFUNCTION("""COMPUTED_VALUE"""),"Austin Xu") -> Austin Xu | C6: =IFERROR(__xludf.DUMMYFUNCTION("""COMPUTED_VALUE"""),12.0) -> 12 | E6: 5 | F6: =IFERROR(__xludf.DUMMYFUNCTION("""COMPUTED_VALUE"""),"Sidhant Chaliha") -> Sidhant Chaliha | G6: =IFERROR(__xludf.DUMMYFUNCTION("""COMPUTED_VALUE"""),10.5) -> 10.5 | I6: 5 | J6: =IFERROR(__xludf.DUMMYFUNCTION("""COMPUTED_VALUE"""),"Ishan Pachauri") -> Ishan Pachauri | K6: =IFERROR(__xludf.DUMMYFUNCTION("""COMPUTED_VALUE"""),9.5) -> 9.5 | M6: 2 | N6: =IFERROR(__xludf.DUMMYFUNCTION("""COMPUTED_VALUE"""),"Edwin He") -> Edwin He | O6: =IFERROR(__xludf.DUMMYFUNCTION("""COMPUTED_VALUE"""),7.5) -> 7.5 | Q6: 4 | R6: =IFERROR(__xludf.DUMMYFUNCTION("""COMPUTED_VALUE"""),"Ryan Bansal") -> Ryan Bansal | S6: =IFERROR(__xludf.DUMMYFUNCTION("""COMPUTED_VALUE"""),12.5) -> 12.5 | U6: 5 | V6: =IFERROR(__xludf.DUMMYFUNCTION("""COMPUTED_VALUE"""),"Boheng Cao") -> Boheng Cao | W6: =IFERROR(__xludf.DUMMYFUNCTION("""COMPUTED_VALUE"""),8.5) -> 8.5
A7: 6 | B7: =IFERROR(__xludf.DUMMYFUNCTION("""COMPUTED_VALUE"""),"Shripriya Kalbhavi") -> Shripriya Kalbhavi | C7: =IFERROR(__xludf.DUMMYFUNCTION("""COMPUTED_VALUE"""),11.0) -> 11 | E7: 5 | F7: =IFERROR(__xludf.DUMMYFUNCTION("""COMPUTED_VALUE"""),"Siddhant Jain ") -> Siddhant Jain | G7: =IFERROR(__xludf.DUMMYFUNCTION("""COMPUTED_VALUE"""),10.5) -> 10.5 | I7: 5 | J7: =IFERROR(__xludf.DUMMYFUNCTION("""COMPUTED_VALUE"""),"Samuel Wang") -> Samuel Wang | K7: =IFERROR(__xludf.DUMMYFUNCTION("""COMPUTED_VALUE"""),9.5) -> 9.5 | M7: 6 | N7: =IFERROR(__xludf.DUMMYFUNCTION("""COMPUTED_VALUE"""),"Austin Xu") -> Austin Xu | O7: =IFERROR(__xludf.DUMMYFUNCTION("""COMPUTED_VALUE"""),7.0) -> 7 | Q7: 4 | R7: =IFERROR(__xludf.DUMMYFUNCTION("""COMPUTED_VALUE"""),"Michelle Liang") -> Michelle Liang | S7: =IFERROR(__xludf.DUMMYFUNCTION("""COMPUTED_VALUE"""),12.5) -> 12.5 | U7: 5 | V7: =IFERROR(__xludf.DUMMYFUNCTION("""COMPUTED_VALUE"""),"Siddhant Jain ") -> Siddhant Jain | W7: =IFERROR(__xludf.DUMMYFUNCTION("""COMPUTED_VALUE"""),8.5) -> 8.5
A8: 7 | B8: =IFERROR(__xludf.DUMMYFUNCTION("""COMPUTED_VALUE"""),"Ishan Pachauri") -> Ishan Pachauri | C8: =IFERROR(__xludf.DUMMYFUNCTION("""COMPUTED_VALUE"""),10.0) -> 10 | E8: 7 | F8: =IFERROR(__xludf.DUMMYFUNCTION("""COMPUTED_VALUE"""),"Evan Liu") -> Evan Liu | G8: =IFERROR(__xludf.DUMMYFUNCTION("""COMPUTED_VALUE"""),9.0) -> 9 | I8: 7 | J8: =IFERROR(__xludf.DUMMYFUNCTION("""COMPUTED_VALUE"""),"Sidhant Chaliha") -> Sidhant Chaliha | K8: =IFERROR(__xludf.DUMMYFUNCTION("""COMPUTED_VALUE"""),8.5) -> 8.5 | M8: 6 | N8: =IFERROR(__xludf.DUMMYFUNCTION("""COMPUTED_VALUE"""),"Connor Zhao") -> Connor Zhao | O8: =IFERROR(__xludf.DUMMYFUNCTION("""COMPUTED_VALUE"""),7.0) -> 7 | Q8: 7 | R8: =IFERROR(__xludf.DUMMYFUNCTION("""COMPUTED_VALUE"""),"William Zhao") -> William Zhao | S8: =IFERROR(__xludf.DUMMYFUNCTION("""COMPUTED_VALUE"""),12.0) -> 12 | U8: 7 | V8: =IFERROR(__xludf.DUMMYFUNCTION("""COMPUTED_VALUE"""),"Rohan Garg") -> Rohan Garg | W8: =IFERROR(__xludf.DUMMYFUNCTION("""COMPUTED_VALUE"""),8.0) -> 8
A9: 8 | B9: =IFERROR(__xludf.DUMMYFUNCTION("""COMPUTED_VALUE"""),"Aatreyo Bhattacharyya ") -> Aatreyo Bhattacharyya | C9: =IFERROR(__xludf.DUMMYFUNCTION("""COMPUTED_VALUE"""),9.5) -> 9.5 | E9: 8 | F9: =IFERROR(__xludf.DUMMYFUNCTION("""COMPUTED_VALUE"""),"Theenash Sengupta") -> Theenash Sengupta | G9: =IFERROR(__xludf.DUMMYFUNCTION("""COMPUTED_VALUE"""),8.0) -> 8 | I9: 8 | J9: =IFERROR(__xludf.DUMMYFUNCTION("""COMPUTED_VALUE"""),"Theenash Sengupta") -> Theenash Sengupta | K9: =IFERROR(__xludf.DUMMYFUNCTION("""COMPUTED_VALUE"""),7.5) -> 7.5 | M9: 8 | N9: =IFERROR(__xludf.DUMMYFUNCTION("""COMPUTED_VALUE"""),"Skyler Mao") -> Skyler Mao | O9: =IFERROR(__xludf.DUMMYFUNCTION("""COMPUTED_VALUE"""),6.0) -> 6 | Q9: 8 | R9: =IFERROR(__xludf.DUMMYFUNCTION("""COMPUTED_VALUE"""),"Aniket Mangalampalli ") -> Aniket Mangalampalli | S9: =IFERROR(__xludf.DUMMYFUNCTION("""COMPUTED_VALUE"""),11.0) -> 11 | U9: 7 | V9: =IFERROR(__xludf.DUMMYFUNCTION("""COMPUTED_VALUE"""),"Athithan Elamaran") -> Athithan Elamaran | W9: =IFERROR(__xludf.DUMMYFUNCTION("""COMPUTED_VALUE"""),8.0) -> 8
A10: 9 | B10: =IFERROR(__xludf.DUMMYFUNCTION("""COMPUTED_VALUE"""),"Arnava Bharadwaja") -> Arnava Bharadwaja | C10: =IFERROR(__xludf.DUMMYFUNCTION("""COMPUTED_VALUE"""),9.0) -> 9 | E10: 9 | F10: =IFERROR(__xludf.DUMMYFUNCTION("""COMPUTED_VALUE"""),"Jianyu Wang") -> Jianyu Wang | G10: =IFERROR(__xludf.DUMMYFUNCTION("""COMPUTED_VALUE"""),7.5) -> 7.5 | I10: 9 | J10: =IFERROR(__xludf.DUMMYFUNCTION("""COMPUTED_VALUE"""),"Nishanth Karanam") -> Nishanth Karanam | K10: =IFERROR(__xludf.DUMMYFUNCTION("""COMPUTED_VALUE"""),6.5) -> 6.5 | M10: 9 | N10: =IFERROR(__xludf.DUMMYFUNCTION("""COMPUTED_VALUE"""),"Gokulanath Mahesh Kumar") -> Gokulanath Mahesh Kumar | O10: =IFERROR(__xludf.DUMMYFUNCTION("""COMPUTED_VALUE"""),5.5) -> 5.5 | Q10: 9 | R10: =IFERROR(__xludf.DUMMYFUNCTION("""COMPUTED_VALUE"""),"Yueqian Zhang") -> Yueqian Zhang | S10: =IFERROR(__xludf.DUMMYFUNCTION("""COMPUTED_VALUE"""),10.5) -> 10.5 | U10: 9 | V10: =IFERROR(__xludf.DUMMYFUNCTION("""COMPUTED_VALUE"""),"Forrest Chou") -> Forrest Chou | W10: =IFERROR(__xludf.DUMMYFUNCTION("""COMPUTED_VALUE"""),7.5) -> 7.5
A11: 9 | B11: =IFERROR(__xludf.DUMMYFUNCTION("""COMPUTED_VALUE"""),"Selena Yang") -> Selena Yang | C11: =IFERROR(__xludf.DUMMYFUNCTION("""COMPUTED_VALUE"""),9.0) -> 9 | E11: 10 | F11: =IFERROR(__xludf.DUMMYFUNCTION("""COMPUTED_VALUE"""),"Pleban Mishra") -> Pleban Mishra | G11: =IFERROR(__xludf.DUMMYFUNCTION("""COMPUTED_VALUE"""),7.0) -> 7 | I11: 10 | J11: =IFERROR(__xludf.DUMMYFUNCTION("""COMPUTED_VALUE"""),"Alex Xu") -> Alex Xu | K11: =IFERROR(__xludf.DUMMYFUNCTION("""COMPUTED_VALUE"""),6.0) -> 6 | M11: 10 | N11: =IFERROR(__xludf.DUMMYFUNCTION("""COMPUTED_VALUE"""),"Jonathan Yu") -> Jonathan Yu | O11: =IFERROR(__xludf.DUMMYFUNCTION("""COMPUTED_VALUE"""),5.0) -> 5 | Q11: 10 | R11: =IFERROR(__xludf.DUMMYFUNCTION("""COMPUTED_VALUE"""),"Anish Roy") -> Anish Roy | S11: =IFERROR(__xludf.DUMMYFUNCTION("""COMPUTED_VALUE"""),10.0) -> 10 | U11: 10 | V11: =IFERROR(__xludf.DUMMYFUNCTION("""COMPUTED_VALUE"""),"Harish Premkumar") -> Harish Premkumar | W11: =IFERROR(__xludf.DUMMYFUNCTION("""COMPUTED_VALUE"""),7.0) -> 7
A12: 11 | B12: =IFERROR(__xludf.DUMMYFUNCTION("""COMPUTED_VALUE"""),"Ashrith Beeravelli") -> Ashrith Beeravelli | C12: =IFERROR(__xludf.DUMMYFUNCTION("""COMPUTED_VALUE"""),8.5) -> 8.5 | E12: 11 | F12: =IFERROR(__xludf.DUMMYFUNCTION("""COMPUTED_VALUE"""),"Aaditya Karnataki") -> Aaditya Karnataki | G12: =IFERROR(__xludf.DUMMYFUNCTION("""COMPUTED_VALUE"""),6.0) -> 6 | I12: 10 | J12: =IFERROR(__xludf.DUMMYFUNCTION("""COMPUTED_VALUE"""),"Forrest Chou") -> Forrest Chou | K12: =IFERROR(__xludf.DUMMYFUNCTION("""COMPUTED_VALUE"""),6.0) -> 6 | M12: 11 | N12: =IFERROR(__xludf.DUMMYFUNCTION("""COMPUTED_VALUE"""),"Anish Bayyapu") -> Anish Bayyapu | O12: =IFERROR(__xludf.DUMMYFUNCTION("""COMPUTED_VALUE"""),4.5) -> 4.5 | Q12: 10 | R12: =IFERROR(__xludf.DUMMYFUNCTION("""COMPUTED_VALUE"""),"Matthew Yuan") -> Matthew Yuan | S12: =IFERROR(__xludf.DUMMYFUNCTION("""COMPUTED_VALUE"""),10.0) -> 10 | U12: 10 | V12: =IFERROR(__xludf.DUMMYFUNCTION("""COMPUTED_VALUE"""),"Anirudh Kannan") -> Anirudh Kannan | W12: =IFERROR(__xludf.DUMMYFUNCTION("""COMPUTED_VALUE"""),7.0) -> 7
A13: 12 | B13: =IFERROR(__xludf.DUMMYFUNCTION("""COMPUTED_VALUE"""),"Stavya Gaonkar") -> Stavya Gaonkar | C13: =IFERROR(__xludf.DUMMYFUNCTION("""COMPUTED_VALUE"""),7.5) -> 7.5 | E13: 11 | F13: =IFERROR(__xludf.DUMMYFUNCTION("""COMPUTED_VALUE"""),"Jake Wang") -> Jake Wang | G13: =IFERROR(__xludf.DUMMYFUNCTION("""COMPUTED_VALUE"""),6.0) -> 6 | I13: 10 | J13: =IFERROR(__xludf.DUMMYFUNCTION("""COMPUTED_VALUE"""),"Aya Ahmad") -> Aya Ahmad | K13: =IFERROR(__xludf.DUMMYFUNCTION("""COMPUTED_VALUE"""),6.0) -> 6 | M13: 11 | N13: =IFERROR(__xludf.DUMMYFUNCTION("""COMPUTED_VALUE"""),"Jake Wang") -> Jake Wang | O13: =IFERROR(__xludf.DUMMYFUNCTION("""COMPUTED_VALUE"""),4.5) -> 4.5 | Q13: 12 | R13: =IFERROR(__xludf.DUMMYFUNCTION("""COMPUTED_VALUE"""),"Athithan Elamaran") -> Athithan Elamaran | S13: =IFERROR(__xludf.DUMMYFUNCTION("""COMPUTED_VALUE"""),8.0) -> 8 | U13: 10 | V13: =IFERROR(__xludf.DUMMYFUNCTION("""COMPUTED_VALUE"""),"Evan Liu") -> Evan Liu | W13: =IFERROR(__xludf.DUMMYFUNCTION("""COMPUTED_VALUE"""),7.0) -> 7
A14: 12 | B14: =IFERROR(__xludf.DUMMYFUNCTION("""COMPUTED_VALUE"""),"Siddhant Jain ") -> Siddhant Jain | C14: =IFERROR(__xludf.DUMMYFUNCTION("""COMPUTED_VALUE"""),7.5) -> 7.5 | E14: 11 | F14: =IFERROR(__xludf.DUMMYFUNCTION("""COMPUTED_VALUE"""),"Chaas Kandregula") -> Chaas Kandregula | G14: =IFERROR(__xludf.DUMMYFUNCTION("""COMPUTED_VALUE"""),6.0) -> 6 | I14: 10 | J14: =IFERROR(__xludf.DUMMYFUNCTION("""COMPUTED_VALUE"""),"Edwin He") -> Edwin He | K14: =IFERROR(__xludf.DUMMYFUNCTION("""COMPUTED_VALUE"""),6.0) -> 6 | M14: 13 | N14: =IFERROR(__xludf.DUMMYFUNCTION("""COMPUTED_VALUE"""),"Alex Xu") -> Alex Xu | O14: =IFERROR(__xludf.DUMMYFUNCTION("""COMPUTED_VALUE"""),4.0) -> 4 | Q14: 13 | R14: =IFERROR(__xludf.DUMMYFUNCTION("""COMPUTED_VALUE"""),"Aatreyo Bhattacharyya ") -> Aatreyo Bhattacharyya | S14: =IFERROR(__xludf.DUMMYFUNCTION("""COMPUTED_VALUE"""),7.5) -> 7.5 | U14: 13 | V14: =IFERROR(__xludf.DUMMYFUNCTION("""COMPUTED_VALUE"""),"Stavya Gaonkar") -> Stavya Gaonkar | W14: =IFERROR(__xludf.DUMMYFUNCTION("""COMPUTED_VALUE"""),6.5) -> 6.5
A15: 14 | B15: =IFERROR(__xludf.DUMMYFUNCTION("""COMPUTED_VALUE"""),"Sebastian Leung") -> Sebastian Leung | C15: =IFERROR(__xludf.DUMMYFUNCTION("""COMPUTED_VALUE"""),7.0) -> 7 | E15: 14 | F15: =IFERROR(__xludf.DUMMYFUNCTION("""COMPUTED_VALUE"""),"Brady Yang") -> Brady Yang | G15: =IFERROR(__xludf.DUMMYFUNCTION("""COMPUTED_VALUE"""),5.5) -> 5.5 | I15: 10 | J15: =IFERROR(__xludf.DUMMYFUNCTION("""COMPUTED_VALUE"""),"Ian Chen") -> Ian Chen | K15: =IFERROR(__xludf.DUMMYFUNCTION("""COMPUTED_VALUE"""),6.0) -> 6 | M15: 13 | N15: =IFERROR(__xludf.DUMMYFUNCTION("""COMPUTED_VALUE"""),"Stavya Gaonkar") -> Stavya Gaonkar | O15: =IFERROR(__xludf.DUMMYFUNCTION("""COMPUTED_VALUE"""),4.0) -> 4 | Q15: 14 | R15: =IFERROR(__xludf.DUMMYFUNCTION("""COMPUTED_VALUE"""),"Austin Xu") -> Austin Xu | S15: =IFERROR(__xludf.DUMMYFUNCTION("""COMPUTED_VALUE"""),7.0) -> 7 | U15: 14 | V15: =IFERROR(__xludf.DUMMYFUNCTION("""COMPUTED_VALUE"""),"Sidhant Chaliha") -> Sidhant Chaliha | W15: =IFERROR(__xludf.DUMMYFUNCTION("""COMPUTED_VALUE"""),6.0) -> 6
A16: 14 | B16: =IFERROR(__xludf.DUMMYFUNCTION("""COMPUTED_VALUE"""),"Suzuko Ohshima") -> Suzuko Ohshima | C16: =IFERROR(__xludf.DUMMYFUNCTION("""COMPUTED_VALUE"""),7.0) -> 7 | E16: 14 | F16: =IFERROR(__xludf.DUMMYFUNCTION("""COMPUTED_VALUE"""),"Elyas Nuh") -> Elyas Nuh | G16: =IFERROR(__xludf.DUMMYFUNCTION("""COMPUTED_VALUE"""),5.5) -> 5.5 | I16: 15 | J16: =IFERROR(__xludf.DUMMYFUNCTION("""COMPUTED_VALUE"""),"Ashrith Beeravelli") -> Ashrith Beeravelli | K16: =IFERROR(__xludf.DUMMYFUNCTION("""COMPUTED_VALUE"""),5.5) -> 5.5 | M16: 13 | N16: =IFERROR(__xludf.DUMMYFUNCTION("""COMPUTED_VALUE"""),"Raaghav Chakravarty") -> Raaghav Chakravarty | O16: =IFERROR(__xludf.DUMMYFUNCTION("""COMPUTED_VALUE"""),4.0) -> 4 | Q16: 15 | R16: =IFERROR(__xludf.DUMMYFUNCTION("""COMPUTED_VALUE"""),"Harish Premkumar") -> Harish Premkumar | S16: =IFERROR(__xludf.DUMMYFUNCTION("""COMPUTED_VALUE"""),6.5) -> 6.5 | U16: 15 | V16: =IFERROR(__xludf.DUMMYFUNCTION("""COMPUTED_VALUE"""),"Elyas Nuh") -> Elyas Nuh | W16: =IFERROR(__xludf.DUMMYFUNCTION("""COMPUTED_VALUE"""),5.0) -> 5
A17: 16 | B17: =IFERROR(__xludf.DUMMYFUNCTION("""COMPUTED_VALUE"""),"Skyler Mao") -> Skyler Mao | C17: =IFERROR(__xludf.DUMMYFUNCTION("""COMPUTED_VALUE"""),6.5) -> 6.5 | E17: 16 | F17: =IFERROR(__xludf.DUMMYFUNCTION("""COMPUTED_VALUE"""),"Connor Zhao") -> Connor Zhao | G17: =IFERROR(__xludf.DUMMYFUNCTION("""COMPUTED_VALUE"""),5.0) -> 5 | I17: 15 | J17: =IFERROR(__xludf.DUMMYFUNCTION("""COMPUTED_VALUE"""),"Siddhant Jain ") -> Siddhant Jain | K17: =IFERROR(__xludf.DUMMYFUNCTION("""COMPUTED_VALUE"""),5.5) -> 5.5 | M17: 13 | N17: =IFERROR(__xludf.DUMMYFUNCTION("""COMPUTED_VALUE"""),"Samuel Wang") -> Samuel Wang | O17: =IFERROR(__xludf.DUMMYFUNCTION("""COMPUTED_VALUE"""),4.0) -> 4 | Q17: 15 | R17: =IFERROR(__xludf.DUMMYFUNCTION("""COMPUTED_VALUE"""),"Krishay Garg") -> Krishay Garg | S17: =IFERROR(__xludf.DUMMYFUNCTION("""COMPUTED_VALUE"""),6.5) -> 6.5 | U17: 15 | V17: =IFERROR(__xludf.DUMMYFUNCTION("""COMPUTED_VALUE"""),"Larry Wu") -> Larry Wu | W17: =IFERROR(__xludf.DUMMYFUNCTION("""COMPUTED_VALUE"""),5.0) -> 5
A18: 16 | B18: =IFERROR(__xludf.DUMMYFUNCTION("""COMPUTED_VALUE"""),"Jishnu Balaji") -> Jishnu Balaji | C18: =IFERROR(__xludf.DUMMYFUNCTION("""COMPUTED_VALUE"""),6.5) -> 6.5 | E18: 16 | F18: =IFERROR(__xludf.DUMMYFUNCTION("""COMPUTED_VALUE"""),"Krishay Garg") -> Krishay Garg | G18: =IFERROR(__xludf.DUMMYFUNCTION("""COMPUTED_VALUE"""),5.0) -> 5 | I18: 17 | J18: =IFERROR(__xludf.DUMMYFUNCTION("""COMPUTED_VALUE"""),"Gaurav Gupta") -> Gaurav Gupta | K18: =IFERROR(__xludf.DUMMYFUNCTION("""COMPUTED_VALUE"""),5.0) -> 5 | M18: 13 | N18: =IFERROR(__xludf.DUMMYFUNCTION("""COMPUTED_VALUE"""),"Varun Challa") -> Varun Challa | O18: =IFERROR(__xludf.DUMMYFUNCTION("""COMPUTED_VALUE"""),4.0) -> 4 | Q18: 17 | R18: =IFERROR(__xludf.DUMMYFUNCTION("""COMPUTED_VALUE"""),"Jake Wang") -> Jake Wang | S18: =IFERROR(__xludf.DUMMYFUNCTION("""COMPUTED_VALUE"""),6.0) -> 6 | U18: 15 | V18: =IFERROR(__xludf.DUMMYFUNCTION("""COMPUTED_VALUE"""),"Andrew Wang") -> Andrew Wang | W18: =IFERROR(__xludf.DUMMYFUNCTION("""COMPUTED_VALUE"""),5.0) -> 5
A19: 18 | B19: =IFERROR(__xludf.DUMMYFUNCTION("""COMPUTED_VALUE"""),"Lakshanya Palani") -> Lakshanya Palani | C19: =IFERROR(__xludf.DUMMYFUNCTION("""COMPUTED_VALUE"""),6.0) -> 6 | E19: 18 | F19: =IFERROR(__xludf.DUMMYFUNCTION("""COMPUTED_VALUE"""),"Aahana Biswal") -> Aahana Biswal | G19: =IFERROR(__xludf.DUMMYFUNCTION("""COMPUTED_VALUE"""),4.5) -> 4.5 | I19: 17 | J19: =IFERROR(__xludf.DUMMYFUNCTION("""COMPUTED_VALUE"""),"Nicholas Pantino ") -> Nicholas Pantino | K19: =IFERROR(__xludf.DUMMYFUNCTION("""COMPUTED_VALUE"""),5.0) -> 5 | M19: 18 | N19: =IFERROR(__xludf.DUMMYFUNCTION("""COMPUTED_VALUE"""),"Sidhant Chaliha") -> Sidhant Chaliha | O19: =IFERROR(__xludf.DUMMYFUNCTION("""COMPUTED_VALUE"""),3.5) -> 3.5 | Q19: 17 | R19: =IFERROR(__xludf.DUMMYFUNCTION("""COMPUTED_VALUE"""),"Larry Wu") -> Larry Wu | S19: =IFERROR(__xludf.DUMMYFUNCTION("""COMPUTED_VALUE"""),6.0) -> 6 | U19: 15 | V19: =IFERROR(__xludf.DUMMYFUNCTION("""COMPUTED_VALUE"""),"Advaith Mopuri") -> Advaith Mopuri | W19: =IFERROR(__xludf.DUMMYFUNCTION("""COMPUTED_VALUE"""),5.0) -> 5
A20: 18 | B20: =IFERROR(__xludf.DUMMYFUNCTION("""COMPUTED_VALUE"""),"Aaditya Karnataki") -> Aaditya Karnataki | C20: =IFERROR(__xludf.DUMMYFUNCTION("""COMPUTED_VALUE"""),6.0) -> 6 | E20: 18 | F20: =IFERROR(__xludf.DUMMYFUNCTION("""COMPUTED_VALUE"""),"Rohan Hablani") -> Rohan Hablani | G20: =IFERROR(__xludf.DUMMYFUNCTION("""COMPUTED_VALUE"""),4.5) -> 4.5 | I20: 19 | J20: =IFERROR(__xludf.DUMMYFUNCTION("""COMPUTED_VALUE"""),"Suyog Vibhuti") -> Suyog Vibhuti | K20: =IFERROR(__xludf.DUMMYFUNCTION("""COMPUTED_VALUE"""),4.5) -> 4.5 | M20: 19 | N20: =IFERROR(__xludf.DUMMYFUNCTION("""COMPUTED_VALUE"""),"Suyog Vibhuti") -> Suyog Vibhuti | O20: =IFERROR(__xludf.DUMMYFUNCTION("""COMPUTED_VALUE"""),3.0) -> 3 | Q20: 17 | R20: =IFERROR(__xludf.DUMMYFUNCTION("""COMPUTED_VALUE"""),"Advaith Mopuri") -> Advaith Mopuri | S20: =IFERROR(__xludf.DUMMYFUNCTION("""COMPUTED_VALUE"""),6.0) -> 6 | U20: 15 | V20: =IFERROR(__xludf.DUMMYFUNCTION("""COMPUTED_VALUE"""),"Rex Ouyang") -> Rex Ouyang | W20: =IFERROR(__xludf.DUMMYFUNCTION("""COMPUTED_VALUE"""),5.0) -> 5
A21: 18 | B21: =IFERROR(__xludf.DUMMYFUNCTION("""COMPUTED_VALUE"""),"Elyas Nuh") -> Elyas Nuh | C21: =IFERROR(__xludf.DUMMYFUNCTION("""COMPUTED_VALUE"""),6.0) -> 6 | E21: 18 | F21: =IFERROR(__xludf.DUMMYFUNCTION("""COMPUTED_VALUE"""),"Sohil Rathi") -> Sohil Rathi | G21: =IFERROR(__xludf.DUMMYFUNCTION("""COMPUTED_VALUE"""),4.5) -> 4.5 | I21: 19 | J21: =IFERROR(__xludf.DUMMYFUNCTION("""COMPUTED_VALUE"""),"Jeremy Yuen") -> Jeremy Yuen | K21: =IFERROR(__xludf.DUMMYFUNCTION("""COMPUTED_VALUE"""),4.5) -> 4.5 | M21: 19 | N21: =IFERROR(__xludf.DUMMYFUNCTION("""COMPUTED_VALUE"""),"Alex Ge") -> Alex Ge | O21: =IFERROR(__xludf.DUMMYFUNCTION("""COMPUTED_VALUE"""),3.0) -> 3 | Q21: 20 | R21: =IFERROR(__xludf.DUMMYFUNCTION("""COMPUTED_VALUE"""),"Amaan Mohammad") -> Amaan Mohammad | S21: =IFERROR(__xludf.DUMMYFUNCTION("""COMPUTED_VALUE"""),5.0) -> 5 | U21: 15 | V21: =IFERROR(__xludf.DUMMYFUNCTION("""COMPUTED_VALUE"""),"Inhoo Chang") -> Inhoo Chang | W21: =IFERROR(__xludf.DUMMYFUNCTION("""COMPUTED_VALUE"""),5.0) -> 5
B23: Score = (# Correct Tossups) - (# Penalized Tossups) + 0.5 * (# of Correct Bonuses)

Sheet Round Robin Team Rankings
A1: 20 | B1: Biology | F1: Chemistry | J1: Earth & Space | N1: Energy | R1: Math | V1: Physics
A2: {=RANK(INDIRECT("C2:C"&($A$1+1)),C$2:C$21)} -> 1 | B2: =IFERROR(__xludf.DUMMYFUNCTION("QUERY( INDIRECT(B1&""!A2:G""),""select A order by G desc limit ""&$A$1)"),"Mission San Jose B") -> Mission San Jose B | C2: =IFERROR(__xludf.DUMMYFUNCTION("QUERY(INDIRECT(B1&""!A2:G""),""select G order by G desc limit ""&$A$1)"),25.5) -> 25.5 | E2: {=RANK(INDIRECT("G2:G"&($A$1+1)),G$2:G$21)} -> 1 | F2: =IFERROR(__xludf.DUMMYFUNCTION("QUERY(INDIRECT(F1&""!A2:G""),""select A order by G desc limit ""&$A$1)"),"Mission San Jose A") -> Mission San Jose A | G2: =IFERROR(__xludf.DUMMYFUNCTION("QUERY(INDIRECT(F1&""!A2:G""),""select G order by G desc limit ""&$A$1)"),22.0) -> 22 | I2: {=RANK(INDIRECT("K2:K"&($A$1+1)),K$2:K$21)} -> 1 | J2: =IFERROR(__xludf.DUMMYFUNCTION("QUERY(INDIRECT(J1&""!A2:G""),""select A order by G desc limit ""&$A$1)"),"Canyon Crest A") -> Canyon Crest A | K2: =IFERROR(__xludf.DUMMYFUNCTION("QUERY(INDIRECT(J1&""!A2:G""),""select G order by G desc limit ""&$A$1)"),23.5) -> 23.5 | M2: {=RANK(INDIRECT("O2:O"&($A$1+1)),O$2:O$21)} -> 1 | N2: =IFERROR(__xludf.DUMMYFUNCTION("QUERY(INDIRECT(N1&""!A2:G""),""select A order by G desc limit ""&$A$1)"),"Mira Loma A") -> Mira Loma A | O2: =IFERROR(__xludf.DUMMYFUNCTION("QUERY(INDIRECT(N1&""!A2:G""),""select G order by G desc limit ""&$A$1)"),15.5) -> 15.5 | Q2: {=RANK(INDIRECT("S2:S"&($A$1+1)),S$2:S$21)} -> 1 | R2: =IFERROR(__xludf.DUMMYFUNCTION("QUERY(INDIRECT(R1&""!A2:G""),""select A order by G desc limit ""&$A$1)"),"North Hollywood") -> North Hollywood | S2: =IFERROR(__xludf.DUMMYFUNCTION("QUERY(INDIRECT(R1&""!A2:G""),""select G order by G desc limit ""&$A$1)"),19.0) -> 19 | U2: {=RANK(INDIRECT("W2:W"&($A$1+1)),W$2:W$21)} -> 1 | V2: =IFERROR(__xludf.DUMMYFUNCTION("QUERY(INDIRECT(V1&""!A2:G""),""select A order by G desc limit ""&$A$1)"),"Lynbrook A") -> Lynbrook A | W2: =IFERROR(__xludf.DUMMYFUNCTION("QUERY(INDIRECT(V1&""!A2:G""),""select G order by G desc limit ""&$A$1)"),17.0) -> 17
A3: 2 | B3: =IFERROR(__xludf.DUMMYFUNCTION("""COMPUTED_VALUE"""),"Canyon Crest A") -> Canyon Crest A | C3: =IFERROR(__xludf.DUMMYFUNCTION("""COMPUTED_VALUE"""),21.5) -> 21.5 | E3: 2 | F3: =IFERROR(__xludf.DUMMYFUNCTION("""COMPUTED_VALUE"""),"Canyon Crest A") -> Canyon Crest A | G3: =IFERROR(__xludf.DUMMYFUNCTION("""COMPUTED_VALUE"""),16.5) -> 16.5 | I3: 2 | J3: =IFERROR(__xludf.DUMMYFUNCTION("""COMPUTED_VALUE"""),"Mission San Jose A") -> Mission San Jose A | K3: =IFERROR(__xludf.DUMMYFUNCTION("""COMPUTED_VALUE"""),17.0) -> 17 | M3: 2 | N3: =IFERROR(__xludf.DUMMYFUNCTION("""COMPUTED_VALUE"""),"Lynbrook A") -> Lynbrook A | O3: =IFERROR(__xludf.DUMMYFUNCTION("""COMPUTED_VALUE"""),13.5) -> 13.5 | Q3: 2 | R3: =IFERROR(__xludf.DUMMYFUNCTION("""COMPUTED_VALUE"""),"Lynbrook C") -> Lynbrook C | S3: =IFERROR(__xludf.DUMMYFUNCTION("""COMPUTED_VALUE"""),16.0) -> 16 | U3: 2 | V3: =IFERROR(__xludf.DUMMYFUNCTION("""COMPUTED_VALUE"""),"Mission San Jose A") -> Mission San Jose A | W3: =IFERROR(__xludf.DUMMYFUNCTION("""COMPUTED_VALUE"""),16.5) -> 16.5
A4: 3 | B4: =IFERROR(__xludf.DUMMYFUNCTION("""COMPUTED_VALUE"""),"Amador Valley A") -> Amador Valley A | C4: =IFERROR(__xludf.DUMMYFUNCTION("""COMPUTED_VALUE"""),21.0) -> 21 | E4: 3 | F4: =IFERROR(__xludf.DUMMYFUNCTION("""COMPUTED_VALUE"""),"Lynbrook C") -> Lynbrook C | G4: =IFERROR(__xludf.DUMMYFUNCTION("""COMPUTED_VALUE"""),16.0) -> 16 | I4: 3 | J4: =IFERROR(__xludf.DUMMYFUNCTION("""COMPUTED_VALUE"""),"Lynbrook A") -> Lynbrook A | K4: =IFERROR(__xludf.DUMMYFUNCTION("""COMPUTED_VALUE"""),15.0) -> 15 | M4: 3 | N4: =IFERROR(__xludf.DUMMYFUNCTION("""COMPUTED_VALUE"""),"Cupertino A") -> Cupertino A | O4: =IFERROR(__xludf.DUMMYFUNCTION("""COMPUTED_VALUE"""),12.0) -> 12 | Q4: 3 | R4: =IFERROR(__xludf.DUMMYFUNCTION("""COMPUTED_VALUE"""),"Saratoga") -> Saratoga | S4: =IFERROR(__xludf.DUMMYFUNCTION("""COMPUTED_VALUE"""),15.5) -> 15.5 | U4: 3 | V4: =IFERROR(__xludf.DUMMYFUNCTION("""COMPUTED_VALUE"""),"Canyon Crest A") -> Canyon Crest A | W4: =IFERROR(__xludf.DUMMYFUNCTION("""COMPUTED_VALUE"""),14.5) -> 14.5
A5: 4 | B5: =IFERROR(__xludf.DUMMYFUNCTION("""COMPUTED_VALUE"""),"Mission San Jose A") -> Mission San Jose A | C5: =IFERROR(__xludf.DUMMYFUNCTION("""COMPUTED_VALUE"""),17.0) -> 17 | E5: 4 | F5: =IFERROR(__xludf.DUMMYFUNCTION("""COMPUTED_VALUE"""),"Lynbrook A") -> Lynbrook A | G5: =IFERROR(__xludf.DUMMYFUNCTION("""COMPUTED_VALUE"""),15.5) -> 15.5 | I5: 4 | J5: =IFERROR(__xludf.DUMMYFUNCTION("""COMPUTED_VALUE"""),"Lynbrook C") -> Lynbrook C | K5: =IFERROR(__xludf.DUMMYFUNCTION("""COMPUTED_VALUE"""),13.5) -> 13.5 | M5: 4 | N5: =IFERROR(__xludf.DUMMYFUNCTION("""COMPUTED_VALUE"""),"Saratoga") -> Saratoga | O5: =IFERROR(__xludf.DUMMYFUNCTION("""COMPUTED_VALUE"""),11.5) -> 11.5 | Q5: 4 | R5: =IFERROR(__xludf.DUMMYFUNCTION("""COMPUTED_VALUE"""),"BASIS Independent A") -> BASIS Independent A | S5: =IFERROR(__xludf.DUMMYFUNCTION("""COMPUTED_VALUE"""),15.0) -> 15 | U5: 4 | V5: =IFERROR(__xludf.DUMMYFUNCTION("""COMPUTED_VALUE"""),"Cupertino A") -> Cupertino A | W5: =IFERROR(__xludf.DUMMYFUNCTION("""COMPUTED_VALUE"""),14.0) -> 14
A6: 5 | B6: =IFERROR(__xludf.DUMMYFUNCTION("""COMPUTED_VALUE"""),"Canyon Crest B") -> Canyon Crest B | C6: =IFERROR(__xludf.DUMMYFUNCTION("""COMPUTED_VALUE"""),16.0) -> 16 | E6: 5 | F6: =IFERROR(__xludf.DUMMYFUNCTION("""COMPUTED_VALUE"""),"Mira Loma A") -> Mira Loma A | G6: =IFERROR(__xludf.DUMMYFUNCTION("""COMPUTED_VALUE"""),14.5) -> 14.5 | I6: 5 | J6: =IFERROR(__xludf.DUMMYFUNCTION("""COMPUTED_VALUE"""),"Amador Valley A") -> Amador Valley A | K6: =IFERROR(__xludf.DUMMYFUNCTION("""COMPUTED_VALUE"""),13.0) -> 13 | M6: 5 | N6: =IFERROR(__xludf.DUMMYFUNCTION("""COMPUTED_VALUE"""),"Amador Valley A") -> Amador Valley A | O6: =IFERROR(__xludf.DUMMYFUNCTION("""COMPUTED_VALUE"""),11.0) -> 11 | Q6: 5 | R6: =IFERROR(__xludf.DUMMYFUNCTION("""COMPUTED_VALUE"""),"Canyon Crest A") -> Canyon Crest A | S6: =IFERROR(__xludf.DUMMYFUNCTION("""COMPUTED_VALUE"""),14.0) -> 14 | U6: 5 | V6: =IFERROR(__xludf.DUMMYFUNCTION("""COMPUTED_VALUE"""),"Mira Loma A") -> Mira Loma A | W6: =IFERROR(__xludf.DUMMYFUNCTION("""COMPUTED_VALUE"""),13.5) -> 13.5
A7: 6 | B7: =IFERROR(__xludf.DUMMYFUNCTION("""COMPUTED_VALUE"""),"Mira Loma A") -> Mira Loma A | C7: =IFERROR(__xludf.DUMMYFUNCTION("""COMPUTED_VALUE"""),15.5) -> 15.5 | E7: 5 | F7: =IFERROR(__xludf.DUMMYFUNCTION("""COMPUTED_VALUE"""),"Cupertino A") -> Cupertino A | G7: =IFERROR(__xludf.DUMMYFUNCTION("""COMPUTED_VALUE"""),14.5) -> 14.5 | I7: 6 | J7: =IFERROR(__xludf.DUMMYFUNCTION("""COMPUTED_VALUE"""),"Mira Loma A") -> Mira Loma A | K7: =IFERROR(__xludf.DUMMYFUNCTION("""COMPUTED_VALUE"""),12.5) -> 12.5 | M7: 6 | N7: =IFERROR(__xludf.DUMMYFUNCTION("""COMPUTED_VALUE"""),"Archbishop Mitty B") -> Archbishop Mitty B | O7: =IFERROR(__xludf.DUMMYFUNCTION("""COMPUTED_VALUE"""),10.5) -> 10.5 | Q7: 5 | R7: =IFERROR(__xludf.DUMMYFUNCTION("""COMPUTED_VALUE"""),"Canyon Crest B") -> Canyon Crest B | S7: =IFERROR(__xludf.DUMMYFUNCTION("""COMPUTED_VALUE"""),14.0) -> 14 | U7: 6 | V7: =IFERROR(__xludf.DUMMYFUNCTION("""COMPUTED_VALUE"""),"Monta Vista A") -> Monta Vista A | W7: =IFERROR(__xludf.DUMMYFUNCTION("""COMPUTED_VALUE"""),13.0) -> 13
A8: 6 | B8: =IFERROR(__xludf.DUMMYFUNCTION("""COMPUTED_VALUE"""),"Lynbrook C") -> Lynbrook C | C8: =IFERROR(__xludf.DUMMYFUNCTION("""COMPUTED_VALUE"""),15.5) -> 15.5 | E8: 7 | F8: =IFERROR(__xludf.DUMMYFUNCTION("""COMPUTED_VALUE"""),"Palo Alto A") -> Palo Alto A | G8: =IFERROR(__xludf.DUMMYFUNCTION("""COMPUTED_VALUE"""),14.0) -> 14 | I8: 7 | J8: =IFERROR(__xludf.DUMMYFUNCTION("""COMPUTED_VALUE"""),"Mission San Jose B") -> Mission San Jose B | K8: =IFERROR(__xludf.DUMMYFUNCTION("""COMPUTED_VALUE"""),12.0) -> 12 | M8: 7 | N8: =IFERROR(__xludf.DUMMYFUNCTION("""COMPUTED_VALUE"""),"Saint Francis") -> Saint Francis | O8: =IFERROR(__xludf.DUMMYFUNCTION("""COMPUTED_VALUE"""),10.0) -> 10 | Q8: 5 | R8: =IFERROR(__xludf.DUMMYFUNCTION("""COMPUTED_VALUE"""),"Mira Loma A") -> Mira Loma A | S8: =IFERROR(__xludf.DUMMYFUNCTION("""COMPUTED_VALUE"""),14.0) -> 14 | U8: 7 | V8: =IFERROR(__xludf.DUMMYFUNCTION("""COMPUTED_VALUE"""),"Saint Francis") -> Saint Francis | W8: =IFERROR(__xludf.DUMMYFUNCTION("""COMPUTED_VALUE"""),12.5) -> 12.5
A9: 6 | B9: =IFERROR(__xludf.DUMMYFUNCTION("""COMPUTED_VALUE"""),"Lynbrook A") -> Lynbrook A | C9: =IFERROR(__xludf.DUMMYFUNCTION("""COMPUTED_VALUE"""),15.5) -> 15.5 | E9: 7 | F9: =IFERROR(__xludf.DUMMYFUNCTION("""COMPUTED_VALUE"""),"Monta Vista A") -> Monta Vista A | G9: =IFERROR(__xludf.DUMMYFUNCTION("""COMPUTED_VALUE"""),14.0) -> 14 | I9: 7 | J9: =IFERROR(__xludf.DUMMYFUNCTION("""COMPUTED_VALUE"""),"Cupertino A") -> Cupertino A | K9: =IFERROR(__xludf.DUMMYFUNCTION("""COMPUTED_VALUE"""),12.0) -> 12 | M9: 7 | N9: =IFERROR(__xludf.DUMMYFUNCTION("""COMPUTED_VALUE"""),"Canyon Crest B") -> Canyon Crest B | O9: =IFERROR(__xludf.DUMMYFUNCTION("""COMPUTED_VALUE"""),10.0) -> 10 | Q9: 5 | R9: =IFERROR(__xludf.DUMMYFUNCTION("""COMPUTED_VALUE"""),"Amador Valley A") -> Amador Valley A | S9: =IFERROR(__xludf.DUMMYFUNCTION("""COMPUTED_VALUE"""),14.0) -> 14 | U9: 8 | V9: =IFERROR(__xludf.DUMMYFUNCTION("""COMPUTED_VALUE"""),"North Hollywood") -> North Hollywood | W9: =IFERROR(__xludf.DUMMYFUNCTION("""COMPUTED_VALUE"""),11.5) -> 11.5
A10: 9 | B10: =IFERROR(__xludf.DUMMYFUNCTION("""COMPUTED_VALUE"""),"Cupertino A") -> Cupertino A | C10: =IFERROR(__xludf.DUMMYFUNCTION("""COMPUTED_VALUE"""),15.0) -> 15 | E10: 9 | F10: =IFERROR(__xludf.DUMMYFUNCTION("""COMPUTED_VALUE"""),"Saint Francis") -> Saint Francis | G10: =IFERROR(__xludf.DUMMYFUNCTION("""COMPUTED_VALUE"""),13.0) -> 13 | I10: 9 | J10: =IFERROR(__xludf.DUMMYFUNCTION("""COMPUTED_VALUE"""),"Saint Francis") -> Saint Francis | K10: =IFERROR(__xludf.DUMMYFUNCTION("""COMPUTED_VALUE"""),11.5) -> 11.5 | M10: 7 | N10: =IFERROR(__xludf.DUMMYFUNCTION("""COMPUTED_VALUE"""),"Mission San Jose A") -> Mission San Jose A | O10: =IFERROR(__xludf.DUMMYFUNCTION("""COMPUTED_VALUE"""),10.0) -> 10 | Q10: 5 | R10: =IFERROR(__xludf.DUMMYFUNCTION("""COMPUTED_VALUE"""),"Lynbrook B") -> Lynbrook B | S10: =IFERROR(__xludf.DUMMYFUNCTION("""COMPUTED_VALUE"""),14.0) -> 14 | U10: 9 | V10: =IFERROR(__xludf.DUMMYFUNCTION("""COMPUTED_VALUE"""),"Palo Alto B") -> Palo Alto B | W10: =IFERROR(__xludf.DUMMYFUNCTION("""COMPUTED_VALUE"""),11.0) -> 11
A11: 10 | B11: =IFERROR(__xludf.DUMMYFUNCTION("""COMPUTED_VALUE"""),"Lynbrook B") -> Lynbrook B | C11: =IFERROR(__xludf.DUMMYFUNCTION("""COMPUTED_VALUE"""),13.5) -> 13.5 | E11: 10 | F11: =IFERROR(__xludf.DUMMYFUNCTION("""COMPUTED_VALUE"""),"BASIS Independent A") -> BASIS Independent A | G11: =IFERROR(__xludf.DUMMYFUNCTION("""COMPUTED_VALUE"""),10.5) -> 10.5 | I11: 10 | J11: =IFERROR(__xludf.DUMMYFUNCTION("""COMPUTED_VALUE"""),"BASIS Independent A") -> BASIS Independent A | K11: =IFERROR(__xludf.DUMMYFUNCTION("""COMPUTED_VALUE"""),11.0) -> 11 | M11: 10 | N11: =IFERROR(__xludf.DUMMYFUNCTION("""COMPUTED_VALUE"""),"North Hollywood") -> North Hollywood | O11: =IFERROR(__xludf.DUMMYFUNCTION("""COMPUTED_VALUE"""),9.0) -> 9 | Q11: 10 | R11: =IFERROR(__xludf.DUMMYFUNCTION("""COMPUTED_VALUE"""),"American A") -> American A | S11: =IFERROR(__xludf.DUMMYFUNCTION("""COMPUTED_VALUE"""),13.5) -> 13.5 | U11: 10 | V11: =IFERROR(__xludf.DUMMYFUNCTION("""COMPUTED_VALUE"""),"American A") -> American A | W11: =IFERROR(__xludf.DUMMYFUNCTION("""COMPUTED_VALUE"""),10.0) -> 10
A12: 11 | B12: =IFERROR(__xludf.DUMMYFUNCTION("""COMPUTED_VALUE"""),"Foothill A") -> Foothill A | C12: =IFERROR(__xludf.DUMMYFUNCTION("""COMPUTED_VALUE"""),11.5) -> 11.5 | E12: 11 | F12: =IFERROR(__xludf.DUMMYFUNCTION("""COMPUTED_VALUE"""),"American A") -> American A | G12: =IFERROR(__xludf.DUMMYFUNCTION("""COMPUTED_VALUE"""),9.0) -> 9 | I12: 10 | J12: =IFERROR(__xludf.DUMMYFUNCTION("""COMPUTED_VALUE"""),"Mira Loma B") -> Mira Loma B | K12: =IFERROR(__xludf.DUMMYFUNCTION("""COMPUTED_VALUE"""),11.0) -> 11 | M12: 11 | N12: =IFERROR(__xludf.DUMMYFUNCTION("""COMPUTED_VALUE"""),"BASIS Independent A") -> BASIS Independent A | O12: =IFERROR(__xludf.DUMMYFUNCTION("""COMPUTED_VALUE"""),7.5) -> 7.5 | Q12: 11 | R12: =IFERROR(__xludf.DUMMYFUNCTION("""COMPUTED_VALUE"""),"Mission San Jose B") -> Mission San Jose B | S12: =IFERROR(__xludf.DUMMYFUNCTION("""COMPUTED_VALUE"""),12.5) -> 12.5 | U12: 11 | V12: =IFERROR(__xludf.DUMMYFUNCTION("""COMPUTED_VALUE"""),"Dougherty Valley A") -> Dougherty Valley A | W12: =IFERROR(__xludf.DUMMYFUNCTION("""COMPUTED_VALUE"""),9.5) -> 9.5
A13: 11 | B13: =IFERROR(__xludf.DUMMYFUNCTION("""COMPUTED_VALUE"""),"American A") -> American A | C13: =IFERROR(__xludf.DUMMYFUNCTION("""COMPUTED_VALUE"""),11.5) -> 11.5 | E13: 11 | F13: =IFERROR(__xludf.DUMMYFUNCTION("""COMPUTED_VALUE"""),"Lynbrook B") -> Lynbrook B | G13: =IFERROR(__xludf.DUMMYFUNCTION("""COMPUTED_VALUE"""),9.0) -> 9 | I13: 12 | J13: =IFERROR(__xludf.DUMMYFUNCTION("""COMPUTED_VALUE"""),"Lynbrook B") -> Lynbrook B | K13: =IFERROR(__xludf.DUMMYFUNCTION("""COMPUTED_VALUE"""),10.5) -> 10.5 | M13: 12 | N13: =IFERROR(__xludf.DUMMYFUNCTION("""COMPUTED_VALUE"""),"Canyon Crest A") -> Canyon Crest A | O13: =IFERROR(__xludf.DUMMYFUNCTION("""COMPUTED_VALUE"""),7.0) -> 7 | Q13: 12 | R13: =IFERROR(__xludf.DUMMYFUNCTION("""COMPUTED_VALUE"""),"Cupertino A") -> Cupertino A | S13: =IFERROR(__xludf.DUMMYFUNCTION("""COMPUTED_VALUE"""),12.0) -> 12 | U13: 11 | V13: =IFERROR(__xludf.DUMMYFUNCTION("""COMPUTED_VALUE"""),"Amador Valley A") -> Amador Valley A | W13: =IFERROR(__xludf.DUMMYFUNCTION("""COMPUTED_VALUE"""),9.5) -> 9.5
A14: 11 | B14: =IFERROR(__xludf.DUMMYFUNCTION("""COMPUTED_VALUE"""),"Stanford Online") -> Stanford Online | C14: =IFERROR(__xludf.DUMMYFUNCTION("""COMPUTED_VALUE"""),11.5) -> 11.5 | E14: 13 | F14: =IFERROR(__xludf.DUMMYFUNCTION("""COMPUTED_VALUE"""),"California B") -> California B | G14: =IFERROR(__xludf.DUMMYFUNCTION("""COMPUTED_VALUE"""),8.0) -> 8 | I14: 13 | J14: =IFERROR(__xludf.DUMMYFUNCTION("""COMPUTED_VALUE"""),"Monta Vista A") -> Monta Vista A | K14: =IFERROR(__xludf.DUMMYFUNCTION("""COMPUTED_VALUE"""),9.0) -> 9 | M14: 13 | N14: =IFERROR(__xludf.DUMMYFUNCTION("""COMPUTED_VALUE"""),"Mission San Jose B") -> Mission San Jose B | O14: =IFERROR(__xludf.DUMMYFUNCTION("""COMPUTED_VALUE"""),6.5) -> 6.5 | Q14: 12 | R14: =IFERROR(__xludf.DUMMYFUNCTION("""COMPUTED_VALUE"""),"Dougherty Valley A") -> Dougherty Valley A | S14: =IFERROR(__xludf.DUMMYFUNCTION("""COMPUTED_VALUE"""),12.0) -> 12 | U14: 13 | V14: =IFERROR(__xludf.DUMMYFUNCTION("""COMPUTED_VALUE"""),"California A") -> California A | W14: =IFERROR(__xludf.DUMMYFUNCTION("""COMPUTED_VALUE"""),9.0) -> 9
A15: 14 | B15: =IFERROR(__xludf.DUMMYFUNCTION("""COMPUTED_VALUE"""),"Saint Francis") -> Saint Francis | C15: =IFERROR(__xludf.DUMMYFUNCTION("""COMPUTED_VALUE"""),10.5) -> 10.5 | E15: 13 | F15: =IFERROR(__xludf.DUMMYFUNCTION("""COMPUTED_VALUE"""),"Dougherty Valley A") -> Dougherty Valley A | G15: =IFERROR(__xludf.DUMMYFUNCTION("""COMPUTED_VALUE"""),8.0) -> 8 | I15: 14 | J15: =IFERROR(__xludf.DUMMYFUNCTION("""COMPUTED_VALUE"""),"Palo Alto A") -> Palo Alto A | K15: =IFERROR(__xludf.DUMMYFUNCTION("""COMPUTED_VALUE"""),7.5) -> 7.5 | M15: 14 | N15: =IFERROR(__xludf.DUMMYFUNCTION("""COMPUTED_VALUE"""),"American A") -> American A | O15: =IFERROR(__xludf.DUMMYFUNCTION("""COMPUTED_VALUE"""),6.0) -> 6 | Q15: 14 | R15: =IFERROR(__xludf.DUMMYFUNCTION("""COMPUTED_VALUE"""),"Mission San Jose A") -> Mission San Jose A | S15: =IFERROR(__xludf.DUMMYFUNCTION("""COMPUTED_VALUE"""),11.5) -> 11.5 | U15: 14 | V15: =IFERROR(__xludf.DUMMYFUNCTION("""COMPUTED_VALUE"""),"Foothill B") -> Foothill B | W15: =IFERROR(__xludf.DUMMYFUNCTION("""COMPUTED_VALUE"""),8.0) -> 8
A16: 14 | B16: =IFERROR(__xludf.DUMMYFUNCTION("""COMPUTED_VALUE"""),"California A") -> California A | C16: =IFERROR(__xludf.DUMMYFUNCTION("""COMPUTED_VALUE"""),10.5) -> 10.5 | E16: 15 | F16: =IFERROR(__xludf.DUMMYFUNCTION("""COMPUTED_VALUE"""),"BASIS Independent B") -> BASIS Independent B | G16: =IFERROR(__xludf.DUMMYFUNCTION("""COMPUTED_VALUE"""),7.5) -> 7.5 | I16: 15 | J16: =IFERROR(__xludf.DUMMYFUNCTION("""COMPUTED_VALUE"""),"North Hollywood") -> North Hollywood | K16: =IFERROR(__xludf.DUMMYFUNCTION("""COMPUTED_VALUE"""),7.0) -> 7 | M16: 14 | N16: =IFERROR(__xludf.DUMMYFUNCTION("""COMPUTED_VALUE"""),"Monta Vista A") -> Monta Vista A | O16: =IFERROR(__xludf.DUMMYFUNCTION("""COMPUTED_VALUE"""),6.0) -> 6 | Q16: 14 | R16: =IFERROR(__xludf.DUMMYFUNCTION("""COMPUTED_VALUE"""),"Lynbrook A") -> Lynbrook A | S16: =IFERROR(__xludf.DUMMYFUNCTION("""COMPUTED_VALUE"""),11.5) -> 11.5 | U16: 15 | V16: =IFERROR(__xludf.DUMMYFUNCTION("""COMPUTED_VALUE"""),"BASIS Independent A") -> BASIS Independent A | W16: =IFERROR(__xludf.DUMMYFUNCTION("""COMPUTED_VALUE"""),7.5) -> 7.5
A17: 14 | B17: =IFERROR(__xludf.DUMMYFUNCTION("""COMPUTED_VALUE"""),"Cupertino B") -> Cupertino B | C17: =IFERROR(__xludf.DUMMYFUNCTION("""COMPUTED_VALUE"""),10.5) -> 10.5 | E17: 15 | F17: =IFERROR(__xludf.DUMMYFUNCTION("""COMPUTED_VALUE"""),"Foothill B") -> Foothill B | G17: =IFERROR(__xludf.DUMMYFUNCTION("""COMPUTED_VALUE"""),7.5) -> 7.5 | I17: 16 | J17: =IFERROR(__xludf.DUMMYFUNCTION("""COMPUTED_VALUE"""),"BASIS Independent B") -> BASIS Independent B | K17: =IFERROR(__xludf.DUMMYFUNCTION("""COMPUTED_VALUE"""),6.0) -> 6 | M17: 16 | N17: =IFERROR(__xludf.DUMMYFUNCTION("""COMPUTED_VALUE"""),"Lynbrook C") -> Lynbrook C | O17: =IFERROR(__xludf.DUMMYFUNCTION("""COMPUTED_VALUE"""),5.5) -> 5.5 | Q17: 16 | R17: =IFERROR(__xludf.DUMMYFUNCTION("""COMPUTED_VALUE"""),"Archbishop Mitty B") -> Archbishop Mitty B | S17: =IFERROR(__xludf.DUMMYFUNCTION("""COMPUTED_VALUE"""),11.0) -> 11 | U17: 15 | V17: =IFERROR(__xludf.DUMMYFUNCTION("""COMPUTED_VALUE"""),"Canyon Crest B") -> Canyon Crest B | W17: =IFERROR(__xludf.DUMMYFUNCTION("""COMPUTED_VALUE"""),7.5) -> 7.5
A18: 14 | B18: =IFERROR(__xludf.DUMMYFUNCTION("""COMPUTED_VALUE"""),"Monta Vista A") -> Monta Vista A | C18: =IFERROR(__xludf.DUMMYFUNCTION("""COMPUTED_VALUE"""),10.5) -> 10.5 | E18: 15 | F18: =IFERROR(__xludf.DUMMYFUNCTION("""COMPUTED_VALUE"""),"Stanford Online") -> Stanford Online | G18: =IFERROR(__xludf.DUMMYFUNCTION("""COMPUTED_VALUE"""),7.5) -> 7.5 | I18: 16 | J18: =IFERROR(__xludf.DUMMYFUNCTION("""COMPUTED_VALUE"""),"Archbishop Mitty A") -> Archbishop Mitty A | K18: =IFERROR(__xludf.DUMMYFUNCTION("""COMPUTED_VALUE"""),6.0) -> 6 | M18: 16 | N18: =IFERROR(__xludf.DUMMYFUNCTION("""COMPUTED_VALUE"""),"Dougherty Valley B") -> Dougherty Valley B | O18: =IFERROR(__xludf.DUMMYFUNCTION("""COMPUTED_VALUE"""),5.5) -> 5.5 | Q18: 17 | R18: =IFERROR(__xludf.DUMMYFUNCTION("""COMPUTED_VALUE"""),"Saint Francis") -> Saint Francis | S18: =IFERROR(__xludf.DUMMYFUNCTION("""COMPUTED_VALUE"""),9.0) -> 9 | U18: 15 | V18: =IFERROR(__xludf.DUMMYFUNCTION("""COMPUTED_VALUE"""),"Palo Alto A") -> Palo Alto A | W18: =IFERROR(__xludf.DUMMYFUNCTION("""COMPUTED_VALUE"""),7.5) -> 7.5
A19: 18 | B19: =IFERROR(__xludf.DUMMYFUNCTION("""COMPUTED_VALUE"""),"American B") -> American B | C19: =IFERROR(__xludf.DUMMYFUNCTION("""COMPUTED_VALUE"""),10.0) -> 10 | E19: 18 | F19: =IFERROR(__xludf.DUMMYFUNCTION("""COMPUTED_VALUE"""),"Mission San Jose B") -> Mission San Jose B | G19: =IFERROR(__xludf.DUMMYFUNCTION("""COMPUTED_VALUE"""),7.0) -> 7 | I19: 16 | J19: =IFERROR(__xludf.DUMMYFUNCTION("""COMPUTED_VALUE"""),"Dougherty Valley A") -> Dougherty Valley A | K19: =IFERROR(__xludf.DUMMYFUNCTION("""COMPUTED_VALUE"""),6.0) -> 6 | M19: 18 | N19: =IFERROR(__xludf.DUMMYFUNCTION("""COMPUTED_VALUE"""),"BASIS Independent B") -> BASIS Independent B | O19: =IFERROR(__xludf.DUMMYFUNCTION("""COMPUTED_VALUE"""),5.0) -> 5 | Q19: 17 | R19: =IFERROR(__xludf.DUMMYFUNCTION("""COMPUTED_VALUE"""),"Mira Loma B") -> Mira Loma B | S19: =IFERROR(__xludf.DUMMYFUNCTION("""COMPUTED_VALUE"""),9.0) -> 9 | U19: 18 | V19: =IFERROR(__xludf.DUMMYFUNCTION("""COMPUTED_VALUE"""),"Lynbrook C") -> Lynbrook C | W19: =IFERROR(__xludf.DUMMYFUNCTION("""COMPUTED_VALUE"""),7.0) -> 7
A20: 19 | B20: =IFERROR(__xludf.DUMMYFUNCTION("""COMPUTED_VALUE"""),"Mira Loma B") -> Mira Loma B | C20: =IFERROR(__xludf.DUMMYFUNCTION("""COMPUTED_VALUE"""),9.5) -> 9.5 | E20: 19 | F20: =IFERROR(__xludf.DUMMYFUNCTION("""COMPUTED_VALUE"""),"North Hollywood") -> North Hollywood | G20: =IFERROR(__xludf.DUMMYFUNCTION("""COMPUTED_VALUE"""),6.5) -> 6.5 | I20: 19 | J20: =IFERROR(__xludf.DUMMYFUNCTION("""COMPUTED_VALUE"""),"Saratoga") -> Saratoga | K20: =IFERROR(__xludf.DUMMYFUNCTION("""COMPUTED_VALUE"""),5.5) -> 5.5 | M20: 18 | N20: =IFERROR(__xludf.DUMMYFUNCTION("""COMPUTED_VALUE"""),"Palo Alto A") -> Palo Alto A | O20: =IFERROR(__xludf.DUMMYFUNCTION("""COMPUTED_VALUE"""),5.0) -> 5 | Q20: 19 | R20: =IFERROR(__xludf.DUMMYFUNCTION("""COMPUTED_VALUE"""),"Foothill B") -> Foothill B | S20: =IFERROR(__xludf.DUMMYFUNCTION("""COMPUTED_VALUE"""),8.0) -> 8 | U20: 19 | V20: =IFERROR(__xludf.DUMMYFUNCTION("""COMPUTED_VALUE"""),"Lynbrook B") -> Lynbrook B | W20: =IFERROR(__xludf.DUMMYFUNCTION("""COMPUTED_VALUE"""),6.5) -> 6.5
A21: 19 | B21: =IFERROR(__xludf.DUMMYFUNCTION("""COMPUTED_VALUE"""),"Palo Alto A") -> Palo Alto A | C21: =IFERROR(__xludf.DUMMYFUNCTION("""COMPUTED_VALUE"""),9.5) -> 9.5 | E21: 20 | F21: =IFERROR(__xludf.DUMMYFUNCTION("""COMPUTED_VALUE"""),"Archbishop Mitty A") -> Archbishop Mitty A | G21: =IFERROR(__xludf.DUMMYFUNCTION("""COMPUTED_VALUE"""),6.0) -> 6 | I21: 19 | J21: =IFERROR(__xludf.DUMMYFUNCTION("""COMPUTED_VALUE"""),"American A") -> American A | K21: =IFERROR(__xludf.DUMMYFUNCTION("""COMPUTED_VALUE"""),5.5) -> 5.5 | M21: 18 | N21: =IFERROR(__xludf.DUMMYFUNCTION("""COMPUTED_VALUE"""),"Dougherty Valley A") -> Dougherty Valley A | O21: =IFERROR(__xludf.DUMMYFUNCTION("""COMPUTED_VALUE"""),5.0) -> 5 | Q21: 20 | R21: =IFERROR(__xludf.DUMMYFUNCTION("""COMPUTED_VALUE"""),"Palo Alto A") -> Palo Alto A | S21: =IFERROR(__xludf.DUMMYFUNCTION("""COMPUTED_VALUE"""),7.0) -> 7 | U21: 20 | V21: =IFERROR(__xludf.DUMMYFUNCTION("""COMPUTED_VALUE"""),"Mira Loma B") -> Mira Loma B | W21: =IFERROR(__xludf.DUMMYFUNCTION("""COMPUTED_VALUE"""),5.0) -> 5
B23: Score = (# Correct Tossups) - (# Penalized Tossups) + 0.5 * (# of Correct Bonuses)

Sheet Round Robin Matchups
A1: =IFERROR(__xludf.DUMMYFUNCTION("IMPORTRANGE(""https://docs.google.com/spreadsheets/d/1hF3sefURNb_ssJk7SkIRKX6ByBcDxRkk4SZazZtucFY/edit#gid=135815300"",""Round Robin Matchups!A1:W"")"),"Interface Index") -> Interface Index | B1: =IFERROR(__xludf.DUMMYFUNCTION("""COMPUTED_VALUE"""),"First Team") -> First Team | C1: =IFERROR(__xludf.DUMMYFUNCTION("""COMPUTED_VALUE"""),"Second Team") -> Second Team | D1: =IFERROR(__xludf.DUMMYFUNCTION("""COMPUTED_VALUE"""),"Round #") -> Round # | E1: =IFERROR(__xludf.DUMMYFUNCTION("""COMPUTED_VALUE"""),"Type") -> Type | F1: =IFERROR(__xludf.DUMMYFUNCTION("""COMPUTED_VALUE"""),"Division") -> Division | G1: =IFERROR(__xludf.DUMMYFUNCTION("""COMPUTED_VALUE"""),"Room") -> Room | H1: =IFERROR(__xludf.DUMMYFUNCTION("""COMPUTED_VALUE"""),"Interface ID") -> Interface ID | I1: =IFERROR(__xludf.DUMMYFUNCTION("""COMPUTED_VALUE"""),"Interface Link") -> Interface Link | J1: =IFERROR(__xludf.DUMMYFUNCTION("""COMPUTED_VALUE"""),"Round Done") -> Round Done | K1: =IFERROR(__xludf.DUMMYFUNCTION("""COMPUTED_VALUE"""),"First Team Score") -> First Team Score | L1: =IFERROR(__xludf.DUMMYFUNCTION("""COMPUTED_VALUE"""),"Second Team Score") -> Second Team Score | M1: =IFERROR(__xludf.DUMMYFUNCTION("""COMPUTED_VALUE"""),"T1, Student 1") -> T1, Student 1 | N1: =IFERROR(__xludf.DUMMYFUNCTION("""COMPUTED_VALUE"""),"T1, Student 2") -> T1, Student 2 | O1: =IFERROR(__xludf.DUMMYFUNCTION("""COMPUTED_VALUE"""),"T1, Student 3") -> T1, Student 3 | P1: =IFERROR(__xludf.DUMMYFUNCTION("""COMPUTED_VALUE"""),"T1, Student 4") -> T1, Student 4 | Q1: =IFERROR(__xludf.DUMMYFUNCTION("""COMPUTED_VALUE"""),"T1, Student 5") -> T1, Student 5 | R1: =IFERROR(__xludf.DUMMYFUNCTION("""COMPUTED_VALUE"""),"T2, Student 1") -> T2, Student 1 | S1: =IFERROR(__xludf.DUMMYFUNCTION("""COMPUTED_VALUE"""),"T2, Student 2") -> T2, Student 2 | T1: =IFERROR(__xludf.DUMMYFUNCTION("""COMPUTED_VALUE"""),"T2, Student 3") -> T2, Student 3 | U1: =IFERROR(__xludf.DUMMYFUNCTION("""COMPUTED_VALUE"""),"T2, Student 4") -> T2, Student 4 | V1: =IFERROR(__xludf.DUMMYFUNCTION("""COMPUTED_VALUE"""),"T2, Student 5") -> T2, Student 5 | W1: =IFERROR(__xludf.DUMMYFUNCTION("""COMPUTED_VALUE"""),"Folder ID") -> Folder ID
A2: =IFERROR(__xludf.DUMMYFUNCTION("""COMPUTED_VALUE"""),1.0) -> 1 | B2: =IFERROR(__xludf.DUMMYFUNCTION("""COMPUTED_VALUE"""),"Mission San Jose B") -> Mission San Jose B | C2: =IFERROR(__xludf.DUMMYFUNCTION("""COMPUTED_VALUE"""),"Palo Alto B") -> Palo Alto B | D2: =IFERROR(__xludf.DUMMYFUNCTION("""COMPUTED_VALUE"""),1.0) -> 1 | E2: =IFERROR(__xludf.DUMMYFUNCTION("""COMPUTED_VALUE"""),"Round Robin") -> Round Robin | F2: =IFERROR(__xludf.DUMMYFUNCTION("""COMPUTED_VALUE"""),"A") -> A | G2: =IFERROR(__xludf.DUMMYFUNCTION("""COMPUTED_VALUE"""),"DWINELLE 87") -> DWINELLE 87 | H2: =IFERROR(__xludf.DUMMYFUNCTION("""COMPUTED_VALUE"""),"17E6ywICRh3DH2kuT_GY3LWRXJ-YRPGe96jB5rilwQBQ") -> 17E6ywICRh3DH2kuT_GY3LWRXJ-YRPGe96jB5rilwQBQ | I2: =IFERROR(__xludf.DUMMYFUNCTION("""COMPUTED_VALUE"""),"https://docs.google.com/spreadsheets/d/17E6ywICRh3DH2kuT_GY3LWRXJ-YRPGe96jB5rilwQBQ") -> https://docs.google.com/spreadsheets/d/17E6ywICRh3DH2kuT_GY3LWRXJ-YRPGe96jB5rilwQBQ | J2: =IFERROR(__xludf.DUMMYFUNCTION("""COMPUTED_VALUE"""),TRUE) -> TRUE | K2: =IFERROR(__xludf.DUMMYFUNCTION("""COMPUTED_VALUE"""),126.0) -> 126 | L2: =IFERROR(__xludf.DUMMYFUNCTION("""COMPUTED_VALUE"""),18.0) -> 18 | M2: =IFERROR(__xludf.DUMMYFUNCTION("""COMPUTED_VALUE"""),"1.5,0,1,0,0,0") -> 1.5,0,1,0,0,0 | N2: =IFERROR(__xludf.DUMMYFUNCTION("""COMPUTED_VALUE"""),"4.5,2,0,1,0,0") -> 4.5,2,0,1,0,0 | O2: =IFERROR(__xludf.DUMMYFUNCTION("""COMPUTED_VALUE"""),"0,0,0,0,0,0") -> 0,0,0,0,0,0 | P2: =IFERROR(__xludf.DUMMYFUNCTION("""COMPUTED_VALUE"""),"0,0,1.5,0,5,0") -> 0,0,1.5,0,5,0 | Q2: =IFERROR(__xludf.DUMMYFUNCTION("""COMPUTED_VALUE"""),"0,0,0,0,0,0") -> 0,0,0,0,0,0 | R2: =IFERROR(__xludf.DUMMYFUNCTION("""COMPUTED_VALUE"""),"0,0,0,0,0,0") -> 0,0,0,0,0,0 | S2: =IFERROR(__xludf.DUMMYFUNCTION("""COMPUTED_VALUE"""),"0,0,0,0,0,0") -> 0,0,0,0,0,0 | T2: =IFERROR(__xludf.DUMMYFUNCTION("""COMPUTED_VALUE"""),"0,0,0,0,0,1.5") -> 0,0,0,0,0,1.5 | U2: =IFERROR(__xludf.DUMMYFUNCTION("""COMPUTED_VALUE"""),"0,0,0,0,0,0") -> 0,0,0,0,0,0 | V2: =IFERROR(__xludf.DUMMYFUNCTION("""COMPUTED_VALUE"""),"0,0,0,0,0,0") -> 0,0,0,0,0,0 | W2: =IFERROR(__xludf.DUMMYFUNCTION("""COMPUTED_VALUE"""),"1wU8ddNcIDYy_LNgK50_oAheTJQ7qxrnc") -> 1wU8ddNcIDYy_LNgK50_oAheTJQ7qxrnc
A3: =IFERROR(__xludf.DUMMYFUNCTION("""COMPUTED_VALUE"""),2.0) -> 2 | B3: =IFERROR(__xludf.DUMMYFUNCTION("""COMPUTED_VALUE"""),"Saint Francis") -> Saint Francis | C3: =IFERROR(__xludf.DUMMYFUNCTION("""COMPUTED_VALUE"""),"Dougherty Valley A") -> Dougherty Valley A | D3: =IFERROR(__xludf.DUMMYFUNCTION("""COMPUTED_VALUE"""),1.0) -> 1 | E3: =IFERROR(__xludf.DUMMYFUNCTION("""COMPUTED_VALUE"""),"Round Robin") -> Round Robin | F3: =IFERROR(__xludf.DUMMYFUNCTION("""COMPUTED_VALUE"""),"A") -> A | G3: =IFERROR(__xludf.DUMMYFUNCTION("""COMPUTED_VALUE"""),"DWINELLE 88") -> DWINELLE 88 | H3: =IFERROR(__xludf.DUMMYFUNCTION("""COMPUTED_VALUE"""),"170z1HffuXseDb5NpZ_nzJQINmBXrztcqgbYM9hO5_BM") -> 170z1HffuXseDb5NpZ_nzJQINmBXrztcqgbYM9hO5_BM | I3: =IFERROR(__xludf.DUMMYFUNCTION("""COMPUTED_VALUE"""),"https://docs.google.com/spreadsheets/d/170z1HffuXseDb5NpZ_nzJQINmBXrztcqgbYM9hO5_BM") -> https://docs.google.com/spreadsheets/d/170z1HffuXseDb5NpZ_nzJQINmBXrztcqgbYM9hO5_BM | J3: =IFERROR(__xludf.DUMMYFUNCTION("""COMPUTED_VALUE"""),TRUE) -> TRUE | K3: =IFERROR(__xludf.DUMMYFUNCTION("""COMPUTED_VALUE"""),114.0) -> 114 | L3: =IFERROR(__xludf.DUMMYFUNCTION("""COMPUTED_VALUE"""),82.0) -> 82 | M3: =IFERROR(__xludf.DUMMYFUNCTION("""COMPUTED_VALUE"""),"3.5,4,1.5,3,0,0") -> 3.5,4,1.5,3,0,0 | N3: =IFERROR(__xludf.DUMMYFUNCTION("""COMPUTED_VALUE"""),"#N/A") -> #N/A | O3: =IFERROR(__xludf.DUMMYFUNCTION("""COMPUTED_VALUE"""),"0,0,0,1,0,1.5") -> 0,0,0,1,0,1.5 | P3: =IFERROR(__xludf.DUMMYFUNCTION("""COMPUTED_VALUE"""),"0,0,0,0,0,0") -> 0,0,0,0,0,0 | Q3: =IFERROR(__xludf.DUMMYFUNCTION("""COMPUTED_VALUE"""),"0,0,0,0,0,0") -> 0,0,0,0,0,0 | R3: =IFERROR(__xludf.DUMMYFUNCTION("""COMPUTED_VALUE"""),"0,0,0,0,0,0") -> 0,0,0,0,0,0 | S3: =IFERROR(__xludf.DUMMYFUNCTION("""COMPUTED_VALUE"""),"0,0,1,0,5,3") -> 0,0,1,0,5,3 | T3: =IFERROR(__xludf.DUMMYFUNCTION("""COMPUTED_VALUE"""),"0,0,0,0,0,0") -> 0,0,0,0,0,0 | U3: =IFERROR(__xludf.DUMMYFUNCTION("""COMPUTED_VALUE"""),"1.5,0,0,0,0,0") -> 1.5,0,0,0,0,0 | V3: =IFERROR(__xludf.DUMMYFUNCTION("""COMPUTED_VALUE"""),",,,,,") -> ,,,,, | W3: =IFERROR(__xludf.DUMMYFUNCTION("""COMPUTED_VALUE"""),"103JTGMew8yagYGeIoIvugJ7A3dBmouHQ") -> 103JTGMew8yagYGeIoIvugJ7A3dBmouHQ
A4: =IFERROR(__xludf.DUMMYFUNCTION("""COMPUTED_VALUE"""),3.0) -> 3 | B4: =IFERROR(__xludf.DUMMYFUNCTION("""COMPUTED_VALUE"""),"BASIS Independent B") -> BASIS Independent B | C4: =IFERROR(__xludf.DUMMYFUNCTION("""COMPUTED_VALUE"""),"Stanford Online") -> Stanford Online | D4: =IFERROR(__xludf.DUMMYFUNCTION("""COMPUTED_VALUE"""),1.0) -> 1 | E4: =IFERROR(__xludf.DUMMYFUNCTION("""COMPUTED_VALUE"""),"Round Robin") -> Round Robin | F4: =IFERROR(__xludf.DUMMYFUNCTION("""COMPUTED_VALUE"""),"A") -> A | G4: =IFERROR(__xludf.DUMMYFUNCTION("""COMPUTED_VALUE"""),"DWINELLE 89") -> DWINELLE 89 | H4: =IFERROR(__xludf.DUMMYFUNCTION("""COMPUTED_VALUE"""),"1itbJVFJOyyBh0337RHlvKAm74IA5JbzVGvQpcQSZE-A") -> 1itbJVFJOyyBh0337RHlvKAm74IA5JbzVGvQpcQSZE-A | I4: =IFERROR(__xludf.DUMMYFUNCTION("""COMPUTED_VALUE"""),"https://docs.google.com/spreadsheets/d/1itbJVFJOyyBh0337RHlvKAm74IA5JbzVGvQpcQSZE-A") -> https://docs.google.com/spreadsheets/d/1itbJVFJOyyBh0337RHlvKAm74IA5JbzVGvQpcQSZE-A | J4: =IFERROR(__xludf.DUMMYFUNCTION("""COMPUTED_VALUE"""),TRUE) -> TRUE | K4: =IFERROR(__xludf.DUMMYFUNCTION("""COMPUTED_VALUE"""),48.0) -> 48 | L4: =IFERROR(__xludf.DUMMYFUNCTION("""COMPUTED_VALUE"""),76.0) -> 76 | M4: =IFERROR(__xludf.DUMMYFUNCTION("""COMPUTED_VALUE"""),"0,1,0,1,1,0") -> 0,1,0,1,1,0 | N4: =IFERROR(__xludf.DUMMYFUNCTION("""COMPUTED_VALUE"""),"0,0,1,0,1.5,0") -> 0,0,1,0,1.5,0 | O4: =IFERROR(__xludf.DUMMYFUNCTION("""COMPUTED_VALUE"""),"1.5,0,0,0,0,0") -> 1.5,0,0,0,0,0 | P4: =IFERROR(__xludf.DUMMYFUNCTION("""COMPUTED_VALUE"""),"0,0,0,0,0,0") -> 0,0,0,0,0,0 | Q4: =IFERROR(__xludf.DUMMYFUNCTION("""COMPUTED_VALUE"""),",,,,,") -> ,,,,, | R4: =IFERROR(__xludf.DUMMYFUNCTION("""COMPUTED_VALUE"""),"-1,1.5,0,0,0,1.5") -> -1,1.5,0,0,0,1.5 | S4: =IFERROR(__xludf.DUMMYFUNCTION("""COMPUTED_VALUE"""),"3,0,1,0,0,0") -> 3,0,1,0,0,0 | T4: =IFERROR(__xludf.DUMMYFUNCTION("""COMPUTED_VALUE"""),"1.5,1.5,0,0,0,1") -> 1.5,1.5,0,0,0,1 | U4: =IFERROR(__xludf.DUMMYFUNCTION("""COMPUTED_VALUE"""),"0,0,0,0,1,0") -> 0,0,0,0,1,0 | V4: =IFERROR(__xludf.DUMMYFUNCTION("""COMPUTED_VALUE"""),",,,,,") -> ,,,,, | W4: =IFERROR(__xludf.DUMMYFUNCTION("""COMPUTED_VALUE"""),"1iE_5-GNdmwZ6YBR19NoryqpaMeSaQNwX") -> 1iE_5-GNdmwZ6YBR19NoryqpaMeSaQNwX
A5: =IFERROR(__xludf.DUMMYFUNCTION("""COMPUTED_VALUE"""),4.0) -> 4 | B5: =IFERROR(__xludf.DUMMYFUNCTION("""COMPUTED_VALUE"""),"California B") -> California B | C5: =IFERROR(__xludf.DUMMYFUNCTION("""COMPUTED_VALUE"""),"North Hollywood") -> North Hollywood | D5: =IFERROR(__xludf.DUMMYFUNCTION("""COMPUTED_VALUE"""),1.0) -> 1 | E5: =IFERROR(__xludf.DUMMYFUNCTION("""COMPUTED_VALUE"""),"Round Robin") -> Round Robin | F5: =IFERROR(__xludf.DUMMYFUNCTION("""COMPUTED_VALUE"""),"B") -> B | G5: =IFERROR(__xludf.DUMMYFUNCTION("""COMPUTED_VALUE"""),"DWINELLE 105") -> DWINELLE 105 | H5: =IFERROR(__xludf.DUMMYFUNCTION("""COMPUTED_VALUE"""),"1n-s0YJuErF_1mcp_jaKFpVqRd7PZSnZN8omjpo3pH2k") -> 1n-s0YJuErF_1mcp_jaKFpVqRd7PZSnZN8omjpo3pH2k | I5: =IFERROR(__xludf.DUMMYFUNCTION("""COMPUTED_VALUE"""),"https://docs.google.com/spreadsheets/d/1n-s0YJuErF_1mcp_jaKFpVqRd7PZSnZN8omjpo3pH2k") -> https://docs.google.com/spreadsheets/d/1n-s0YJuErF_1mcp_jaKFpVqRd7PZSnZN8omjpo3pH2k | J5: =IFERROR(__xludf.DUMMYFUNCTION("""COMPUTED_VALUE"""),TRUE) -> TRUE | K5: =IFERROR(__xludf.DUMMYFUNCTION("""COMPUTED_VALUE"""),26.0) -> 26 | L5: =IFERROR(__xludf.DUMMYFUNCTION("""COMPUTED_VALUE"""),202.0) -> 202 | M5: =IFERROR(__xludf.DUMMYFUNCTION("""COMPUTED_VALUE"""),"0,1,0,0,0,0") -> 0,1,0,0,0,0 | N5: =IFERROR(__xludf.DUMMYFUNCTION("""COMPUTED_VALUE"""),"0,0,0,0,0,0") -> 0,0,0,0,0,0 | O5: =IFERROR(__xludf.DUMMYFUNCTION("""COMPUTED_VALUE"""),"#N/A") -> #N/A | P5: =IFERROR(__xludf.DUMMYFUNCTION("""COMPUTED_VALUE"""),"0,0,0,0,0,0") -> 0,0,0,0,0,0 | Q5: =IFERROR(__xludf.DUMMYFUNCTION("""COMPUTED_VALUE"""),"1.5,0,1,0,0,0") -> 1.5,0,1,0,0,0 | R5: =IFERROR(__xludf.DUMMYFUNCTION("""COMPUTED_VALUE"""),"0,0,0,0,4.5,5.5") -> 0,0,0,0,4.5,5.5 | S5: =IFERROR(__xludf.DUMMYFUNCTION("""COMPUTED_VALUE"""),"0,2,2.5,2.5,0,0") -> 0,2,2.5,2.5,0,0 | T5: =IFERROR(__xludf.DUMMYFUNCTION("""COMPUTED_VALUE"""),"0,0,0,0,1.5,0") -> 0,0,0,0,1.5,0 | U5: =IFERROR(__xludf.DUMMYFUNCTION("""COMPUTED_VALUE"""),"4.5,0,0.5,0,0,0") -> 4.5,0,0.5,0,0,0 | V5: =IFERROR(__xludf.DUMMYFUNCTION("""COMPUTED_VALUE"""),",,,,,") -> ,,,,, | W5: =IFERROR(__xludf.DUMMYFUNCTION("""COMPUTED_VALUE"""),"1fnjyoidcVE3Yg85FHmTdFy4Wd_jCu9Cr") -> 1fnjyoidcVE3Yg85FHmTdFy4Wd_jCu9Cr
A6: =IFERROR(__xludf.DUMMYFUNCTION("""COMPUTED_VALUE"""),5.0) -> 5 | B6: =IFERROR(__xludf.DUMMYFUNCTION("""COMPUTED_VALUE"""),"Irvington") -> Irvington | C6: =IFERROR(__xludf.DUMMYFUNCTION("""COMPUTED_VALUE"""),"Monta Vista A") -> Monta Vista A | D6: =IFERROR(__xludf.DUMMYFUNCTION("""COMPUTED_VALUE"""),1.0) -> 1 | E6: =IFERROR(__xludf.DUMMYFUNCTION("""COMPUTED_VALUE"""),"Round Robin") -> Round Robin | F6: =IFERROR(__xludf.DUMMYFUNCTION("""COMPUTED_VALUE"""),"B") -> B | G6: =IFERROR(__xludf.DUMMYFUNCTION("""COMPUTED_VALUE"""),"DWINELLE 106") -> DWINELLE 106 | H6: =IFERROR(__xludf.DUMMYFUNCTION("""COMPUTED_VALUE"""),"1TJaMxgFa2jxLQiqO1KBcyvvIBe1e1-goS1fUn82KIyY") -> 1TJaMxgFa2jxLQiqO1KBcyvvIBe1e1-goS1fUn82KIyY | I6: =IFERROR(__xludf.DUMMYFUNCTION("""COMPUTED_VALUE"""),"https://docs.google.com/spreadsheets/d/1TJaMxgFa2jxLQiqO1KBcyvvIBe1e1-goS1fUn82KIyY") -> https://docs.google.com/spreadsheets/d/1TJaMxgFa2jxLQiqO1KBcyvvIBe1e1-goS1fUn82KIyY | J6: =IFERROR(__xludf.DUMMYFUNCTION("""COMPUTED_VALUE"""),TRUE) -> TRUE | K6: =IFERROR(__xludf.DUMMYFUNCTION("""COMPUTED_VALUE"""),36.0) -> 36 | L6: =IFERROR(__xludf.DUMMYFUNCTION("""COMPUTED_VALUE"""),162.0) -> 162 | M6: =IFERROR(__xludf.DUMMYFUNCTION("""COMPUTED_VALUE"""),"0,0,0,0,0,0") -> 0,0,0,0,0,0 | N6: =IFERROR(__xludf.DUMMYFUNCTION("""COMPUTED_VALUE"""),"1.5,0,0,0,0,0") -> 1.5,0,0,0,0,0 | O6: =IFERROR(__xludf.DUMMYFUNCTION("""COMPUTED_VALUE"""),"0,0,0,0,1,0") -> 0,0,0,0,1,0 | P6: =IFERROR(__xludf.DUMMYFUNCTION("""COMPUTED_VALUE"""),"1.5,0,0,1,0,0") -> 1.5,0,0,1,0,0 | Q6: =IFERROR(__xludf.DUMMYFUNCTION("""COMPUTED_VALUE"""),"0,0,0,0,0,0") -> 0,0,0,0,0,0 | R6: =IFERROR(__xludf.DUMMYFUNCTION("""COMPUTED_VALUE"""),"0,0,0,3,0,1.5") -> 0,0,0,3,0,1.5 | S6: =IFERROR(__xludf.DUMMYFUNCTION("""COMPUTED_VALUE"""),"3,3,4.5,0,2.5,1.5") -> 3,3,4.5,0,2.5,1.5 | T6: =IFERROR(__xludf.DUMMYFUNCTION("""COMPUTED_VALUE"""),"0,0,0,0,0,0") -> 0,0,0,0,0,0 | U6: =IFERROR(__xludf.DUMMYFUNCTION("""COMPUTED_VALUE"""),"0,0,0,0,0,0") -> 0,0,0,0,0,0 | V6: =IFERROR(__xludf.DUMMYFUNCTION("""COMPUTED_VALUE"""),"0,0,0,0,0,0") -> 0,0,0,0,0,0 | W6: =IFERROR(__xludf.DUMMYFUNCTION("""COMPUTED_VALUE"""),"1ZOcpmnz6rsr8oUEZv7nnQmus2y0zN2kl") -> 1ZOcpmnz6rsr8oUEZv7nnQmus2y0zN2kl
A7: =IFERROR(__xludf.DUMMYFUNCTION("""COMPUTED_VALUE"""),6.0) -> 6 | B7: =IFERROR(__xludf.DUMMYFUNCTION("""COMPUTED_VALUE"""),"Amador Valley A") -> Amador Valley A | C7: =IFERROR(__xludf.DUMMYFUNCTION("""COMPUTED_VALUE"""),"Foothill B") -> Foothill B | D7: =IFERROR(__xludf.DUMMYFUNCTION("""COMPUTED_VALUE"""),1.0) -> 1 | E7: =IFERROR(__xludf.DUMMYFUNCTION("""COMPUTED_VALUE"""),"Round Robin") -> Round Robin | F7: =IFERROR(__xludf.DUMMYFUNCTION("""COMPUTED_VALUE"""),"B") -> B | G7: =IFERROR(__xludf.DUMMYFUNCTION("""COMPUTED_VALUE"""),"DWINELLE 109") -> DWINELLE 109 | H7: =IFERROR(__xludf.DUMMYFUNCTION("""COMPUTED_VALUE"""),"1t58nQj26-XOO-UqFhk4aRMZPO5SwqhPUHtWUX6CLeJA") -> 1t58nQj26-XOO-UqFhk4aRMZPO5SwqhPUHtWUX6CLeJA | I7: =IFERROR(__xludf.DUMMYFUNCTION("""COMPUTED_VALUE"""),"https://docs.google.com/spreadsheets/d/1t58nQj26-XOO-UqFhk4aRMZPO5SwqhPUHtWUX6CLeJA") -> https://docs.google.com/spreadsheets/d/1t58nQj26-XOO-UqFhk4aRMZPO5SwqhPUHtWUX6CLeJA | J7: =IFERROR(__xludf.DUMMYFUNCTION("""COMPUTED_VALUE"""),TRUE) -> TRUE | K7: =IFERROR(__xludf.DUMMYFUNCTION("""COMPUTED_VALUE"""),188.0) -> 188 | L7: =IFERROR(__xludf.DUMMYFUNCTION("""COMPUTED_VALUE"""),60.0) -> 60 | M7: =IFERROR(__xludf.DUMMYFUNCTION("""COMPUTED_VALUE"""),"0,0.5,1,1,0,0") -> 0,0.5,1,1,0,0 | N7: =IFERROR(__xludf.DUMMYFUNCTION("""COMPUTED_VALUE"""),"4.5,0,0.5,1.5,0,0") -> 4.5,0,0.5,1.5,0,0 | O7: =IFERROR(__xludf.DUMMYFUNCTION("""COMPUTED_VALUE"""),"0,0,0,0,0,0") -> 0,0,0,0,0,0 | P7: =IFERROR(__xludf.DUMMYFUNCTION("""COMPUTED_VALUE"""),"0,0.5,-1,0,3.5,-0.5") -> 0,0.5,-1,0,3.5,-0.5 | Q7: =IFERROR(__xludf.DUMMYFUNCTION("""COMPUTED_VALUE"""),"1.5,0,0,0,0,0") -> 1.5,0,0,0,0,0 | R7: =IFERROR(__xludf.DUMMYFUNCTION("""COMPUTED_VALUE"""),"#N/A") -> #N/A | S7: =IFERROR(__xludf.DUMMYFUNCTION("""COMPUTED_VALUE"""),"0,0,-1,0,0,0") -> 0,0,-1,0,0,0 | T7: =IFERROR(__xludf.DUMMYFUNCTION("""COMPUTED_VALUE"""),"0,-1,0,0,0,0") -> 0,-1,0,0,0,0 | U7: =IFERROR(__xludf.DUMMYFUNCTION("""COMPUTED_VALUE"""),"0,1.5,0,-1,0,0") -> 0,1.5,0,-1,0,0 | V7: =IFERROR(__xludf.DUMMYFUNCTION("""COMPUTED_VALUE"""),"0,0,0,0,1.5,1") -> 0,0,0,0,1.5,1 | W7: =IFERROR(__xludf.DUMMYFUNCTION("""COMPUTED_VALUE"""),"1ivbxAGj__h08xVy2FRbo7iHDWDbLgwNl") -> 1ivbxAGj__h08xVy2FRbo7iHDWDbLgwNl
A8: =IFERROR(__xludf.DUMMYFUNCTION("""COMPUTED_VALUE"""),7.0) -> 7 | B8: =IFERROR(__xludf.DUMMYFUNCTION("""COMPUTED_VALUE"""),"Cupertino B") -> Cupertino B | C8: =IFERROR(__xludf.DUMMYFUNCTION("""COMPUTED_VALUE"""),"Lynbrook B") -> Lynbrook B | D8: =IFERROR(__xludf.DUMMYFUNCTION("""COMPUTED_VALUE"""),1.0) -> 1 | E8: =IFERROR(__xludf.DUMMYFUNCTION("""COMPUTED_VALUE"""),"Round Robin") -> Round Robin | F8: =IFERROR(__xludf.DUMMYFUNCTION("""COMPUTED_VALUE"""),"C") -> C | G8: =IFERROR(__xludf.DUMMYFUNCTION("""COMPUTED_VALUE"""),"DWINELLE 179") -> DWINELLE 179 | H8: =IFERROR(__xludf.DUMMYFUNCTION("""COMPUTED_VALUE"""),"1S7-Gm4US0JFHQf67oHxVY2NMjKYtXwffpRKWSfj-DOk") -> 1S7-Gm4US0JFHQf67oHxVY2NMjKYtXwffpRKWSfj-DOk | I8: =IFERROR(__xludf.DUMMYFUNCTION("""COMPUTED_VALUE"""),"https://docs.google.com/spreadsheets/d/1S7-Gm4US0JFHQf67oHxVY2NMjKYtXwffpRKWSfj-DOk") -> https://docs.google.com/spreadsheets/d/1S7-Gm4US0JFHQf67oHxVY2NMjKYtXwffpRKWSfj-DOk | J8: =IFERROR(__xludf.DUMMYFUNCTION("""COMPUTED_VALUE"""),TRUE) -> TRUE | K8: =IFERROR(__xludf.DUMMYFUNCTION("""COMPUTED_VALUE"""),24.0) -> 24 | L8: =IFERROR(__xludf.DUMMYFUNCTION("""COMPUTED_VALUE"""),134.0) -> 134 | M8: =IFERROR(__xludf.DUMMYFUNCTION("""COMPUTED_VALUE"""),"2,1,0,0,0,0") -> 2,1,0,0,0,0 | N8: =IFERROR(__xludf.DUMMYFUNCTION("""COMPUTED_VALUE"""),"0,0,0,0,1,0") -> 0,0,0,0,1,0 | O8: =IFERROR(__xludf.DUMMYFUNCTION("""COMPUTED_VALUE"""),"0,0,0,0,0,0") -> 0,0,0,0,0,0 | P8: =IFERROR(__xludf.DUMMYFUNCTION("""COMPUTED_VALUE"""),"0,0,0,0,0,0") -> 0,0,0,0,0,0 | Q8: =IFERROR(__xludf.DUMMYFUNCTION("""COMPUTED_VALUE"""),"0,0,0,0,0,0") -> 0,0,0,0,0,0 | R8: =IFERROR(__xludf.DUMMYFUNCTION("""COMPUTED_VALUE"""),"0,0,0,0,1.5,1.5") -> 0,0,0,0,1.5,1.5 | S8: =IFERROR(__xludf.DUMMYFUNCTION("""COMPUTED_VALUE"""),"0,0.5,0,1.5,0,0") -> 0,0.5,0,1.5,0,0 | T8: =IFERROR(__xludf.DUMMYFUNCTION("""COMPUTED_VALUE"""),"0,0,0,0,3,-1") -> 0,0,0,0,3,-1 | U8: =IFERROR(__xludf.DUMMYFUNCTION("""COMPUTED_VALUE"""),"0,0,1.5,0,0,0") -> 0,0,1.5,0,0,0 | V8: =IFERROR(__xludf.DUMMYFUNCTION("""COMPUTED_VALUE"""),"3,0,1,1,0,0") -> 3,0,1,1,0,0 | W8: =IFERROR(__xludf.DUMMYFUNCTION("""COMPUTED_VALUE"""),"1VhY5duZynZljzs0fA-JdTCNRRkzQRGTm") -> 1VhY5duZynZljzs0fA-JdTCNRRkzQRGTm
A9: =IFERROR(__xludf.DUMMYFUNCTION("""COMPUTED_VALUE"""),8.0) -> 8 | B9: =IFERROR(__xludf.DUMMYFUNCTION("""COMPUTED_VALUE"""),"Mira Loma A") -> Mira Loma A | C9: =IFERROR(__xludf.DUMMYFUNCTION("""COMPUTED_VALUE"""),"Amador Valley B") -> Amador Valley B | D9: =IFERROR(__xludf.DUMMYFUNCTION("""COMPUTED_VALUE"""),1.0) -> 1 | E9: =IFERROR(__xludf.DUMMYFUNCTION("""COMPUTED_VALUE"""),"Round Robin") -> Round Robin | F9: =IFERROR(__xludf.DUMMYFUNCTION("""COMPUTED_VALUE"""),"C") -> C | G9: =IFERROR(__xludf.DUMMYFUNCTION("""COMPUTED_VALUE"""),"DWINELLE 182") -> DWINELLE 182 | H9: =IFERROR(__xludf.DUMMYFUNCTION("""COMPUTED_VALUE"""),"1kwiq07x4hUtrFeczb2a_prZuSqTS3yLlg5loMnZabX0") -> 1kwiq07x4hUtrFeczb2a_prZuSqTS3yLlg5loMnZabX0 | I9: =IFERROR(__xludf.DUMMYFUNCTION("""COMPUTED_VALUE"""),"https://docs.google.com/spreadsheets/d/1kwiq07x4hUtrFeczb2a_prZuSqTS3yLlg5loMnZabX0") -> https://docs.google.com/spreadsheets/d/1kwiq07x4hUtrFeczb2a_prZuSqTS3yLlg5loMnZabX0 | J9: =IFERROR(__xludf.DUMMYFUNCTION("""COMPUTED_VALUE"""),TRUE) -> TRUE | K9: =IFERROR(__xludf.DUMMYFUNCTION("""COMPUTED_VALUE"""),162.0) -> 162 | L9: =IFERROR(__xludf.DUMMYFUNCTION("""COMPUTED_VALUE"""),32.0) -> 32 | M9: =IFERROR(__xludf.DUMMYFUNCTION("""COMPUTED_VALUE"""),"0,0,0,1,1.5,0") -> 0,0,0,1,1.5,0 | N9: =IFERROR(__xludf.DUMMYFUNCTION("""COMPUTED_VALUE"""),"0,1.5,0,1.5,0,-1") -> 0,1.5,0,1.5,0,-1 | O9: =IFERROR(__xludf.DUMMYFUNCTION("""COMPUTED_VALUE"""),"0,1.5,0,0,0,0") -> 0,1.5,0,0,0,0 | P9: =IFERROR(__xludf.DUMMYFUNCTION("""COMPUTED_VALUE"""),"0,1.5,0,0,0,0") -> 0,1.5,0,0,0,0 | Q9: =IFERROR(__xludf.DUMMYFUNCTION("""COMPUTED_VALUE"""),"4.5,0,1.5,1.5,0.5,0") -> 4.5,0,1.5,1.5,0.5,0 | R9: =IFERROR(__xludf.DUMMYFUNCTION("""COMPUTED_VALUE"""),"0,0,0,0,0,0") -> 0,0,0,0,0,0 | S9: =IFERROR(__xludf.DUMMYFUNCTION("""COMPUTED_VALUE"""),"0,0,0,0,0,0") -> 0,0,0,0,0,0 | T9: =IFERROR(__xludf.DUMMYFUNCTION("""COMPUTED_VALUE"""),"1,0,1,0,1,1") -> 1,0,1,0,1,1 | U9: =IFERROR(__xludf.DUMMYFUNCTION("""COMPUTED_VALUE"""),"0,0,1,0,0,0") -> 0,0,1,0,0,0 | V9: =IFERROR(__xludf.DUMMYFUNCTION("""COMPUTED_VALUE"""),",,,,,") -> ,,,,, | W9: =IFERROR(__xludf.DUMMYFUNCTION("""COMPUTED_VALUE"""),"1ZWlRd0tVUxuNmZQwbNvEW7lU7lmJQorm") -> 1ZWlRd0tVUxuNmZQwbNvEW7lU7lmJQorm
A10: =IFERROR(__xludf.DUMMYFUNCTION("""COMPUTED_VALUE"""),9.0) -> 9 | B10: =IFERROR(__xludf.DUMMYFUNCTION("""COMPUTED_VALUE"""),"Archbishop Mitty B") -> Archbishop Mitty B | C10: =IFERROR(__xludf.DUMMYFUNCTION("""COMPUTED_VALUE"""),"Canyon Crest A") -> Canyon Crest A | D10: =IFERROR(__xludf.DUMMYFUNCTION("""COMPUTED_VALUE"""),1.0) -> 1 | E10: =IFERROR(__xludf.DUMMYFUNCTION("""COMPUTED_VALUE"""),"Round Robin") -> Round Robin | F10: =IFERROR(__xludf.DUMMYFUNCTION("""COMPUTED_VALUE"""),"C") -> C | G10: =IFERROR(__xludf.DUMMYFUNCTION("""COMPUTED_VALUE"""),"DWINELLE 183") -> DWINELLE 183 | H10: =IFERROR(__xludf.DUMMYFUNCTION("""COMPUTED_VALUE"""),"19UESqgDbGVXljzEMc2TV2bzvnTzMYWT6InzREbK4pvA") -> 19UESqgDbGVXljzEMc2TV2bzvnTzMYWT6InzREbK4pvA | I10: =IFERROR(__xludf.DUMMYFUNCTION("""COMPUTED_VALUE"""),"https://docs.google.com/spreadsheets/d/19UESqgDbGVXljzEMc2TV2bzvnTzMYWT6InzREbK4pvA") -> https://docs.google.com/spreadsheets/d/19UESqgDbGVXljzEMc2TV2bzvnTzMYWT6InzREbK4pvA | J10: =IFERROR(__xludf.DUMMYFUNCTION("""COMPUTED_VALUE"""),TRUE) -> TRUE | K10: =IFERROR(__xludf.DUMMYFUNCTION("""COMPUTED_VALUE"""),26.0) -> 26 | L10: =IFERROR(__xludf.DUMMYFUNCTION("""COMPUTED_VALUE"""),184.0) -> 184 | M10: =IFERROR(__xludf.DUMMYFUNCTION("""COMPUTED_VALUE"""),"0,0,0,0,0,0") -> 0,0,0,0,0,0 | N10: =IFERROR(__xludf.DUMMYFUNCTION("""COMPUTED_VALUE"""),"0,0,0,0,2,0") -> 0,0,0,0,2,0 | O10: =IFERROR(__xludf.DUMMYFUNCTION("""COMPUTED_VALUE"""),"0,0,0,1.5,0,0") -> 0,0,0,1.5,0,0 | P10: =IFERROR(__xludf.DUMMYFUNCTION("""COMPUTED_VALUE"""),"0,0,0,1.5,0,0") -> 0,0,0,1.5,0,0 | Q10: =IFERROR(__xludf.DUMMYFUNCTION("""COMPUTED_VALUE"""),",,,,,") -> ,,,,, | R10: =IFERROR(__xludf.DUMMYFUNCTION("""COMPUTED_VALUE"""),"1.5,5.5,0,1,0,0") -> 1.5,5.5,0,1,0,0 | S10: =IFERROR(__xludf.DUMMYFUNCTION("""COMPUTED_VALUE"""),"0,0,1.5,0,0,0") -> 0,0,1.5,0,0,0 | T10: =IFERROR(__xludf.DUMMYFUNCTION("""COMPUTED_VALUE"""),"4.5,0,1,0,0,0") -> 4.5,0,1,0,0,0 | U10: =IFERROR(__xludf.DUMMYFUNCTION("""COMPUTED_VALUE"""),"0,0,0,0,3,4") -> 0,0,0,0,3,4 | V10: =IFERROR(__xludf.DUMMYFUNCTION("""COMPUTED_VALUE"""),",,,,,") -> ,,,,, | W10: =IFERROR(__xludf.DUMMYFUNCTION("""COMPUTED_VALUE"""),"1kCYgKAw3Bdw0Zvfxh3KTs44KLK8OXdlZ") -> 1kCYgKAw3Bdw0Zvfxh3KTs44KLK8OXdlZ
A11: =IFERROR(__xludf.DUMMYFUNCTION("""COMPUTED_VALUE"""),10.0) -> 10 | B11: =IFERROR(__xludf.DUMMYFUNCTION("""COMPUTED_VALUE"""),"Monta Vista B") -> Monta Vista B | C11: =IFERROR(__xludf.DUMMYFUNCTION("""COMPUTED_VALUE"""),"Canyon Crest B") -> Canyon Crest B | D11: =IFERROR(__xludf.DUMMYFUNCTION("""COMPUTED_VALUE"""),1.0) -> 1 | E11: =IFERROR(__xludf.DUMMYFUNCTION("""COMPUTED_VALUE"""),"Round Robin") -> Round Robin | F11: =IFERROR(__xludf.DUMMYFUNCTION("""COMPUTED_VALUE"""),"D") -> D | G11: =IFERROR(__xludf.DUMMYFUNCTION("""COMPUTED_VALUE"""),"DWINELLE 189") -> DWINELLE 189 | H11: =IFERROR(__xludf.DUMMYFUNCTION("""COMPUTED_VALUE"""),"1ooSRLWY0MLwT7bADGPSBq_d_C6aks-iCdjbpVF3gRyg") -> 1ooSRLWY0MLwT7bADGPSBq_d_C6aks-iCdjbpVF3gRyg | I11: =IFERROR(__xludf.DUMMYFUNCTION("""COMPUTED_VALUE"""),"https://docs.google.com/spreadsheets/d/1ooSRLWY0MLwT7bADGPSBq_d_C6aks-iCdjbpVF3gRyg") -> https://docs.google.com/spreadsheets/d/1ooSRLWY0MLwT7bADGPSBq_d_C6aks-iCdjbpVF3gRyg | J11: =IFERROR(__xludf.DUMMYFUNCTION("""COMPUTED_VALUE"""),TRUE) -> TRUE | K11: =IFERROR(__xludf.DUMMYFUNCTION("""COMPUTED_VALUE"""),54.0) -> 54 | L11: =IFERROR(__xludf.DUMMYFUNCTION("""COMPUTED_VALUE"""),76.0) -> 76 | M11: =IFERROR(__xludf.DUMMYFUNCTION("""COMPUTED_VALUE"""),"0,0,0,0,0,0") -> 0,0,0,0,0,0 | N11: =IFERROR(__xludf.DUMMYFUNCTION("""COMPUTED_VALUE"""),"0,0,2.5,1.5,1.5,0") -> 0,0,2.5,1.5,1.5,0 | O11: =IFERROR(__xludf.DUMMYFUNCTION("""COMPUTED_VALUE"""),"0,0,0,0,0,0") -> 0,0,0,0,0,0 | P11: =IFERROR(__xludf.DUMMYFUNCTION("""COMPUTED_VALUE"""),"#N/A") -> #N/A | Q11: =IFERROR(__xludf.DUMMYFUNCTION("""COMPUTED_VALUE"""),"1,0,0,0,0,0") -> 1,0,0,0,0,0 | R11: =IFERROR(__xludf.DUMMYFUNCTION("""COMPUTED_VALUE"""),"2.5,0,-1,1,3,0") -> 2.5,0,-1,1,3,0 | S11: =IFERROR(__xludf.DUMMYFUNCTION("""COMPUTED_VALUE"""),"1.5,1,0,0,0,0") -> 1.5,1,0,0,0,0 | T11: =IFERROR(__xludf.DUMMYFUNCTION("""COMPUTED_VALUE"""),"0,0,0,0,1.5,1") -> 0,0,0,0,1.5,1 | U11: =IFERROR(__xludf.DUMMYFUNCTION("""COMPUTED_VALUE"""),"0,0,0,0,0,0") -> 0,0,0,0,0,0 | V11: =IFERROR(__xludf.DUMMYFUNCTION("""COMPUTED_VALUE"""),",,,,,") -> ,,,,, | W11: =IFERROR(__xludf.DUMMYFUNCTION("""COMPUTED_VALUE"""),"1SugmEQju9xy78Wv1Su4-qpjFyVCOG0t1") -> 1SugmEQju9xy78Wv1Su4-qpjFyVCOG0t1
A12: =IFERROR(__xludf.DUMMYFUNCTION("""COMPUTED_VALUE"""),11.0) -> 11 | B12: =IFERROR(__xludf.DUMMYFUNCTION("""COMPUTED_VALUE"""),"Palo Alto A") -> Palo Alto A | C12: =IFERROR(__xludf.DUMMYFUNCTION("""COMPUTED_VALUE"""),"Lynbrook A") -> Lynbrook A | D12: =IFERROR(__xludf.DUMMYFUNCTION("""COMPUTED_VALUE"""),1.0) -> 1 | E12: =IFERROR(__xludf.DUMMYFUNCTION("""COMPUTED_VALUE"""),"Round Robin") -> Round Robin | F12: =IFERROR(__xludf.DUMMYFUNCTION("""COMPUTED_VALUE"""),"D") -> D | G12: =IFERROR(__xludf.DUMMYFUNCTION("""COMPUTED_VALUE"""),"DWINELLE 204") -> DWINELLE 204 | H12: =IFERROR(__xludf.DUMMYFUNCTION("""COMPUTED_VALUE"""),"1EHyzq7KFutBZei5wYGNzkRWFhZhtuoApn_wtllAWcRU") -> 1EHyzq7KFutBZei5wYGNzkRWFhZhtuoApn_wtllAWcRU | I12: =IFERROR(__xludf.DUMMYFUNCTION("""COMPUTED_VALUE"""),"https://docs.google.com/spreadsheets/d/1EHyzq7KFutBZei5wYGNzkRWFhZhtuoApn_wtllAWcRU") -> https://docs.google.com/spreadsheets/d/1EHyzq7KFutBZei5wYGNzkRWFhZhtuoApn_wtllAWcRU | J12: =IFERROR(__xludf.DUMMYFUNCTION("""COMPUTED_VALUE"""),TRUE) -> TRUE | K12: =IFERROR(__xludf.DUMMYFUNCTION("""COMPUTED_VALUE"""),72.0) -> 72 | L12: =IFERROR(__xludf.DUMMYFUNCTION("""COMPUTED_VALUE"""),212.0) -> 212 | M12: =IFERROR(__xludf.DUMMYFUNCTION("""COMPUTED_VALUE"""),"0,0,0,1.5,0,-1") -> 0,0,0,1.5,0,-1 | N12: =IFERROR(__xludf.DUMMYFUNCTION("""COMPUTED_VALUE"""),"0,0,0,0,0,0") -> 0,0,0,0,0,0 | O12: =IFERROR(__xludf.DUMMYFUNCTION("""COMPUTED_VALUE"""),"3,0,0,0,0,0") -> 3,0,0,0,0,0 | P12: =IFERROR(__xludf.DUMMYFUNCTION("""COMPUTED_VALUE"""),"0,0,0,0,2.5,0") -> 0,0,0,0,2.5,0 | Q12: =IFERROR(__xludf.DUMMYFUNCTION("""COMPUTED_VALUE"""),"#N/A") -> #N/A | R12: =IFERROR(__xludf.DUMMYFUNCTION("""COMPUTED_VALUE"""),"1,0,0,1.5,0,0") -> 1,0,0,1.5,0,0 | S12: =IFERROR(__xludf.DUMMYFUNCTION("""COMPUTED_VALUE"""),"0,1.5,0,1,2,3") -> 0,1.5,0,1,2,3 | T12: =IFERROR(__xludf.DUMMYFUNCTION("""COMPUTED_VALUE"""),"0,0,3,0,0,0") -> 0,0,3,0,0,0 | U12: =IFERROR(__xludf.DUMMYFUNCTION("""COMPUTED_VALUE"""),"0,3,1.5,0,0,1.5") -> 0,3,1.5,0,0,1.5 | V12: =IFERROR(__xludf.DUMMYFUNCTION("""COMPUTED_VALUE"""),"0,1.5,1.5,0,0,0") -> 0,1.5,1.5,0,0,0 | W12: =IFERROR(__xludf.DUMMYFUNCTION("""COMPUTED_VALUE"""),"1Mt9Xksd_TdHkCUOFuH_LJ7Nfrgu0axBx") -> 1Mt9Xksd_TdHkCUOFuH_LJ7Nfrgu0axBx
A13: =IFERROR(__xludf.DUMMYFUNCTION("""COMPUTED_VALUE"""),12.0) -> 12 | B13: =IFERROR(__xludf.DUMMYFUNCTION("""COMPUTED_VALUE"""),"Arnold O. Beckman A") -> Arnold O. Beckman A | C13: =IFERROR(__xludf.DUMMYFUNCTION("""COMPUTED_VALUE"""),"BASIS Independent A") -> BASIS Independent A | D13: =IFERROR(__xludf.DUMMYFUNCTION("""COMPUTED_VALUE"""),1.0) -> 1 | E13: =IFERROR(__xludf.DUMMYFUNCTION("""COMPUTED_VALUE"""),"Round Robin") -> Round Robin | F13: =IFERROR(__xludf.DUMMYFUNCTION("""COMPUTED_VALUE"""),"D") -> D | G13: =IFERROR(__xludf.DUMMYFUNCTION("""COMPUTED_VALUE"""),"DWINELLE 206") -> DWINELLE 206 | H13: =IFERROR(__xludf.DUMMYFUNCTION("""COMPUTED_VALUE"""),"1PHz6ZeiKIrPRSveV8BhccTSS54OSWbIjFjNdToC1_T4") -> 1PHz6ZeiKIrPRSveV8BhccTSS54OSWbIjFjNdToC1_T4 | I13: =IFERROR(__xludf.DUMMYFUNCTION("""COMPUTED_VALUE"""),"https://docs.google.com/spreadsheets/d/1PHz6ZeiKIrPRSveV8BhccTSS54OSWbIjFjNdToC1_T4") -> https://docs.google.com/spreadsheets/d/1PHz6ZeiKIrPRSveV8BhccTSS54OSWbIjFjNdToC1_T4 | J13: =IFERROR(__xludf.DUMMYFUNCTION("""COMPUTED_VALUE"""),TRUE) -> TRUE | K13: =IFERROR(__xludf.DUMMYFUNCTION("""COMPUTED_VALUE"""),22.0) -> 22 | L13: =IFERROR(__xludf.DUMMYFUNCTION("""COMPUTED_VALUE"""),136.0) -> 136 | M13: =IFERROR(__xludf.DUMMYFUNCTION("""COMPUTED_VALUE"""),"0,0,0,0,0,0") -> 0,0,0,0,0,0 | N13: =IFERROR(__xludf.DUMMYFUNCTION("""COMPUTED_VALUE"""),"0,0,1,0,0,1") -> 0,0,1,0,0,1 | O13: =IFERROR(__xludf.DUMMYFUNCTION("""COMPUTED_VALUE"""),"1.5,0,0,0,0,0") -> 1.5,0,0,0,0,0 | P13: =IFERROR(__xludf.DUMMYFUNCTION("""COMPUTED_VALUE"""),"0,0,0,0,0,0") -> 0,0,0,0,0,0 | Q13: =IFERROR(__xludf.DUMMYFUNCTION("""COMPUTED_VALUE"""),",,,,,") -> ,,,,, | R13: =IFERROR(__xludf.DUMMYFUNCTION("""COMPUTED_VALUE"""),"0,0,0,0,4.5,0") -> 0,0,0,0,4.5,0 | S13: =IFERROR(__xludf.DUMMYFUNCTION("""COMPUTED_VALUE"""),"0,3,2.5,1,1.5,0") -> 0,3,2.5,1,1.5,0 | T13: =IFERROR(__xludf.DUMMYFUNCTION("""COMPUTED_VALUE"""),"3.5,0,0,1,0,0") -> 3.5,0,0,1,0,0 | U13: =IFERROR(__xludf.DUMMYFUNCTION("""COMPUTED_VALUE"""),"#N/A") -> #N/A | V13: =IFERROR(__xludf.DUMMYFUNCTION("""COMPUTED_VALUE"""),"0,0,1.5,0,0,0") -> 0,0,1.5,0,0,0 | W13: =IFERROR(__xludf.DUMMYFUNCTION("""COMPUTED_VALUE"""),"1R8Q7gRcKc9BVAL76Yk7Shtq5EWg_4_YO") -> 1R8Q7gRcKc9BVAL76Yk7Shtq5EWg_4_YO
A14: =IFERROR(__xludf.DUMMYFUNCTION("""COMPUTED_VALUE"""),13.0) -> 13 | B14: =IFERROR(__xludf.DUMMYFUNCTION("""COMPUTED_VALUE"""),"Mission San Jose A") -> Mission San Jose A | C14: =IFERROR(__xludf.DUMMYFUNCTION("""COMPUTED_VALUE"""),"Saratoga") -> Saratoga | D14: =IFERROR(__xludf.DUMMYFUNCTION("""COMPUTED_VALUE"""),1.0) -> 1 | E14: =IFERROR(__xludf.DUMMYFUNCTION("""COMPUTED_VALUE"""),"Round Robin") -> Round Robin | F14: =IFERROR(__xludf.DUMMYFUNCTION("""COMPUTED_VALUE"""),"E") -> E | G14: =IFERROR(__xludf.DUMMYFUNCTION("""COMPUTED_VALUE"""),"DWINELLE 209") -> DWINELLE 209 | H14: =IFERROR(__xludf.DUMMYFUNCTION("""COMPUTED_VALUE"""),"18XReYd_p1qjohejY0YecE5skkIsZdlrwQkUCr_o51NE") -> 18XReYd_p1qjohejY0YecE5skkIsZdlrwQkUCr_o51NE | I14: =IFERROR(__xludf.DUMMYFUNCTION("""COMPUTED_VALUE"""),"https://docs.google.com/spreadsheets/d/18XReYd_p1qjohejY0YecE5skkIsZdlrwQkUCr_o51NE") -> https://docs.google.com/spreadsheets/d/18XReYd_p1qjohejY0YecE5skkIsZdlrwQkUCr_o51NE | J14: =IFERROR(__xludf.DUMMYFUNCTION("""COMPUTED_VALUE"""),TRUE) -> TRUE | K14: =IFERROR(__xludf.DUMMYFUNCTION("""COMPUTED_VALUE"""),152.0) -> 152 | L14: =IFERROR(__xludf.DUMMYFUNCTION("""COMPUTED_VALUE"""),116.0) -> 116 | M14: =IFERROR(__xludf.DUMMYFUNCTION("""COMPUTED_VALUE"""),"0,0,0,1.5,0,1.5") -> 0,0,0,1.5,0,1.5 | N14: =IFERROR(__xludf.DUMMYFUNCTION("""COMPUTED_VALUE"""),"0,4.5,0,0,0,0") -> 0,4.5,0,0,0,0 | O14: =IFERROR(__xludf.DUMMYFUNCTION("""COMPUTED_VALUE"""),"0,0,0,0,0,1") -> 0,0,0,0,0,1 | P14: =IFERROR(__xludf.DUMMYFUNCTION("""COMPUTED_VALUE"""),"1.5,0,3,0,0,0") -> 1.5,0,3,0,0,0 | Q14: =IFERROR(__xludf.DUMMYFUNCTION("""COMPUTED_VALUE"""),"3,0,0,0,0,0") -> 3,0,0,0,0,0 | R14: =IFERROR(__xludf.DUMMYFUNCTION("""COMPUTED_VALUE"""),"1.5,1.5,0.5,0,6,0") -> 1.5,1.5,0.5,0,6,0 | S14: =IFERROR(__xludf.DUMMYFUNCTION("""COMPUTED_VALUE"""),"0,0,0,0,0,0") -> 0,0,0,0,0,0 | T14: =IFERROR(__xludf.DUMMYFUNCTION("""COMPUTED_VALUE"""),"0,0,0,0,0,0") -> 0,0,0,0,0,0 | U14: =IFERROR(__xludf.DUMMYFUNCTION("""COMPUTED_VALUE"""),"0,-1,1.5,1,0,0") -> 0,-1,1.5,1,0,0 | V14: =IFERROR(__xludf.DUMMYFUNCTION("""COMPUTED_VALUE"""),"0,0,0,0,0,0") -> 0,0,0,0,0,0 | W14: =IFERROR(__xludf.DUMMYFUNCTION("""COMPUTED_VALUE"""),"1ceIlOa2fB7WrLZM2CEwKD06R4jlBCRMA") -> 1ceIlOa2fB7WrLZM2CEwKD06R4jlBCRMA
A15: =IFERROR(__xludf.DUMMYFUNCTION("""COMPUTED_VALUE"""),14.0) -> 14 | B15: =IFERROR(__xludf.DUMMYFUNCTION("""COMPUTED_VALUE"""),"California A") -> California A | C15: =IFERROR(__xludf.DUMMYFUNCTION("""COMPUTED_VALUE"""),"Abraham Lincoln") -> Abraham Lincoln | D15: =IFERROR(__xludf.DUMMYFUNCTION("""COMPUTED_VALUE"""),1.0) -> 1 | E15: =IFERROR(__xludf.DUMMYFUNCTION("""COMPUTED_VALUE"""),"Round Robin") -> Round Robin | F15: =IFERROR(__xludf.DUMMYFUNCTION("""COMPUTED_VALUE"""),"E") -> E | G15: =IFERROR(__xludf.DUMMYFUNCTION("""COMPUTED_VALUE"""),"DWINELLE 210") -> DWINELLE 210 | H15: =IFERROR(__xludf.DUMMYFUNCTION("""COMPUTED_VALUE"""),"14Pdi4yhF9f_tge-QGgsPsg8F2yj6BoU6Xou5k2Asd7E") -> 14Pdi4yhF9f_tge-QGgsPsg8F2yj6BoU6Xou5k2Asd7E | I15: =IFERROR(__xludf.DUMMYFUNCTION("""COMPUTED_VALUE"""),"https://docs.google.com/spreadsheets/d/14Pdi4yhF9f_tge-QGgsPsg8F2yj6BoU6Xou5k2Asd7E") -> https://docs.google.com/spreadsheets/d/14Pdi4yhF9f_tge-QGgsPsg8F2yj6BoU6Xou5k2Asd7E | J15: =IFERROR(__xludf.DUMMYFUNCTION("""COMPUTED_VALUE"""),TRUE) -> TRUE | K15: =IFERROR(__xludf.DUMMYFUNCTION("""COMPUTED_VALUE"""),54.0) -> 54 | L15: =IFERROR(__xludf.DUMMYFUNCTION("""COMPUTED_VALUE"""),8.0) -> 8 | M15: =IFERROR(__xludf.DUMMYFUNCTION("""COMPUTED_VALUE"""),"0,0,0,0,0,0") -> 0,0,0,0,0,0 | N15: =IFERROR(__xludf.DUMMYFUNCTION("""COMPUTED_VALUE"""),"0,0,0,0,1.5,0") -> 0,0,0,0,1.5,0 | O15: =IFERROR(__xludf.DUMMYFUNCTION("""COMPUTED_VALUE"""),"0,0,0,0,0,0") -> 0,0,0,0,0,0 | P15: =IFERROR(__xludf.DUMMYFUNCTION("""COMPUTED_VALUE"""),"0,0,0,0,0,2") -> 0,0,0,0,0,2 | Q15: =IFERROR(__xludf.DUMMYFUNCTION("""COMPUTED_VALUE"""),"4,0,0,0,0,0") -> 4,0,0,0,0,0 | R15: =IFERROR(__xludf.DUMMYFUNCTION("""COMPUTED_VALUE"""),"1,0,0,0,0,0") -> 1,0,0,0,0,0 | S15: =IFERROR(__xludf.DUMMYFUNCTION("""COMPUTED_VALUE"""),"0,0,0,0,0,0") -> 0,0,0,0,0,0 | T15: =IFERROR(__xludf.DUMMYFUNCTION("""COMPUTED_VALUE"""),"0,0,0,0,0,0") -> 0,0,0,0,0,0 | U15: =IFERROR(__xludf.DUMMYFUNCTION("""COMPUTED_VALUE"""),"0,0,0,1,0,0") -> 0,0,0,1,0,0 | V15: =IFERROR(__xludf.DUMMYFUNCTION("""COMPUTED_VALUE"""),"0,0,0,0,0,0") -> 0,0,0,0,0,0 | W15: =IFERROR(__xludf.DUMMYFUNCTION("""COMPUTED_VALUE"""),"1_FRkf4EGoH4VxGtiBWR6Sp7-OliBOiic") -> 1_FRkf4EGoH4VxGtiBWR6Sp7-OliBOiic
A16: =IFERROR(__xludf.DUMMYFUNCTION("""COMPUTED_VALUE"""),15.0) -> 15 | B16: =IFERROR(__xludf.DUMMYFUNCTION("""COMPUTED_VALUE"""),"Archbishop Mitty A") -> Archbishop Mitty A | C16: =IFERROR(__xludf.DUMMYFUNCTION("""COMPUTED_VALUE"""),"Lynbrook C") -> Lynbrook C | D16: =IFERROR(__xludf.DUMMYFUNCTION("""COMPUTED_VALUE"""),1.0) -> 1 | E16: =IFERROR(__xludf.DUMMYFUNCTION("""COMPUTED_VALUE"""),"Round Robin") -> Round Robin | F16: =IFERROR(__xludf.DUMMYFUNCTION("""COMPUTED_VALUE"""),"E") -> E | G16: =IFERROR(__xludf.DUMMYFUNCTION("""COMPUTED_VALUE"""),"DWINELLE 215") -> DWINELLE 215 | H16: =IFERROR(__xludf.DUMMYFUNCTION("""COMPUTED_VALUE"""),"1oq0etYk7dFKlGRjABeukRkVrQUZfRot1ximMdAbe2mY") -> 1oq0etYk7dFKlGRjABeukRkVrQUZfRot1ximMdAbe2mY | I16: =IFERROR(__xludf.DUMMYFUNCTION("""COMPUTED_VALUE"""),"https://docs.google.com/spreadsheets/d/1oq0etYk7dFKlGRjABeukRkVrQUZfRot1ximMdAbe2mY") -> https://docs.google.com/spreadsheets/d/1oq0etYk7dFKlGRjABeukRkVrQUZfRot1ximMdAbe2mY | J16: =IFERROR(__xludf.DUMMYFUNCTION("""COMPUTED_VALUE"""),TRUE) -> TRUE | K16: =IFERROR(__xludf.DUMMYFUNCTION("""COMPUTED_VALUE"""),60.0) -> 60 | L16: =IFERROR(__xludf.DUMMYFUNCTION("""COMPUTED_VALUE"""),130.0) -> 130 | M16: =IFERROR(__xludf.DUMMYFUNCTION("""COMPUTED_VALUE"""),"0,0,0,0.5,0,0") -> 0,0,0,0.5,0,0 | N16: =IFERROR(__xludf.DUMMYFUNCTION("""COMPUTED_VALUE"""),"0,0,0,0,0,0") -> 0,0,0,0,0,0 | O16: =IFERROR(__xludf.DUMMYFUNCTION("""COMPUTED_VALUE"""),"-1,0,1.5,0,0,0") -> -1,0,1.5,0,0,0 | P16: =IFERROR(__xludf.DUMMYFUNCTION("""COMPUTED_VALUE"""),"2,0,0,0,0,0") -> 2,0,0,0,0,0 | Q16: =IFERROR(__xludf.DUMMYFUNCTION("""COMPUTED_VALUE"""),",,,,,") -> ,,,,, | R16: =IFERROR(__xludf.DUMMYFUNCTION("""COMPUTED_VALUE"""),"0,0,0,0,0,0") -> 0,0,0,0,0,0 | S16: =IFERROR(__xludf.DUMMYFUNCTION("""COMPUTED_VALUE"""),"3,0,0,0,1.5,0") -> 3,0,0,0,1.5,0 | T16: =IFERROR(__xludf.DUMMYFUNCTION("""COMPUTED_VALUE"""),"#N/A") -> #N/A | U16: =IFERROR(__xludf.DUMMYFUNCTION("""COMPUTED_VALUE"""),"0,1.5,1.5,0,0,0") -> 0,1.5,1.5,0,0,0 | V16: =IFERROR(__xludf.DUMMYFUNCTION("""COMPUTED_VALUE"""),"0,2.5,0,1,1.5,2.5") -> 0,2.5,0,1,1.5,2.5 | W16: =IFERROR(__xludf.DUMMYFUNCTION("""COMPUTED_VALUE"""),"1Qna1pYsoUSO2n7l_awkcAfh7nAFZQZGE") -> 1Qna1pYsoUSO2n7l_awkcAfh7nAFZQZGE
A17: =IFERROR(__xludf.DUMMYFUNCTION("""COMPUTED_VALUE"""),16.0) -> 16 | B17: =IFERROR(__xludf.DUMMYFUNCTION("""COMPUTED_VALUE"""),"Dougherty Valley B") -> Dougherty Valley B | C17: =IFERROR(__xludf.DUMMYFUNCTION("""COMPUTED_VALUE"""),"Foothill A") -> Foothill A | D17: =IFERROR(__xludf.DUMMYFUNCTION("""COMPUTED_VALUE"""),1.0) -> 1 | E17: =IFERROR(__xludf.DUMMYFUNCTION("""COMPUTED_VALUE"""),"Round Robin") -> Round Robin | F17: =IFERROR(__xludf.DUMMYFUNCTION("""COMPUTED_VALUE"""),"F") -> F | G17: =IFERROR(__xludf.DUMMYFUNCTION("""COMPUTED_VALUE"""),"DWINELLE 246") -> DWINELLE 246 | H17: =IFERROR(__xludf.DUMMYFUNCTION("""COMPUTED_VALUE"""),"1LycAKXU4yQ36c_ByiW6MFphFsJ7E-fFB8dPuDCb9thk") -> 1LycAKXU4yQ36c_ByiW6MFphFsJ7E-fFB8dPuDCb9thk | I17: =IFERROR(__xludf.DUMMYFUNCTION("""COMPUTED_VALUE"""),"https://docs.google.com/spreadsheets/d/1LycAKXU4yQ36c_ByiW6MFphFsJ7E-fFB8dPuDCb9thk") -> https://docs.google.com/spreadsheets/d/1LycAKXU4yQ36c_ByiW6MFphFsJ7E-fFB8dPuDCb9thk | J17: =IFERROR(__xludf.DUMMYFUNCTION("""COMPUTED_VALUE"""),TRUE) -> TRUE | K17: =IFERROR(__xludf.DUMMYFUNCTION("""COMPUTED_VALUE"""),44.0) -> 44 | L17: =IFERROR(__xludf.DUMMYFUNCTION("""COMPUTED_VALUE"""),62.0) -> 62 | M17: =IFERROR(__xludf.DUMMYFUNCTION("""COMPUTED_VALUE"""),"0,0,0,0,0,0") -> 0,0,0,0,0,0 | N17: =IFERROR(__xludf.DUMMYFUNCTION("""COMPUTED_VALUE"""),"#N/A") -> #N/A | O17: =IFERROR(__xludf.DUMMYFUNCTION("""COMPUTED_VALUE"""),"#N/A") -> #N/A | P17: =IFERROR(__xludf.DUMMYFUNCTION("""COMPUTED_VALUE"""),"0,0,1.5,1.5,1,0") -> 0,0,1.5,1.5,1,0 | Q17: =IFERROR(__xludf.DUMMYFUNCTION("""COMPUTED_VALUE"""),"0,0,0,0,0,0") -> 0,0,0,0,0,0 | R17: =IFERROR(__xludf.DUMMYFUNCTION("""COMPUTED_VALUE"""),"3,0,0,0,0,0") -> 3,0,0,0,0,0 | S17: =IFERROR(__xludf.DUMMYFUNCTION("""COMPUTED_VALUE"""),"0,0,0,0,0,0") -> 0,0,0,0,0,0 | T17: =IFERROR(__xludf.DUMMYFUNCTION("""COMPUTED_VALUE"""),"1.5,0,-1,1,0,0") -> 1.5,0,-1,1,0,0 | U17: =IFERROR(__xludf.DUMMYFUNCTION("""COMPUTED_VALUE"""),"0,0,0,0,0,0") -> 0,0,0,0,0,0 | V17: =IFERROR(__xludf.DUMMYFUNCTION("""COMPUTED_VALUE"""),"0,0,0,0,2,0") -> 0,0,0,0,2,0 | W17: =IFERROR(__xludf.DUMMYFUNCTION("""COMPUTED_VALUE"""),"1ZMUmrgOLjgL9cryFCDoYsJzMfRQXQGA0") -> 1ZMUmrgOLjgL9cryFCDoYsJzMfRQXQGA0
A18: =IFERROR(__xludf.DUMMYFUNCTION("""COMPUTED_VALUE"""),17.0) -> 17 | B18: =IFERROR(__xludf.DUMMYFUNCTION("""COMPUTED_VALUE"""),"Mira Loma B") -> Mira Loma B | C18: =IFERROR(__xludf.DUMMYFUNCTION("""COMPUTED_VALUE"""),"American B") -> American B | D18: =IFERROR(__xludf.DUMMYFUNCTION("""COMPUTED_VALUE"""),1.0) -> 1 | E18: =IFERROR(__xludf.DUMMYFUNCTION("""COMPUTED_VALUE"""),"Round Robin") -> Round Robin | F18: =IFERROR(__xludf.DUMMYFUNCTION("""COMPUTED_VALUE"""),"F") -> F | G18: =IFERROR(__xludf.DUMMYFUNCTION("""COMPUTED_VALUE"""),"DWINELLE 262") -> DWINELLE 262 | H18: =IFERROR(__xludf.DUMMYFUNCTION("""COMPUTED_VALUE"""),"1GF1BnJ8VUgGoRwXwlK5vF_rId00anSciWW8_wui9dh4") -> 1GF1BnJ8VUgGoRwXwlK5vF_rId00anSciWW8_wui9dh4 | I18: =IFERROR(__xludf.DUMMYFUNCTION("""COMPUTED_VALUE"""),"https://docs.google.com/spreadsheets/d/1GF1BnJ8VUgGoRwXwlK5vF_rId00anSciWW8_wui9dh4") -> https://docs.google.com/spreadsheets/d/1GF1BnJ8VUgGoRwXwlK5vF_rId00anSciWW8_wui9dh4 | J18: =IFERROR(__xludf.DUMMYFUNCTION("""COMPUTED_VALUE"""),TRUE) -> TRUE | K18: =IFERROR(__xludf.DUMMYFUNCTION("""COMPUTED_VALUE"""),104.0) -> 104 | L18: =IFERROR(__xludf.DUMMYFUNCTION("""COMPUTED_VALUE"""),44.0) -> 44 | M18: =IFERROR(__xludf.DUMMYFUNCTION("""COMPUTED_VALUE"""),"3,1.5,1.5,1,0,0") -> 3,1.5,1.5,1,0,0 | N18: =IFERROR(__xludf.DUMMYFUNCTION("""COMPUTED_VALUE"""),"0,1.5,-1,0,1,1") -> 0,1.5,-1,0,1,1 | O18: =IFERROR(__xludf.DUMMYFUNCTION("""COMPUTED_VALUE"""),"0,0,0,0,1.5,0") -> 0,0,0,0,1.5,0 | P18: =IFERROR(__xludf.DUMMYFUNCTION("""COMPUTED_VALUE"""),"0,0,0,-1,1,0") -> 0,0,0,-1,1,0 | Q18: =IFERROR(__xludf.DUMMYFUNCTION("""COMPUTED_VALUE"""),"#N/A") -> #N/A | R18: =IFERROR(__xludf.DUMMYFUNCTION("""COMPUTED_VALUE"""),"2.5,0,0,0,0,0") -> 2.5,0,0,0,0,0 | S18: =IFERROR(__xludf.DUMMYFUNCTION("""COMPUTED_VALUE"""),"#N/A") -> #N/A | T18: =IFERROR(__xludf.DUMMYFUNCTION("""COMPUTED_VALUE"""),"0,0,0,0,-1,0") -> 0,0,0,0,-1,0 | U18: =IFERROR(__xludf.DUMMYFUNCTION("""COMPUTED_VALUE"""),"0,0,0,0,0,0") -> 0,0,0,0,0,0 | V18: =IFERROR(__xludf.DUMMYFUNCTION("""COMPUTED_VALUE"""),"0,0,1.5,0,1,0") -> 0,0,1.5,0,1,0 | W18: =IFERROR(__xludf.DUMMYFUNCTION("""COMPUTED_VALUE"""),"1Vl5Oa0oSlbk2HzPsQjyl20DkDyVwWOEm") -> 1Vl5Oa0oSlbk2HzPsQjyl20DkDyVwWOEm
A19: =IFERROR(__xludf.DUMMYFUNCTION("""COMPUTED_VALUE"""),18.0) -> 18 | B19: =IFERROR(__xludf.DUMMYFUNCTION("""COMPUTED_VALUE"""),"American A") -> American A | C19: =IFERROR(__xludf.DUMMYFUNCTION("""COMPUTED_VALUE"""),"Cupertino A") -> Cupertino A | D19: =IFERROR(__xludf.DUMMYFUNCTION("""COMPUTED_VALUE"""),1.0) -> 1 | E19: =IFERROR(__xludf.DUMMYFUNCTION("""COMPUTED_VALUE"""),"Round Robin") -> Round Robin | F19: =IFERROR(__xludf.DUMMYFUNCTION("""COMPUTED_VALUE"""),"F") -> F | G19: =IFERROR(__xludf.DUMMYFUNCTION("""COMPUTED_VALUE"""),"DWINELLE 263") -> DWINELLE 263 | H19: =IFERROR(__xludf.DUMMYFUNCTION("""COMPUTED_VALUE"""),"10LV_FiupHXd9ZDCKPFHP02Wuhc1sYGfotQYs3SZMK2I") -> 10LV_FiupHXd9ZDCKPFHP02Wuhc1sYGfotQYs3SZMK2I | I19: =IFERROR(__xludf.DUMMYFUNCTION("""COMPUTED_VALUE"""),"https://docs.google.com/spreadsheets/d/10LV_FiupHXd9ZDCKPFHP02Wuhc1sYGfotQYs3SZMK2I") -> https://docs.google.com/spreadsheets/d/10LV_FiupHXd9ZDCKPFHP02Wuhc1sYGfotQYs3SZMK2I | J19: =IFERROR(__xludf.DUMMYFUNCTION("""COMPUTED_VALUE"""),TRUE) -> TRUE | K19: =IFERROR(__xludf.DUMMYFUNCTION("""COMPUTED_VALUE"""),72.0) -> 72 | L19: =IFERROR(__xludf.DUMMYFUNCTION("""COMPUTED_VALUE"""),148.0) -> 148 | M19: =IFERROR(__xludf.DUMMYFUNCTION("""COMPUTED_VALUE"""),"2.5,1.5,0,0,0,1") -> 2.5,1.5,0,0,0,1 | N19: =IFERROR(__xludf.DUMMYFUNCTION("""COMPUTED_VALUE"""),"#N/A") -> #N/A | O19: =IFERROR(__xludf.DUMMYFUNCTION("""COMPUTED_VALUE"""),"0,0,0,1,1.5,0") -> 0,0,0,1,1.5,0 | P19: =IFERROR(__xludf.DUMMYFUNCTION("""COMPUTED_VALUE"""),"0,0,1,0,0,0") -> 0,0,1,0,0,0 | Q19: =IFERROR(__xludf.DUMMYFUNCTION("""COMPUTED_VALUE"""),"0,0,0,0,1.5,0") -> 0,0,0,0,1.5,0 | R19: =IFERROR(__xludf.DUMMYFUNCTION("""COMPUTED_VALUE"""),"0,4.5,0,1.5,0,0") -> 0,4.5,0,1.5,0,0 | S19: =IFERROR(__xludf.DUMMYFUNCTION("""COMPUTED_VALUE"""),"1.5,0,4,1.5,1,1") -> 1.5,0,4,1.5,1,1 | T19: =IFERROR(__xludf.DUMMYFUNCTION("""COMPUTED_VALUE"""),"0,0,0,0,0,0") -> 0,0,0,0,0,0 | U19: =IFERROR(__xludf.DUMMYFUNCTION("""COMPUTED_VALUE"""),"1.5,0,0,0,1.5,0") -> 1.5,0,0,0,1.5,0 | V19: =IFERROR(__xludf.DUMMYFUNCTION("""COMPUTED_VALUE"""),"#N/A") -> #N/A | W19: =IFERROR(__xludf.DUMMYFUNCTION("""COMPUTED_VALUE"""),"1iSlolT830hPWUFNO8QFe1M73jdBAFnII") -> 1iSlolT830hPWUFNO8QFe1M73jdBAFnII
A20: =IFERROR(__xludf.DUMMYFUNCTION("""COMPUTED_VALUE"""),19.0) -> 19 | B20: =IFERROR(__xludf.DUMMYFUNCTION("""COMPUTED_VALUE"""),"Mission San Jose B") -> Mission San Jose B | C20: =IFERROR(__xludf.DUMMYFUNCTION("""COMPUTED_VALUE"""),"Dougherty Valley A") -> Dougherty Valley A | D20: =IFERROR(__xludf.DUMMYFUNCTION("""COMPUTED_VALUE"""),2.0) -> 2 | E20: =IFERROR(__xludf.DUMMYFUNCTION("""COMPUTED_VALUE"""),"Round Robin") -> Round Robin | F20: =IFERROR(__xludf.DUMMYFUNCTION("""COMPUTED_VALUE"""),"A") -> A | G20: =IFERROR(__xludf.DUMMYFUNCTION("""COMPUTED_VALUE"""),"DWINELLE 87") -> DWINELLE 87 | H20: =IFERROR(__xludf.DUMMYFUNCTION("""COMPUTED_VALUE"""),"181dKvntxkY-vLRLlcVy8V69_okp_25ubM5QCFqeB1uI") -> 181dKvntxkY-vLRLlcVy8V69_okp_25ubM5QCFqeB1uI | I20: =IFERROR(__xludf.DUMMYFUNCTION("""COMPUTED_VALUE"""),"https://docs.google.com/spreadsheets/d/181dKvntxkY-vLRLlcVy8V69_okp_25ubM5QCFqeB1uI") -> https://docs.google.com/spreadsheets/d/181dKvntxkY-vLRLlcVy8V69_okp_25ubM5QCFqeB1uI | J20: =IFERROR(__xludf.DUMMYFUNCTION("""COMPUTED_VALUE"""),TRUE) -> TRUE | K20: =IFERROR(__xludf.DUMMYFUNCTION("""COMPUTED_VALUE"""),136.0) -> 136 | L20: =IFERROR(__xludf.DUMMYFUNCTION("""COMPUTED_VALUE"""),84.0) -> 84 | M20: =IFERROR(__xludf.DUMMYFUNCTION("""COMPUTED_VALUE"""),"0,0,0,0,0,0") -> 0,0,0,0,0,0 | N20: =IFERROR(__xludf.DUMMYFUNCTION("""COMPUTED_VALUE"""),"2,2.5,1,0.5,1.5,1.5") -> 2,2.5,1,0.5,1.5,1.5 | O20: =IFERROR(__xludf.DUMMYFUNCTION("""COMPUTED_VALUE"""),"#N/A") -> #N/A | P20: =IFERROR(__xludf.DUMMYFUNCTION("""COMPUTED_VALUE"""),"0,0,0,0,1.5,1.5") -> 0,0,0,0,1.5,1.5 | Q20: =IFERROR(__xludf.DUMMYFUNCTION("""COMPUTED_VALUE"""),"0,-1,0,0,0,0") -> 0,-1,0,0,0,0 | R20: =IFERROR(__xludf.DUMMYFUNCTION("""COMPUTED_VALUE"""),"0,3,1,0,0,0") -> 0,3,1,0,0,0 | S20: =IFERROR(__xludf.DUMMYFUNCTION("""COMPUTED_VALUE"""),"0,0,1,0,1.5,0") -> 0,0,1,0,1.5,0 | T20: =IFERROR(__xludf.DUMMYFUNCTION("""COMPUTED_VALUE"""),"-1,0,0,0,0,0") -> -1,0,0,0,0,0 | U20: =IFERROR(__xludf.DUMMYFUNCTION("""COMPUTED_VALUE"""),"-1,0,0,1.5,0,0") -> -1,0,0,1.5,0,0 | V20: =IFERROR(__xludf.DUMMYFUNCTION("""COMPUTED_VALUE"""),",,,,,") -> ,,,,, | W20: =IFERROR(__xludf.DUMMYFUNCTION("""COMPUTED_VALUE"""),"1wU8ddNcIDYy_LNgK50_oAheTJQ7qxrnc") -> 1wU8ddNcIDYy_LNgK50_oAheTJQ7qxrnc
A21: =IFERROR(__xludf.DUMMYFUNCTION("""COMPUTED_VALUE"""),20.0) -> 20 | B21: =IFERROR(__xludf.DUMMYFUNCTION("""COMPUTED_VALUE"""),"BASIS Independent B") -> BASIS Independent B | C21: =IFERROR(__xludf.DUMMYFUNCTION("""COMPUTED_VALUE"""),"Palo Alto B") -> Palo Alto B | D21: =IFERROR(__xludf.DUMMYFUNCTION("""COMPUTED_VALUE"""),2.0) -> 2 | E21: =IFERROR(__xludf.DUMMYFUNCTION("""COMPUTED_VALUE"""),"Round Robin") -> Round Robin | F21: =IFERROR(__xludf.DUMMYFUNCTION("""COMPUTED_VALUE"""),"A") -> A | G21: =IFERROR(__xludf.DUMMYFUNCTION("""COMPUTED_VALUE"""),"DWINELLE 88") -> DWINELLE 88 | H21: =IFERROR(__xludf.DUMMYFUNCTION("""COMPUTED_VALUE"""),"1fdgtRjAgnSm3y69-VooshsVIi3IFPCWFvnMTAfUbl1g") -> 1fdgtRjAgnSm3y69-VooshsVIi3IFPCWFvnMTAfUbl1g | I21: =IFERROR(__xludf.DUMMYFUNCTION("""COMPUTED_VALUE"""),"https://docs.google.com/spreadsheets/d/1fdgtRjAgnSm3y69-VooshsVIi3IFPCWFvnMTAfUbl1g") -> https://docs.google.com/spreadsheets/d/1fdgtRjAgnSm3y69-VooshsVIi3IFPCWFvnMTAfUbl1g | J21: =IFERROR(__xludf.DUMMYFUNCTION("""COMPUTED_VALUE"""),TRUE) -> TRUE | K21: =IFERROR(__xludf.DUMMYFUNCTION("""COMPUTED_VALUE"""),80.0) -> 80 | L21: =IFERROR(__xludf.DUMMYFUNCTION("""COMPUTED_VALUE"""),64.0) -> 64 | M21: =IFERROR(__xludf.DUMMYFUNCTION("""COMPUTED_VALUE"""),"0,1.5,0,1.5,0,0") -> 0,1.5,0,1.5,0,0 | N21: =IFERROR(__xludf.DUMMYFUNCTION("""COMPUTED_VALUE"""),"1.5,0,2,0,0,0") -> 1.5,0,2,0,0,0 | O21: =IFERROR(__xludf.DUMMYFUNCTION("""COMPUTED_VALUE"""),"0,0,0,0,0,0") -> 0,0,0,0,0,0 | P21: =IFERROR(__xludf.DUMMYFUNCTION("""COMPUTED_VALUE"""),"0,1,0,1.5,0,0") -> 0,1,0,1.5,0,0 | Q21: =IFERROR(__xludf.DUMMYFUNCTION("""COMPUTED_VALUE"""),",,,,,") -> ,,,,, | R21: =IFERROR(__xludf.DUMMYFUNCTION("""COMPUTED_VALUE"""),"0.5,0,-1,0,0,0") -> 0.5,0,-1,0,0,0 | S21: =IFERROR(__xludf.DUMMYFUNCTION("""COMPUTED_VALUE"""),"0.5,0,1.5,0,0,0") -> 0.5,0,1.5,0,0,0 | T21: =IFERROR(__xludf.DUMMYFUNCTION("""COMPUTED_VALUE"""),"0,0,0,0,0,1.5") -> 0,0,0,0,0,1.5 | U21: =IFERROR(__xludf.DUMMYFUNCTION("""COMPUTED_VALUE"""),"0,1,0,0,0,0") -> 0,1,0,0,0,0 | V21: =IFERROR(__xludf.DUMMYFUNCTION("""COMPUTED_VALUE"""),"0,0,0,0,0,1.5") -> 0,0,0,0,0,1.5 | W21: =IFERROR(__xludf.DUMMYFUNCTION("""COMPUTED_VALUE"""),"103JTGMew8yagYGeIoIvugJ7A3dBmouHQ") -> 103JTGMew8yagYGeIoIvugJ7A3dBmouHQ
A22: =IFERROR(__xludf.DUMMYFUNCTION("""COMPUTED_VALUE"""),21.0) -> 21 | B22: =IFERROR(__xludf.DUMMYFUNCTION("""COMPUTED_VALUE"""),"Saint Francis") -> Saint Francis | C22: =IFERROR(__xludf.DUMMYFUNCTION("""COMPUTED_VALUE"""),"Stanford Online") -> Stanford Online | D22: =IFERROR(__xludf.DUMMYFUNCTION("""COMPUTED_VALUE"""),2.0) -> 2 | E22: =IFERROR(__xludf.DUMMYFUNCTION("""COMPUTED_VALUE"""),"Round Robin") -> Round Robin | F22: =IFERROR(__xludf.DUMMYFUNCTION("""COMPUTED_VALUE"""),"A") -> A | G22: =IFERROR(__xludf.DUMMYFUNCTION("""COMPUTED_VALUE"""),"DWINELLE 89") -> DWINELLE 89 | H22: =IFERROR(__xludf.DUMMYFUNCTION("""COMPUTED_VALUE"""),"1fxnjLoO8Xw5Rwn9s-iWd73EsAFchG8Ujs5rqe46f74w") -> 1fxnjLoO8Xw5Rwn9s-iWd73EsAFchG8Ujs5rqe46f74w | I22: =IFERROR(__xludf.DUMMYFUNCTION("""COMPUTED_VALUE"""),"https://docs.google.com/spreadsheets/d/1fxnjLoO8Xw5Rwn9s-iWd73EsAFchG8Ujs5rqe46f74w") -> https://docs.google.com/spreadsheets/d/1fxnjLoO8Xw5Rwn9s-iWd73EsAFchG8Ujs5rqe46f74w | J22: =IFERROR(__xludf.DUMMYFUNCTION("""COMPUTED_VALUE"""),TRUE) -> TRUE | K22: =IFERROR(__xludf.DUMMYFUNCTION("""COMPUTED_VALUE"""),140.0) -> 140 | L22: =IFERROR(__xludf.DUMMYFUNCTION("""COMPUTED_VALUE"""),22.0) -> 22 | M22: =IFERROR(__xludf.DUMMYFUNCTION("""COMPUTED_VALUE"""),"1,3.5,2.5,3,1.5,0") -> 1,3.5,2.5,3,1.5,0 | N22: =IFERROR(__xludf.DUMMYFUNCTION("""COMPUTED_VALUE"""),"0,0,1.5,0,0,1.5") -> 0,0,1.5,0,0,1.5 | O22: =IFERROR(__xludf.DUMMYFUNCTION("""COMPUTED_VALUE"""),"0,0,0,0,0,1.5") -> 0,0,0,0,0,1.5 | P22: =IFERROR(__xludf.DUMMYFUNCTION("""COMPUTED_VALUE"""),"1.5,0,0,0,1,1.5") -> 1.5,0,0,0,1,1.5 | Q22: =IFERROR(__xludf.DUMMYFUNCTION("""COMPUTED_VALUE"""),"#N/A") -> #N/A | R22: =IFERROR(__xludf.DUMMYFUNCTION("""COMPUTED_VALUE"""),"0,1,0,0,0,0") -> 0,1,0,0,0,0 | S22: =IFERROR(__xludf.DUMMYFUNCTION("""COMPUTED_VALUE"""),"0,0,0,0,0,0") -> 0,0,0,0,0,0 | T22: =IFERROR(__xludf.DUMMYFUNCTION("""COMPUTED_VALUE"""),"0,0,0,1.5,1,0") -> 0,0,0,1.5,1,0 | U22: =IFERROR(__xludf.DUMMYFUNCTION("""COMPUTED_VALUE"""),"0,0,0,0,0,0") -> 0,0,0,0,0,0 | V22: =IFERROR(__xludf.DUMMYFUNCTION("""COMPUTED_VALUE"""),",,,,,") -> ,,,,, | W22: =IFERROR(__xludf.DUMMYFUNCTION("""COMPUTED_VALUE"""),"1iE_5-GNdmwZ6YBR19NoryqpaMeSaQNwX") -> 1iE_5-GNdmwZ6YBR19NoryqpaMeSaQNwX
A23: =IFERROR(__xludf.DUMMYFUNCTION("""COMPUTED_VALUE"""),22.0) -> 22 | B23: =IFERROR(__xludf.DUMMYFUNCTION("""COMPUTED_VALUE"""),"California B") -> California B | C23: =IFERROR(__xludf.DUMMYFUNCTION("""COMPUTED_VALUE"""),"Monta Vista A") -> Monta Vista A | D23: =IFERROR(__xludf.DUMMYFUNCTION("""COMPUTED_VALUE"""),2.0) -> 2 | E23: =IFERROR(__xludf.DUMMYFUNCTION("""COMPUTED_VALUE"""),"Round Robin") -> Round Robin | F23: =IFERROR(__xludf.DUMMYFUNCTION("""COMPUTED_VALUE"""),"B") -> B | G23: =IFERROR(__xludf.DUMMYFUNCTION("""COMPUTED_VALUE"""),"DWINELLE 105") -> DWINELLE 105 | H23: =IFERROR(__xludf.DUMMYFUNCTION("""COMPUTED_VALUE"""),"1l2L_nR_5DqTU6t6vq9cgjWWVkrneymRfeFLWehR7nz0") -> 1l2L_nR_5DqTU6t6vq9cgjWWVkrneymRfeFLWehR7nz0 | I23: =IFERROR(__xludf.DUMMYFUNCTION("""COMPUTED_VALUE"""),"https://docs.google.com/spreadsheets/d/1l2L_nR_5DqTU6t6vq9cgjWWVkrneymRfeFLWehR7nz0") -> https://docs.google.com/spreadsheets/d/1l2L_nR_5DqTU6t6vq9cgjWWVkrneymRfeFLWehR7nz0 | J23: =IFERROR(__xludf.DUMMYFUNCTION("""COMPUTED_VALUE"""),TRUE) -> TRUE | K23: =IFERROR(__xludf.DUMMYFUNCTION("""COMPUTED_VALUE"""),40.0) -> 40 | L23: =IFERROR(__xludf.DUMMYFUNCTION("""COMPUTED_VALUE"""),130.0) -> 130 | M23: =IFERROR(__xludf.DUMMYFUNCTION("""COMPUTED_VALUE"""),"0,0,1,1.5,0,0") -> 0,0,1,1.5,0,0 | N23: =IFERROR(__xludf.DUMMYFUNCTION("""COMPUTED_VALUE"""),"#N/A") -> #N/A | O23: =IFERROR(__xludf.DUMMYFUNCTION("""COMPUTED_VALUE"""),"-1,0,0,0,0,0") -> -1,0,0,0,0,0 | P23: =IFERROR(__xludf.DUMMYFUNCTION("""COMPUTED_VALUE"""),"0,0,0,0,0,0") -> 0,0,0,0,0,0 | Q23: =IFERROR(__xludf.DUMMYFUNCTION("""COMPUTED_VALUE"""),"1.5,0,0,0,0,0") -> 1.5,0,0,0,0,0 | R23: =IFERROR(__xludf.DUMMYFUNCTION("""COMPUTED_VALUE"""),"1.5,2.5,0,0,0,0") -> 1.5,2.5,0,0,0,0 | S23: =IFERROR(__xludf.DUMMYFUNCTION("""COMPUTED_VALUE"""),"0.5,2.5,0,0,0,4.5") -> 0.5,2.5,0,0,0,4.5 | T23: =IFERROR(__xludf.DUMMYFUNCTION("""COMPUTED_VALUE"""),"0,0,0,0,0,0") -> 0,0,0,0,0,0 | U23: =IFERROR(__xludf.DUMMYFUNCTION("""COMPUTED_VALUE"""),"0,0,2,0,0,0") -> 0,0,2,0,0,0 | V23: =IFERROR(__xludf.DUMMYFUNCTION("""COMPUTED_VALUE"""),"0,0,0,0,3,0") -> 0,0,0,0,3,0 | W23: =IFERROR(__xludf.DUMMYFUNCTION("""COMPUTED_VALUE"""),"1fnjyoidcVE3Yg85FHmTdFy4Wd_jCu9Cr") -> 1fnjyoidcVE3Yg85FHmTdFy4Wd_jCu9Cr
A24: =IFERROR(__xludf.DUMMYFUNCTION("""COMPUTED_VALUE"""),23.0) -> 23 | B24: =IFERROR(__xludf.DUMMYFUNCTION("""COMPUTED_VALUE"""),"Amador Valley A") -> Amador Valley A | C24: =IFERROR(__xludf.DUMMYFUNCTION("""COMPUTED_VALUE"""),"North Hollywood") -> North Hollywood | D24: =IFERROR(__xludf.DUMMYFUNCTION("""COMPUTED_VALUE"""),2.0) -> 2 | E24: =IFERROR(__xludf.DUMMYFUNCTION("""COMPUTED_VALUE"""),"Round Robin") -> Round Robin | F24: =IFERROR(__xludf.DUMMYFUNCTION("""COMPUTED_VALUE"""),"B") -> B | G24: =IFERROR(__xludf.DUMMYFUNCTION("""COMPUTED_VALUE"""),"DWINELLE 106") -> DWINELLE 106 | H24: =IFERROR(__xludf.DUMMYFUNCTION("""COMPUTED_VALUE"""),"1psyoKuYj5k0EMJxqye7i1hhi1x4Y4_vLJ4uEg1xRiFU") -> 1psyoKuYj5k0EMJxqye7i1hhi1x4Y4_vLJ4uEg1xRiFU | I24: =IFERROR(__xludf.DUMMYFUNCTION("""COMPUTED_VALUE"""),"https://docs.google.com/spreadsheets/d/1psyoKuYj5k0EMJxqye7i1hhi1x4Y4_vLJ4uEg1xRiFU") -> https://docs.google.com/spreadsheets/d/1psyoKuYj5k0EMJxqye7i1hhi1x4Y4_vLJ4uEg1xRiFU | J24: =IFERROR(__xludf.DUMMYFUNCTION("""COMPUTED_VALUE"""),TRUE) -> TRUE | K24: =IFERROR(__xludf.DUMMYFUNCTION("""COMPUTED_VALUE"""),168.0) -> 168 | L24: =IFERROR(__xludf.DUMMYFUNCTION("""COMPUTED_VALUE"""),96.0) -> 96 | M24: =IFERROR(__xludf.DUMMYFUNCTION("""COMPUTED_VALUE"""),"0,1.5,2.5,0,0,1.5") -> 0,1.5,2.5,0,0,1.5 | N24: =IFERROR(__xludf.DUMMYFUNCTION("""COMPUTED_VALUE"""),"2,-1,1.5,1.5,0,0") -> 2,-1,1.5,1.5,0,0 | O24: =IFERROR(__xludf.DUMMYFUNCTION("""COMPUTED_VALUE"""),"0,0,0,0,0,0") -> 0,0,0,0,0,0 | P24: =IFERROR(__xludf.DUMMYFUNCTION("""COMPUTED_VALUE"""),"0,1.5,0,0,3,2.5") -> 0,1.5,0,0,3,2.5 | Q24: =IFERROR(__xludf.DUMMYFUNCTION("""COMPUTED_VALUE"""),"0,0,0,0,0,0") -> 0,0,0,0,0,0 | R24: =IFERROR(__xludf.DUMMYFUNCTION("""COMPUTED_VALUE"""),"0,0,0,0,1.5,0") -> 0,0,0,0,1.5,0 | S24: =IFERROR(__xludf.DUMMYFUNCTION("""COMPUTED_VALUE"""),"0,0,0,1.5,0,0") -> 0,0,0,1.5,0,0 | T24: =IFERROR(__xludf.DUMMYFUNCTION("""COMPUTED_VALUE"""),"0,0,0,0,1.5,0") -> 0,0,0,0,1.5,0 | U24: =IFERROR(__xludf.DUMMYFUNCTION("""COMPUTED_VALUE"""),"-0.5,0,1.5,1.5,-1,0") -> -0.5,0,1.5,1.5,-1,0 | V24: =IFERROR(__xludf.DUMMYFUNCTION("""COMPUTED_VALUE"""),",,,,,") -> ,,,,, | W24: =IFERROR(__xludf.DUMMYFUNCTION("""COMPUTED_VALUE"""),"1ZOcpmnz6rsr8oUEZv7nnQmus2y0zN2kl") -> 1ZOcpmnz6rsr8oUEZv7nnQmus2y0zN2kl
A25: =IFERROR(__xludf.DUMMYFUNCTION("""COMPUTED_VALUE"""),24.0) -> 24 | B25: =IFERROR(__xludf.DUMMYFUNCTION("""COMPUTED_VALUE"""),"Irvington") -> Irvington | C25: =IFERROR(__xludf.DUMMYFUNCTION("""COMPUTED_VALUE"""),"Foothill B") -> Foothill B | D25: =IFERROR(__xludf.DUMMYFUNCTION("""COMPUTED_VALUE"""),2.0) -> 2 | E25: =IFERROR(__xludf.DUMMYFUNCTION("""COMPUTED_VALUE"""),"Round Robin") -> Round Robin | F25: =IFERROR(__xludf.DUMMYFUNCTION("""COMPUTED_VALUE"""),"B") -> B | G25: =IFERROR(__xludf.DUMMYFUNCTION("""COMPUTED_VALUE"""),"DWINELLE 109") -> DWINELLE 109 | H25: =IFERROR(__xludf.DUMMYFUNCTION("""COMPUTED_VALUE"""),"1WZS2U78kESsK6DFQOaBNOGkFnJhul0_YJIUcM8p6g04") -> 1WZS2U78kESsK6DFQOaBNOGkFnJhul0_YJIUcM8p6g04 | I25: =IFERROR(__xludf.DUMMYFUNCTION("""COMPUTED_VALUE"""),"https://docs.google.com/spreadsheets/d/1WZS2U78kESsK6DFQOaBNOGkFnJhul0_YJIUcM8p6g04") -> https://docs.google.com/spreadsheets/d/1WZS2U78kESsK6DFQOaBNOGkFnJhul0_YJIUcM8p6g04 | J25: =IFERROR(__xludf.DUMMYFUNCTION("""COMPUTED_VALUE"""),TRUE) -> TRUE | K25: =IFERROR(__xludf.DUMMYFUNCTION("""COMPUTED_VALUE"""),52.0) -> 52 | L25: =IFERROR(__xludf.DUMMYFUNCTION("""COMPUTED_VALUE"""),98.0) -> 98 | M25: =IFERROR(__xludf.DUMMYFUNCTION("""COMPUTED_VALUE"""),"0,0,1,0,0,0") -> 0,0,1,0,0,0 | N25: =IFERROR(__xludf.DUMMYFUNCTION("""COMPUTED_VALUE"""),"2,0,1,1.5,0,0") -> 2,0,1,1.5,0,0 | O25: =IFERROR(__xludf.DUMMYFUNCTION("""COMPUTED_VALUE"""),"0,0,0,0,0.5,0") -> 0,0,0,0,0.5,0 | P25: =IFERROR(__xludf.DUMMYFUNCTION("""COMPUTED_VALUE"""),"-1,0,0,0,0,0") -> -1,0,0,0,0,0 | Q25: =IFERROR(__xludf.DUMMYFUNCTION("""COMPUTED_VALUE"""),"#N/A") -> #N/A | R25: =IFERROR(__xludf.DUMMYFUNCTION("""COMPUTED_VALUE"""),"0,1.5,0,0,0,0") -> 0,1.5,0,0,0,0 | S25: =IFERROR(__xludf.DUMMYFUNCTION("""COMPUTED_VALUE"""),"-1,1.5,1,0.5,0,0") -> -1,1.5,1,0.5,0,0 | T25: =IFERROR(__xludf.DUMMYFUNCTION("""COMPUTED_VALUE"""),"0,1,0,0,0,0") -> 0,1,0,0,0,0 | U25: =IFERROR(__xludf.DUMMYFUNCTION("""COMPUTED_VALUE"""),"#N/A") -> #N/A | V25: =IFERROR(__xludf.DUMMYFUNCTION("""COMPUTED_VALUE"""),"1,0,0,0,1,4.5") -> 1,0,0,0,1,4.5 | W25: =IFERROR(__xludf.DUMMYFUNCTION("""COMPUTED_VALUE"""),"1ivbxAGj__h08xVy2FRbo7iHDWDbLgwNl") -> 1ivbxAGj__h08xVy2FRbo7iHDWDbLgwNl
A26: =IFERROR(__xludf.DUMMYFUNCTION("""COMPUTED_VALUE"""),25.0) -> 25 | B26: =IFERROR(__xludf.DUMMYFUNCTION("""COMPUTED_VALUE"""),"Cupertino B") -> Cupertino B | C26: =IFERROR(__xludf.DUMMYFUNCTION("""COMPUTED_VALUE"""),"Amador Valley B") -> Amador Valley B | D26: =IFERROR(__xludf.DUMMYFUNCTION("""COMPUTED_VALUE"""),2.0) -> 2 | E26: =IFERROR(__xludf.DUMMYFUNCTION("""COMPUTED_VALUE"""),"Round Robin") -> Round Robin | F26: =IFERROR(__xludf.DUMMYFUNCTION("""COMPUTED_VALUE"""),"C") -> C | G26: =IFERROR(__xludf.DUMMYFUNCTION("""COMPUTED_VALUE"""),"DWINELLE 179") -> DWINELLE 179 | H26: =IFERROR(__xludf.DUMMYFUNCTION("""COMPUTED_VALUE"""),"194443TwzddBqVxo1mmJrh7FWEl-75zCFhy1nTVvWz7U") -> 194443TwzddBqVxo1mmJrh7FWEl-75zCFhy1nTVvWz7U | I26: =IFERROR(__xludf.DUMMYFUNCTION("""COMPUTED_VALUE"""),"https://docs.google.com/spreadsheets/d/194443TwzddBqVxo1mmJrh7FWEl-75zCFhy1nTVvWz7U") -> https://docs.google.com/spreadsheets/d/194443TwzddBqVxo1mmJrh7FWEl-75zCFhy1nTVvWz7U | J26: =IFERROR(__xludf.DUMMYFUNCTION("""COMPUTED_VALUE"""),TRUE) -> TRUE | K26: =IFERROR(__xludf.DUMMYFUNCTION("""COMPUTED_VALUE"""),70.0) -> 70 | L26: =IFERROR(__xludf.DUMMYFUNCTION("""COMPUTED_VALUE"""),62.0) -> 62 | M26: =IFERROR(__xludf.DUMMYFUNCTION("""COMPUTED_VALUE"""),"1,-1,1,1,1.5,0") -> 1,-1,1,1,1.5,0 | N26: =IFERROR(__xludf.DUMMYFUNCTION("""COMPUTED_VALUE"""),"0,0,0,1.5,0,1.5") -> 0,0,0,1.5,0,1.5 | O26: =IFERROR(__xludf.DUMMYFUNCTION("""COMPUTED_VALUE"""),"1,0,0,1,0,0") -> 1,0,0,1,0,0 | P26: =IFERROR(__xludf.DUMMYFUNCTION("""COMPUTED_VALUE"""),"0,0,0,0,0,0") -> 0,0,0,0,0,0 | Q26: =IFERROR(__xludf.DUMMYFUNCTION("""COMPUTED_VALUE"""),"#N/A") -> #N/A | R26: =IFERROR(__xludf.DUMMYFUNCTION("""COMPUTED_VALUE"""),"0,0,-1,-1,0,0") -> 0,0,-1,-1,0,0 | S26: =IFERROR(__xludf.DUMMYFUNCTION("""COMPUTED_VALUE"""),"0,1,0,0,0,0") -> 0,1,0,0,0,0 | T26: =IFERROR(__xludf.DUMMYFUNCTION("""COMPUTED_VALUE"""),"0,1.5,1,0,2.5,1") -> 0,1.5,1,0,2.5,1 | U26: =IFERROR(__xludf.DUMMYFUNCTION("""COMPUTED_VALUE"""),"1.5,0,0,0,0,0") -> 1.5,0,0,0,0,0 | V26: =IFERROR(__xludf.DUMMYFUNCTION("""COMPUTED_VALUE"""),",,,,,") -> ,,,,, | W26: =IFERROR(__xludf.DUMMYFUNCTION("""COMPUTED_VALUE"""),"1VhY5duZynZljzs0fA-JdTCNRRkzQRGTm") -> 1VhY5duZynZljzs0fA-JdTCNRRkzQRGTm
A27: =IFERROR(__xludf.DUMMYFUNCTION("""COMPUTED_VALUE"""),26.0) -> 26 | B27: =IFERROR(__xludf.DUMMYFUNCTION("""COMPUTED_VALUE"""),"Archbishop Mitty B") -> Archbishop Mitty B | C27: =IFERROR(__xludf.DUMMYFUNCTION("""COMPUTED_VALUE"""),"Lynbrook B") -> Lynbrook B | D27: =IFERROR(__xludf.DUMMYFUNCTION("""COMPUTED_VALUE"""),2.0) -> 2 | E27: =IFERROR(__xludf.DUMMYFUNCTION("""COMPUTED_VALUE"""),"Round Robin") -> Round Robin | F27: =IFERROR(__xludf.DUMMYFUNCTION("""COMPUTED_VALUE"""),"C") -> C | G27: =IFERROR(__xludf.DUMMYFUNCTION("""COMPUTED_VALUE"""),"DWINELLE 182") -> DWINELLE 182 | H27: =IFERROR(__xludf.DUMMYFUNCTION("""COMPUTED_VALUE"""),"10e8bcV3N3AN2tdjrdZOw-gvaHtrNdjk3sZCJrfUr_G4") -> 10e8bcV3N3AN2tdjrdZOw-gvaHtrNdjk3sZCJrfUr_G4 | I27: =IFERROR(__xludf.DUMMYFUNCTION("""COMPUTED_VALUE"""),"https://docs.google.com/spreadsheets/d/10e8bcV3N3AN2tdjrdZOw-gvaHtrNdjk3sZCJrfUr_G4") -> https://docs.google.com/spreadsheets/d/10e8bcV3N3AN2tdjrdZOw-gvaHtrNdjk3sZCJrfUr_G4 | J27: =IFERROR(__xludf.DUMMYFUNCTION("""COMPUTED_VALUE"""),TRUE) -> TRUE | K27: =IFERROR(__xludf.DUMMYFUNCTION("""COMPUTED_VALUE"""),60.0) -> 60 | L27: =IFERROR(__xludf.DUMMYFUNCTION("""COMPUTED_VALUE"""),180.0) -> 180 | M27: =IFERROR(__xludf.DUMMYFUNCTION("""COMPUTED_VALUE"""),"-2,-1,0,1.5,0,0") -> -2,-1,0,1.5,0,0 | N27: =IFERROR(__xludf.DUMMYFUNCTION("""COMPUTED_VALUE"""),"0,0,0,0,2.5,1.5") -> 0,0,0,0,2.5,1.5 | O27: =IFERROR(__xludf.DUMMYFUNCTION("""COMPUTED_VALUE"""),"0,0,0,1.5,0,0") -> 0,0,0,1.5,0,0 | P27: =IFERROR(__xludf.DUMMYFUNCTION("""COMPUTED_VALUE"""),"0,0,0,0,0,0") -> 0,0,0,0,0,0 | Q27: =IFERROR(__xludf.DUMMYFUNCTION("""COMPUTED_VALUE"""),",,,,,") -> ,,,,, | R27: =IFERROR(__xludf.DUMMYFUNCTION("""COMPUTED_VALUE"""),"0,0,0,0,1,0") -> 0,0,0,0,1,0 | S27: =IFERROR(__xludf.DUMMYFUNCTION("""COMPUTED_VALUE"""),"1.5,4.5,1.5,0,0,0") -> 1.5,4.5,1.5,0,0,0 | T27: =IFERROR(__xludf.DUMMYFUNCTION("""COMPUTED_VALUE"""),"0,0,0,1.5,1.5,1.5") -> 0,0,0,1.5,1.5,1.5 | U27: =IFERROR(__xludf.DUMMYFUNCTION("""COMPUTED_VALUE"""),"3,0,4.5,0,0,1.5") -> 3,0,4.5,0,0,1.5 | V27: =IFERROR(__xludf.DUMMYFUNCTION("""COMPUTED_VALUE"""),"1.5,0,0,0,0,0") -> 1.5,0,0,0,0,0 | W27: =IFERROR(__xludf.DUMMYFUNCTION("""COMPUTED_VALUE"""),"1ZWlRd0tVUxuNmZQwbNvEW7lU7lmJQorm") -> 1ZWlRd0tVUxuNmZQwbNvEW7lU7lmJQorm
A28: =IFERROR(__xludf.DUMMYFUNCTION("""COMPUTED_VALUE"""),27.0) -> 27 | B28: =IFERROR(__xludf.DUMMYFUNCTION("""COMPUTED_VALUE"""),"Mira Loma A") -> Mira Loma A | C28: =IFERROR(__xludf.DUMMYFUNCTION("""COMPUTED_VALUE"""),"Canyon Crest A") -> Canyon Crest A | D28: =IFERROR(__xludf.DUMMYFUNCTION("""COMPUTED_VALUE"""),2.0) -> 2 | E28: =IFERROR(__xludf.DUMMYFUNCTION("""COMPUTED_VALUE"""),"Round Robin") -> Round Robin | F28: =IFERROR(__xludf.DUMMYFUNCTION("""COMPUTED_VALUE"""),"C") -> C | G28: =IFERROR(__xludf.DUMMYFUNCTION("""COMPUTED_VALUE"""),"DWINELLE 183") -> DWINELLE 183 | H28: =IFERROR(__xludf.DUMMYFUNCTION("""COMPUTED_VALUE"""),"1J5cm-u2EVHySSt4bDNYemFVoTVFmDBlevQ65OIAszfk") -> 1J5cm-u2EVHySSt4bDNYemFVoTVFmDBlevQ65OIAszfk | I28: =IFERROR(__xludf.DUMMYFUNCTION("""COMPUTED_VALUE"""),"https://docs.google.com/spreadsheets/d/1J5cm-u2EVHySSt4bDNYemFVoTVFmDBlevQ65OIAszfk") -> https://docs.google.com/spreadsheets/d/1J5cm-u2EVHySSt4bDNYemFVoTVFmDBlevQ65OIAszfk | J28: =IFERROR(__xludf.DUMMYFUNCTION("""COMPUTED_VALUE"""),TRUE) -> TRUE | K28: =IFERROR(__xludf.DUMMYFUNCTION("""COMPUTED_VALUE"""),96.0) -> 96 | L28: =IFERROR(__xludf.DUMMYFUNCTION("""COMPUTED_VALUE"""),142.0) -> 142 | M28: =IFERROR(__xludf.DUMMYFUNCTION("""COMPUTED_VALUE"""),"0,0,0,0,0,1.5") -> 0,0,0,0,0,1.5 | N28: =IFERROR(__xludf.DUMMYFUNCTION("""COMPUTED_VALUE"""),"0,0,0,0,0,0") -> 0,0,0,0,0,0 | O28: =IFERROR(__xludf.DUMMYFUNCTION("""COMPUTED_VALUE"""),"0,0,0,0,0,0") -> 0,0,0,0,0,0 | P28: =IFERROR(__xludf.DUMMYFUNCTION("""COMPUTED_VALUE"""),"0,1,0,0,0,0") -> 0,1,0,0,0,0 | Q28: =IFERROR(__xludf.DUMMYFUNCTION("""COMPUTED_VALUE"""),"-1,1.5,0,3,1.5,1.5") -> -1,1.5,0,3,1.5,1.5 | R28: =IFERROR(__xludf.DUMMYFUNCTION("""COMPUTED_VALUE"""),"3,0,3,0.5,0,3") -> 3,0,3,0.5,0,3 | S28: =IFERROR(__xludf.DUMMYFUNCTION("""COMPUTED_VALUE"""),"0,0,3,0,0,0") -> 0,0,3,0,0,0 | T28: =IFERROR(__xludf.DUMMYFUNCTION("""COMPUTED_VALUE"""),"1.5,0,0,0,0,0") -> 1.5,0,0,0,0,0 | U28: =IFERROR(__xludf.DUMMYFUNCTION("""COMPUTED_VALUE"""),"0,0,0,0,1.5,0") -> 0,0,0,0,1.5,0 | V28: =IFERROR(__xludf.DUMMYFUNCTION("""COMPUTED_VALUE"""),",,,,,") -> ,,,,, | W28: =IFERROR(__xludf.DUMMYFUNCTION("""COMPUTED_VALUE"""),"1kCYgKAw3Bdw0Zvfxh3KTs44KLK8OXdlZ") -> 1kCYgKAw3Bdw0Zvfxh3KTs44KLK8OXdlZ
A29: =IFERROR(__xludf.DUMMYFUNCTION("""COMPUTED_VALUE"""),28.0) -> 28 | B29: =IFERROR(__xludf.DUMMYFUNCTION("""COMPUTED_VALUE"""),"Monta Vista B") -> Monta Vista B | C29: =IFERROR(__xludf.DUMMYFUNCTION("""COMPUTED_VALUE"""),"Lynbrook A") -> Lynbrook A | D29: =IFERROR(__xludf.DUMMYFUNCTION("""COMPUTED_VALUE"""),2.0) -> 2 | E29: =IFERROR(__xludf.DUMMYFUNCTION("""COMPUTED_VALUE"""),"Round Robin") -> Round Robin | F29: =IFERROR(__xludf.DUMMYFUNCTION("""COMPUTED_VALUE"""),"D") -> D | G29: =IFERROR(__xludf.DUMMYFUNCTION("""COMPUTED_VALUE"""),"DWINELLE 189") -> DWINELLE 189 | H29: =IFERROR(__xludf.DUMMYFUNCTION("""COMPUTED_VALUE"""),"1i1SoQ2kNNzwNcps4z3XYiGPe906hyO7f6mxiZP0vIAs") -> 1i1SoQ2kNNzwNcps4z3XYiGPe906hyO7f6mxiZP0vIAs | I29: =IFERROR(__xludf.DUMMYFUNCTION("""COMPUTED_VALUE"""),"https://docs.google.com/spreadsheets/d/1i1SoQ2kNNzwNcps4z3XYiGPe906hyO7f6mxiZP0vIAs") -> https://docs.google.com/spreadsheets/d/1i1SoQ2kNNzwNcps4z3XYiGPe906hyO7f6mxiZP0vIAs | J29: =IFERROR(__xludf.DUMMYFUNCTION("""COMPUTED_VALUE"""),TRUE) -> TRUE | K29: =IFERROR(__xludf.DUMMYFUNCTION("""COMPUTED_VALUE"""),30.0) -> 30 | L29: =IFERROR(__xludf.DUMMYFUNCTION("""COMPUTED_VALUE"""),186.0) -> 186 | M29: =IFERROR(__xludf.DUMMYFUNCTION("""COMPUTED_VALUE"""),"0,0,0,0,1.5,0") -> 0,0,0,0,1.5,0 | N29: =IFERROR(__xludf.DUMMYFUNCTION("""COMPUTED_VALUE"""),"0,0,1,0,0,0") -> 0,0,1,0,0,0 | O29: =IFERROR(__xludf.DUMMYFUNCTION("""COMPUTED_VALUE"""),"0,0,0,0,0,0") -> 0,0,0,0,0,0 | P29: =IFERROR(__xludf.DUMMYFUNCTION("""COMPUTED_VALUE"""),"0,0,0,0,0,0") -> 0,0,0,0,0,0 | Q29: =IFERROR(__xludf.DUMMYFUNCTION("""COMPUTED_VALUE"""),"#N/A") -> #N/A | R29: =IFERROR(__xludf.DUMMYFUNCTION("""COMPUTED_VALUE"""),"1.5,0,0,0,-1,0") -> 1.5,0,0,0,-1,0 | S29: =IFERROR(__xludf.DUMMYFUNCTION("""COMPUTED_VALUE"""),"0,0,0,0,1.5,3") -> 0,0,0,0,1.5,3 | T29: =IFERROR(__xludf.DUMMYFUNCTION("""COMPUTED_VALUE"""),"0,0,1.5,1.5,0,0") -> 0,0,1.5,1.5,0,0 | U29: =IFERROR(__xludf.DUMMYFUNCTION("""COMPUTED_VALUE"""),"0,3,0,1.5,0,1.5") -> 0,3,0,1.5,0,1.5 | V29: =IFERROR(__xludf.DUMMYFUNCTION("""COMPUTED_VALUE"""),"1.5,1.5,-1,1.5,0,0") -> 1.5,1.5,-1,1.5,0,0 | W29: =IFERROR(__xludf.DUMMYFUNCTION("""COMPUTED_VALUE"""),"1SugmEQju9xy78Wv1Su4-qpjFyVCOG0t1") -> 1SugmEQju9xy78Wv1Su4-qpjFyVCOG0t1
A30: =IFERROR(__xludf.DUMMYFUNCTION("""COMPUTED_VALUE"""),29.0) -> 29 | B30: =IFERROR(__xludf.DUMMYFUNCTION("""COMPUTED_VALUE"""),"Arnold O. Beckman A") -> Arnold O. Beckman A | C30: =IFERROR(__xludf.DUMMYFUNCTION("""COMPUTED_VALUE"""),"Canyon Crest B") -> Canyon Crest B | D30: =IFERROR(__xludf.DUMMYFUNCTION("""COMPUTED_VALUE"""),2.0) -> 2 | E30: =IFERROR(__xludf.DUMMYFUNCTION("""COMPUTED_VALUE"""),"Round Robin") -> Round Robin | F30: =IFERROR(__xludf.DUMMYFUNCTION("""COMPUTED_VALUE"""),"D") -> D | G30: =IFERROR(__xludf.DUMMYFUNCTION("""COMPUTED_VALUE"""),"DWINELLE 204") -> DWINELLE 204 | H30: =IFERROR(__xludf.DUMMYFUNCTION("""COMPUTED_VALUE"""),"1amfu6epaHdtUHw0CAdEjTuyv-GPkgLpvV-KkUTxeCKw") -> 1amfu6epaHdtUHw0CAdEjTuyv-GPkgLpvV-KkUTxeCKw | I30: =IFERROR(__xludf.DUMMYFUNCTION("""COMPUTED_VALUE"""),"https://docs.google.com/spreadsheets/d/1amfu6epaHdtUHw0CAdEjTuyv-GPkgLpvV-KkUTxeCKw") -> https://docs.google.com/spreadsheets/d/1amfu6epaHdtUHw0CAdEjTuyv-GPkgLpvV-KkUTxeCKw | J30: =IFERROR(__xludf.DUMMYFUNCTION("""COMPUTED_VALUE"""),TRUE) -> TRUE | K30: =IFERROR(__xludf.DUMMYFUNCTION("""COMPUTED_VALUE"""),40.0) -> 40 | L30: =IFERROR(__xludf.DUMMYFUNCTION("""COMPUTED_VALUE"""),102.0) -> 102 | M30: =IFERROR(__xludf.DUMMYFUNCTION("""COMPUTED_VALUE"""),"0,0,0,0,1.5,0") -> 0,0,0,0,1.5,0 | N30: =IFERROR(__xludf.DUMMYFUNCTION("""COMPUTED_VALUE"""),"1,2.5,1,0,0,0") -> 1,2.5,1,0,0,0 | O30: =IFERROR(__xludf.DUMMYFUNCTION("""COMPUTED_VALUE"""),"0,0,0,0,0,0") -> 0,0,0,0,0,0 | P30: =IFERROR(__xludf.DUMMYFUNCTION("""COMPUTED_VALUE"""),"0,0,0,0,0,0") -> 0,0,0,0,0,0 | Q30: =IFERROR(__xludf.DUMMYFUNCTION("""COMPUTED_VALUE"""),",,,,,") -> ,,,,, | R30: =IFERROR(__xludf.DUMMYFUNCTION("""COMPUTED_VALUE"""),"2.5,1,0,4,2.5,0") -> 2.5,1,0,4,2.5,0 | S30: =IFERROR(__xludf.DUMMYFUNCTION("""COMPUTED_VALUE"""),"0,1,1,0,0,0") -> 0,1,1,0,0,0 | T30: =IFERROR(__xludf.DUMMYFUNCTION("""COMPUTED_VALUE"""),"0,0,1,0,0,2.5") -> 0,0,1,0,0,2.5 | U30: =IFERROR(__xludf.DUMMYFUNCTION("""COMPUTED_VALUE"""),"0,0,0,0,0,0") -> 0,0,0,0,0,0 | V30: =IFERROR(__xludf.DUMMYFUNCTION("""COMPUTED_VALUE"""),",,,,,") -> ,,,,, | W30: =IFERROR(__xludf.DUMMYFUNCTION("""COMPUTED_VALUE"""),"1Mt9Xksd_TdHkCUOFuH_LJ7Nfrgu0axBx") -> 1Mt9Xksd_TdHkCUOFuH_LJ7Nfrgu0axBx
A31: =IFERROR(__xludf.DUMMYFUNCTION("""COMPUTED_VALUE"""),30.0) -> 30 | B31: =IFERROR(__xludf.DUMMYFUNCTION("""COMPUTED_VALUE"""),"Palo Alto A") -> Palo Alto A | C31: =IFERROR(__xludf.DUMMYFUNCTION("""COMPUTED_VALUE"""),"BASIS Independent A") -> BASIS Independent A | D31: =IFERROR(__xludf.DUMMYFUNCTION("""COMPUTED_VALUE"""),2.0) -> 2 | E31: =IFERROR(__xludf.DUMMYFUNCTION("""COMPUTED_VALUE"""),"Round Robin") -> Round Robin | F31: =IFERROR(__xludf.DUMMYFUNCTION("""COMPUTED_VALUE"""),"D") -> D | G31: =IFERROR(__xludf.DUMMYFUNCTION("""COMPUTED_VALUE"""),"DWINELLE 206") -> DWINELLE 206 | H31: =IFERROR(__xludf.DUMMYFUNCTION("""COMPUTED_VALUE"""),"1_sIPptnkezVclXMOdVxpS7FlaRJjB0MMU2a8cKvYXQM") -> 1_sIPptnkezVclXMOdVxpS7FlaRJjB0MMU2a8cKvYXQM | I31: =IFERROR(__xludf.DUMMYFUNCTION("""COMPUTED_VALUE"""),"https://docs.google.com/spreadsheets/d/1_sIPptnkezVclXMOdVxpS7FlaRJjB0MMU2a8cKvYXQM") -> https://docs.google.com/spreadsheets/d/1_sIPptnkezVclXMOdVxpS7FlaRJjB0MMU2a8cKvYXQM | J31: =IFERROR(__xludf.DUMMYFUNCTION("""COMPUTED_VALUE"""),TRUE) -> TRUE | K31: =IFERROR(__xludf.DUMMYFUNCTION("""COMPUTED_VALUE"""),44.0) -> 44 | L31: =IFERROR(__xludf.DUMMYFUNCTION("""COMPUTED_VALUE"""),90.0) -> 90 | M31: =IFERROR(__xludf.DUMMYFUNCTION("""COMPUTED_VALUE"""),"0,1,0,0,0,2.5") -> 0,1,0,0,0,2.5 | N31: =IFERROR(__xludf.DUMMYFUNCTION("""COMPUTED_VALUE"""),"0,0,0,0,0,0") -> 0,0,0,0,0,0 | O31: =IFERROR(__xludf.DUMMYFUNCTION("""COMPUTED_VALUE"""),"#N/A") -> #N/A | P31: =IFERROR(__xludf.DUMMYFUNCTION("""COMPUTED_VALUE"""),"0,0,0,0,1,0") -> 0,0,0,0,1,0 | Q31: =IFERROR(__xludf.DUMMYFUNCTION("""COMPUTED_VALUE"""),"1.5,0,0,0,0,0") -> 1.5,0,0,0,0,0 | R31: =IFERROR(__xludf.DUMMYFUNCTION("""COMPUTED_VALUE"""),"0,0,0,0,3.5,1.5") -> 0,0,0,0,3.5,1.5 | S31: =IFERROR(__xludf.DUMMYFUNCTION("""COMPUTED_VALUE"""),"0,2.5,2,1.5,0,0") -> 0,2.5,2,1.5,0,0 | T31: =IFERROR(__xludf.DUMMYFUNCTION("""COMPUTED_VALUE"""),"0,0,-1,1.5,0,0") -> 0,0,-1,1.5,0,0 | U31: =IFERROR(__xludf.DUMMYFUNCTION("""COMPUTED_VALUE"""),"0,0,0,0,0,0") -> 0,0,0,0,0,0 | V31: =IFERROR(__xludf.DUMMYFUNCTION("""COMPUTED_VALUE"""),"#N/A") -> #N/A | W31: =IFERROR(__xludf.DUMMYFUNCTION("""COMPUTED_VALUE"""),"1R8Q7gRcKc9BVAL76Yk7Shtq5EWg_4_YO") -> 1R8Q7gRcKc9BVAL76Yk7Shtq5EWg_4_YO
A32: =IFERROR(__xludf.DUMMYFUNCTION("""COMPUTED_VALUE"""),31.0) -> 31 | B32: =IFERROR(__xludf.DUMMYFUNCTION("""COMPUTED_VALUE"""),"Mission San Jose A") -> Mission San Jose A | C32: =IFERROR(__xludf.DUMMYFUNCTION("""COMPUTED_VALUE"""),"Abraham Lincoln") -> Abraham Lincoln | D32: =IFERROR(__xludf.DUMMYFUNCTION("""COMPUTED_VALUE"""),2.0) -> 2 | E32: =IFERROR(__xludf.DUMMYFUNCTION("""COMPUTED_VALUE"""),"Round Robin") -> Round Robin | F32: =IFERROR(__xludf.DUMMYFUNCTION("""COMPUTED_VALUE"""),"E") -> E | G32: =IFERROR(__xludf.DUMMYFUNCTION("""COMPUTED_VALUE"""),"DWINELLE 209") -> DWINELLE 209 | H32: =IFERROR(__xludf.DUMMYFUNCTION("""COMPUTED_VALUE"""),"12OBVp6FmFVyfUv5PsoMW9euUWiazJLtFPPEx-V3lOP8") -> 12OBVp6FmFVyfUv5PsoMW9euUWiazJLtFPPEx-V3lOP8 | I32: =IFERROR(__xludf.DUMMYFUNCTION("""COMPUTED_VALUE"""),"https://docs.google.com/spreadsheets/d/12OBVp6FmFVyfUv5PsoMW9euUWiazJLtFPPEx-V3lOP8") -> https://docs.google.com/spreadsheets/d/12OBVp6FmFVyfUv5PsoMW9euUWiazJLtFPPEx-V3lOP8 | J32: =IFERROR(__xludf.DUMMYFUNCTION("""COMPUTED_VALUE"""),TRUE) -> TRUE | K32: =IFERROR(__xludf.DUMMYFUNCTION("""COMPUTED_VALUE"""),216.0) -> 216 | L32: =IFERROR(__xludf.DUMMYFUNCTION("""COMPUTED_VALUE"""),8.0) -> 8 | M32: =IFERROR(__xludf.DUMMYFUNCTION("""COMPUTED_VALUE"""),"0,0,0,0,1.5,1.5") -> 0,0,0,0,1.5,1.5 | N32: =IFERROR(__xludf.DUMMYFUNCTION("""COMPUTED_VALUE"""),"0,5.5,1.5,1.5,0,0") -> 0,5.5,1.5,1.5,0,0 | O32: =IFERROR(__xludf.DUMMYFUNCTION("""COMPUTED_VALUE"""),"0,0,0,0,1.5,1.5") -> 0,0,0,0,1.5,1.5 | P32: =IFERROR(__xludf.DUMMYFUNCTION("""COMPUTED_VALUE"""),"0,0,4,0,1.5,1.5") -> 0,0,4,0,1.5,1.5 | Q32: =IFERROR(__xludf.DUMMYFUNCTION("""COMPUTED_VALUE"""),"1.5,0,0,1.5,0,0") -> 1.5,0,0,1.5,0,0 | R32: =IFERROR(__xludf.DUMMYFUNCTION("""COMPUTED_VALUE"""),"0,0,0,0,0,0") -> 0,0,0,0,0,0 | S32: =IFERROR(__xludf.DUMMYFUNCTION("""COMPUTED_VALUE"""),"0,0,0,0,0,0") -> 0,0,0,0,0,0 | T32: =IFERROR(__xludf.DUMMYFUNCTION("""COMPUTED_VALUE"""),"0,0,0,0,0,0") -> 0,0,0,0,0,0 | U32: =IFERROR(__xludf.DUMMYFUNCTION("""COMPUTED_VALUE"""),"0,0,0,1,0,-1") -> 0,0,0,1,0,-1 | V32: =IFERROR(__xludf.DUMMYFUNCTION("""COMPUTED_VALUE"""),"0,0,0,0,0,0") -> 0,0,0,0,0,0 | W32: =IFERROR(__xludf.DUMMYFUNCTION("""COMPUTED_VALUE"""),"1ceIlOa2fB7WrLZM2CEwKD06R4jlBCRMA") -> 1ceIlOa2fB7WrLZM2CEwKD06R4jlBCRMA
A33: =IFERROR(__xludf.DUMMYFUNCTION("""COMPUTED_VALUE"""),32.0) -> 32 | B33: =IFERROR(__xludf.DUMMYFUNCTION("""COMPUTED_VALUE"""),"Archbishop Mitty A") -> Archbishop Mitty A | C33: =IFERROR(__xludf.DUMMYFUNCTION("""COMPUTED_VALUE"""),"Saratoga") -> Saratoga | D33: =IFERROR(__xludf.DUMMYFUNCTION("""COMPUTED_VALUE"""),2.0) -> 2 | E33: =IFERROR(__xludf.DUMMYFUNCTION("""COMPUTED_VALUE"""),"Round Robin") -> Round Robin | F33: =IFERROR(__xludf.DUMMYFUNCTION("""COMPUTED_VALUE"""),"E") -> E | G33: =IFERROR(__xludf.DUMMYFUNCTION("""COMPUTED_VALUE"""),"DWINELLE 210") -> DWINELLE 210 | H33: =IFERROR(__xludf.DUMMYFUNCTION("""COMPUTED_VALUE"""),"1myJM8yU8LHRIJyhtDjBchtML2DIxB4FclCvmE4plevM") -> 1myJM8yU8LHRIJyhtDjBchtML2DIxB4FclCvmE4plevM | I33: =IFERROR(__xludf.DUMMYFUNCTION("""COMPUTED_VALUE"""),"https://docs.google.com/spreadsheets/d/1myJM8yU8LHRIJyhtDjBchtML2DIxB4FclCvmE4plevM") -> https://docs.google.com/spreadsheets/d/1myJM8yU8LHRIJyhtDjBchtML2DIxB4FclCvmE4plevM | J33: =IFERROR(__xludf.DUMMYFUNCTION("""COMPUTED_VALUE"""),TRUE) -> TRUE | K33: =IFERROR(__xludf.DUMMYFUNCTION("""COMPUTED_VALUE"""),68.0) -> 68 | L33: =IFERROR(__xludf.DUMMYFUNCTION("""COMPUTED_VALUE"""),118.0) -> 118 | M33: =IFERROR(__xludf.DUMMYFUNCTION("""COMPUTED_VALUE"""),"1.5,1,1,0,0,0") -> 1.5,1,1,0,0,0 | N33: =IFERROR(__xludf.DUMMYFUNCTION("""COMPUTED_VALUE"""),"0,0,0,0,0,0") -> 0,0,0,0,0,0 | O33: =IFERROR(__xludf.DUMMYFUNCTION("""COMPUTED_VALUE"""),"0,0,0,0,0,1") -> 0,0,0,0,0,1 | P33: =IFERROR(__xludf.DUMMYFUNCTION("""COMPUTED_VALUE"""),"2,1.5,0,0,0,0") -> 2,1.5,0,0,0,0 | Q33: =IFERROR(__xludf.DUMMYFUNCTION("""COMPUTED_VALUE"""),",,,,,") -> ,,,,, | R33: =IFERROR(__xludf.DUMMYFUNCTION("""COMPUTED_VALUE"""),"0,0.5,2.5,3,4,-1") -> 0,0.5,2.5,3,4,-1 | S33: =IFERROR(__xludf.DUMMYFUNCTION("""COMPUTED_VALUE"""),"-2,0,0,0,0,0") -> -2,0,0,0,0,0 | T33: =IFERROR(__xludf.DUMMYFUNCTION("""COMPUTED_VALUE"""),"0,0,0,0,0,0") -> 0,0,0,0,0,0 | U33: =IFERROR(__xludf.DUMMYFUNCTION("""COMPUTED_VALUE"""),"1,0,0,0,0,0") -> 1,0,0,0,0,0 | V33: =IFERROR(__xludf.DUMMYFUNCTION("""COMPUTED_VALUE"""),"0,0,0,1.5,0,1") -> 0,0,0,1.5,0,1 | W33: =IFERROR(__xludf.DUMMYFUNCTION("""COMPUTED_VALUE"""),"1_FRkf4EGoH4VxGtiBWR6Sp7-OliBOiic") -> 1_FRkf4EGoH4VxGtiBWR6Sp7-OliBOiic
A34: =IFERROR(__xludf.DUMMYFUNCTION("""COMPUTED_VALUE"""),33.0) -> 33 | B34: =IFERROR(__xludf.DUMMYFUNCTION("""COMPUTED_VALUE"""),"California A") -> California A | C34: =IFERROR(__xludf.DUMMYFUNCTION("""COMPUTED_VALUE"""),"Lynbrook C") -> Lynbrook C | D34: =IFERROR(__xludf.DUMMYFUNCTION("""COMPUTED_VALUE"""),2.0) -> 2 | E34: =IFERROR(__xludf.DUMMYFUNCTION("""COMPUTED_VALUE"""),"Round Robin") -> Round Robin | F34: =IFERROR(__xludf.DUMMYFUNCTION("""COMPUTED_VALUE"""),"E") -> E | G34: =IFERROR(__xludf.DUMMYFUNCTION("""COMPUTED_VALUE"""),"DWINELLE 215") -> DWINELLE 215 | H34: =IFERROR(__xludf.DUMMYFUNCTION("""COMPUTED_VALUE"""),"1cir3Q58uI7HHdiqsGyG0dW-Fbq-ODt6kMVIxs-wTfjE") -> 1cir3Q58uI7HHdiqsGyG0dW-Fbq-ODt6kMVIxs-wTfjE | I34: =IFERROR(__xludf.DUMMYFUNCTION("""COMPUTED_VALUE"""),"https://docs.google.com/spreadsheets/d/1cir3Q58uI7HHdiqsGyG0dW-Fbq-ODt6kMVIxs-wTfjE") -> https://docs.google.com/spreadsheets/d/1cir3Q58uI7HHdiqsGyG0dW-Fbq-ODt6kMVIxs-wTfjE | J34: =IFERROR(__xludf.DUMMYFUNCTION("""COMPUTED_VALUE"""),TRUE) -> TRUE | K34: =IFERROR(__xludf.DUMMYFUNCTION("""COMPUTED_VALUE"""),36.0) -> 36 | L34: =IFERROR(__xludf.DUMMYFUNCTION("""COMPUTED_VALUE"""),170.0) -> 170 | M34: =IFERROR(__xludf.DUMMYFUNCTION("""COMPUTED_VALUE"""),"0,0,0,0,0,0") -> 0,0,0,0,0,0 | N34: =IFERROR(__xludf.DUMMYFUNCTION("""COMPUTED_VALUE"""),"0,0,0,1.5,0,1") -> 0,0,0,1.5,0,1 | O34: =IFERROR(__xludf.DUMMYFUNCTION("""COMPUTED_VALUE"""),"0,0,0,0,0,0") -> 0,0,0,0,0,0 | P34: =IFERROR(__xludf.DUMMYFUNCTION("""COMPUTED_VALUE"""),"0,0,0,0,0,0") -> 0,0,0,0,0,0 | Q34: =IFERROR(__xludf.DUMMYFUNCTION("""COMPUTED_VALUE"""),"0.5,0,0,1,0,0") -> 0.5,0,0,1,0,0 | R34: =IFERROR(__xludf.DUMMYFUNCTION("""COMPUTED_VALUE"""),"0,1.5,0,0,0,0") -> 0,1.5,0,0,0,0 | S34: =IFERROR(__xludf.DUMMYFUNCTION("""COMPUTED_VALUE"""),"1.5,0,1.5,0,0,0") -> 1.5,0,1.5,0,0,0 | T34: =IFERROR(__xludf.DUMMYFUNCTION("""COMPUTED_VALUE"""),"0,0,0,0,3,0") -> 0,0,0,0,3,0 | U34: =IFERROR(__xludf.DUMMYFUNCTION("""COMPUTED_VALUE"""),"1.5,1.5,3,1.5,0,0") -> 1.5,1.5,3,1.5,0,0 | V34: =IFERROR(__xludf.DUMMYFUNCTION("""COMPUTED_VALUE"""),"0,3,0,0,1.5,1.5") -> 0,3,0,0,1.5,1.5 | W34: =IFERROR(__xludf.DUMMYFUNCTION("""COMPUTED_VALUE"""),"1Qna1pYsoUSO2n7l_awkcAfh7nAFZQZGE") -> 1Qna1pYsoUSO2n7l_awkcAfh7nAFZQZGE
A35: =IFERROR(__xludf.DUMMYFUNCTION("""COMPUTED_VALUE"""),34.0) -> 34 | B35: =IFERROR(__xludf.DUMMYFUNCTION("""COMPUTED_VALUE"""),"Dougherty Valley B") -> Dougherty Valley B | C35: =IFERROR(__xludf.DUMMYFUNCTION("""COMPUTED_VALUE"""),"American B") -> American B | D35: =IFERROR(__xludf.DUMMYFUNCTION("""COMPUTED_VALUE"""),2.0) -> 2 | E35: =IFERROR(__xludf.DUMMYFUNCTION("""COMPUTED_VALUE"""),"Round Robin") -> Round Robin | F35: =IFERROR(__xludf.DUMMYFUNCTION("""COMPUTED_VALUE"""),"F") -> F | G35: =IFERROR(__xludf.DUMMYFUNCTION("""COMPUTED_VALUE"""),"DWINELLE 246") -> DWINELLE 246 | H35: =IFERROR(__xludf.DUMMYFUNCTION("""COMPUTED_VALUE"""),"1oE5chvLKtsyie62WbKFTd_PYF7_rw6--ffJF3567ths") -> 1oE5chvLKtsyie62WbKFTd_PYF7_rw6--ffJF3567ths | I35: =IFERROR(__xludf.DUMMYFUNCTION("""COMPUTED_VALUE"""),"https://docs.google.com/spreadsheets/d/1oE5chvLKtsyie62WbKFTd_PYF7_rw6--ffJF3567ths") -> https://docs.google.com/spreadsheets/d/1oE5chvLKtsyie62WbKFTd_PYF7_rw6--ffJF3567ths | J35: =IFERROR(__xludf.DUMMYFUNCTION("""COMPUTED_VALUE"""),TRUE) -> TRUE | K35: =IFERROR(__xludf.DUMMYFUNCTION("""COMPUTED_VALUE"""),104.0) -> 104 | L35: =IFERROR(__xludf.DUMMYFUNCTION("""COMPUTED_VALUE"""),54.0) -> 54 | M35: =IFERROR(__xludf.DUMMYFUNCTION("""COMPUTED_VALUE"""),"3,0,0,1.5,1,1.5") -> 3,0,0,1.5,1,1.5 | N35: =IFERROR(__xludf.DUMMYFUNCTION("""COMPUTED_VALUE"""),"#N/A") -> #N/A | O35: =IFERROR(__xludf.DUMMYFUNCTION("""COMPUTED_VALUE"""),"#N/A") -> #N/A | P35: =IFERROR(__xludf.DUMMYFUNCTION("""COMPUTED_VALUE"""),"1.5,1,2,1.5,0,0") -> 1.5,1,2,1.5,0,0 | Q35: =IFERROR(__xludf.DUMMYFUNCTION("""COMPUTED_VALUE"""),"0,0,0,0,0,0") -> 0,0,0,0,0,0 | R35: =IFERROR(__xludf.DUMMYFUNCTION("""COMPUTED_VALUE"""),"0.5,0,0,0,0,0") -> 0.5,0,0,0,0,0 | S35: =IFERROR(__xludf.DUMMYFUNCTION("""COMPUTED_VALUE"""),"0,1,0,0,0,0") -> 0,1,0,0,0,0 | T35: =IFERROR(__xludf.DUMMYFUNCTION("""COMPUTED_VALUE"""),"0,2.5,0,0,0,0") -> 0,2.5,0,0,0,0 | U35: =IFERROR(__xludf.DUMMYFUNCTION("""COMPUTED_VALUE"""),"#N/A") -> #N/A | V35: =IFERROR(__xludf.DUMMYFUNCTION("""COMPUTED_VALUE"""),"0,0,1,1.5,0,0") -> 0,0,1,1.5,0,0 | W35: =IFERROR(__xludf.DUMMYFUNCTION("""COMPUTED_VALUE"""),"1ZMUmrgOLjgL9cryFCDoYsJzMfRQXQGA0") -> 1ZMUmrgOLjgL9cryFCDoYsJzMfRQXQGA0
A36: =IFERROR(__xludf.DUMMYFUNCTION("""COMPUTED_VALUE"""),35.0) -> 35 | B36: =IFERROR(__xludf.DUMMYFUNCTION("""COMPUTED_VALUE"""),"American A") -> American A | C36: =IFERROR(__xludf.DUMMYFUNCTION("""COMPUTED_VALUE"""),"Foothill A") -> Foothill A | D36: =IFERROR(__xludf.DUMMYFUNCTION("""COMPUTED_VALUE"""),2.0) -> 2 | E36: =IFERROR(__xludf.DUMMYFUNCTION("""COMPUTED_VALUE"""),"Round Robin") -> Round Robin | F36: =IFERROR(__xludf.DUMMYFUNCTION("""COMPUTED_VALUE"""),"F") -> F | G36: =IFERROR(__xludf.DUMMYFUNCTION("""COMPUTED_VALUE"""),"DWINELLE 262") -> DWINELLE 262 | H36: =IFERROR(__xludf.DUMMYFUNCTION("""COMPUTED_VALUE"""),"1jz1InpoQjqokcFkViczCK3lyPGSJI_ZYzevN2V8JvlE") -> 1jz1InpoQjqokcFkViczCK3lyPGSJI_ZYzevN2V8JvlE | I36: =IFERROR(__xludf.DUMMYFUNCTION("""COMPUTED_VALUE"""),"https://docs.google.com/spreadsheets/d/1jz1InpoQjqokcFkViczCK3lyPGSJI_ZYzevN2V8JvlE") -> https://docs.google.com/spreadsheets/d/1jz1InpoQjqokcFkViczCK3lyPGSJI_ZYzevN2V8JvlE | J36: =IFERROR(__xludf.DUMMYFUNCTION("""COMPUTED_VALUE"""),TRUE) -> TRUE | K36: =IFERROR(__xludf.DUMMYFUNCTION("""COMPUTED_VALUE"""),142.0) -> 142 | L36: =IFERROR(__xludf.DUMMYFUNCTION("""COMPUTED_VALUE"""),40.0) -> 40 | M36: =IFERROR(__xludf.DUMMYFUNCTION("""COMPUTED_VALUE"""),"1.5,0,0,3,0,3") -> 1.5,0,0,3,0,3 | N36: =IFERROR(__xludf.DUMMYFUNCTION("""COMPUTED_VALUE"""),"0,1.5,0,0,0,0") -> 0,1.5,0,0,0,0 | O36: =IFERROR(__xludf.DUMMYFUNCTION("""COMPUTED_VALUE"""),"0,1.5,0,0,1,1.5") -> 0,1.5,0,0,1,1.5 | P36: =IFERROR(__xludf.DUMMYFUNCTION("""COMPUTED_VALUE"""),"0,0,0,0,0,0") -> 0,0,0,0,0,0 | Q36: =IFERROR(__xludf.DUMMYFUNCTION("""COMPUTED_VALUE"""),"0,0,1.5,0,2.5,0") -> 0,0,1.5,0,2.5,0 | R36: =IFERROR(__xludf.DUMMYFUNCTION("""COMPUTED_VALUE"""),"0,0,0,0,0,0") -> 0,0,0,0,0,0 | S36: =IFERROR(__xludf.DUMMYFUNCTION("""COMPUTED_VALUE"""),"1,0,0,0,0,0") -> 1,0,0,0,0,0 | T36: =IFERROR(__xludf.DUMMYFUNCTION("""COMPUTED_VALUE"""),"0,0,2.5,1.5,0,0") -> 0,0,2.5,1.5,0,0 | U36: =IFERROR(__xludf.DUMMYFUNCTION("""COMPUTED_VALUE"""),"0,0,0,0,0,0") -> 0,0,0,0,0,0 | V36: =IFERROR(__xludf.DUMMYFUNCTION("""COMPUTED_VALUE"""),"0,0,0,0,0,0") -> 0,0,0,0,0,0 | W36: =IFERROR(__xludf.DUMMYFUNCTION("""COMPUTED_VALUE"""),"1Vl5Oa0oSlbk2HzPsQjyl20DkDyVwWOEm") -> 1Vl5Oa0oSlbk2HzPsQjyl20DkDyVwWOEm
A37: =IFERROR(__xludf.DUMMYFUNCTION("""COMPUTED_VALUE"""),36.0) -> 36 | B37: =IFERROR(__xludf.DUMMYFUNCTION("""COMPUTED_VALUE"""),"Mira Loma B") -> Mira Loma B | C37: =IFERROR(__xludf.DUMMYFUNCTION("""COMPUTED_VALUE"""),"Cupertino A") -> Cupertino A | D37: =IFERROR(__xludf.DUMMYFUNCTION("""COMPUTED_VALUE"""),2.0) -> 2 | E37: =IFERROR(__xludf.DUMMYFUNCTION("""COMPUTED_VALUE"""),"Round Robin") -> Round Robin | F37: =IFERROR(__xludf.DUMMYFUNCTION("""COMPUTED_VALUE"""),"F") -> F | G37: =IFERROR(__xludf.DUMMYFUNCTION("""COMPUTED_VALUE"""),"DWINELLE 263") -> DWINELLE 263 | H37: =IFERROR(__xludf.DUMMYFUNCTION("""COMPUTED_VALUE"""),"1hQda1iH1uvvrknkqTyxKyPMEgb-VCoHaSPhXt1pTo1Y") -> 1hQda1iH1uvvrknkqTyxKyPMEgb-VCoHaSPhXt1pTo1Y | I37: =IFERROR(__xludf.DUMMYFUNCTION("""COMPUTED_VALUE"""),"https://docs.google.com/spreadsheets/d/1hQda1iH1uvvrknkqTyxKyPMEgb-VCoHaSPhXt1pTo1Y") -> https://docs.google.com/spreadsheets/d/1hQda1iH1uvvrknkqTyxKyPMEgb-VCoHaSPhXt1pTo1Y | J37: =IFERROR(__xludf.DUMMYFUNCTION("""COMPUTED_VALUE"""),TRUE) -> TRUE | K37: =IFERROR(__xludf.DUMMYFUNCTION("""COMPUTED_VALUE"""),44.0) -> 44 | L37: =IFERROR(__xludf.DUMMYFUNCTION("""COMPUTED_VALUE"""),132.0) -> 132 | M37: =IFERROR(__xludf.DUMMYFUNCTION("""COMPUTED_VALUE"""),"2.5,-1,1,0,2,0") -> 2.5,-1,1,0,2,0 | N37: =IFERROR(__xludf.DUMMYFUNCTION("""COMPUTED_VALUE"""),"0,0,0,0,0,0") -> 0,0,0,0,0,0 | O37: =IFERROR(__xludf.DUMMYFUNCTION("""COMPUTED_VALUE"""),"0,0,0,1.5,0,0") -> 0,0,0,1.5,0,0 | P37: =IFERROR(__xludf.DUMMYFUNCTION("""COMPUTED_VALUE"""),"0,0,0,0,0,0") -> 0,0,0,0,0,0 | Q37: =IFERROR(__xludf.DUMMYFUNCTION("""COMPUTED_VALUE"""),"0,0,0,0,0,0") -> 0,0,0,0,0,0 | R37: =IFERROR(__xludf.DUMMYFUNCTION("""COMPUTED_VALUE"""),"1.5,2.5,0,1.5,0,0") -> 1.5,2.5,0,1.5,0,0 | S37: =IFERROR(__xludf.DUMMYFUNCTION("""COMPUTED_VALUE"""),"0,2.5,2.5,1.5,0,4.5") -> 0,2.5,2.5,1.5,0,4.5 | T37: =IFERROR(__xludf.DUMMYFUNCTION("""COMPUTED_VALUE"""),"0,0,0,0,0,0") -> 0,0,0,0,0,0 | U37: =IFERROR(__xludf.DUMMYFUNCTION("""COMPUTED_VALUE"""),"0,0,0,0,0,0") -> 0,0,0,0,0,0 | V37: =IFERROR(__xludf.DUMMYFUNCTION("""COMPUTED_VALUE"""),"0,0,0,0,0,0") -> 0,0,0,0,0,0 | W37: =IFERROR(__xludf.DUMMYFUNCTION("""COMPUTED_VALUE"""),"1iSlolT830hPWUFNO8QFe1M73jdBAFnII") -> 1iSlolT830hPWUFNO8QFe1M73jdBAFnII
A38: =IFERROR(__xludf.DUMMYFUNCTION("""COMPUTED_VALUE"""),37.0) -> 37 | B38: =IFERROR(__xludf.DUMMYFUNCTION("""COMPUTED_VALUE"""),"Stanford Online") -> Stanford Online | C38: =IFERROR(__xludf.DUMMYFUNCTION("""COMPUTED_VALUE"""),"Dougherty Valley A") -> Dougherty Valley A | D38: =IFERROR(__xludf.DUMMYFUNCTION("""COMPUTED_VALUE"""),3.0) -> 3 | E38: =IFERROR(__xludf.DUMMYFUNCTION("""COMPUTED_VALUE"""),"Round Robin") -> Round Robin | F38: =IFERROR(__xludf.DUMMYFUNCTION("""COMPUTED_VALUE"""),"A") -> A | G38: =IFERROR(__xludf.DUMMYFUNCTION("""COMPUTED_VALUE"""),"DWINELLE 87") -> DWINELLE 87 | H38: =IFERROR(__xludf.DUMMYFUNCTION("""COMPUTED_VALUE"""),"1zI1PWNVOSgtrQ5h8hb5Rfx0SG-_8HCGABj8HQhJQJyo") -> 1zI1PWNVOSgtrQ5h8hb5Rfx0SG-_8HCGABj8HQhJQJyo | I38: =IFERROR(__xludf.DUMMYFUNCTION("""COMPUTED_VALUE"""),"https://docs.google.com/spreadsheets/d/1zI1PWNVOSgtrQ5h8hb5Rfx0SG-_8HCGABj8HQhJQJyo") -> https://docs.google.com/spreadsheets/d/1zI1PWNVOSgtrQ5h8hb5Rfx0SG-_8HCGABj8HQhJQJyo | J38: =IFERROR(__xludf.DUMMYFUNCTION("""COMPUTED_VALUE"""),TRUE) -> TRUE | K38: =IFERROR(__xludf.DUMMYFUNCTION("""COMPUTED_VALUE"""),84.0) -> 84 | L38: =IFERROR(__xludf.DUMMYFUNCTION("""COMPUTED_VALUE"""),90.0) -> 90 | M38: =IFERROR(__xludf.DUMMYFUNCTION("""COMPUTED_VALUE"""),"2.5,-1,1,1,1.5,-1") -> 2.5,-1,1,1,1.5,-1 | N38: =IFERROR(__xludf.DUMMYFUNCTION("""COMPUTED_VALUE"""),"0,0,0,0,0,0") -> 0,0,0,0,0,0 | O38: =IFERROR(__xludf.DUMMYFUNCTION("""COMPUTED_VALUE"""),"3,0,0,0,0,1") -> 3,0,0,0,0,1 | P38: =IFERROR(__xludf.DUMMYFUNCTION("""COMPUTED_VALUE"""),"0,0,0,0,0,0") -> 0,0,0,0,0,0 | Q38: =IFERROR(__xludf.DUMMYFUNCTION("""COMPUTED_VALUE"""),",,,,,") -> ,,,,, | R38: =IFERROR(__xludf.DUMMYFUNCTION("""COMPUTED_VALUE"""),"0,2.5,0,0,0,0") -> 0,2.5,0,0,0,0 | S38: =IFERROR(__xludf.DUMMYFUNCTION("""COMPUTED_VALUE"""),"0,0,0,0,1.5,3") -> 0,0,0,0,1.5,3 | T38: =IFERROR(__xludf.DUMMYFUNCTION("""COMPUTED_VALUE"""),"-1,0,0,-1,0,0") -> -1,0,0,-1,0,0 | U38: =IFERROR(__xludf.DUMMYFUNCTION("""COMPUTED_VALUE"""),"1.5,0,1,0,0,0") -> 1.5,0,1,0,0,0 | V38: =IFERROR(__xludf.DUMMYFUNCTION("""COMPUTED_VALUE"""),",,,,,") -> ,,,,, | W38: =IFERROR(__xludf.DUMMYFUNCTION("""COMPUTED_VALUE"""),"1wU8ddNcIDYy_LNgK50_oAheTJQ7qxrnc") -> 1wU8ddNcIDYy_LNgK50_oAheTJQ7qxrnc
A39: =IFERROR(__xludf.DUMMYFUNCTION("""COMPUTED_VALUE"""),38.0) -> 38 | B39: =IFERROR(__xludf.DUMMYFUNCTION("""COMPUTED_VALUE"""),"Mission San Jose B") -> Mission San Jose B | C39: =IFERROR(__xludf.DUMMYFUNCTION("""COMPUTED_VALUE"""),"BASIS Independent B") -> BASIS Independent B | D39: =IFERROR(__xludf.DUMMYFUNCTION("""COMPUTED_VALUE"""),3.0) -> 3 | E39: =IFERROR(__xludf.DUMMYFUNCTION("""COMPUTED_VALUE"""),"Round Robin") -> Round Robin | F39: =IFERROR(__xludf.DUMMYFUNCTION("""COMPUTED_VALUE"""),"A") -> A | G39: =IFERROR(__xludf.DUMMYFUNCTION("""COMPUTED_VALUE"""),"DWINELLE 88") -> DWINELLE 88 | H39: =IFERROR(__xludf.DUMMYFUNCTION("""COMPUTED_VALUE"""),"1w4cCeNC-mn0KD69XaM-x7uPnGFLE8D77x4niZHm8Rmg") -> 1w4cCeNC-mn0KD69XaM-x7uPnGFLE8D77x4niZHm8Rmg | I39: =IFERROR(__xludf.DUMMYFUNCTION("""COMPUTED_VALUE"""),"https://docs.google.com/spreadsheets/d/1w4cCeNC-mn0KD69XaM-x7uPnGFLE8D77x4niZHm8Rmg") -> https://docs.google.com/spreadsheets/d/1w4cCeNC-mn0KD69XaM-x7uPnGFLE8D77x4niZHm8Rmg | J39: =IFERROR(__xludf.DUMMYFUNCTION("""COMPUTED_VALUE"""),TRUE) -> TRUE | K39: =IFERROR(__xludf.DUMMYFUNCTION("""COMPUTED_VALUE"""),144.0) -> 144 | L39: =IFERROR(__xludf.DUMMYFUNCTION("""COMPUTED_VALUE"""),32.0) -> 32 | M39: =IFERROR(__xludf.DUMMYFUNCTION("""COMPUTED_VALUE"""),"3,0,3,0,0,0") -> 3,0,3,0,0,0 | N39: =IFERROR(__xludf.DUMMYFUNCTION("""COMPUTED_VALUE"""),"4.5,-1,0.5,-1,0,-1") -> 4.5,-1,0.5,-1,0,-1 | O39: =IFERROR(__xludf.DUMMYFUNCTION("""COMPUTED_VALUE"""),"0,0,0,0,0,0") -> 0,0,0,0,0,0 | P39: =IFERROR(__xludf.DUMMYFUNCTION("""COMPUTED_VALUE"""),"0,0,0,0,3,0") -> 0,0,0,0,3,0 | Q39: =IFERROR(__xludf.DUMMYFUNCTION("""COMPUTED_VALUE"""),"#N/A") -> #N/A | R39: =IFERROR(__xludf.DUMMYFUNCTION("""COMPUTED_VALUE"""),"0,1,0,0,0,0") -> 0,1,0,0,0,0 | S39: =IFERROR(__xludf.DUMMYFUNCTION("""COMPUTED_VALUE"""),"0,0,1,0,0,0") -> 0,0,1,0,0,0 | T39: =IFERROR(__xludf.DUMMYFUNCTION("""COMPUTED_VALUE"""),"0,0,0,0,0,0") -> 0,0,0,0,0,0 | U39: =IFERROR(__xludf.DUMMYFUNCTION("""COMPUTED_VALUE"""),"0,1,0,0,0,0") -> 0,1,0,0,0,0 | V39: =IFERROR(__xludf.DUMMYFUNCTION("""COMPUTED_VALUE"""),",,,,,") -> ,,,,, | W39: =IFERROR(__xludf.DUMMYFUNCTION("""COMPUTED_VALUE"""),"103JTGMew8yagYGeIoIvugJ7A3dBmouHQ") -> 103JTGMew8yagYGeIoIvugJ7A3dBmouHQ
A40: =IFERROR(__xludf.DUMMYFUNCTION("""COMPUTED_VALUE"""),39.0) -> 39 | B40: =IFERROR(__xludf.DUMMYFUNCTION("""COMPUTED_VALUE"""),"Saint Francis") -> Saint Francis | C40: =IFERROR(__xludf.DUMMYFUNCTION("""COMPUTED_VALUE"""),"Palo Alto B") -> Palo Alto B | D40: =IFERROR(__xludf.DUMMYFUNCTION("""COMPUTED_VALUE"""),3.0) -> 3 | E40: =IFERROR(__xludf.DUMMYFUNCTION("""COMPUTED_VALUE"""),"Round Robin") -> Round Robin | F40: =IFERROR(__xludf.DUMMYFUNCTION("""COMPUTED_VALUE"""),"A") -> A | G40: =IFERROR(__xludf.DUMMYFUNCTION("""COMPUTED_VALUE"""),"DWINELLE 89") -> DWINELLE 89 | H40: =IFERROR(__xludf.DUMMYFUNCTION("""COMPUTED_VALUE"""),"1K04BvVsiWWGFgANH7uLrTk9g4XbGEvFzPG7nzsMDa6o") -> 1K04BvVsiWWGFgANH7uLrTk9g4XbGEvFzPG7nzsMDa6o | I40: =IFERROR(__xludf.DUMMYFUNCTION("""COMPUTED_VALUE"""),"https://docs.google.com/spreadsheets/d/1K04BvVsiWWGFgANH7uLrTk9g4XbGEvFzPG7nzsMDa6o") -> https://docs.google.com/spreadsheets/d/1K04BvVsiWWGFgANH7uLrTk9g4XbGEvFzPG7nzsMDa6o | J40: =IFERROR(__xludf.DUMMYFUNCTION("""COMPUTED_VALUE"""),TRUE) -> TRUE | K40: =IFERROR(__xludf.DUMMYFUNCTION("""COMPUTED_VALUE"""),106.0) -> 106 | L40: =IFERROR(__xludf.DUMMYFUNCTION("""COMPUTED_VALUE"""),48.0) -> 48 | M40: =IFERROR(__xludf.DUMMYFUNCTION("""COMPUTED_VALUE"""),"4.5,-1,2,1.5,1.5,0") -> 4.5,-1,2,1.5,1.5,0 | N40: =IFERROR(__xludf.DUMMYFUNCTION("""COMPUTED_VALUE"""),"0,0,0,0,0,0") -> 0,0,0,0,0,0 | O40: =IFERROR(__xludf.DUMMYFUNCTION("""COMPUTED_VALUE"""),"0,0,0,0,0,-1") -> 0,0,0,0,0,-1 | P40: =IFERROR(__xludf.DUMMYFUNCTION("""COMPUTED_VALUE"""),"0,1.5,0,0,1.5,0") -> 0,1.5,0,0,1.5,0 | Q40: =IFERROR(__xludf.DUMMYFUNCTION("""COMPUTED_VALUE"""),"0,0,0,0,0,0") -> 0,0,0,0,0,0 | R40: =IFERROR(__xludf.DUMMYFUNCTION("""COMPUTED_VALUE"""),"0,0,0,0,0,0") -> 0,0,0,0,0,0 | S40: =IFERROR(__xludf.DUMMYFUNCTION("""COMPUTED_VALUE"""),"3,0,0,0,0,1") -> 3,0,0,0,0,1 | T40: =IFERROR(__xludf.DUMMYFUNCTION("""COMPUTED_VALUE"""),"0,1,0,0,0,0") -> 0,1,0,0,0,0 | U40: =IFERROR(__xludf.DUMMYFUNCTION("""COMPUTED_VALUE"""),"0,0,0,0,0,0") -> 0,0,0,0,0,0 | V40: =IFERROR(__xludf.DUMMYFUNCTION("""COMPUTED_VALUE"""),"0,0,0,0,0,1") -> 0,0,0,0,0,1 | W40: =IFERROR(__xludf.DUMMYFUNCTION("""COMPUTED_VALUE"""),"1iE_5-GNdmwZ6YBR19NoryqpaMeSaQNwX") -> 1iE_5-GNdmwZ6YBR19NoryqpaMeSaQNwX
A41: =IFERROR(__xludf.DUMMYFUNCTION("""COMPUTED_VALUE"""),40.0) -> 40 | B41: =IFERROR(__xludf.DUMMYFUNCTION("""COMPUTED_VALUE"""),"Foothill B") -> Foothill B | C41: =IFERROR(__xludf.DUMMYFUNCTION("""COMPUTED_VALUE"""),"Monta Vista A") -> Monta Vista A | D41: =IFERROR(__xludf.DUMMYFUNCTION("""COMPUTED_VALUE"""),3.0) -> 3 | E41: =IFERROR(__xludf.DUMMYFUNCTION("""COMPUTED_VALUE"""),"Round Robin") -> Round Robin | F41: =IFERROR(__xludf.DUMMYFUNCTION("""COMPUTED_VALUE"""),"B") -> B | G41: =IFERROR(__xludf.DUMMYFUNCTION("""COMPUTED_VALUE"""),"DWINELLE 105") -> DWINELLE 105 | H41: =IFERROR(__xludf.DUMMYFUNCTION("""COMPUTED_VALUE"""),"1a9dFMqieyAAfWOgCCyfkxVaTZwa4Ozu3u5RLvdM--n0") -> 1a9dFMqieyAAfWOgCCyfkxVaTZwa4Ozu3u5RLvdM--n0 | I41: =IFERROR(__xludf.DUMMYFUNCTION("""COMPUTED_VALUE"""),"https://docs.google.com/spreadsheets/d/1a9dFMqieyAAfWOgCCyfkxVaTZwa4Ozu3u5RLvdM--n0") -> https://docs.google.com/spreadsheets/d/1a9dFMqieyAAfWOgCCyfkxVaTZwa4Ozu3u5RLvdM--n0 | J41: =IFERROR(__xludf.DUMMYFUNCTION("""COMPUTED_VALUE"""),TRUE) -> TRUE | K41: =IFERROR(__xludf.DUMMYFUNCTION("""COMPUTED_VALUE"""),74.0) -> 74 | L41: =IFERROR(__xludf.DUMMYFUNCTION("""COMPUTED_VALUE"""),106.0) -> 106 | M41: =IFERROR(__xludf.DUMMYFUNCTION("""COMPUTED_VALUE"""),"0,1,0,1,0,0") -> 0,1,0,1,0,0 | N41: =IFERROR(__xludf.DUMMYFUNCTION("""COMPUTED_VALUE"""),"0,0,0,1,0,0") -> 0,0,0,1,0,0 | O41: =IFERROR(__xludf.DUMMYFUNCTION("""COMPUTED_VALUE"""),"1.5,0,0,0,0,0") -> 1.5,0,0,0,0,0 | P41: =IFERROR(__xludf.DUMMYFUNCTION("""COMPUTED_VALUE"""),"1.5,0,2.5,0,0,0") -> 1.5,0,2.5,0,0,0 | Q41: =IFERROR(__xludf.DUMMYFUNCTION("""COMPUTED_VALUE"""),"0,0,0,0,2.5,0") -> 0,0,0,0,2.5,0 | R41: =IFERROR(__xludf.DUMMYFUNCTION("""COMPUTED_VALUE"""),"1.5,0,0,0,0,0") -> 1.5,0,0,0,0,0 | S41: =IFERROR(__xludf.DUMMYFUNCTION("""COMPUTED_VALUE"""),"3,3.5,0,0,0,0") -> 3,3.5,0,0,0,0 | T41: =IFERROR(__xludf.DUMMYFUNCTION("""COMPUTED_VALUE"""),"0,0,0,0,0,0") -> 0,0,0,0,0,0 | U41: =IFERROR(__xludf.DUMMYFUNCTION("""COMPUTED_VALUE"""),"0,0,1.5,0,0,0") -> 0,0,1.5,0,0,0 | V41: =IFERROR(__xludf.DUMMYFUNCTION("""COMPUTED_VALUE"""),"0,0,0,0,0,1.5") -> 0,0,0,0,0,1.5 | W41: =IFERROR(__xludf.DUMMYFUNCTION("""COMPUTED_VALUE"""),"1fnjyoidcVE3Yg85FHmTdFy4Wd_jCu9Cr") -> 1fnjyoidcVE3Yg85FHmTdFy4Wd_jCu9Cr
A42: =IFERROR(__xludf.DUMMYFUNCTION("""COMPUTED_VALUE"""),41.0) -> 41 | B42: =IFERROR(__xludf.DUMMYFUNCTION("""COMPUTED_VALUE"""),"California B") -> California B | C42: =IFERROR(__xludf.DUMMYFUNCTION("""COMPUTED_VALUE"""),"Amador Valley A") -> Amador Valley A | D42: =IFERROR(__xludf.DUMMYFUNCTION("""COMPUTED_VALUE"""),3.0) -> 3 | E42: =IFERROR(__xludf.DUMMYFUNCTION("""COMPUTED_VALUE"""),"Round Robin") -> Round Robin | F42: =IFERROR(__xludf.DUMMYFUNCTION("""COMPUTED_VALUE"""),"B") -> B | G42: =IFERROR(__xludf.DUMMYFUNCTION("""COMPUTED_VALUE"""),"DWINELLE 106") -> DWINELLE 106 | H42: =IFERROR(__xludf.DUMMYFUNCTION("""COMPUTED_VALUE"""),"1w6y4qo4egYm2wMazMTpIGvtphZT9S447kg1dOxB6ARA") -> 1w6y4qo4egYm2wMazMTpIGvtphZT9S447kg1dOxB6ARA | I42: =IFERROR(__xludf.DUMMYFUNCTION("""COMPUTED_VALUE"""),"https://docs.google.com/spreadsheets/d/1w6y4qo4egYm2wMazMTpIGvtphZT9S447kg1dOxB6ARA") -> https://docs.google.com/spreadsheets/d/1w6y4qo4egYm2wMazMTpIGvtphZT9S447kg1dOxB6ARA | J42: =IFERROR(__xludf.DUMMYFUNCTION("""COMPUTED_VALUE"""),TRUE) -> TRUE | K42: =IFERROR(__xludf.DUMMYFUNCTION("""COMPUTED_VALUE"""),76.0) -> 76 | L42: =IFERROR(__xludf.DUMMYFUNCTION("""COMPUTED_VALUE"""),124.0) -> 124 | M42: =IFERROR(__xludf.DUMMYFUNCTION("""COMPUTED_VALUE"""),"2.5,0,1,0,0,-1") -> 2.5,0,1,0,0,-1 | N42: =IFERROR(__xludf.DUMMYFUNCTION("""COMPUTED_VALUE"""),"0,1,0,0,0,0") -> 0,1,0,0,0,0 | O42: =IFERROR(__xludf.DUMMYFUNCTION("""COMPUTED_VALUE"""),"0,0,0,0,0,0") -> 0,0,0,0,0,0 | P42: =IFERROR(__xludf.DUMMYFUNCTION("""COMPUTED_VALUE"""),"#N/A") -> #N/A | Q42: =IFERROR(__xludf.DUMMYFUNCTION("""COMPUTED_VALUE"""),"0,1.5,0,0,0,0") -> 0,1.5,0,0,0,0 | R42: =IFERROR(__xludf.DUMMYFUNCTION("""COMPUTED_VALUE"""),"0,0.5,0,0,0,0") -> 0,0.5,0,0,0,0 | S42: =IFERROR(__xludf.DUMMYFUNCTION("""COMPUTED_VALUE"""),"0.5,-1,1,0.5,0,0") -> 0.5,-1,1,0.5,0,0 | T42: =IFERROR(__xludf.DUMMYFUNCTION("""COMPUTED_VALUE"""),"1.5,0,-1,0,0,0") -> 1.5,0,-1,0,0,0 | U42: =IFERROR(__xludf.DUMMYFUNCTION("""COMPUTED_VALUE"""),"0,0,1.5,0,0.5,0.5") -> 0,0,1.5,0,0.5,0.5 | V42: =IFERROR(__xludf.DUMMYFUNCTION("""COMPUTED_VALUE"""),"1.5,-1,0,0,0,0") -> 1.5,-1,0,0,0,0 | W42: =IFERROR(__xludf.DUMMYFUNCTION("""COMPUTED_VALUE"""),"1ZOcpmnz6rsr8oUEZv7nnQmus2y0zN2kl") -> 1ZOcpmnz6rsr8oUEZv7nnQmus2y0zN2kl
A43: =IFERROR(__xludf.DUMMYFUNCTION("""COMPUTED_VALUE"""),42.0) -> 42 | B43: =IFERROR(__xludf.DUMMYFUNCTION("""COMPUTED_VALUE"""),"Irvington") -> Irvington | C43: =IFERROR(__xludf.DUMMYFUNCTION("""COMPUTED_VALUE"""),"North Hollywood") -> North Hollywood | D43: =IFERROR(__xludf.DUMMYFUNCTION("""COMPUTED_VALUE"""),3.0) -> 3 | E43: =IFERROR(__xludf.DUMMYFUNCTION("""COMPUTED_VALUE"""),"Round Robin") -> Round Robin | F43: =IFERROR(__xludf.DUMMYFUNCTION("""COMPUTED_VALUE"""),"B") -> B | G43: =IFERROR(__xludf.DUMMYFUNCTION("""COMPUTED_VALUE"""),"DWINELLE 109") -> DWINELLE 109 | H43: =IFERROR(__xludf.DUMMYFUNCTION("""COMPUTED_VALUE"""),"1SvjRYVeNNRJcQ3VJKdMXBT7714tdtmQHERgUpVSWxX8") -> 1SvjRYVeNNRJcQ3VJKdMXBT7714tdtmQHERgUpVSWxX8 | I43: =IFERROR(__xludf.DUMMYFUNCTION("""COMPUTED_VALUE"""),"https://docs.google.com/spreadsheets/d/1SvjRYVeNNRJcQ3VJKdMXBT7714tdtmQHERgUpVSWxX8") -> https://docs.google.com/spreadsheets/d/1SvjRYVeNNRJcQ3VJKdMXBT7714tdtmQHERgUpVSWxX8 | J43: =IFERROR(__xludf.DUMMYFUNCTION("""COMPUTED_VALUE"""),TRUE) -> TRUE | K43: =IFERROR(__xludf.DUMMYFUNCTION("""COMPUTED_VALUE"""),16.0) -> 16 | L43: =IFERROR(__xludf.DUMMYFUNCTION("""COMPUTED_VALUE"""),218.0) -> 218 | M43: =IFERROR(__xludf.DUMMYFUNCTION("""COMPUTED_VALUE"""),"0,1,0,0,0,0") -> 0,1,0,0,0,0 | N43: =IFERROR(__xludf.DUMMYFUNCTION("""COMPUTED_VALUE"""),"1,0,0,1,0,0") -> 1,0,0,1,0,0 | O43: =IFERROR(__xludf.DUMMYFUNCTION("""COMPUTED_VALUE"""),"0,0,0,0,0,0") -> 0,0,0,0,0,0 | P43: =IFERROR(__xludf.DUMMYFUNCTION("""COMPUTED_VALUE"""),"#N/A") -> #N/A | Q43: =IFERROR(__xludf.DUMMYFUNCTION("""COMPUTED_VALUE"""),"0,0,0,0,0,0") -> 0,0,0,0,0,0 | R43: =IFERROR(__xludf.DUMMYFUNCTION("""COMPUTED_VALUE"""),"0,0,0,0,3,3") -> 0,0,0,0,3,3 | S43: =IFERROR(__xludf.DUMMYFUNCTION("""COMPUTED_VALUE"""),"0,1.5,1.5,0,1.5,0") -> 0,1.5,1.5,0,1.5,0 | T43: =IFERROR(__xludf.DUMMYFUNCTION("""COMPUTED_VALUE"""),"0,0,0,0,0,0") -> 0,0,0,0,0,0 | U43: =IFERROR(__xludf.DUMMYFUNCTION("""COMPUTED_VALUE"""),"#N/A") -> #N/A | V43: =IFERROR(__xludf.DUMMYFUNCTION("""COMPUTED_VALUE"""),",,,,,") -> ,,,,, | W43: =IFERROR(__xludf.DUMMYFUNCTION("""COMPUTED_VALUE"""),"1ivbxAGj__h08xVy2FRbo7iHDWDbLgwNl") -> 1ivbxAGj__h08xVy2FRbo7iHDWDbLgwNl
A44: =IFERROR(__xludf.DUMMYFUNCTION("""COMPUTED_VALUE"""),43.0) -> 43 | B44: =IFERROR(__xludf.DUMMYFUNCTION("""COMPUTED_VALUE"""),"Canyon Crest A") -> Canyon Crest A | C44: =IFERROR(__xludf.DUMMYFUNCTION("""COMPUTED_VALUE"""),"Amador Valley B") -> Amador Valley B | D44: =IFERROR(__xludf.DUMMYFUNCTION("""COMPUTED_VALUE"""),3.0) -> 3 | E44: =IFERROR(__xludf.DUMMYFUNCTION("""COMPUTED_VALUE"""),"Round Robin") -> Round Robin | F44: =IFERROR(__xludf.DUMMYFUNCTION("""COMPUTED_VALUE"""),"C") -> C | G44: =IFERROR(__xludf.DUMMYFUNCTION("""COMPUTED_VALUE"""),"DWINELLE 179") -> DWINELLE 179 | H44: =IFERROR(__xludf.DUMMYFUNCTION("""COMPUTED_VALUE"""),"1ae4-ykuFF1vYkgHxCJ3J0GDldvUADQP8UfbMJJrASgE") -> 1ae4-ykuFF1vYkgHxCJ3J0GDldvUADQP8UfbMJJrASgE | I44: =IFERROR(__xludf.DUMMYFUNCTION("""COMPUTED_VALUE"""),"https://docs.google.com/spreadsheets/d/1ae4-ykuFF1vYkgHxCJ3J0GDldvUADQP8UfbMJJrASgE") -> https://docs.google.com/spreadsheets/d/1ae4-ykuFF1vYkgHxCJ3J0GDldvUADQP8UfbMJJrASgE | J44: =IFERROR(__xludf.DUMMYFUNCTION("""COMPUTED_VALUE"""),TRUE) -> TRUE | K44: =IFERROR(__xludf.DUMMYFUNCTION("""COMPUTED_VALUE"""),192.0) -> 192 | L44: =IFERROR(__xludf.DUMMYFUNCTION("""COMPUTED_VALUE"""),26.0) -> 26 | M44: =IFERROR(__xludf.DUMMYFUNCTION("""COMPUTED_VALUE"""),"0,4.5,0,0,1.5,3.5") -> 0,4.5,0,0,1.5,3.5 | N44: =IFERROR(__xludf.DUMMYFUNCTION("""COMPUTED_VALUE"""),"1.5,0,4.5,0,0,0") -> 1.5,0,4.5,0,0,0 | O44: =IFERROR(__xludf.DUMMYFUNCTION("""COMPUTED_VALUE"""),"4.5,0,1.5,-1,0,0") -> 4.5,0,1.5,-1,0,0 | P44: =IFERROR(__xludf.DUMMYFUNCTION("""COMPUTED_VALUE"""),"0,0,0,0,2.5,0") -> 0,0,0,0,2.5,0 | Q44: =IFERROR(__xludf.DUMMYFUNCTION("""COMPUTED_VALUE"""),",,,,,") -> ,,,,, | R44: =IFERROR(__xludf.DUMMYFUNCTION("""COMPUTED_VALUE"""),"0,0,0,0,0,0") -> 0,0,0,0,0,0 | S44: =IFERROR(__xludf.DUMMYFUNCTION("""COMPUTED_VALUE"""),"0,1,0,0,0,0") -> 0,1,0,0,0,0 | T44: =IFERROR(__xludf.DUMMYFUNCTION("""COMPUTED_VALUE"""),"1.5,0,0,0,-1,0") -> 1.5,0,0,0,-1,0 | U44: =IFERROR(__xludf.DUMMYFUNCTION("""COMPUTED_VALUE"""),"0,0,0,1,0,0") -> 0,0,0,1,0,0 | V44: =IFERROR(__xludf.DUMMYFUNCTION("""COMPUTED_VALUE"""),",,,,,") -> ,,,,, | W44: =IFERROR(__xludf.DUMMYFUNCTION("""COMPUTED_VALUE"""),"1VhY5duZynZljzs0fA-JdTCNRRkzQRGTm") -> 1VhY5duZynZljzs0fA-JdTCNRRkzQRGTm
A45: =IFERROR(__xludf.DUMMYFUNCTION("""COMPUTED_VALUE"""),44.0) -> 44 | B45: =IFERROR(__xludf.DUMMYFUNCTION("""COMPUTED_VALUE"""),"Cupertino B") -> Cupertino B | C45: =IFERROR(__xludf.DUMMYFUNCTION("""COMPUTED_VALUE"""),"Archbishop Mitty B") -> Archbishop Mitty B | D45: =IFERROR(__xludf.DUMMYFUNCTION("""COMPUTED_VALUE"""),3.0) -> 3 | E45: =IFERROR(__xludf.DUMMYFUNCTION("""COMPUTED_VALUE"""),"Round Robin") -> Round Robin | F45: =IFERROR(__xludf.DUMMYFUNCTION("""COMPUTED_VALUE"""),"C") -> C | G45: =IFERROR(__xludf.DUMMYFUNCTION("""COMPUTED_VALUE"""),"DWINELLE 182") -> DWINELLE 182 | H45: =IFERROR(__xludf.DUMMYFUNCTION("""COMPUTED_VALUE"""),"1RJypWp2wTqihwoFhBJ_qzMuRkRjJi0pIq_EYAhiIu04") -> 1RJypWp2wTqihwoFhBJ_qzMuRkRjJi0pIq_EYAhiIu04 | I45: =IFERROR(__xludf.DUMMYFUNCTION("""COMPUTED_VALUE"""),"https://docs.google.com/spreadsheets/d/1RJypWp2wTqihwoFhBJ_qzMuRkRjJi0pIq_EYAhiIu04") -> https://docs.google.com/spreadsheets/d/1RJypWp2wTqihwoFhBJ_qzMuRkRjJi0pIq_EYAhiIu04 | J45: =IFERROR(__xludf.DUMMYFUNCTION("""COMPUTED_VALUE"""),TRUE) -> TRUE | K45: =IFERROR(__xludf.DUMMYFUNCTION("""COMPUTED_VALUE"""),36.0) -> 36 | L45: =IFERROR(__xludf.DUMMYFUNCTION("""COMPUTED_VALUE"""),90.0) -> 90 | M45: =IFERROR(__xludf.DUMMYFUNCTION("""COMPUTED_VALUE"""),"1.5,2,0,0,0,0") -> 1.5,2,0,0,0,0 | N45: =IFERROR(__xludf.DUMMYFUNCTION("""COMPUTED_VALUE"""),"0,0,0,0,0,-1") -> 0,0,0,0,0,-1 | O45: =IFERROR(__xludf.DUMMYFUNCTION("""COMPUTED_VALUE"""),"0,0,0,0,0,0") -> 0,0,0,0,0,0 | P45: =IFERROR(__xludf.DUMMYFUNCTION("""COMPUTED_VALUE"""),"1.5,0,0,0,0,0") -> 1.5,0,0,0,0,0 | Q45: =IFERROR(__xludf.DUMMYFUNCTION("""COMPUTED_VALUE"""),"0,0,0,0,0,0") -> 0,0,0,0,0,0 | R45: =IFERROR(__xludf.DUMMYFUNCTION("""COMPUTED_VALUE"""),"0,2.5,0,1,0,1.5") -> 0,2.5,0,1,0,1.5 | S45: =IFERROR(__xludf.DUMMYFUNCTION("""COMPUTED_VALUE"""),"1.5,0,0,0,2.5,0") -> 1.5,0,0,0,2.5,0 | T45: =IFERROR(__xludf.DUMMYFUNCTION("""COMPUTED_VALUE"""),"0,0,1.5,0,0,0") -> 0,0,1.5,0,0,0 | U45: =IFERROR(__xludf.DUMMYFUNCTION("""COMPUTED_VALUE"""),"0,0,1,0,0,0") -> 0,0,1,0,0,0 | V45: =IFERROR(__xludf.DUMMYFUNCTION("""COMPUTED_VALUE"""),",,,,,") -> ,,,,, | W45: =IFERROR(__xludf.DUMMYFUNCTION("""COMPUTED_VALUE"""),"1ZWlRd0tVUxuNmZQwbNvEW7lU7lmJQorm") -> 1ZWlRd0tVUxuNmZQwbNvEW7lU7lmJQorm
A46: =IFERROR(__xludf.DUMMYFUNCTION("""COMPUTED_VALUE"""),45.0) -> 45 | B46: =IFERROR(__xludf.DUMMYFUNCTION("""COMPUTED_VALUE"""),"Mira Loma A") -> Mira Loma A | C46: =IFERROR(__xludf.DUMMYFUNCTION("""COMPUTED_VALUE"""),"Lynbrook B") -> Lynbrook B | D46: =IFERROR(__xludf.DUMMYFUNCTION("""COMPUTED_VALUE"""),3.0) -> 3 | E46: =IFERROR(__xludf.DUMMYFUNCTION("""COMPUTED_VALUE"""),"Round Robin") -> Round Robin | F46: =IFERROR(__xludf.DUMMYFUNCTION("""COMPUTED_VALUE"""),"C") -> C | G46: =IFERROR(__xludf.DUMMYFUNCTION("""COMPUTED_VALUE"""),"DWINELLE 183") -> DWINELLE 183 | H46: =IFERROR(__xludf.DUMMYFUNCTION("""COMPUTED_VALUE"""),"1OuYgOzRyIuXDDyPDZKnA62MT3xLFFhxtGiGa_bcQG7A") -> 1OuYgOzRyIuXDDyPDZKnA62MT3xLFFhxtGiGa_bcQG7A | I46: =IFERROR(__xludf.DUMMYFUNCTION("""COMPUTED_VALUE"""),"https://docs.google.com/spreadsheets/d/1OuYgOzRyIuXDDyPDZKnA62MT3xLFFhxtGiGa_bcQG7A") -> https://docs.google.com/spreadsheets/d/1OuYgOzRyIuXDDyPDZKnA62MT3xLFFhxtGiGa_bcQG7A | J46: =IFERROR(__xludf.DUMMYFUNCTION("""COMPUTED_VALUE"""),TRUE) -> TRUE | K46: =IFERROR(__xludf.DUMMYFUNCTION("""COMPUTED_VALUE"""),166.0) -> 166 | L46: =IFERROR(__xludf.DUMMYFUNCTION("""COMPUTED_VALUE"""),68.0) -> 68 | M46: =IFERROR(__xludf.DUMMYFUNCTION("""COMPUTED_VALUE"""),"0,0,0,0,1.5,1") -> 0,0,0,0,1.5,1 | N46: =IFERROR(__xludf.DUMMYFUNCTION("""COMPUTED_VALUE"""),"3,1,0,0,0,3") -> 3,1,0,0,0,3 | O46: =IFERROR(__xludf.DUMMYFUNCTION("""COMPUTED_VALUE"""),"0,0.5,0,0,0,0") -> 0,0.5,0,0,0,0 | P46: =IFERROR(__xludf.DUMMYFUNCTION("""COMPUTED_VALUE"""),"0,0,1.5,1.5,0,0") -> 0,0,1.5,1.5,0,0 | Q46: =IFERROR(__xludf.DUMMYFUNCTION("""COMPUTED_VALUE"""),"1,-1,1.5,1.5,1.5,0") -> 1,-1,1.5,1.5,1.5,0 | R46: =IFERROR(__xludf.DUMMYFUNCTION("""COMPUTED_VALUE"""),"0,1.5,0,0,0,0") -> 0,1.5,0,0,0,0 | S46: =IFERROR(__xludf.DUMMYFUNCTION("""COMPUTED_VALUE"""),"0,0,0,0,0,0") -> 0,0,0,0,0,0 | T46: =IFERROR(__xludf.DUMMYFUNCTION("""COMPUTED_VALUE"""),"0,0,0,0,1,-1") -> 0,0,0,0,1,-1 | U46: =IFERROR(__xludf.DUMMYFUNCTION("""COMPUTED_VALUE"""),"1.5,0,-0.5,0,0,0") -> 1.5,0,-0.5,0,0,0 | V46: =IFERROR(__xludf.DUMMYFUNCTION("""COMPUTED_VALUE"""),"0.5,0,0,-1,0,0") -> 0.5,0,0,-1,0,0 | W46: =IFERROR(__xludf.DUMMYFUNCTION("""COMPUTED_VALUE"""),"1kCYgKAw3Bdw0Zvfxh3KTs44KLK8OXdlZ") -> 1kCYgKAw3Bdw0Zvfxh3KTs44KLK8OXdlZ
A47: =IFERROR(__xludf.DUMMYFUNCTION("""COMPUTED_VALUE"""),46.0) -> 46 | B47: =IFERROR(__xludf.DUMMYFUNCTION("""COMPUTED_VALUE"""),"BASIS Independent A") -> BASIS Independent A | C47: =IFERROR(__xludf.DUMMYFUNCTION("""COMPUTED_VALUE"""),"Lynbrook A") -> Lynbrook A | D47: =IFERROR(__xludf.DUMMYFUNCTION("""COMPUTED_VALUE"""),3.0) -> 3 | E47: =IFERROR(__xludf.DUMMYFUNCTION("""COMPUTED_VALUE"""),"Round Robin") -> Round Robin | F47: =IFERROR(__xludf.DUMMYFUNCTION("""COMPUTED_VALUE"""),"D") -> D | G47: =IFERROR(__xludf.DUMMYFUNCTION("""COMPUTED_VALUE"""),"DWINELLE 189") -> DWINELLE 189 | H47: =IFERROR(__xludf.DUMMYFUNCTION("""COMPUTED_VALUE"""),"13XPMYQM8C2biZ2W8kr0wOIAsZHS-GZ_pGjl7rE07T_g") -> 13XPMYQM8C2biZ2W8kr0wOIAsZHS-GZ_pGjl7rE07T_g | I47: =IFERROR(__xludf.DUMMYFUNCTION("""COMPUTED_VALUE"""),"https://docs.google.com/spreadsheets/d/13XPMYQM8C2biZ2W8kr0wOIAsZHS-GZ_pGjl7rE07T_g") -> https://docs.google.com/spreadsheets/d/13XPMYQM8C2biZ2W8kr0wOIAsZHS-GZ_pGjl7rE07T_g | J47: =IFERROR(__xludf.DUMMYFUNCTION("""COMPUTED_VALUE"""),TRUE) -> TRUE | K47: =IFERROR(__xludf.DUMMYFUNCTION("""COMPUTED_VALUE"""),70.0) -> 70 | L47: =IFERROR(__xludf.DUMMYFUNCTION("""COMPUTED_VALUE"""),158.0) -> 158 | M47: =IFERROR(__xludf.DUMMYFUNCTION("""COMPUTED_VALUE"""),"0,0,0,0,1,0") -> 0,0,0,0,1,0 | N47: =IFERROR(__xludf.DUMMYFUNCTION("""COMPUTED_VALUE"""),"0,3,1.5,0,0,1.5") -> 0,3,1.5,0,0,1.5 | O47: =IFERROR(__xludf.DUMMYFUNCTION("""COMPUTED_VALUE"""),"1.5,0,0,0,0,0") -> 1.5,0,0,0,0,0 | P47: =IFERROR(__xludf.DUMMYFUNCTION("""COMPUTED_VALUE"""),"#N/A") -> #N/A | Q47: =IFERROR(__xludf.DUMMYFUNCTION("""COMPUTED_VALUE"""),"0,0,0,0,0,0") -> 0,0,0,0,0,0 | R47: =IFERROR(__xludf.DUMMYFUNCTION("""COMPUTED_VALUE"""),"3.5,-1,0,1,0,0") -> 3.5,-1,0,1,0,0 | S47: =IFERROR(__xludf.DUMMYFUNCTION("""COMPUTED_VALUE"""),"0,0,1.5,0,4.5,3") -> 0,0,1.5,0,4.5,3 | T47: =IFERROR(__xludf.DUMMYFUNCTION("""COMPUTED_VALUE"""),"0,0,1.5,0,0,0") -> 0,0,1.5,0,0,0 | U47: =IFERROR(__xludf.DUMMYFUNCTION("""COMPUTED_VALUE"""),"0,1.5,-1,0,0,0") -> 0,1.5,-1,0,0,0 | V47: =IFERROR(__xludf.DUMMYFUNCTION("""COMPUTED_VALUE"""),"0,0,0,0,0,0") -> 0,0,0,0,0,0 | W47: =IFERROR(__xludf.DUMMYFUNCTION("""COMPUTED_VALUE"""),"1SugmEQju9xy78Wv1Su4-qpjFyVCOG0t1") -> 1SugmEQju9xy78Wv1Su4-qpjFyVCOG0t1
A48: =IFERROR(__xludf.DUMMYFUNCTION("""COMPUTED_VALUE"""),47.0) -> 47 | B48: =IFERROR(__xludf.DUMMYFUNCTION("""COMPUTED_VALUE"""),"Monta Vista B") -> Monta Vista B | C48: =IFERROR(__xludf.DUMMYFUNCTION("""COMPUTED_VALUE"""),"Arnold O. Beckman A") -> Arnold O. Beckman A | D48: =IFERROR(__xludf.DUMMYFUNCTION("""COMPUTED_VALUE"""),3.0) -> 3 | E48: =IFERROR(__xludf.DUMMYFUNCTION("""COMPUTED_VALUE"""),"Round Robin") -> Round Robin | F48: =IFERROR(__xludf.DUMMYFUNCTION("""COMPUTED_VALUE"""),"D") -> D | G48: =IFERROR(__xludf.DUMMYFUNCTION("""COMPUTED_VALUE"""),"DWINELLE 204") -> DWINELLE 204 | H48: =IFERROR(__xludf.DUMMYFUNCTION("""COMPUTED_VALUE"""),"1rvYxLrmq_QWmap-brWZJY_K0-21z1J1nGLTXZCZyeR0") -> 1rvYxLrmq_QWmap-brWZJY_K0-21z1J1nGLTXZCZyeR0 | I48: =IFERROR(__xludf.DUMMYFUNCTION("""COMPUTED_VALUE"""),"https://docs.google.com/spreadsheets/d/1rvYxLrmq_QWmap-brWZJY_K0-21z1J1nGLTXZCZyeR0") -> https://docs.google.com/spreadsheets/d/1rvYxLrmq_QWmap-brWZJY_K0-21z1J1nGLTXZCZyeR0 | J48: =IFERROR(__xludf.DUMMYFUNCTION("""COMPUTED_VALUE"""),TRUE) -> TRUE | K48: =IFERROR(__xludf.DUMMYFUNCTION("""COMPUTED_VALUE"""),40.0) -> 40 | L48: =IFERROR(__xludf.DUMMYFUNCTION("""COMPUTED_VALUE"""),72.0) -> 72 | M48: =IFERROR(__xludf.DUMMYFUNCTION("""COMPUTED_VALUE"""),"0,0,0,0,0,0") -> 0,0,0,0,0,0 | N48: =IFERROR(__xludf.DUMMYFUNCTION("""COMPUTED_VALUE"""),"0,0,2.5,0,2,1.5") -> 0,0,2.5,0,2,1.5 | O48: =IFERROR(__xludf.DUMMYFUNCTION("""COMPUTED_VALUE"""),"#N/A") -> #N/A | P48: =IFERROR(__xludf.DUMMYFUNCTION("""COMPUTED_VALUE"""),"0,0,0,0,0,0") -> 0,0,0,0,0,0 | Q48: =IFERROR(__xludf.DUMMYFUNCTION("""COMPUTED_VALUE"""),"0,0,0,0,0,0") -> 0,0,0,0,0,0 | R48: =IFERROR(__xludf.DUMMYFUNCTION("""COMPUTED_VALUE"""),"3,0,0,1,0,0") -> 3,0,0,1,0,0 | S48: =IFERROR(__xludf.DUMMYFUNCTION("""COMPUTED_VALUE"""),"3,2,0,1,0,0") -> 3,2,0,1,0,0 | T48: =IFERROR(__xludf.DUMMYFUNCTION("""COMPUTED_VALUE"""),"0,0,0,0,0,0") -> 0,0,0,0,0,0 | U48: =IFERROR(__xludf.DUMMYFUNCTION("""COMPUTED_VALUE"""),"0,0,0,0,0,0") -> 0,0,0,0,0,0 | V48: =IFERROR(__xludf.DUMMYFUNCTION("""COMPUTED_VALUE"""),",,,,,") -> ,,,,, | W48: =IFERROR(__xludf.DUMMYFUNCTION("""COMPUTED_VALUE"""),"1Mt9Xksd_TdHkCUOFuH_LJ7Nfrgu0axBx") -> 1Mt9Xksd_TdHkCUOFuH_LJ7Nfrgu0axBx
A49: =IFERROR(__xludf.DUMMYFUNCTION("""COMPUTED_VALUE"""),48.0) -> 48 | B49: =IFERROR(__xludf.DUMMYFUNCTION("""COMPUTED_VALUE"""),"Palo Alto A") -> Palo Alto A | C49: =IFERROR(__xludf.DUMMYFUNCTION("""COMPUTED_VALUE"""),"Canyon Crest B") -> Canyon Crest B | D49: =IFERROR(__xludf.DUMMYFUNCTION("""COMPUTED_VALUE"""),3.0) -> 3 | E49: =IFERROR(__xludf.DUMMYFUNCTION("""COMPUTED_VALUE"""),"Round Robin") -> Round Robin | F49: =IFERROR(__xludf.DUMMYFUNCTION("""COMPUTED_VALUE"""),"D") -> D | G49: =IFERROR(__xludf.DUMMYFUNCTION("""COMPUTED_VALUE"""),"DWINELLE 206") -> DWINELLE 206 | H49: =IFERROR(__xludf.DUMMYFUNCTION("""COMPUTED_VALUE"""),"1EUUYnZtlfgnkfE7cO3K_pxdwsqLS58A-dJXpHAmO7ZI") -> 1EUUYnZtlfgnkfE7cO3K_pxdwsqLS58A-dJXpHAmO7ZI | I49: =IFERROR(__xludf.DUMMYFUNCTION("""COMPUTED_VALUE"""),"https://docs.google.com/spreadsheets/d/1EUUYnZtlfgnkfE7cO3K_pxdwsqLS58A-dJXpHAmO7ZI") -> https://docs.google.com/spreadsheets/d/1EUUYnZtlfgnkfE7cO3K_pxdwsqLS58A-dJXpHAmO7ZI | J49: =IFERROR(__xludf.DUMMYFUNCTION("""COMPUTED_VALUE"""),TRUE) -> TRUE | K49: =IFERROR(__xludf.DUMMYFUNCTION("""COMPUTED_VALUE"""),118.0) -> 118 | L49: =IFERROR(__xludf.DUMMYFUNCTION("""COMPUTED_VALUE"""),68.0) -> 68 | M49: =IFERROR(__xludf.DUMMYFUNCTION("""COMPUTED_VALUE"""),"0,5.5,2,0,1,3") -> 0,5.5,2,0,1,3 | N49: =IFERROR(__xludf.DUMMYFUNCTION("""COMPUTED_VALUE"""),"0,0,0,0,0,0") -> 0,0,0,0,0,0 | O49: =IFERROR(__xludf.DUMMYFUNCTION("""COMPUTED_VALUE"""),"3,0,0,1,0,0") -> 3,0,0,1,0,0 | P49: =IFERROR(__xludf.DUMMYFUNCTION("""COMPUTED_VALUE"""),"0,0,0,0,-1,0") -> 0,0,0,0,-1,0 | Q49: =IFERROR(__xludf.DUMMYFUNCTION("""COMPUTED_VALUE"""),"#N/A") -> #N/A | R49: =IFERROR(__xludf.DUMMYFUNCTION("""COMPUTED_VALUE"""),"4.5,0,0,1,0,1") -> 4.5,0,0,1,0,1 | S49: =IFERROR(__xludf.DUMMYFUNCTION("""COMPUTED_VALUE"""),"0,0,0,0,0,0") -> 0,0,0,0,0,0 | T49: =IFERROR(__xludf.DUMMYFUNCTION("""COMPUTED_VALUE"""),"0,0,0,0,1.5,0") -> 0,0,0,0,1.5,0 | U49: =IFERROR(__xludf.DUMMYFUNCTION("""COMPUTED_VALUE"""),"0,0,0,0,0,0") -> 0,0,0,0,0,0 | V49: =IFERROR(__xludf.DUMMYFUNCTION("""COMPUTED_VALUE"""),",,,,,") -> ,,,,, | W49: =IFERROR(__xludf.DUMMYFUNCTION("""COMPUTED_VALUE"""),"1R8Q7gRcKc9BVAL76Yk7Shtq5EWg_4_YO") -> 1R8Q7gRcKc9BVAL76Yk7Shtq5EWg_4_YO
A50: =IFERROR(__xludf.DUMMYFUNCTION("""COMPUTED_VALUE"""),49.0) -> 49 | B50: =IFERROR(__xludf.DUMMYFUNCTION("""COMPUTED_VALUE"""),"Lynbrook C") -> Lynbrook C | C50: =IFERROR(__xludf.DUMMYFUNCTION("""COMPUTED_VALUE"""),"Abraham Lincoln") -> Abraham Lincoln | D50: =IFERROR(__xludf.DUMMYFUNCTION("""COMPUTED_VALUE"""),3.0) -> 3 | E50: =IFERROR(__xludf.DUMMYFUNCTION("""COMPUTED_VALUE"""),"Round Robin") -> Round Robin | F50: =IFERROR(__xludf.DUMMYFUNCTION("""COMPUTED_VALUE"""),"E") -> E | G50: =IFERROR(__xludf.DUMMYFUNCTION("""COMPUTED_VALUE"""),"DWINELLE 209") -> DWINELLE 209 | H50: =IFERROR(__xludf.DUMMYFUNCTION("""COMPUTED_VALUE"""),"1LMQvb6yKDgmBDDhQsiEp9ohs1bGMmNIx2Nyiz6enHHU") -> 1LMQvb6yKDgmBDDhQsiEp9ohs1bGMmNIx2Nyiz6enHHU | I50: =IFERROR(__xludf.DUMMYFUNCTION("""COMPUTED_VALUE"""),"https://docs.google.com/spreadsheets/d/1LMQvb6yKDgmBDDhQsiEp9ohs1bGMmNIx2Nyiz6enHHU") -> https://docs.google.com/spreadsheets/d/1LMQvb6yKDgmBDDhQsiEp9ohs1bGMmNIx2Nyiz6enHHU | J50: =IFERROR(__xludf.DUMMYFUNCTION("""COMPUTED_VALUE"""),TRUE) -> TRUE | K50: =IFERROR(__xludf.DUMMYFUNCTION("""COMPUTED_VALUE"""),168.0) -> 168 | L50: =IFERROR(__xludf.DUMMYFUNCTION("""COMPUTED_VALUE"""),8.0) -> 8 | M50: =IFERROR(__xludf.DUMMYFUNCTION("""COMPUTED_VALUE"""),"0,1,0,0,0,0") -> 0,1,0,0,0,0 | N50: =IFERROR(__xludf.DUMMYFUNCTION("""COMPUTED_VALUE"""),"4,0,0,1,0,0") -> 4,0,0,1,0,0 | O50: =IFERROR(__xludf.DUMMYFUNCTION("""COMPUTED_VALUE"""),"1.5,0,0,0,3,0") -> 1.5,0,0,0,3,0 | P50: =IFERROR(__xludf.DUMMYFUNCTION("""COMPUTED_VALUE"""),"1.5,1.5,4,1,0,0") -> 1.5,1.5,4,1,0,0 | Q50: =IFERROR(__xludf.DUMMYFUNCTION("""COMPUTED_VALUE"""),"0,0,0,0,0,1.5") -> 0,0,0,0,0,1.5 | R50: =IFERROR(__xludf.DUMMYFUNCTION("""COMPUTED_VALUE"""),"0,0,0,0,0,0") -> 0,0,0,0,0,0 | S50: =IFERROR(__xludf.DUMMYFUNCTION("""COMPUTED_VALUE"""),"0,0,0,0,0,0") -> 0,0,0,0,0,0 | T50: =IFERROR(__xludf.DUMMYFUNCTION("""COMPUTED_VALUE"""),"0,0,0,0,0,1") -> 0,0,0,0,0,1 | U50: =IFERROR(__xludf.DUMMYFUNCTION("""COMPUTED_VALUE"""),"0,0,-1,0,1,-1") -> 0,0,-1,0,1,-1 | V50: =IFERROR(__xludf.DUMMYFUNCTION("""COMPUTED_VALUE"""),"0,0,0,0,0,0") -> 0,0,0,0,0,0 | W50: =IFERROR(__xludf.DUMMYFUNCTION("""COMPUTED_VALUE"""),"1ceIlOa2fB7WrLZM2CEwKD06R4jlBCRMA") -> 1ceIlOa2fB7WrLZM2CEwKD06R4jlBCRMA
A51: =IFERROR(__xludf.DUMMYFUNCTION("""COMPUTED_VALUE"""),50.0) -> 50 | B51: =IFERROR(__xludf.DUMMYFUNCTION("""COMPUTED_VALUE"""),"Mission San Jose A") -> Mission San Jose A | C51: =IFERROR(__xludf.DUMMYFUNCTION("""COMPUTED_VALUE"""),"Archbishop Mitty A") -> Archbishop Mitty A | D51: =IFERROR(__xludf.DUMMYFUNCTION("""COMPUTED_VALUE"""),3.0) -> 3 | E51: =IFERROR(__xludf.DUMMYFUNCTION("""COMPUTED_VALUE"""),"Round Robin") -> Round Robin | F51: =IFERROR(__xludf.DUMMYFUNCTION("""COMPUTED_VALUE"""),"E") -> E | G51: =IFERROR(__xludf.DUMMYFUNCTION("""COMPUTED_VALUE"""),"DWINELLE 210") -> DWINELLE 210 | H51: =IFERROR(__xludf.DUMMYFUNCTION("""COMPUTED_VALUE"""),"13Bd-bqWBCu3GGnoEaA4xWzd1bSZLXOjvs_90tWsZIEU") -> 13Bd-bqWBCu3GGnoEaA4xWzd1bSZLXOjvs_90tWsZIEU | I51: =IFERROR(__xludf.DUMMYFUNCTION("""COMPUTED_VALUE"""),"https://docs.google.com/spreadsheets/d/13Bd-bqWBCu3GGnoEaA4xWzd1bSZLXOjvs_90tWsZIEU") -> https://docs.google.com/spreadsheets/d/13Bd-bqWBCu3GGnoEaA4xWzd1bSZLXOjvs_90tWsZIEU | J51: =IFERROR(__xludf.DUMMYFUNCTION("""COMPUTED_VALUE"""),TRUE) -> TRUE | K51: =IFERROR(__xludf.DUMMYFUNCTION("""COMPUTED_VALUE"""),212.0) -> 212 | L51: =IFERROR(__xludf.DUMMYFUNCTION("""COMPUTED_VALUE"""),28.0) -> 28 | M51: =IFERROR(__xludf.DUMMYFUNCTION("""COMPUTED_VALUE"""),"#N/A") -> #N/A | N51: =IFERROR(__xludf.DUMMYFUNCTION("""COMPUTED_VALUE"""),"0,6,0,0,0,0") -> 0,6,0,0,0,0 | O51: =IFERROR(__xludf.DUMMYFUNCTION("""COMPUTED_VALUE"""),"0,0,0,0,4.5,2.5") -> 0,0,0,0,4.5,2.5 | P51: =IFERROR(__xludf.DUMMYFUNCTION("""COMPUTED_VALUE"""),"0,0,3,0,0,1") -> 0,0,3,0,0,1 | Q51: =IFERROR(__xludf.DUMMYFUNCTION("""COMPUTED_VALUE"""),"5.5,0,0,2.5,0,0") -> 5.5,0,0,2.5,0,0 | R51: =IFERROR(__xludf.DUMMYFUNCTION("""COMPUTED_VALUE"""),"0,0,1.5,0,0,0") -> 0,0,1.5,0,0,0 | S51: =IFERROR(__xludf.DUMMYFUNCTION("""COMPUTED_VALUE"""),"0,0,0,0,0,0") -> 0,0,0,0,0,0 | T51: =IFERROR(__xludf.DUMMYFUNCTION("""COMPUTED_VALUE"""),"0,0,0,0,0,0") -> 0,0,0,0,0,0 | U51: =IFERROR(__xludf.DUMMYFUNCTION("""COMPUTED_VALUE"""),"1.5,0,0,0,0,0") -> 1.5,0,0,0,0,0 | V51: =IFERROR(__xludf.DUMMYFUNCTION("""COMPUTED_VALUE"""),",,,,,") -> ,,,,, | W51: =IFERROR(__xludf.DUMMYFUNCTION("""COMPUTED_VALUE"""),"1_FRkf4EGoH4VxGtiBWR6Sp7-OliBOiic") -> 1_FRkf4EGoH4VxGtiBWR6Sp7-OliBOiic
A52: =IFERROR(__xludf.DUMMYFUNCTION("""COMPUTED_VALUE"""),51.0) -> 51 | B52: =IFERROR(__xludf.DUMMYFUNCTION("""COMPUTED_VALUE"""),"California A") -> California A | C52: =IFERROR(__xludf.DUMMYFUNCTION("""COMPUTED_VALUE"""),"Saratoga") -> Saratoga | D52: =IFERROR(__xludf.DUMMYFUNCTION("""COMPUTED_VALUE"""),3.0) -> 3 | E52: =IFERROR(__xludf.DUMMYFUNCTION("""COMPUTED_VALUE"""),"Round Robin") -> Round Robin | F52: =IFERROR(__xludf.DUMMYFUNCTION("""COMPUTED_VALUE"""),"E") -> E | G52: =IFERROR(__xludf.DUMMYFUNCTION("""COMPUTED_VALUE"""),"DWINELLE 215") -> DWINELLE 215 | H52: =IFERROR(__xludf.DUMMYFUNCTION("""COMPUTED_VALUE"""),"1sVDiZ-AllZSijY6rfpTYKwZvmhojeu8yfnkzkIjpwZk") -> 1sVDiZ-AllZSijY6rfpTYKwZvmhojeu8yfnkzkIjpwZk | I52: =IFERROR(__xludf.DUMMYFUNCTION("""COMPUTED_VALUE"""),"https://docs.google.com/spreadsheets/d/1sVDiZ-AllZSijY6rfpTYKwZvmhojeu8yfnkzkIjpwZk") -> https://docs.google.com/spreadsheets/d/1sVDiZ-AllZSijY6rfpTYKwZvmhojeu8yfnkzkIjpwZk | J52: =IFERROR(__xludf.DUMMYFUNCTION("""COMPUTED_VALUE"""),TRUE) -> TRUE | K52: =IFERROR(__xludf.DUMMYFUNCTION("""COMPUTED_VALUE"""),82.0) -> 82 | L52: =IFERROR(__xludf.DUMMYFUNCTION("""COMPUTED_VALUE"""),106.0) -> 106 | M52: =IFERROR(__xludf.DUMMYFUNCTION("""COMPUTED_VALUE"""),"0,0,0,0,0,0") -> 0,0,0,0,0,0 | N52: =IFERROR(__xludf.DUMMYFUNCTION("""COMPUTED_VALUE"""),"1.5,0,0,1,0,0") -> 1.5,0,0,1,0,0 | O52: =IFERROR(__xludf.DUMMYFUNCTION("""COMPUTED_VALUE"""),"0,0,0,0,0,0") -> 0,0,0,0,0,0 | P52: =IFERROR(__xludf.DUMMYFUNCTION("""COMPUTED_VALUE"""),"0,1,0,0,0,3") -> 0,1,0,0,0,3 | Q52: =IFERROR(__xludf.DUMMYFUNCTION("""COMPUTED_VALUE"""),"1,0,0,-1,0,0") -> 1,0,0,-1,0,0 | R52: =IFERROR(__xludf.DUMMYFUNCTION("""COMPUTED_VALUE"""),"3,-0.5,0,0,3,-0.5") -> 3,-0.5,0,0,3,-0.5 | S52: =IFERROR(__xludf.DUMMYFUNCTION("""COMPUTED_VALUE"""),"#N/A") -> #N/A | T52: =IFERROR(__xludf.DUMMYFUNCTION("""COMPUTED_VALUE"""),"0,0,0,0,0,0") -> 0,0,0,0,0,0 | U52: =IFERROR(__xludf.DUMMYFUNCTION("""COMPUTED_VALUE"""),"-1,0,1,-1,0,0") -> -1,0,1,-1,0,0 | V52: =IFERROR(__xludf.DUMMYFUNCTION("""COMPUTED_VALUE"""),"0.5,0,0,0,0,0") -> 0.5,0,0,0,0,0 | W52: =IFERROR(__xludf.DUMMYFUNCTION("""COMPUTED_VALUE"""),"1Qna1pYsoUSO2n7l_awkcAfh7nAFZQZGE") -> 1Qna1pYsoUSO2n7l_awkcAfh7nAFZQZGE
A53: =IFERROR(__xludf.DUMMYFUNCTION("""COMPUTED_VALUE"""),52.0) -> 52 | B53: =IFERROR(__xludf.DUMMYFUNCTION("""COMPUTED_VALUE"""),"Cupertino A") -> Cupertino A | C53: =IFERROR(__xludf.DUMMYFUNCTION("""COMPUTED_VALUE"""),"American B") -> American B | D53: =IFERROR(__xludf.DUMMYFUNCTION("""COMPUTED_VALUE"""),3.0) -> 3 | E53: =IFERROR(__xludf.DUMMYFUNCTION("""COMPUTED_VALUE"""),"Round Robin") -> Round Robin | F53: =IFERROR(__xludf.DUMMYFUNCTION("""COMPUTED_VALUE"""),"F") -> F | G53: =IFERROR(__xludf.DUMMYFUNCTION("""COMPUTED_VALUE"""),"DWINELLE 246") -> DWINELLE 246 | H53: =IFERROR(__xludf.DUMMYFUNCTION("""COMPUTED_VALUE"""),"12y120mY4N-gmawfNChhZnsZMMOI1Oo_-eAfEvbiZP6Y") -> 12y120mY4N-gmawfNChhZnsZMMOI1Oo_-eAfEvbiZP6Y | I53: =IFERROR(__xludf.DUMMYFUNCTION("""COMPUTED_VALUE"""),"https://docs.google.com/spreadsheets/d/12y120mY4N-gmawfNChhZnsZMMOI1Oo_-eAfEvbiZP6Y") -> https://docs.google.com/spreadsheets/d/12y120mY4N-gmawfNChhZnsZMMOI1Oo_-eAfEvbiZP6Y | J53: =IFERROR(__xludf.DUMMYFUNCTION("""COMPUTED_VALUE"""),TRUE) -> TRUE | K53: =IFERROR(__xludf.DUMMYFUNCTION("""COMPUTED_VALUE"""),94.0) -> 94 | L53: =IFERROR(__xludf.DUMMYFUNCTION("""COMPUTED_VALUE"""),50.0) -> 50 | M53: =IFERROR(__xludf.DUMMYFUNCTION("""COMPUTED_VALUE"""),"0,-1,1.5,0,0,0") -> 0,-1,1.5,0,0,0 | N53: =IFERROR(__xludf.DUMMYFUNCTION("""COMPUTED_VALUE"""),"0,2.5,1,0,2.5,3") -> 0,2.5,1,0,2.5,3 | O53: =IFERROR(__xludf.DUMMYFUNCTION("""COMPUTED_VALUE"""),"1.5,0,0,0,0,0") -> 1.5,0,0,0,0,0 | P53: =IFERROR(__xludf.DUMMYFUNCTION("""COMPUTED_VALUE"""),"1.5,0,0,0,0,0") -> 1.5,0,0,0,0,0 | Q53: =IFERROR(__xludf.DUMMYFUNCTION("""COMPUTED_VALUE"""),"#N/A") -> #N/A | R53: =IFERROR(__xludf.DUMMYFUNCTION("""COMPUTED_VALUE"""),"4.5,0,1,0,0,0") -> 4.5,0,1,0,0,0 | S53: =IFERROR(__xludf.DUMMYFUNCTION("""COMPUTED_VALUE"""),"0,0,0,0,0,0") -> 0,0,0,0,0,0 | T53: =IFERROR(__xludf.DUMMYFUNCTION("""COMPUTED_VALUE"""),"#N/A") -> #N/A | U53: =IFERROR(__xludf.DUMMYFUNCTION("""COMPUTED_VALUE"""),"0,0,0,0,0,0") -> 0,0,0,0,0,0 | V53: =IFERROR(__xludf.DUMMYFUNCTION("""COMPUTED_VALUE"""),"0,0,0,0,0,0") -> 0,0,0,0,0,0 | W53: =IFERROR(__xludf.DUMMYFUNCTION("""COMPUTED_VALUE"""),"1ZMUmrgOLjgL9cryFCDoYsJzMfRQXQGA0") -> 1ZMUmrgOLjgL9cryFCDoYsJzMfRQXQGA0
A54: =IFERROR(__xludf.DUMMYFUNCTION("""COMPUTED_VALUE"""),53.0) -> 53 | B54: =IFERROR(__xludf.DUMMYFUNCTION("""COMPUTED_VALUE"""),"Dougherty Valley B") -> Dougherty Valley B | C54: =IFERROR(__xludf.DUMMYFUNCTION("""COMPUTED_VALUE"""),"American A") -> American A | D54: =IFERROR(__xludf.DUMMYFUNCTION("""COMPUTED_VALUE"""),3.0) -> 3 | E54: =IFERROR(__xludf.DUMMYFUNCTION("""COMPUTED_VALUE"""),"Round Robin") -> Round Robin | F54: =IFERROR(__xludf.DUMMYFUNCTION("""COMPUTED_VALUE"""),"F") -> F | G54: =IFERROR(__xludf.DUMMYFUNCTION("""COMPUTED_VALUE"""),"DWINELLE 262") -> DWINELLE 262 | H54: =IFERROR(__xludf.DUMMYFUNCTION("""COMPUTED_VALUE"""),"1dat29IjjIE6fBfJTYwykStsWxjax40VoTB3N5FSIyDc") -> 1dat29IjjIE6fBfJTYwykStsWxjax40VoTB3N5FSIyDc | I54: =IFERROR(__xludf.DUMMYFUNCTION("""COMPUTED_VALUE"""),"https://docs.google.com/spreadsheets/d/1dat29IjjIE6fBfJTYwykStsWxjax40VoTB3N5FSIyDc") -> https://docs.google.com/spreadsheets/d/1dat29IjjIE6fBfJTYwykStsWxjax40VoTB3N5FSIyDc | J54: =IFERROR(__xludf.DUMMYFUNCTION("""COMPUTED_VALUE"""),TRUE) -> TRUE | K54: =IFERROR(__xludf.DUMMYFUNCTION("""COMPUTED_VALUE"""),32.0) -> 32 | L54: =IFERROR(__xludf.DUMMYFUNCTION("""COMPUTED_VALUE"""),102.0) -> 102 | M54: =IFERROR(__xludf.DUMMYFUNCTION("""COMPUTED_VALUE"""),"1.5,0,0,0,0,0") -> 1.5,0,0,0,0,0 | N54: =IFERROR(__xludf.DUMMYFUNCTION("""COMPUTED_VALUE"""),"#N/A") -> #N/A | O54: =IFERROR(__xludf.DUMMYFUNCTION("""COMPUTED_VALUE"""),"0,0,0,0,0,0") -> 0,0,0,0,0,0 | P54: =IFERROR(__xludf.DUMMYFUNCTION("""COMPUTED_VALUE"""),"1.5,0,0,0,0,0") -> 1.5,0,0,0,0,0 | Q54: =IFERROR(__xludf.DUMMYFUNCTION("""COMPUTED_VALUE"""),"0,0,0,0,0,0") -> 0,0,0,0,0,0 | R54: =IFERROR(__xludf.DUMMYFUNCTION("""COMPUTED_VALUE"""),"1.5,0,0.5,1,0,1") -> 1.5,0,0.5,1,0,1 | S54: =IFERROR(__xludf.DUMMYFUNCTION("""COMPUTED_VALUE"""),"#N/A") -> #N/A | T54: =IFERROR(__xludf.DUMMYFUNCTION("""COMPUTED_VALUE"""),"1.5,2.5,2.5,0,3,2") -> 1.5,2.5,2.5,0,3,2 | U54: =IFERROR(__xludf.DUMMYFUNCTION("""COMPUTED_VALUE"""),"0,0,0,0,0,0") -> 0,0,0,0,0,0 | V54: =IFERROR(__xludf.DUMMYFUNCTION("""COMPUTED_VALUE"""),"0,0,0,0,0,0") -> 0,0,0,0,0,0 | W54: =IFERROR(__xludf.DUMMYFUNCTION("""COMPUTED_VALUE"""),"1Vl5Oa0oSlbk2HzPsQjyl20DkDyVwWOEm") -> 1Vl5Oa0oSlbk2HzPsQjyl20DkDyVwWOEm
A55: =IFERROR(__xludf.DUMMYFUNCTION("""COMPUTED_VALUE"""),54.0) -> 54 | B55: =IFERROR(__xludf.DUMMYFUNCTION("""COMPUTED_VALUE"""),"Mira Loma B") -> Mira Loma B | C55: =IFERROR(__xludf.DUMMYFUNCTION("""COMPUTED_VALUE"""),"Foothill A") -> Foothill A | D55: =IFERROR(__xludf.DUMMYFUNCTION("""COMPUTED_VALUE"""),3.0) -> 3 | E55: =IFERROR(__xludf.DUMMYFUNCTION("""COMPUTED_VALUE"""),"Round Robin") -> Round Robin | F55: =IFERROR(__xludf.DUMMYFUNCTION("""COMPUTED_VALUE"""),"F") -> F | G55: =IFERROR(__xludf.DUMMYFUNCTION("""COMPUTED_VALUE"""),"DWINELLE 263") -> DWINELLE 263 | H55: =IFERROR(__xludf.DUMMYFUNCTION("""COMPUTED_VALUE"""),"1vcwKmZTh5D4mGndni1KD5-rROoEhonNPvoMpcbEaVrs") -> 1vcwKmZTh5D4mGndni1KD5-rROoEhonNPvoMpcbEaVrs | I55: =IFERROR(__xludf.DUMMYFUNCTION("""COMPUTED_VALUE"""),"https://docs.google.com/spreadsheets/d/1vcwKmZTh5D4mGndni1KD5-rROoEhonNPvoMpcbEaVrs") -> https://docs.google.com/spreadsheets/d/1vcwKmZTh5D4mGndni1KD5-rROoEhonNPvoMpcbEaVrs | J55: =IFERROR(__xludf.DUMMYFUNCTION("""COMPUTED_VALUE"""),TRUE) -> TRUE | K55: =IFERROR(__xludf.DUMMYFUNCTION("""COMPUTED_VALUE"""),62.0) -> 62 | L55: =IFERROR(__xludf.DUMMYFUNCTION("""COMPUTED_VALUE"""),90.0) -> 90 | M55: =IFERROR(__xludf.DUMMYFUNCTION("""COMPUTED_VALUE"""),"0,0,1.5,0,1.5,1") -> 0,0,1.5,0,1.5,1 | N55: =IFERROR(__xludf.DUMMYFUNCTION("""COMPUTED_VALUE"""),"0,1,3,0,0,0") -> 0,1,3,0,0,0 | O55: =IFERROR(__xludf.DUMMYFUNCTION("""COMPUTED_VALUE"""),"0,0,0,0,0,0") -> 0,0,0,0,0,0 | P55: =IFERROR(__xludf.DUMMYFUNCTION("""COMPUTED_VALUE"""),"0,0,0,0,0,0") -> 0,0,0,0,0,0 | Q55: =IFERROR(__xludf.DUMMYFUNCTION("""COMPUTED_VALUE"""),"0,0,0,0,0,0") -> 0,0,0,0,0,0 | R55: =IFERROR(__xludf.DUMMYFUNCTION("""COMPUTED_VALUE"""),"3,1.5,0,0,0,0") -> 3,1.5,0,0,0,0 | S55: =IFERROR(__xludf.DUMMYFUNCTION("""COMPUTED_VALUE"""),"1.5,-1,0,0,0,0") -> 1.5,-1,0,0,0,0 | T55: =IFERROR(__xludf.DUMMYFUNCTION("""COMPUTED_VALUE"""),"1.5,1.5,1,0,0,0") -> 1.5,1.5,1,0,0,0 | U55: =IFERROR(__xludf.DUMMYFUNCTION("""COMPUTED_VALUE"""),"0,0,0,0,0,0") -> 0,0,0,0,0,0 | V55: =IFERROR(__xludf.DUMMYFUNCTION("""COMPUTED_VALUE"""),"0,0,0,0,2.5,0") -> 0,0,0,0,2.5,0 | W55: =IFERROR(__xludf.DUMMYFUNCTION("""COMPUTED_VALUE"""),"1iSlolT830hPWUFNO8QFe1M73jdBAFnII") -> 1iSlolT830hPWUFNO8QFe1M73jdBAFnII
A56: =IFERROR(__xludf.DUMMYFUNCTION("""COMPUTED_VALUE"""),55.0) -> 55 | B56: =IFERROR(__xludf.DUMMYFUNCTION("""COMPUTED_VALUE"""),"Saint Francis") -> Saint Francis | C56: =IFERROR(__xludf.DUMMYFUNCTION("""COMPUTED_VALUE"""),"BASIS Independent B") -> BASIS Independent B | D56: =IFERROR(__xludf.DUMMYFUNCTION("""COMPUTED_VALUE"""),4.0) -> 4 | E56: =IFERROR(__xludf.DUMMYFUNCTION("""COMPUTED_VALUE"""),"Round Robin") -> Round Robin | F56: =IFERROR(__xludf.DUMMYFUNCTION("""COMPUTED_VALUE"""),"A") -> A | G56: =IFERROR(__xludf.DUMMYFUNCTION("""COMPUTED_VALUE"""),"DWINELLE 87") -> DWINELLE 87 | H56: =IFERROR(__xludf.DUMMYFUNCTION("""COMPUTED_VALUE"""),"1yoDh3W1ITqXUrfksMWaa2hwrW6QigKpNer8vxsWOGf8") -> 1yoDh3W1ITqXUrfksMWaa2hwrW6QigKpNer8vxsWOGf8 | I56: =IFERROR(__xludf.DUMMYFUNCTION("""COMPUTED_VALUE"""),"https://docs.google.com/spreadsheets/d/1yoDh3W1ITqXUrfksMWaa2hwrW6QigKpNer8vxsWOGf8") -> https://docs.google.com/spreadsheets/d/1yoDh3W1ITqXUrfksMWaa2hwrW6QigKpNer8vxsWOGf8 | J56: =IFERROR(__xludf.DUMMYFUNCTION("""COMPUTED_VALUE"""),TRUE) -> TRUE | K56: =IFERROR(__xludf.DUMMYFUNCTION("""COMPUTED_VALUE"""),74.0) -> 74 | L56: =IFERROR(__xludf.DUMMYFUNCTION("""COMPUTED_VALUE"""),24.0) -> 24 | M56: =IFERROR(__xludf.DUMMYFUNCTION("""COMPUTED_VALUE"""),"1,2,2.5,0,1.5,1") -> 1,2,2.5,0,1.5,1 | N56: =IFERROR(__xludf.DUMMYFUNCTION("""COMPUTED_VALUE"""),"-1,0,0,1.5,0,0") -> -1,0,0,1.5,0,0 | O56: =IFERROR(__xludf.DUMMYFUNCTION("""COMPUTED_VALUE"""),"0,0,-1,0,0,2") -> 0,0,-1,0,0,2 | P56: =IFERROR(__xludf.DUMMYFUNCTION("""COMPUTED_VALUE"""),"0,0,0,0,1,0") -> 0,0,0,0,1,0 | Q56: =IFERROR(__xludf.DUMMYFUNCTION("""COMPUTED_VALUE"""),"#N/A") -> #N/A | R56: =IFERROR(__xludf.DUMMYFUNCTION("""COMPUTED_VALUE"""),"0,0,0,0,0,0") -> 0,0,0,0,0,0 | S56: =IFERROR(__xludf.DUMMYFUNCTION("""COMPUTED_VALUE"""),"1,0,1,0,0,1") -> 1,0,1,0,0,1 | T56: =IFERROR(__xludf.DUMMYFUNCTION("""COMPUTED_VALUE"""),"0,0,0,0,0,0") -> 0,0,0,0,0,0 | U56: =IFERROR(__xludf.DUMMYFUNCTION("""COMPUTED_VALUE"""),"0,0,0,1,0,0") -> 0,0,0,1,0,0 | V56: =IFERROR(__xludf.DUMMYFUNCTION("""COMPUTED_VALUE"""),",,,,,") -> ,,,,, | W56: =IFERROR(__xludf.DUMMYFUNCTION("""COMPUTED_VALUE"""),"1wU8ddNcIDYy_LNgK50_oAheTJQ7qxrnc") -> 1wU8ddNcIDYy_LNgK50_oAheTJQ7qxrnc
A57: =IFERROR(__xludf.DUMMYFUNCTION("""COMPUTED_VALUE"""),56.0) -> 56 | B57: =IFERROR(__xludf.DUMMYFUNCTION("""COMPUTED_VALUE"""),"Mission San Jose B") -> Mission San Jose B | C57: =IFERROR(__xludf.DUMMYFUNCTION("""COMPUTED_VALUE"""),"Stanford Online") -> Stanford Online | D57: =IFERROR(__xludf.DUMMYFUNCTION("""COMPUTED_VALUE"""),4.0) -> 4 | E57: =IFERROR(__xludf.DUMMYFUNCTION("""COMPUTED_VALUE"""),"Round Robin") -> Round Robin | F57: =IFERROR(__xludf.DUMMYFUNCTION("""COMPUTED_VALUE"""),"A") -> A | G57: =IFERROR(__xludf.DUMMYFUNCTION("""COMPUTED_VALUE"""),"DWINELLE 88") -> DWINELLE 88 | H57: =IFERROR(__xludf.DUMMYFUNCTION("""COMPUTED_VALUE"""),"1oJx7uxe12wurcomzNtl-0xiDYkMz5lihmlK8dAx291s") -> 1oJx7uxe12wurcomzNtl-0xiDYkMz5lihmlK8dAx291s | I57: =IFERROR(__xludf.DUMMYFUNCTION("""COMPUTED_VALUE"""),"https://docs.google.com/spreadsheets/d/1oJx7uxe12wurcomzNtl-0xiDYkMz5lihmlK8dAx291s") -> https://docs.google.com/spreadsheets/d/1oJx7uxe12wurcomzNtl-0xiDYkMz5lihmlK8dAx291s | J57: =IFERROR(__xludf.DUMMYFUNCTION("""COMPUTED_VALUE"""),TRUE) -> TRUE | K57: =IFERROR(__xludf.DUMMYFUNCTION("""COMPUTED_VALUE"""),134.0) -> 134 | L57: =IFERROR(__xludf.DUMMYFUNCTION("""COMPUTED_VALUE"""),52.0) -> 52 | M57: =IFERROR(__xludf.DUMMYFUNCTION("""COMPUTED_VALUE"""),"0,0,0,0,0,0") -> 0,0,0,0,0,0 | N57: =IFERROR(__xludf.DUMMYFUNCTION("""COMPUTED_VALUE"""),"4.5,2.5,4.5,2.5,0,-1") -> 4.5,2.5,4.5,2.5,0,-1 | O57: =IFERROR(__xludf.DUMMYFUNCTION("""COMPUTED_VALUE"""),"#N/A") -> #N/A | P57: =IFERROR(__xludf.DUMMYFUNCTION("""COMPUTED_VALUE"""),"0,0,0,0,0.5,0") -> 0,0,0,0,0.5,0 | Q57: =IFERROR(__xludf.DUMMYFUNCTION("""COMPUTED_VALUE"""),"0,0,0,-1,0,0") -> 0,0,0,-1,0,0 | R57: =IFERROR(__xludf.DUMMYFUNCTION("""COMPUTED_VALUE"""),"1,0,0,1.5,0,0") -> 1,0,0,1.5,0,0 | S57: =IFERROR(__xludf.DUMMYFUNCTION("""COMPUTED_VALUE"""),"0,0,0,0,0,0") -> 0,0,0,0,0,0 | T57: =IFERROR(__xludf.DUMMYFUNCTION("""COMPUTED_VALUE"""),"0,1,0,0,1.5,1") -> 0,1,0,0,1.5,1 | U57: =IFERROR(__xludf.DUMMYFUNCTION("""COMPUTED_VALUE"""),"0,0,0,0,0,0") -> 0,0,0,0,0,0 | V57: =IFERROR(__xludf.DUMMYFUNCTION("""COMPUTED_VALUE"""),",,,,,") -> ,,,,, | W57: =IFERROR(__xludf.DUMMYFUNCTION("""COMPUTED_VALUE"""),"103JTGMew8yagYGeIoIvugJ7A3dBmouHQ") -> 103JTGMew8yagYGeIoIvugJ7A3dBmouHQ
A58: =IFERROR(__xludf.DUMMYFUNCTION("""COMPUTED_VALUE"""),57.0) -> 57 | B58: =IFERROR(__xludf.DUMMYFUNCTION("""COMPUTED_VALUE"""),"Dougherty Valley A") -> Dougherty Valley A | C58: =IFERROR(__xludf.DUMMYFUNCTION("""COMPUTED_VALUE"""),"Palo Alto B") -> Palo Alto B | D58: =IFERROR(__xludf.DUMMYFUNCTION("""COMPUTED_VALUE"""),4.0) -> 4 | E58: =IFERROR(__xludf.DUMMYFUNCTION("""COMPUTED_VALUE"""),"Round Robin") -> Round Robin | F58: =IFERROR(__xludf.DUMMYFUNCTION("""COMPUTED_VALUE"""),"A") -> A | G58: =IFERROR(__xludf.DUMMYFUNCTION("""COMPUTED_VALUE"""),"DWINELLE 89") -> DWINELLE 89 | H58: =IFERROR(__xludf.DUMMYFUNCTION("""COMPUTED_VALUE"""),"1nqwHknryRci-yxxBDbEbvC-vj-4Hsieo-sOCx9NhBSQ") -> 1nqwHknryRci-yxxBDbEbvC-vj-4Hsieo-sOCx9NhBSQ | I58: =IFERROR(__xludf.DUMMYFUNCTION("""COMPUTED_VALUE"""),"https://docs.google.com/spreadsheets/d/1nqwHknryRci-yxxBDbEbvC-vj-4Hsieo-sOCx9NhBSQ") -> https://docs.google.com/spreadsheets/d/1nqwHknryRci-yxxBDbEbvC-vj-4Hsieo-sOCx9NhBSQ | J58: =IFERROR(__xludf.DUMMYFUNCTION("""COMPUTED_VALUE"""),TRUE) -> TRUE | K58: =IFERROR(__xludf.DUMMYFUNCTION("""COMPUTED_VALUE"""),68.0) -> 68 | L58: =IFERROR(__xludf.DUMMYFUNCTION("""COMPUTED_VALUE"""),46.0) -> 46 | M58: =IFERROR(__xludf.DUMMYFUNCTION("""COMPUTED_VALUE"""),"0,0,1,0,0,0") -> 0,0,1,0,0,0 | N58: =IFERROR(__xludf.DUMMYFUNCTION("""COMPUTED_VALUE"""),"0,1,0,0,0.5,-1") -> 0,1,0,0,0.5,-1 | O58: =IFERROR(__xludf.DUMMYFUNCTION("""COMPUTED_VALUE"""),"1.5,0,0,1.5,0,0") -> 1.5,0,0,1.5,0,0 | P58: =IFERROR(__xludf.DUMMYFUNCTION("""COMPUTED_VALUE"""),"1.5,0,0,0,0,0") -> 1.5,0,0,0,0,0 | Q58: =IFERROR(__xludf.DUMMYFUNCTION("""COMPUTED_VALUE"""),",,,,,") -> ,,,,, | R58: =IFERROR(__xludf.DUMMYFUNCTION("""COMPUTED_VALUE"""),"0,0,1,0,0,0") -> 0,0,1,0,0,0 | S58: =IFERROR(__xludf.DUMMYFUNCTION("""COMPUTED_VALUE"""),"0,0,0,0,0,0") -> 0,0,0,0,0,0 | T58: =IFERROR(__xludf.DUMMYFUNCTION("""COMPUTED_VALUE"""),"0,0,0,0,2.5,1") -> 0,0,0,0,2.5,1 | U58: =IFERROR(__xludf.DUMMYFUNCTION("""COMPUTED_VALUE"""),"0,0,0,1,0,0") -> 0,0,0,1,0,0 | V58: =IFERROR(__xludf.DUMMYFUNCTION("""COMPUTED_VALUE"""),"0,0,0,0,0,1") -> 0,0,0,0,0,1 | W58: =IFERROR(__xludf.DUMMYFUNCTION("""COMPUTED_VALUE"""),"1iE_5-GNdmwZ6YBR19NoryqpaMeSaQNwX") -> 1iE_5-GNdmwZ6YBR19NoryqpaMeSaQNwX
A59: =IFERROR(__xludf.DUMMYFUNCTION("""COMPUTED_VALUE"""),58.0) -> 58 | B59: =IFERROR(__xludf.DUMMYFUNCTION("""COMPUTED_VALUE"""),"Irvington") -> Irvington | C59: =IFERROR(__xludf.DUMMYFUNCTION("""COMPUTED_VALUE"""),"Amador Valley A") -> Amador Valley A | D59: =IFERROR(__xludf.DUMMYFUNCTION("""COMPUTED_VALUE"""),4.0) -> 4 | E59: =IFERROR(__xludf.DUMMYFUNCTION("""COMPUTED_VALUE"""),"Round Robin") -> Round Robin | F59: =IFERROR(__xludf.DUMMYFUNCTION("""COMPUTED_VALUE"""),"B") -> B | G59: =IFERROR(__xludf.DUMMYFUNCTION("""COMPUTED_VALUE"""),"DWINELLE 105") -> DWINELLE 105 | H59: =IFERROR(__xludf.DUMMYFUNCTION("""COMPUTED_VALUE"""),"1hIDDa5xJi-hdSDVPevFVAG1PXw-jEA2Yhbq1hnTF898") -> 1hIDDa5xJi-hdSDVPevFVAG1PXw-jEA2Yhbq1hnTF898 | I59: =IFERROR(__xludf.DUMMYFUNCTION("""COMPUTED_VALUE"""),"https://docs.google.com/spreadsheets/d/1hIDDa5xJi-hdSDVPevFVAG1PXw-jEA2Yhbq1hnTF898") -> https://docs.google.com/spreadsheets/d/1hIDDa5xJi-hdSDVPevFVAG1PXw-jEA2Yhbq1hnTF898 | J59: =IFERROR(__xludf.DUMMYFUNCTION("""COMPUTED_VALUE"""),TRUE) -> TRUE | K59: =IFERROR(__xludf.DUMMYFUNCTION("""COMPUTED_VALUE"""),16.0) -> 16 | L59: =IFERROR(__xludf.DUMMYFUNCTION("""COMPUTED_VALUE"""),138.0) -> 138 | M59: =IFERROR(__xludf.DUMMYFUNCTION("""COMPUTED_VALUE"""),"0,0,0,0,0,1") -> 0,0,0,0,0,1 | N59: =IFERROR(__xludf.DUMMYFUNCTION("""COMPUTED_VALUE"""),"0,0,0,0,0,0") -> 0,0,0,0,0,0 | O59: =IFERROR(__xludf.DUMMYFUNCTION("""COMPUTED_VALUE"""),"0,0,0,0,0,1") -> 0,0,0,0,0,1 | P59: =IFERROR(__xludf.DUMMYFUNCTION("""COMPUTED_VALUE"""),"0,0,0,0,-1,0") -> 0,0,0,0,-1,0 | Q59: =IFERROR(__xludf.DUMMYFUNCTION("""COMPUTED_VALUE"""),"0,0,0,0,0,0") -> 0,0,0,0,0,0 | R59: =IFERROR(__xludf.DUMMYFUNCTION("""COMPUTED_VALUE"""),"0,0,0,1,0,0") -> 0,0,0,1,0,0 | S59: =IFERROR(__xludf.DUMMYFUNCTION("""COMPUTED_VALUE"""),"4,1,1.5,2.5,0,0") -> 4,1,1.5,2.5,0,0 | T59: =IFERROR(__xludf.DUMMYFUNCTION("""COMPUTED_VALUE"""),"0,0,1,0,0,0") -> 0,0,1,0,0,0 | U59: =IFERROR(__xludf.DUMMYFUNCTION("""COMPUTED_VALUE"""),"1.5,0,0,0,2.5,2.5") -> 1.5,0,0,0,2.5,2.5 | V59: =IFERROR(__xludf.DUMMYFUNCTION("""COMPUTED_VALUE"""),"0,0,0,0,0,0") -> 0,0,0,0,0,0 | W59: =IFERROR(__xludf.DUMMYFUNCTION("""COMPUTED_VALUE"""),"1fnjyoidcVE3Yg85FHmTdFy4Wd_jCu9Cr") -> 1fnjyoidcVE3Yg85FHmTdFy4Wd_jCu9Cr
A60: =IFERROR(__xludf.DUMMYFUNCTION("""COMPUTED_VALUE"""),59.0) -> 59 | B60: =IFERROR(__xludf.DUMMYFUNCTION("""COMPUTED_VALUE"""),"California B") -> California B | C60: =IFERROR(__xludf.DUMMYFUNCTION("""COMPUTED_VALUE"""),"Foothill B") -> Foothill B | D60: =IFERROR(__xludf.DUMMYFUNCTION("""COMPUTED_VALUE"""),4.0) -> 4 | E60: =IFERROR(__xludf.DUMMYFUNCTION("""COMPUTED_VALUE"""),"Round Robin") -> Round Robin | F60: =IFERROR(__xludf.DUMMYFUNCTION("""COMPUTED_VALUE"""),"B") -> B | G60: =IFERROR(__xludf.DUMMYFUNCTION("""COMPUTED_VALUE"""),"DWINELLE 106") -> DWINELLE 106 | H60: =IFERROR(__xludf.DUMMYFUNCTION("""COMPUTED_VALUE"""),"16ckLtRWgW1Oan39tMvIg-dbKTU_RszQB7KSmEtGvN2c") -> 16ckLtRWgW1Oan39tMvIg-dbKTU_RszQB7KSmEtGvN2c | I60: =IFERROR(__xludf.DUMMYFUNCTION("""COMPUTED_VALUE"""),"https://docs.google.com/spreadsheets/d/16ckLtRWgW1Oan39tMvIg-dbKTU_RszQB7KSmEtGvN2c") -> https://docs.google.com/spreadsheets/d/16ckLtRWgW1Oan39tMvIg-dbKTU_RszQB7KSmEtGvN2c | J60: =IFERROR(__xludf.DUMMYFUNCTION("""COMPUTED_VALUE"""),TRUE) -> TRUE | K60: =IFERROR(__xludf.DUMMYFUNCTION("""COMPUTED_VALUE"""),34.0) -> 34 | L60: =IFERROR(__xludf.DUMMYFUNCTION("""COMPUTED_VALUE"""),62.0) -> 62 | M60: =IFERROR(__xludf.DUMMYFUNCTION("""COMPUTED_VALUE"""),"#N/A") -> #N/A | N60: =IFERROR(__xludf.DUMMYFUNCTION("""COMPUTED_VALUE"""),"0,0,0,0,0,0") -> 0,0,0,0,0,0 | O60: =IFERROR(__xludf.DUMMYFUNCTION("""COMPUTED_VALUE"""),"1.5,0,0,0,0,0") -> 1.5,0,0,0,0,0 | P60: =IFERROR(__xludf.DUMMYFUNCTION("""COMPUTED_VALUE"""),"0,1,1,1,0,0") -> 0,1,1,1,0,0 | Q60: =IFERROR(__xludf.DUMMYFUNCTION("""COMPUTED_VALUE"""),"1,0,0,0,0,0") -> 1,0,0,0,0,0 | R60: =IFERROR(__xludf.DUMMYFUNCTION("""COMPUTED_VALUE"""),"1.5,2,0,0,0,0") -> 1.5,2,0,0,0,0 | S60: =IFERROR(__xludf.DUMMYFUNCTION("""COMPUTED_VALUE"""),"0,0,1,0,0,0") -> 0,0,1,0,0,0 | T60: =IFERROR(__xludf.DUMMYFUNCTION("""COMPUTED_VALUE"""),"0,0,0,1.5,0,0") -> 0,0,0,1.5,0,0 | U60: =IFERROR(__xludf.DUMMYFUNCTION("""COMPUTED_VALUE"""),"0,0,0,0,0,0") -> 0,0,0,0,0,0 | V60: =IFERROR(__xludf.DUMMYFUNCTION("""COMPUTED_VALUE"""),"0,0,0,0,1.5,1") -> 0,0,0,0,1.5,1 | W60: =IFERROR(__xludf.DUMMYFUNCTION("""COMPUTED_VALUE"""),"1ZOcpmnz6rsr8oUEZv7nnQmus2y0zN2kl") -> 1ZOcpmnz6rsr8oUEZv7nnQmus2y0zN2kl
A61: =IFERROR(__xludf.DUMMYFUNCTION("""COMPUTED_VALUE"""),60.0) -> 60 | B61: =IFERROR(__xludf.DUMMYFUNCTION("""COMPUTED_VALUE"""),"Monta Vista A") -> Monta Vista A | C61: =IFERROR(__xludf.DUMMYFUNCTION("""COMPUTED_VALUE"""),"North Hollywood") -> North Hollywood | D61: =IFERROR(__xludf.DUMMYFUNCTION("""COMPUTED_VALUE"""),4.0) -> 4 | E61: =IFERROR(__xludf.DUMMYFUNCTION("""COMPUTED_VALUE"""),"Round Robin") -> Round Robin | F61: =IFERROR(__xludf.DUMMYFUNCTION("""COMPUTED_VALUE"""),"B") -> B | G61: =IFERROR(__xludf.DUMMYFUNCTION("""COMPUTED_VALUE"""),"DWINELLE 109") -> DWINELLE 109 | H61: =IFERROR(__xludf.DUMMYFUNCTION("""COMPUTED_VALUE"""),"1_MddAIWUuQf3ApW4wmqPwwfcHyvrQRf5UoEhbDX2new") -> 1_MddAIWUuQf3ApW4wmqPwwfcHyvrQRf5UoEhbDX2new | I61: =IFERROR(__xludf.DUMMYFUNCTION("""COMPUTED_VALUE"""),"https://docs.google.com/spreadsheets/d/1_MddAIWUuQf3ApW4wmqPwwfcHyvrQRf5UoEhbDX2new") -> https://docs.google.com/spreadsheets/d/1_MddAIWUuQf3ApW4wmqPwwfcHyvrQRf5UoEhbDX2new | J61: =IFERROR(__xludf.DUMMYFUNCTION("""COMPUTED_VALUE"""),TRUE) -> TRUE | K61: =IFERROR(__xludf.DUMMYFUNCTION("""COMPUTED_VALUE"""),60.0) -> 60 | L61: =IFERROR(__xludf.DUMMYFUNCTION("""COMPUTED_VALUE"""),136.0) -> 136 | M61: =IFERROR(__xludf.DUMMYFUNCTION("""COMPUTED_VALUE"""),"0,1,0,1.5,0,0") -> 0,1,0,1.5,0,0 | N61: =IFERROR(__xludf.DUMMYFUNCTION("""COMPUTED_VALUE"""),"1,-1,1,0,0,2.5") -> 1,-1,1,0,0,2.5 | O61: =IFERROR(__xludf.DUMMYFUNCTION("""COMPUTED_VALUE"""),"0,0,0,0,0,0") -> 0,0,0,0,0,0 | P61: =IFERROR(__xludf.DUMMYFUNCTION("""COMPUTED_VALUE"""),"0,0,0,0,0,0") -> 0,0,0,0,0,0 | Q61: =IFERROR(__xludf.DUMMYFUNCTION("""COMPUTED_VALUE"""),"0,0,0,0,-1,0") -> 0,0,0,0,-1,0 | R61: =IFERROR(__xludf.DUMMYFUNCTION("""COMPUTED_VALUE"""),"0,0,0,0,4,0") -> 0,0,0,0,4,0 | S61: =IFERROR(__xludf.DUMMYFUNCTION("""COMPUTED_VALUE"""),"0,0.5,-0.5,1.5,0,1.5") -> 0,0.5,-0.5,1.5,0,1.5 | T61: =IFERROR(__xludf.DUMMYFUNCTION("""COMPUTED_VALUE"""),"0,0,0,0,1.5,0") -> 0,0,0,0,1.5,0 | U61: =IFERROR(__xludf.DUMMYFUNCTION("""COMPUTED_VALUE"""),"3,0,1.5,0.5,0,0") -> 3,0,1.5,0.5,0,0 | V61: =IFERROR(__xludf.DUMMYFUNCTION("""COMPUTED_VALUE"""),",,,,,") -> ,,,,, | W61: =IFERROR(__xludf.DUMMYFUNCTION("""COMPUTED_VALUE"""),"1ivbxAGj__h08xVy2FRbo7iHDWDbLgwNl") -> 1ivbxAGj__h08xVy2FRbo7iHDWDbLgwNl
A62: =IFERROR(__xludf.DUMMYFUNCTION("""COMPUTED_VALUE"""),61.0) -> 61 | B62: =IFERROR(__xludf.DUMMYFUNCTION("""COMPUTED_VALUE"""),"Mira Loma A") -> Mira Loma A | C62: =IFERROR(__xludf.DUMMYFUNCTION("""COMPUTED_VALUE"""),"Archbishop Mitty B") -> Archbishop Mitty B | D62: =IFERROR(__xludf.DUMMYFUNCTION("""COMPUTED_VALUE"""),4.0) -> 4 | E62: =IFERROR(__xludf.DUMMYFUNCTION("""COMPUTED_VALUE"""),"Round Robin") -> Round Robin | F62: =IFERROR(__xludf.DUMMYFUNCTION("""COMPUTED_VALUE"""),"C") -> C | G62: =IFERROR(__xludf.DUMMYFUNCTION("""COMPUTED_VALUE"""),"DWINELLE 179") -> DWINELLE 179 | H62: =IFERROR(__xludf.DUMMYFUNCTION("""COMPUTED_VALUE"""),"1sy3DZSPxHrm25bmUbnxUv5zrlgT0kMG1gSQxAEjLQqM") -> 1sy3DZSPxHrm25bmUbnxUv5zrlgT0kMG1gSQxAEjLQqM | I62: =IFERROR(__xludf.DUMMYFUNCTION("""COMPUTED_VALUE"""),"https://docs.google.com/spreadsheets/d/1sy3DZSPxHrm25bmUbnxUv5zrlgT0kMG1gSQxAEjLQqM") -> https://docs.google.com/spreadsheets/d/1sy3DZSPxHrm25bmUbnxUv5zrlgT0kMG1gSQxAEjLQqM | J62: =IFERROR(__xludf.DUMMYFUNCTION("""COMPUTED_VALUE"""),TRUE) -> TRUE | K62: =IFERROR(__xludf.DUMMYFUNCTION("""COMPUTED_VALUE"""),146.0) -> 146 | L62: =IFERROR(__xludf.DUMMYFUNCTION("""COMPUTED_VALUE"""),4.0) -> 4 | M62: =IFERROR(__xludf.DUMMYFUNCTION("""COMPUTED_VALUE"""),"0,0,1,0,1.5,4.5") -> 0,0,1,0,1.5,4.5 | N62: =IFERROR(__xludf.DUMMYFUNCTION("""COMPUTED_VALUE"""),"1.5,1.5,1.5,0,0,0") -> 1.5,1.5,1.5,0,0,0 | O62: =IFERROR(__xludf.DUMMYFUNCTION("""COMPUTED_VALUE"""),"0,1.5,0,1,0,0") -> 0,1.5,0,1,0,0 | P62: =IFERROR(__xludf.DUMMYFUNCTION("""COMPUTED_VALUE"""),"0,0,1,0,0,0") -> 0,0,1,0,0,0 | Q62: =IFERROR(__xludf.DUMMYFUNCTION("""COMPUTED_VALUE"""),"2.5,1.5,1.5,1.5,2.5,0") -> 2.5,1.5,1.5,1.5,2.5,0 | R62: =IFERROR(__xludf.DUMMYFUNCTION("""COMPUTED_VALUE"""),"0,0,0,0,0,0") -> 0,0,0,0,0,0 | S62: =IFERROR(__xludf.DUMMYFUNCTION("""COMPUTED_VALUE"""),"0,0,0,0,1,0") -> 0,0,0,0,1,0 | T62: =IFERROR(__xludf.DUMMYFUNCTION("""COMPUTED_VALUE"""),"0,0,0,0,0,0") -> 0,0,0,0,0,0 | U62: =IFERROR(__xludf.DUMMYFUNCTION("""COMPUTED_VALUE"""),"0,0,0,0,0,0") -> 0,0,0,0,0,0 | V62: =IFERROR(__xludf.DUMMYFUNCTION("""COMPUTED_VALUE"""),",,,,,") -> ,,,,, | W62: =IFERROR(__xludf.DUMMYFUNCTION("""COMPUTED_VALUE"""),"1VhY5duZynZljzs0fA-JdTCNRRkzQRGTm") -> 1VhY5duZynZljzs0fA-JdTCNRRkzQRGTm
A63: =IFERROR(__xludf.DUMMYFUNCTION("""COMPUTED_VALUE"""),62.0) -> 62 | B63: =IFERROR(__xludf.DUMMYFUNCTION("""COMPUTED_VALUE"""),"Cupertino B") -> Cupertino B | C63: =IFERROR(__xludf.DUMMYFUNCTION("""COMPUTED_VALUE"""),"Canyon Crest A") -> Canyon Crest A | D63: =IFERROR(__xludf.DUMMYFUNCTION("""COMPUTED_VALUE"""),4.0) -> 4 | E63: =IFERROR(__xludf.DUMMYFUNCTION("""COMPUTED_VALUE"""),"Round Robin") -> Round Robin | F63: =IFERROR(__xludf.DUMMYFUNCTION("""COMPUTED_VALUE"""),"C") -> C | G63: =IFERROR(__xludf.DUMMYFUNCTION("""COMPUTED_VALUE"""),"DWINELLE 182") -> DWINELLE 182 | H63: =IFERROR(__xludf.DUMMYFUNCTION("""COMPUTED_VALUE"""),"1cMqQRri3ONcPrOXzxdzLfvXVYpIcmlnK_Tl8-bKDI8E") -> 1cMqQRri3ONcPrOXzxdzLfvXVYpIcmlnK_Tl8-bKDI8E | I63: =IFERROR(__xludf.DUMMYFUNCTION("""COMPUTED_VALUE"""),"https://docs.google.com/spreadsheets/d/1cMqQRri3ONcPrOXzxdzLfvXVYpIcmlnK_Tl8-bKDI8E") -> https://docs.google.com/spreadsheets/d/1cMqQRri3ONcPrOXzxdzLfvXVYpIcmlnK_Tl8-bKDI8E | J63: =IFERROR(__xludf.DUMMYFUNCTION("""COMPUTED_VALUE"""),TRUE) -> TRUE | K63: =IFERROR(__xludf.DUMMYFUNCTION("""COMPUTED_VALUE"""),12.0) -> 12 | L63: =IFERROR(__xludf.DUMMYFUNCTION("""COMPUTED_VALUE"""),154.0) -> 154 | M63: =IFERROR(__xludf.DUMMYFUNCTION("""COMPUTED_VALUE"""),"1,0,0,0,0,0") -> 1,0,0,0,0,0 | N63: =IFERROR(__xludf.DUMMYFUNCTION("""COMPUTED_VALUE"""),"0,0,0,0,0,0") -> 0,0,0,0,0,0 | O63: =IFERROR(__xludf.DUMMYFUNCTION("""COMPUTED_VALUE"""),"0,0,0,0,0,0") -> 0,0,0,0,0,0 | P63: =IFERROR(__xludf.DUMMYFUNCTION("""COMPUTED_VALUE"""),"1,0,0,1,0,0") -> 1,0,0,1,0,0 | Q63: =IFERROR(__xludf.DUMMYFUNCTION("""COMPUTED_VALUE"""),"0,0,0,0,0,0") -> 0,0,0,0,0,0 | R63: =IFERROR(__xludf.DUMMYFUNCTION("""COMPUTED_VALUE"""),"0,2.5,1.5,1,0,1") -> 0,2.5,1.5,1,0,1 | S63: =IFERROR(__xludf.DUMMYFUNCTION("""COMPUTED_VALUE"""),"0,0,4,1,0,0") -> 0,0,4,1,0,0 | T63: =IFERROR(__xludf.DUMMYFUNCTION("""COMPUTED_VALUE"""),"1,3,0,0,0,0") -> 1,3,0,0,0,0 | U63: =IFERROR(__xludf.DUMMYFUNCTION("""COMPUTED_VALUE"""),"0,0,0,0,5.5,0") -> 0,0,0,0,5.5,0 | V63: =IFERROR(__xludf.DUMMYFUNCTION("""COMPUTED_VALUE"""),",,,,,") -> ,,,,, | W63: =IFERROR(__xludf.DUMMYFUNCTION("""COMPUTED_VALUE"""),"1ZWlRd0tVUxuNmZQwbNvEW7lU7lmJQorm") -> 1ZWlRd0tVUxuNmZQwbNvEW7lU7lmJQorm
A64: =IFERROR(__xludf.DUMMYFUNCTION("""COMPUTED_VALUE"""),63.0) -> 63 | B64: =IFERROR(__xludf.DUMMYFUNCTION("""COMPUTED_VALUE"""),"Amador Valley B") -> Amador Valley B | C64: =IFERROR(__xludf.DUMMYFUNCTION("""COMPUTED_VALUE"""),"Lynbrook B") -> Lynbrook B | D64: =IFERROR(__xludf.DUMMYFUNCTION("""COMPUTED_VALUE"""),4.0) -> 4 | E64: =IFERROR(__xludf.DUMMYFUNCTION("""COMPUTED_VALUE"""),"Round Robin") -> Round Robin | F64: =IFERROR(__xludf.DUMMYFUNCTION("""COMPUTED_VALUE"""),"C") -> C | G64: =IFERROR(__xludf.DUMMYFUNCTION("""COMPUTED_VALUE"""),"DWINELLE 183") -> DWINELLE 183 | H64: =IFERROR(__xludf.DUMMYFUNCTION("""COMPUTED_VALUE"""),"1yujQrqFP9_F7MdieQreZmf82hNWkPywC6p90aocO27E") -> 1yujQrqFP9_F7MdieQreZmf82hNWkPywC6p90aocO27E | I64: =IFERROR(__xludf.DUMMYFUNCTION("""COMPUTED_VALUE"""),"https://docs.google.com/spreadsheets/d/1yujQrqFP9_F7MdieQreZmf82hNWkPywC6p90aocO27E") -> https://docs.google.com/spreadsheets/d/1yujQrqFP9_F7MdieQreZmf82hNWkPywC6p90aocO27E | J64: =IFERROR(__xludf.DUMMYFUNCTION("""COMPUTED_VALUE"""),TRUE) -> TRUE | K64: =IFERROR(__xludf.DUMMYFUNCTION("""COMPUTED_VALUE"""),34.0) -> 34 | L64: =IFERROR(__xludf.DUMMYFUNCTION("""COMPUTED_VALUE"""),70.0) -> 70 | M64: =IFERROR(__xludf.DUMMYFUNCTION("""COMPUTED_VALUE"""),"0,0,0,0,0,0") -> 0,0,0,0,0,0 | N64: =IFERROR(__xludf.DUMMYFUNCTION("""COMPUTED_VALUE"""),"0,1,0,1,0,0") -> 0,1,0,1,0,0 | O64: =IFERROR(__xludf.DUMMYFUNCTION("""COMPUTED_VALUE"""),"1,0,0,0,0,0") -> 1,0,0,0,0,0 | P64: =IFERROR(__xludf.DUMMYFUNCTION("""COMPUTED_VALUE"""),"0,0,0,0,1.5,0") -> 0,0,0,0,1.5,0 | Q64: =IFERROR(__xludf.DUMMYFUNCTION("""COMPUTED_VALUE"""),",,,,,") -> ,,,,, | R64: =IFERROR(__xludf.DUMMYFUNCTION("""COMPUTED_VALUE"""),"0,0,0,0,0,0") -> 0,0,0,0,0,0 | S64: =IFERROR(__xludf.DUMMYFUNCTION("""COMPUTED_VALUE"""),"2.5,1,1,0,0,0") -> 2.5,1,1,0,0,0 | T64: =IFERROR(__xludf.DUMMYFUNCTION("""COMPUTED_VALUE"""),"0,0,0,1,2.5,1") -> 0,0,0,1,2.5,1 | U64: =IFERROR(__xludf.DUMMYFUNCTION("""COMPUTED_VALUE"""),"0,0,1.5,0,-1,0") -> 0,0,1.5,0,-1,0 | V64: =IFERROR(__xludf.DUMMYFUNCTION("""COMPUTED_VALUE"""),"0,0,1,-1,0,0") -> 0,0,1,-1,0,0 | W64: =IFERROR(__xludf.DUMMYFUNCTION("""COMPUTED_VALUE"""),"1kCYgKAw3Bdw0Zvfxh3KTs44KLK8OXdlZ") -> 1kCYgKAw3Bdw0Zvfxh3KTs44KLK8OXdlZ
A65: =IFERROR(__xludf.DUMMYFUNCTION("""COMPUTED_VALUE"""),64.0) -> 64 | B65: =IFERROR(__xludf.DUMMYFUNCTION("""COMPUTED_VALUE"""),"Palo Alto A") -> Palo Alto A | C65: =IFERROR(__xludf.DUMMYFUNCTION("""COMPUTED_VALUE"""),"Arnold O. Beckman A") -> Arnold O. Beckman A | D65: =IFERROR(__xludf.DUMMYFUNCTION("""COMPUTED_VALUE"""),4.0) -> 4 | E65: =IFERROR(__xludf.DUMMYFUNCTION("""COMPUTED_VALUE"""),"Round Robin") -> Round Robin | F65: =IFERROR(__xludf.DUMMYFUNCTION("""COMPUTED_VALUE"""),"D") -> D | G65: =IFERROR(__xludf.DUMMYFUNCTION("""COMPUTED_VALUE"""),"DWINELLE 189") -> DWINELLE 189 | H65: =IFERROR(__xludf.DUMMYFUNCTION("""COMPUTED_VALUE"""),"1dyQMT-PdpNhTDLNybHolH89iGK8cV0_Y0lBpM__WYDA") -> 1dyQMT-PdpNhTDLNybHolH89iGK8cV0_Y0lBpM__WYDA | I65: =IFERROR(__xludf.DUMMYFUNCTION("""COMPUTED_VALUE"""),"https://docs.google.com/spreadsheets/d/1dyQMT-PdpNhTDLNybHolH89iGK8cV0_Y0lBpM__WYDA") -> https://docs.google.com/spreadsheets/d/1dyQMT-PdpNhTDLNybHolH89iGK8cV0_Y0lBpM__WYDA | J65: =IFERROR(__xludf.DUMMYFUNCTION("""COMPUTED_VALUE"""),TRUE) -> TRUE | K65: =IFERROR(__xludf.DUMMYFUNCTION("""COMPUTED_VALUE"""),84.0) -> 84 | L65: =IFERROR(__xludf.DUMMYFUNCTION("""COMPUTED_VALUE"""),30.0) -> 30 | M65: =IFERROR(__xludf.DUMMYFUNCTION("""COMPUTED_VALUE"""),"1,3,2.5,0,1.5,2.5") -> 1,3,2.5,0,1.5,2.5 | N65: =IFERROR(__xludf.DUMMYFUNCTION("""COMPUTED_VALUE"""),"0,0,0,1.5,0,0") -> 0,0,0,1.5,0,0 | O65: =IFERROR(__xludf.DUMMYFUNCTION("""COMPUTED_VALUE"""),"#N/A") -> #N/A | P65: =IFERROR(__xludf.DUMMYFUNCTION("""COMPUTED_VALUE"""),"0,0,0,0,0,0") -> 0,0,0,0,0,0 | Q65: =IFERROR(__xludf.DUMMYFUNCTION("""COMPUTED_VALUE"""),"0,0,0,0,0,0") -> 0,0,0,0,0,0 | R65: =IFERROR(__xludf.DUMMYFUNCTION("""COMPUTED_VALUE"""),"-1,0,0,0,1,0") -> -1,0,0,0,1,0 | S65: =IFERROR(__xludf.DUMMYFUNCTION("""COMPUTED_VALUE"""),"1.5,0,0,0,1,0") -> 1.5,0,0,0,1,0 | T65: =IFERROR(__xludf.DUMMYFUNCTION("""COMPUTED_VALUE"""),"0,0,1,1,0,0") -> 0,0,1,1,0,0 | U65: =IFERROR(__xludf.DUMMYFUNCTION("""COMPUTED_VALUE"""),"0,0,0,0,0,0") -> 0,0,0,0,0,0 | V65: =IFERROR(__xludf.DUMMYFUNCTION("""COMPUTED_VALUE"""),",,,,,") -> ,,,,, | W65: =IFERROR(__xludf.DUMMYFUNCTION("""COMPUTED_VALUE"""),"1SugmEQju9xy78Wv1Su4-qpjFyVCOG0t1") -> 1SugmEQju9xy78Wv1Su4-qpjFyVCOG0t1
A66: =IFERROR(__xludf.DUMMYFUNCTION("""COMPUTED_VALUE"""),65.0) -> 65 | B66: =IFERROR(__xludf.DUMMYFUNCTION("""COMPUTED_VALUE"""),"Monta Vista B") -> Monta Vista B | C66: =IFERROR(__xludf.DUMMYFUNCTION("""COMPUTED_VALUE"""),"BASIS Independent A") -> BASIS Independent A | D66: =IFERROR(__xludf.DUMMYFUNCTION("""COMPUTED_VALUE"""),4.0) -> 4 | E66: =IFERROR(__xludf.DUMMYFUNCTION("""COMPUTED_VALUE"""),"Round Robin") -> Round Robin | F66: =IFERROR(__xludf.DUMMYFUNCTION("""COMPUTED_VALUE"""),"D") -> D | G66: =IFERROR(__xludf.DUMMYFUNCTION("""COMPUTED_VALUE"""),"DWINELLE 204") -> DWINELLE 204 | H66: =IFERROR(__xludf.DUMMYFUNCTION("""COMPUTED_VALUE"""),"1et755FsCKX63WiZ3VGIVv5iF-0OanzJcZygbsZjRMys") -> 1et755FsCKX63WiZ3VGIVv5iF-0OanzJcZygbsZjRMys | I66: =IFERROR(__xludf.DUMMYFUNCTION("""COMPUTED_VALUE"""),"https://docs.google.com/spreadsheets/d/1et755FsCKX63WiZ3VGIVv5iF-0OanzJcZygbsZjRMys") -> https://docs.google.com/spreadsheets/d/1et755FsCKX63WiZ3VGIVv5iF-0OanzJcZygbsZjRMys | J66: =IFERROR(__xludf.DUMMYFUNCTION("""COMPUTED_VALUE"""),TRUE) -> TRUE | K66: =IFERROR(__xludf.DUMMYFUNCTION("""COMPUTED_VALUE"""),4.0) -> 4 | L66: =IFERROR(__xludf.DUMMYFUNCTION("""COMPUTED_VALUE"""),106.0) -> 106 | M66: =IFERROR(__xludf.DUMMYFUNCTION("""COMPUTED_VALUE"""),"0,0,0,0,0,0") -> 0,0,0,0,0,0 | N66: =IFERROR(__xludf.DUMMYFUNCTION("""COMPUTED_VALUE"""),"0,0,0,0,-1,0") -> 0,0,0,0,-1,0 | O66: =IFERROR(__xludf.DUMMYFUNCTION("""COMPUTED_VALUE"""),"#N/A") -> #N/A | P66: =IFERROR(__xludf.DUMMYFUNCTION("""COMPUTED_VALUE"""),"0,0,0,0,0,0") -> 0,0,0,0,0,0 | Q66: =IFERROR(__xludf.DUMMYFUNCTION("""COMPUTED_VALUE"""),"1,0,0,0,0,0") -> 1,0,0,0,0,0 | R66: =IFERROR(__xludf.DUMMYFUNCTION("""COMPUTED_VALUE"""),"0,0,0,0,1.5,0") -> 0,0,0,0,1.5,0 | S66: =IFERROR(__xludf.DUMMYFUNCTION("""COMPUTED_VALUE"""),"2.5,2,1,1,3,2") -> 2.5,2,1,1,3,2 | T66: =IFERROR(__xludf.DUMMYFUNCTION("""COMPUTED_VALUE"""),"0,0,1,0,0,0") -> 0,0,1,0,0,0 | U66: =IFERROR(__xludf.DUMMYFUNCTION("""COMPUTED_VALUE"""),"0,0,0,1.5,0,0") -> 0,0,0,1.5,0,0 | V66: =IFERROR(__xludf.DUMMYFUNCTION("""COMPUTED_VALUE"""),"#N/A") -> #N/A | W66: =IFERROR(__xludf.DUMMYFUNCTION("""COMPUTED_VALUE"""),"1Mt9Xksd_TdHkCUOFuH_LJ7Nfrgu0axBx") -> 1Mt9Xksd_TdHkCUOFuH_LJ7Nfrgu0axBx
A67: =IFERROR(__xludf.DUMMYFUNCTION("""COMPUTED_VALUE"""),66.0) -> 66 | B67: =IFERROR(__xludf.DUMMYFUNCTION("""COMPUTED_VALUE"""),"Lynbrook A") -> Lynbrook A | C67: =IFERROR(__xludf.DUMMYFUNCTION("""COMPUTED_VALUE"""),"Canyon Crest B") -> Canyon Crest B | D67: =IFERROR(__xludf.DUMMYFUNCTION("""COMPUTED_VALUE"""),4.0) -> 4 | E67: =IFERROR(__xludf.DUMMYFUNCTION("""COMPUTED_VALUE"""),"Round Robin") -> Round Robin | F67: =IFERROR(__xludf.DUMMYFUNCTION("""COMPUTED_VALUE"""),"D") -> D | G67: =IFERROR(__xludf.DUMMYFUNCTION("""COMPUTED_VALUE"""),"DWINELLE 206") -> DWINELLE 206 | H67: =IFERROR(__xludf.DUMMYFUNCTION("""COMPUTED_VALUE"""),"1eMyQ8Ot6t7mkE8-dH6yvnM9waK3ktnLXsNq3cZnpFzM") -> 1eMyQ8Ot6t7mkE8-dH6yvnM9waK3ktnLXsNq3cZnpFzM | I67: =IFERROR(__xludf.DUMMYFUNCTION("""COMPUTED_VALUE"""),"https://docs.google.com/spreadsheets/d/1eMyQ8Ot6t7mkE8-dH6yvnM9waK3ktnLXsNq3cZnpFzM") -> https://docs.google.com/spreadsheets/d/1eMyQ8Ot6t7mkE8-dH6yvnM9waK3ktnLXsNq3cZnpFzM | J67: =IFERROR(__xludf.DUMMYFUNCTION("""COMPUTED_VALUE"""),TRUE) -> TRUE | K67: =IFERROR(__xludf.DUMMYFUNCTION("""COMPUTED_VALUE"""),126.0) -> 126 | L67: =IFERROR(__xludf.DUMMYFUNCTION("""COMPUTED_VALUE"""),58.0) -> 58 | M67: =IFERROR(__xludf.DUMMYFUNCTION("""COMPUTED_VALUE"""),"1.5,0,1.5,-1,0,0") -> 1.5,0,1.5,-1,0,0 | N67: =IFERROR(__xludf.DUMMYFUNCTION("""COMPUTED_VALUE"""),"0,1.5,0,0,0.5,2.5") -> 0,1.5,0,0,0.5,2.5 | O67: =IFERROR(__xludf.DUMMYFUNCTION("""COMPUTED_VALUE"""),"0,0,3,2.5,0,0") -> 0,0,3,2.5,0,0 | P67: =IFERROR(__xludf.DUMMYFUNCTION("""COMPUTED_VALUE"""),"#N/A") -> #N/A | Q67: =IFERROR(__xludf.DUMMYFUNCTION("""COMPUTED_VALUE"""),"1.5,1.5,0,0,0,1") -> 1.5,1.5,0,0,0,1 | R67: =IFERROR(__xludf.DUMMYFUNCTION("""COMPUTED_VALUE"""),"1,0,0,-1,1.5,0") -> 1,0,0,-1,1.5,0 | S67: =IFERROR(__xludf.DUMMYFUNCTION("""COMPUTED_VALUE"""),"1,0,0,1.5,0,0") -> 1,0,0,1.5,0,0 | T67: =IFERROR(__xludf.DUMMYFUNCTION("""COMPUTED_VALUE"""),"0,0,0,0,1.5,0") -> 0,0,0,0,1.5,0 | U67: =IFERROR(__xludf.DUMMYFUNCTION("""COMPUTED_VALUE"""),"0,0,0,0,0,0") -> 0,0,0,0,0,0 | V67: =IFERROR(__xludf.DUMMYFUNCTION("""COMPUTED_VALUE"""),",,,,,") -> ,,,,, | W67: =IFERROR(__xludf.DUMMYFUNCTION("""COMPUTED_VALUE"""),"1R8Q7gRcKc9BVAL76Yk7Shtq5EWg_4_YO") -> 1R8Q7gRcKc9BVAL76Yk7Shtq5EWg_4_YO
A68: =IFERROR(__xludf.DUMMYFUNCTION("""COMPUTED_VALUE"""),67.0) -> 67 | B68: =IFERROR(__xludf.DUMMYFUNCTION("""COMPUTED_VALUE"""),"California A") -> California A | C68: =IFERROR(__xludf.DUMMYFUNCTION("""COMPUTED_VALUE"""),"Archbishop Mitty A") -> Archbishop Mitty A | D68: =IFERROR(__xludf.DUMMYFUNCTION("""COMPUTED_VALUE"""),4.0) -> 4 | E68: =IFERROR(__xludf.DUMMYFUNCTION("""COMPUTED_VALUE"""),"Round Robin") -> Round Robin | F68: =IFERROR(__xludf.DUMMYFUNCTION("""COMPUTED_VALUE"""),"E") -> E | G68: =IFERROR(__xludf.DUMMYFUNCTION("""COMPUTED_VALUE"""),"DWINELLE 209") -> DWINELLE 209 | H68: =IFERROR(__xludf.DUMMYFUNCTION("""COMPUTED_VALUE"""),"1Rtv9Jv0ZV45P5t4iOe0edWcRLezGdad8xa1uk_RqpPY") -> 1Rtv9Jv0ZV45P5t4iOe0edWcRLezGdad8xa1uk_RqpPY | I68: =IFERROR(__xludf.DUMMYFUNCTION("""COMPUTED_VALUE"""),"https://docs.google.com/spreadsheets/d/1Rtv9Jv0ZV45P5t4iOe0edWcRLezGdad8xa1uk_RqpPY") -> https://docs.google.com/spreadsheets/d/1Rtv9Jv0ZV45P5t4iOe0edWcRLezGdad8xa1uk_RqpPY | J68: =IFERROR(__xludf.DUMMYFUNCTION("""COMPUTED_VALUE"""),TRUE) -> TRUE | K68: =IFERROR(__xludf.DUMMYFUNCTION("""COMPUTED_VALUE"""),44.0) -> 44 | L68: =IFERROR(__xludf.DUMMYFUNCTION("""COMPUTED_VALUE"""),56.0) -> 56 | M68: =IFERROR(__xludf.DUMMYFUNCTION("""COMPUTED_VALUE"""),"0,0,0,0,0,0") -> 0,0,0,0,0,0 | N68: =IFERROR(__xludf.DUMMYFUNCTION("""COMPUTED_VALUE"""),"1.5,0,0,0,0,1.5") -> 1.5,0,0,0,0,1.5 | O68: =IFERROR(__xludf.DUMMYFUNCTION("""COMPUTED_VALUE"""),"0,0,0,0,0,0") -> 0,0,0,0,0,0 | P68: =IFERROR(__xludf.DUMMYFUNCTION("""COMPUTED_VALUE"""),"0,0,0,0,1,0") -> 0,0,0,0,1,0 | Q68: =IFERROR(__xludf.DUMMYFUNCTION("""COMPUTED_VALUE"""),"1,0,0,0,0,0") -> 1,0,0,0,0,0 | R68: =IFERROR(__xludf.DUMMYFUNCTION("""COMPUTED_VALUE"""),"0,0,2,2.5,0,1") -> 0,0,2,2.5,0,1 | S68: =IFERROR(__xludf.DUMMYFUNCTION("""COMPUTED_VALUE"""),"0,0,1,0,-1,0") -> 0,0,1,0,-1,0 | T68: =IFERROR(__xludf.DUMMYFUNCTION("""COMPUTED_VALUE"""),"0,0,0,0,1,0") -> 0,0,0,0,1,0 | U68: =IFERROR(__xludf.DUMMYFUNCTION("""COMPUTED_VALUE"""),"0,1.5,0,0,0,0") -> 0,1.5,0,0,0,0 | V68: =IFERROR(__xludf.DUMMYFUNCTION("""COMPUTED_VALUE"""),",,,,,") -> ,,,,, | W68: =IFERROR(__xludf.DUMMYFUNCTION("""COMPUTED_VALUE"""),"1ceIlOa2fB7WrLZM2CEwKD06R4jlBCRMA") -> 1ceIlOa2fB7WrLZM2CEwKD06R4jlBCRMA
