Workbook

Sheet All
B1: Cupertino B | G1: Stanford OHS | L1: Mira Loma A | Q1: Saratoga B | V1: Mira Loma B | AA1: Saratoga A | AF1: Palo Alto A | AK1: Palo Alto B | AP1: Cupertino A
B2: Mithilesh | C2: Amitabh | D2: Namita | E2: Richard | F2: Shubhi | G2: Tanish | H2: Syaon | L2: Nipun | M2: Aditya | N2: Sarthak | O2: Shohom | Q2: Levana | R2: Nolan | S2: Arjun | T2: Warren | V2: Harish | W2: Elyas | X2: Tanay | Y2: Ashrith | AA2: Adam | AB2: Nilay | AC2: Anthony | AD2: Advaith | AF2: Carissa | AG2: Forrest | AH2: Johnathan | AI2: Atticus | AJ2: Matthew | AK2: Nathan | AL2: Jeremy | AM2: Johnathan | AN2: Jarvis | AO2: Claire | AP2: Aaditya | AQ2: Jake | AR2: Aditi | AS2: Minseo
B3: TRUE | C3: TRUE | D3: TRUE | E3: TRUE | F3: TRUE | G3: TRUE | H3: TRUE | I3: FALSE | J3: FALSE | K3: FALSE | L3: TRUE | M3: TRUE | N3: TRUE | O3: TRUE | P3: FALSE | Q3: TRUE | R3: FALSE | S3: TRUE | T3: FALSE | U3: FALSE | V3: TRUE | W3: TRUE | X3: TRUE | Y3: TRUE | Z3: FALSE | AA3: TRUE | AB3: TRUE | AC3: TRUE | AD3: TRUE | AE3: FALSE | AF3: TRUE | AG3: TRUE | AH3: TRUE | AI3: TRUE | AJ3: FALSE | AK3: TRUE | AL3: TRUE | AM3: TRUE | AN3: TRUE | AO3: TRUE | AP3: FALSE | AQ3: FALSE | AR3: FALSE | AS3: FALSE | AT3: FALSE
A4: X | D4: 4 | L4: 4 | W4: 4 | AM4: 4
A5: M | G5: 4 | M5: -4 | AB5: 4 | AG5: 4
A6: C | G6: 4 | L6: 4 | W6: 4 | AI6: 4
A7: E | L7: -4 | AC7: 4 | AI7: -4 | AL7: 4
A8: B | G8: 4 | M8: 4 | AA8: 4 | AH8: -4
A9: P | N9: 4 | V9: 4 | AK9: 4
A10: X | M10: 4 | AD10: 4
A11: M | AD11: 4 | AG11: 4
A12: C | G12: 4 | L12: 4 | X12: 4 | AG12: 4
A13: E | O13: 4 | AC13: 4 | AM13: 4
A14: B | M14: 4 | AC14: 4 | AO14: 4
A15: P | G15: 4 | O15: -4 | S15: 4 | AD15: 4 | AL15: 4
B16: TRUE | C16: TRUE | D16: TRUE | E16: TRUE | F16: TRUE | G16: TRUE | H16: TRUE | I16: FALSE | J16: FALSE | K16: FALSE | L16: TRUE | M16: TRUE | N16: TRUE | O16: TRUE | P16: FALSE | Q16: TRUE | R16: FALSE | S16: TRUE | T16: FALSE | U16: FALSE | V16: TRUE | W16: TRUE | X16: TRUE | Y16: TRUE | Z16: FALSE | AA16: TRUE | AB16: TRUE | AC16: TRUE | AD16: TRUE | AE16: FALSE | AF16: TRUE | AG16: TRUE | AH16: TRUE | AI16: TRUE | AJ16: FALSE | AK16: TRUE | AL16: TRUE | AM16: TRUE | AN16: TRUE | AO16: TRUE | AP16: FALSE | AQ16: FALSE | AR16: FALSE | AS16: FALSE | AT16: FALSE
A17: X | C17: -4 | G17: 4 | M17: 4 | AA17: 4 | AH17: 4
A18: M | L18: -4 | S18: 4 | AD18: 4 | AH18: 4
A19: C | G19: 4 | L19: -4 | X19: 4 | AH19: 4
A20: E | D20: 4 | M20: 4 | AC20: 4 | AL20: 4
A21: B | G21: 4 | M21: 4 | Y21: 4 | AH21: 4
A22: P | C22: 4 | O22: 4 | V22: 4 | AI22: 4 | AK22: -4
A23: X | O23: 4 | AC23: 4 | AL23: 4
A24: M | G24: 4 | M24: 4 | AB24: 4 | AG24: 4
A25: C | G25: 4 | M25: 4 | W25: 4 | AM25: 4
A26: E | G26: 4 | M26: 4 | AC26: 4 | AG26: 4
A27: B | M27: 4 | AD27: 4 | AH27: 4
A28: P | G28: 4 | M28: 4 | V28: 4 | AI28: 4
B31: Mira Loma B | G31: Palo Alto B | L31: Cupertino A | Q31: Stanford OHS | V31: Cupertino B | AA31: Saratoga B | AF31: Mira Loma A | AK31: Saratoga A | AP31: Palo Alto A
B32: Harish | C32: Elyas | D32: Tanay | E32: Ashrith | G32: Claire | H32: Jeremy | I32: Jarvis | J32: Nathan | K32: Jonathen | L32: Aaditya | M32: Jake | N32: Aditi | O32: Minseo | Q32: Tanish | R32: Syaon | V32: Mithilesh | W32: Amitabh | X32: Namita | Y32: Richard | Z32: Shubhi | AA32: Levana | AB32: Nolan | AC32: Arjun | AD32: Warren | AF32: Sholom | AG32: Sarthak | AH32: Nipun | AI32: Aditya | AL32: Anthony | AM32: Advaith | AN32: Nilay | AO32: Adam | AP32: Carissa | AQ32: Forrest | AR32: Johnathan | AS32: Atticus | AT32: Matthew
B33: TRUE | C33: TRUE | D33: TRUE | E33: TRUE | F33: FALSE | G33: TRUE | H33: TRUE | I33: TRUE | J33: TRUE | K33: TRUE | L33: TRUE | M33: TRUE | N33: TRUE | O33: TRUE | P33: FALSE | Q33: TRUE | R33: TRUE | S33: FALSE | T33: FALSE | U33: FALSE | V33: TRUE | W33: TRUE | X33: TRUE | Y33: TRUE | Z33: TRUE | AA33: TRUE | AB33: FALSE | AC33: TRUE | AD33: FALSE | AE33: FALSE | AF33: TRUE | AG33: TRUE | AH33: TRUE | AI33: TRUE | AJ33: FALSE | AK33: FALSE | AL33: TRUE | AM33: TRUE | AN33: TRUE | AO33: TRUE | AP33: FALSE | AQ33: FALSE | AR33: FALSE | AS33: FALSE | AT33: FALSE
A34: X | Q34: 4 | V34: 4 | AN34: 4
A35: M | D35: 4 | Q35: 4 | AA35: 4 | AF35: 4 | AM35: -4
A36: C | C36: 4 | M36: -4 | AA36: 4 | AH36: 4
A37: E | C37: 4 | L37: 4 | AI37: 4
A38: B | B38: 4 | M38: 4 | Z38: 4 | AI38: 4
A39: P | C39: 4 | M39: 4 | AA39: 4 | AI39: 4
A40: X | C40: 4 | M40: 4 | AH40: 4
A41: M | J41: 4 | M41: 4 | AN41: 4
A42: C | K42: 4 | M42: 4 | AH42: 4
A43: E | K43: 4 | M43: 4 | AI43: -4 | AL43: 4
A44: B | L44: 4 | AI44: 4
A45: P | J45: 4 | Q45: 4 | AF45: 4
B46: TRUE | C46: TRUE | D46: TRUE | E46: TRUE | F46: FALSE | G46: TRUE | H46: TRUE | I46: TRUE | J46: TRUE | K46: TRUE | L46: TRUE | M46: TRUE | N46: TRUE | O46: TRUE | P46: FALSE | Q46: TRUE | R46: TRUE | S46: FALSE | T46: FALSE | U46: FALSE | V46: TRUE | W46: TRUE | X46: TRUE | Y46: TRUE | Z46: TRUE | AA46: TRUE | AB46: FALSE | AC46: TRUE | AD46: FALSE | AE46: FALSE | AF46: TRUE | AG46: TRUE | AH46: TRUE | AI46: TRUE | AJ46: FALSE | AK46: FALSE | AL46: TRUE | AM46: TRUE | AN46: TRUE | AO46: TRUE | AP46: FALSE | AQ46: FALSE | AR46: FALSE | AS46: FALSE | AT46: FALSE
A47: X | AI47: -4
A48: M | B48: 4 | O48: 4 | V48: 4 | AH48: 4
A49: C | D49: 4 | Q49: 4 | AA49: 4 | AI49: 4
A50: E | M50: 4 | X50: 4 | AL50: 4
A51: B | B51: 4 | L51: 4 | V51: 4 | AI51: 4
A52: P | E52: 4 | N52: 4 | W52: 4 | AI52: 4
A53: X | C53: 4 | L53: 4 | AH53: 4
A54: M | B54: 4 | O54: 4 | W54: 4 | AI54: 4 | AN54: -4
A55: C | C55: 4 | Q55: 4 | V55: 4 | AN55: 4
A56: E | E56: 4 | M56: 4 | AI56: 4
A57: B | E57: 4 | L57: 4 | AC57: 4 | AI57: -4 | AO57: 4
A58: P | AF58: -4
B61: Saratoga A | G61: Cupertino B | L61: Mira Loma A | Q61: Mira Loma B | V61: Palo Alto A | AA61: Stanford OHS | AF61: Cupertino A | AK61: Saratoga B | AP61: Palo Alto B
B62: Adam | C62: Nilay | D62: Anthony | E62: Advaith | G62: Mithilesh | H62: Amitabh | I62: Namita | J62: Richard | K62: Shubhi | L62: Nipun | M62: Aditya | N62: Sarthak | O62: Shohom | Q62: Harish | R62: Elyas | S62: Tanay | T62: Ashrith | V62: Johnathen | W62: Matthew | X62: Atticus | Y62: Forrest | Z62: Carissa | AA62: Tanish | AB62: Syaon | AF62: Aaditya | AG62: Jake | AH62: Aditi | AI62: Minseo | AK62: Levana | AL62: Nolan | AM62: Arjun | AN62: Warren | AP62: Claire | AQ62: Jeremy | AR62: Jarvis | AS62: Nathan | AT62: Jonathen
B63: TRUE | C63: TRUE | D63: TRUE | E63: TRUE | F63: FALSE | G63: TRUE | H63: TRUE | I63: TRUE | J63: TRUE | K63: TRUE | L63: TRUE | M63: TRUE | N63: TRUE | O63: TRUE | P63: FALSE | Q63: TRUE | R63: TRUE | S63: TRUE | T63: TRUE | U63: FALSE | V63: TRUE | W63: FALSE | X63: TRUE | Y63: TRUE | Z63: TRUE | AA63: TRUE | AB63: TRUE | AC63: FALSE | AD63: FALSE | AE63: FALSE | AF63: TRUE | AG63: TRUE | AH63: TRUE | AI63: TRUE | AJ63: TRUE | AK63: TRUE | AL63: FALSE | AM63: TRUE | AN63: FALSE | AO63: FALSE | AP63: FALSE | AQ63: FALSE | AR63: FALSE | AS63: FALSE | AT63: FALSE
A64: X | D64: 4 | O64: 4 | Z64: 4 | AF64: 4
A65: M | C65: 4 | O65: -4 | R65: 4 | Y65: 4 | AG65: 4
A66: C | M66: -4 | S66: 4
A67: E | D67: -4 | G67: 4 | L67: 4 | AG67: 4
A68: B | E68: -4 | O68: -4 | R68: 4 | V68: 4 | AH68: 4
A69: P | E69: 4 | O69: -4 | Q69: 4 | Y69: 4 | AA69: -4 | AG69: 4
A70: X | C70: 4 | M70: 4 | X70: 4 | AG70: 4
A71: M | C71: 4 | Q71: 4 | Z71: 4 | AK71: 4
A72: C
A73: E | D73: 4 | M73: 4 | AA73: 4 | AG73: 4
A74: B | M74: 4 | AA74: 4 | AF74: -4
A75: P | E75: 4 | Q75: 4 | AA75: 4 | AF75: 4
B76: TRUE | C76: TRUE | D76: TRUE | E76: TRUE | F76: FALSE | G76: TRUE | H76: TRUE | I76: TRUE | J76: TRUE | K76: TRUE | L76: TRUE | M76: TRUE | N76: TRUE | O76: TRUE | P76: FALSE | Q76: TRUE | R76: TRUE | S76: TRUE | T76: TRUE | U76: FALSE | V76: TRUE | W76: FALSE | X76: TRUE | Y76: TRUE | Z76: TRUE | AA76: TRUE | AB76: TRUE | AC76: FALSE | AD76: FALSE | AE76: FALSE | AF76: TRUE | AG76: TRUE | AH76: TRUE | AI76: TRUE | AJ76: TRUE | AK76: TRUE | AL76: FALSE | AM76: TRUE | AN76: FALSE | AO76: FALSE | AP76: FALSE | AQ76: FALSE | AR76: FALSE | AS76: FALSE | AT76: FALSE
A77: X | B77: 4 | M77: 4 | V77: 4 | AG77: 4
A78: M | C78: -4 | H78: 4 | Y78: -4 | AM78: 4
A79: C | B79: 4 | L79: 4
A80: E | E80: 4 | L80: 4 | AA80: 4
A81: B | E81: 4 | M81: 4 | AA81: 4 | AF81: 4
A82: P | D82: 4 | M82: 4 | AA82: 4 | AF82: 4
A83: X | E83: 4 | M83: 4 | V83: 4 | AM83: 4
A84: M | C84: 4 | Q84: 4 | Y84: 4 | AH84: 4
A85: C | E85: 4 | H85: -4 | O85: 4 | V85: 4
A86: E | L86: 4 | AM86: 4
A87: B | T87: 4 | Y87: 4 | AM87: 4
A88: P | C88: 4 | Q88: 4 | Y88: 4 | AG88: 4
B91: Palo Alto A | G91: Saratoga B | L91: Saratoga A | Q91: Cupertino A | V91: Cupertino B | AA91: Mira Loma B | AF91: Mira Loma A | AK91: Palo Alto B | AP91: Stanford OHS
B92: Johnathen | C92: Matthew | D92: Atticus | E92: Forrest | F92: Carissa | G92: Levana | H92: Nolan | I92: Arjun | J92: Warren | L92: Adam | M92: Nilay | N92: Anthony | O92: Advaith | Q92: Aaditya | R92: Jake | S92: Aditi | T92: Minseo | V92: Mithilesh | W92: Amitabh | X92: Namita | Y92: Richard | Z92: Shubhi | AA92: Harish | AB92: Elyas | AC92: Tanay | AD92: Ashrith | AF92: Nipun | AG92: Aditya | AH92: Sarthak | AI92: Shohom | AK92: Claire | AL92: Jeremy | AM92: Jarvis | AN92: Nathan | AO92: Jonathen | AP92: Tanish | AQ92: Syaon
B93: TRUE | C93: FALSE | D93: TRUE | E93: TRUE | F93: TRUE | G93: TRUE | H93: FALSE | I93: TRUE | J93: FALSE | K93: FALSE | L93: TRUE | M93: TRUE | N93: TRUE | O93: TRUE | P93: FALSE | Q93: TRUE | R93: TRUE | S93: TRUE | T93: TRUE | U93: FALSE | V93: TRUE | W93: TRUE | X93: TRUE | Y93: TRUE | Z93: TRUE | AA93: TRUE | AB93: TRUE | AC93: TRUE | AD93: TRUE | AE93: FALSE | AF93: TRUE | AG93: TRUE | AH93: TRUE | AI93: TRUE | AJ93: FALSE | AK93: TRUE | AL93: TRUE | AM93: TRUE | AN93: TRUE | AO93: TRUE | AP93: FALSE | AQ93: FALSE | AR93: FALSE | AS93: FALSE | AT93: FALSE
A94: X | M94: 4 | AC94: 4
A95: M | M95: 4
A96: C | S96: 4 | V96: 4 | AG96: -4
A97: E | N97: 4 | AC97: 4 | AI97: 4
A98: B | I98: 4 | S98: 4 | AD98: 4 | AG98: 4
A99: P | E99: 4 | N99: -4 | AB99: 4 | AH99: -4 | AN99: 4
A100: X | F100: 4 | T100: 4 | AB100: 4 | AI100: -4
A101: M | D101: 4 | O101: 4 | AB101: 4 | AG101: 4
A102: C | D102: 4 | Q102: 4 | AB102: 4 | AG102: 4
A103: E | E103: 4 | R103: 4 | X103: 4 | AD103: -4 | AG103: 4
A104: B | Q104: 4 | AD104: 4 | AG104: 4
A105: P | D105: 4 | R105: 4 | AA105: 4 | AG105: -4 | AL105: 4
B106: TRUE | C106: FALSE | D106: TRUE | E106: TRUE | F106: TRUE | G106: TRUE | H106: FALSE | I106: TRUE | J106: FALSE | K106: FALSE | L106: TRUE | M106: TRUE | N106: TRUE | O106: TRUE | P106: FALSE | Q106: TRUE | R106: TRUE | S106: TRUE | T106: TRUE | U106: FALSE | V106: TRUE | W106: TRUE | X106: TRUE | Y106: TRUE | Z106: TRUE | AA106: TRUE | AB106: TRUE | AC106: TRUE | AD106: TRUE | AE106: FALSE | AF106: TRUE | AG106: TRUE | AH106: TRUE | AI106: TRUE | AJ106: FALSE | AK106: TRUE | AL106: TRUE | AM106: TRUE | AN106: TRUE | AO106: TRUE | AP106: FALSE | AQ106: FALSE | AR106: FALSE | AS106: FALSE | AT106: FALSE
...

Sheet Sorted
A1: =AM1 | B1: {=transpose(sort(transpose(All!A1:AT30),2,true))} -> Cupertino A | C1: Saratoga A | L1: Palo Alto A | P1: Mira Loma B | V1: Saratoga B | Y1: Cupertino B | AA1: Palo Alto B | AC1: Mira Loma A | AK1: Stanford OHS
A2: =AM2 | B2: Aaditya | C2: Adam | D2: Aditi | E2: Aditya | F2: Advaith | G2: Amitabh | H2: Anthony | I2: Arjun | J2: Ashrith | K2: Atticus | L2: Carissa | M2: Claire | N2: Elyas | O2: Forrest | P2: Harish | Q2: Jake | R2: Jarvis | S2: Jeremy | T2: Johnathan | U2: Johnathan | V2: Levana | W2: Matthew | X2: Minseo | Y2: Mithilesh | Z2: Namita | AA2: Nathan | AB2: Nilay | AC2: Nipun | AD2: Nolan | AE2: Richard | AF2: Sarthak | AG2: Shohom | AH2: Shubhi | AI2: Syaon | AJ2: Tanay | AK2: Tanish | AL2: Warren
A3: =AM3 | B3: FALSE | C3: TRUE | D3: FALSE | E3: TRUE | F3: TRUE | G3: TRUE | H3: TRUE | I3: TRUE | J3: TRUE | K3: TRUE | L3: TRUE | M3: TRUE | N3: TRUE | O3: TRUE | P3: TRUE | Q3: FALSE | R3: TRUE | S3: TRUE | T3: TRUE | U3: TRUE | V3: TRUE | W3: FALSE | X3: FALSE | Y3: TRUE | Z3: TRUE | AA3: TRUE | AB3: TRUE | AC3: TRUE | AD3: FALSE | AE3: TRUE | AF3: TRUE | AG3: TRUE | AH3: TRUE | AI3: TRUE | AJ3: TRUE | AK3: TRUE | AL3: FALSE | AN3: FALSE | AO3: FALSE | AP3: FALSE | AQ3: FALSE | AR3: FALSE | AS3: FALSE | AT3: FALSE | AU3: FALSE
A4: =AM4 -> X | N4: 4 | U4: 4 | Z4: 4 | AC4: 4 | AM4: X
A5: =AM5 -> M | E5: -4 | O5: 4 | AB5: 4 | AK5: 4 | AM5: M
A6: =AM6 -> C | K6: 4 | N6: 4 | AC6: 4 | AK6: 4 | AM6: C
A7: =AM7 -> E | H7: 4 | K7: -4 | S7: 4 | AC7: -4 | AM7: E
A8: =AM8 -> B | C8: 4 | E8: 4 | T8: -4 | AK8: 4 | AM8: B
A9: =AM9 -> P | P9: 4 | AA9: 4 | AF9: 4 | AM9: P
A10: =AM10 -> X | E10: 4 | F10: 4 | AM10: X
A11: =AM11 -> M | F11: 4 | O11: 4 | AM11: M
A12: =AM12 -> C | O12: 4 | AC12: 4 | AJ12: 4 | AK12: 4 | AM12: C
A13: =AM13 -> E | H13: 4 | U13: 4 | AG13: 4 | AM13: E
A14: =AM14 -> B | E14: 4 | H14: 4 | M14: 4 | AM14: B
A15: =AM15 -> P | F15: 4 | I15: 4 | S15: 4 | AG15: -4 | AK15: 4 | AM15: P
A16: =AM16 | B16: FALSE | C16: TRUE | D16: FALSE | E16: TRUE | F16: TRUE | G16: TRUE | H16: TRUE | I16: TRUE | J16: TRUE | K16: TRUE | L16: TRUE | M16: TRUE | N16: TRUE | O16: TRUE | P16: TRUE | Q16: FALSE | R16: TRUE | S16: TRUE | T16: TRUE | U16: TRUE | V16: TRUE | W16: FALSE | X16: FALSE | Y16: TRUE | Z16: TRUE | AA16: TRUE | AB16: TRUE | AC16: TRUE | AD16: FALSE | AE16: TRUE | AF16: TRUE | AG16: TRUE | AH16: TRUE | AI16: TRUE | AJ16: TRUE | AK16: TRUE | AL16: FALSE | AN16: FALSE | AO16: FALSE | AP16: FALSE | AQ16: FALSE | AR16: FALSE | AS16: FALSE | AT16: FALSE | AU16: FALSE
A17: =AM17 -> X | C17: 4 | E17: 4 | G17: -4 | T17: 4 | AK17: 4 | AM17: X
A18: =AM18 -> M | F18: 4 | I18: 4 | T18: 4 | AC18: -4 | AM18: M
A19: =AM19 -> C | T19: 4 | AC19: -4 | AJ19: 4 | AK19: 4 | AM19: C
A20: =AM20 -> E | E20: 4 | H20: 4 | S20: 4 | Z20: 4 | AM20: E
A21: =AM21 -> B | E21: 4 | J21: 4 | T21: 4 | AK21: 4 | AM21: B
A22: =AM22 -> P | G22: 4 | K22: 4 | P22: 4 | AA22: -4 | AG22: 4 | AM22: P
A23: =AM23 -> X | H23: 4 | S23: 4 | AG23: 4 | AM23: X
A24: =AM24 -> M | E24: 4 | O24: 4 | AB24: 4 | AK24: 4 | AM24: M
A25: =AM25 -> C | E25: 4 | N25: 4 | U25: 4 | AK25: 4 | AM25: C
A26: =AM26 -> E | E26: 4 | H26: 4 | O26: 4 | AK26: 4 | AM26: E
A27: =AM27 -> B | E27: 4 | F27: 4 | T27: 4 | AM27: B
A28: =AM28 -> P | E28: 4 | K28: 4 | P28: 4 | AK28: 4 | AM28: P
A29: =AM29
A30: =AM30
A31: =AM31 | B31: {=transpose(sort(transpose(All!A31:AT60),2,true))} -> Cupertino A | L31: Palo Alto A | M31: Palo Alto B | P31: Mira Loma B | V31: Saratoga B | Y31: Cupertino B | AG31: Mira Loma A | AK31: Stanford OHS | AU31: Saratoga A
A32: =AM32 | B32: Aaditya | C32: Adam | D32: Aditi | E32: Aditya | F32: Advaith | G32: Amitabh | H32: Anthony | I32: Arjun | J32: Ashrith | K32: Atticus | L32: Carissa | M32: Claire | N32: Elyas | O32: Forrest | P32: Harish | Q32: Jake | R32: Jarvis | S32: Jeremy | T32: Johnathan | U32: Jonathen | V32: Levana | W32: Matthew | X32: Minseo | Y32: Mithilesh | Z32: Namita | AA32: Nathan | AB32: Nilay | AC32: Nipun | AD32: Nolan | AE32: Richard | AF32: Sarthak | AG32: Sholom | AH32: Shubhi | AI32: Syaon | AJ32: Tanay | AK32: Tanish | AL32: Warren
A33: =AM33 | B33: TRUE | C33: TRUE | D33: TRUE | E33: TRUE | F33: TRUE | G33: TRUE | H33: TRUE | I33: TRUE | J33: TRUE | K33: FALSE | L33: FALSE | M33: TRUE | N33: TRUE | O33: FALSE | P33: TRUE | Q33: TRUE | R33: TRUE | S33: TRUE | T33: FALSE | U33: TRUE | V33: TRUE | W33: FALSE | X33: TRUE | Y33: TRUE | Z33: TRUE | AA33: TRUE | AB33: TRUE | AC33: TRUE | AD33: FALSE | AE33: TRUE | AF33: TRUE | AG33: TRUE | AH33: TRUE | AI33: TRUE | AJ33: TRUE | AK33: TRUE | AL33: FALSE | AN33: FALSE | AO33: FALSE | AP33: FALSE | AQ33: FALSE | AR33: FALSE | AS33: FALSE | AT33: FALSE | AU33: FALSE
A34: =AM34 -> X | Y34: 4 | AB34: 4 | AK34: 4 | AM34: X
A35: =AM35 -> M | F35: -4 | V35: 4 | AG35: 4 | AJ35: 4 | AK35: 4 | AM35: M
A36: =AM36 -> C | N36: 4 | Q36: -4 | V36: 4 | AC36: 4 | AM36: C
A37: =AM37 -> E | B37: 4 | E37: 4 | N37: 4 | AM37: E
A38: =AM38 -> B | E38: 4 | P38: 4 | Q38: 4 | AH38: 4 | AM38: B
A39: =AM39 -> P | E39: 4 | N39: 4 | Q39: 4 | V39: 4 | AM39: P
A40: =AM40 -> X | N40: 4 | Q40: 4 | AC40: 4 | AM40: X
A41: =AM41 -> M | Q41: 4 | AA41: 4 | AB41: 4 | AM41: M
A42: =AM42 -> C | Q42: 4 | U42: 4 | AC42: 4 | AM42: C
A43: =AM43 -> E | E43: -4 | H43: 4 | Q43: 4 | U43: 4 | AM43: E
A44: =AM44 -> B | B44: 4 | E44: 4 | AM44: B
A45: =AM45 -> P | AA45: 4 | AG45: 4 | AK45: 4 | AM45: P
A46: =AM46 | B46: TRUE | C46: TRUE | D46: TRUE | E46: TRUE | F46: TRUE | G46: TRUE | H46: TRUE | I46: TRUE | J46: TRUE | K46: FALSE | L46: FALSE | M46: TRUE | N46: TRUE | O46: FALSE | P46: TRUE | Q46: TRUE | R46: TRUE | S46: TRUE | T46: FALSE | U46: TRUE | V46: TRUE | W46: FALSE | X46: TRUE | Y46: TRUE | Z46: TRUE | AA46: TRUE | AB46: TRUE | AC46: TRUE | AD46: FALSE | AE46: TRUE | AF46: TRUE | AG46: TRUE | AH46: TRUE | AI46: TRUE | AJ46: TRUE | AK46: TRUE | AL46: FALSE | AN46: FALSE | AO46: FALSE | AP46: FALSE | AQ46: FALSE | AR46: FALSE | AS46: FALSE | AT46: FALSE | AU46: FALSE
A47: =AM47 -> X | E47: -4 | AM47: X
A48: =AM48 -> M | P48: 4 | X48: 4 | Y48: 4 | AC48: 4 | AM48: M
A49: =AM49 -> C | E49: 4 | V49: 4 | AJ49: 4 | AK49: 4 | AM49: C
A50: =AM50 -> E | H50: 4 | Q50: 4 | Z50: 4 | AM50: E
A51: =AM51 -> B | B51: 4 | E51: 4 | P51: 4 | Y51: 4 | AM51: B
A52: =AM52 -> P | D52: 4 | E52: 4 | G52: 4 | J52: 4 | AM52: P
A53: =AM53 -> X | B53: 4 | N53: 4 | AC53: 4 | AM53: X
A54: =AM54 -> M | E54: 4 | G54: 4 | P54: 4 | X54: 4 | AB54: -4 | AM54: M
A55: =AM55 -> C | N55: 4 | Y55: 4 | AB55: 4 | AK55: 4 | AM55: C
A56: =AM56 -> E | E56: 4 | J56: 4 | Q56: 4 | AM56: E
A57: =AM57 -> B | B57: 4 | C57: 4 | E57: -4 | I57: 4 | J57: 4 | AM57: B
A58: =AM58 -> P | AG58: -4 | AM58: P
A59: =AM59
A60: =AM60
A61: =AM61 | B61: {=transpose(sort(transpose(All!A61:AT90),2,true))} -> Cupertino A | C61: Saratoga A | M61: Palo Alto B | P61: Mira Loma B | T61: Palo Alto A | V61: Saratoga B | Y61: Cupertino B | AC61: Mira Loma A | AK61: Stanford OHS
A62: =AM62 | B62: Aaditya | C62: Adam | D62: Aditi | E62: Aditya | F62: Advaith | G62: Amitabh | H62: Anthony | I62: Arjun | J62: Ashrith | K62: Atticus | L62: Carissa | M62: Claire | N62: Elyas | O62: Forrest | P62: Harish | Q62: Jake | R62: Jarvis | S62: Jeremy | T62: Johnathen | U62: Jonathen | V62: Levana | W62: Matthew | X62: Minseo | Y62: Mithilesh | Z62: Namita | AA62: Nathan | AB62: Nilay | AC62: Nipun | AD62: Nolan | AE62: Richard | AF62: Sarthak | AG62: Shohom | AH62: Shubhi | AI62: Syaon | AJ62: Tanay | AK62: Tanish | AL62: Warren
A63: =AM63 | B63: TRUE | C63: TRUE | D63: TRUE | E63: TRUE | F63: TRUE | G63: TRUE | H63: TRUE | I63: TRUE | J63: TRUE | K63: TRUE | L63: TRUE | M63: FALSE | N63: TRUE | O63: TRUE | P63: TRUE | Q63: TRUE | R63: FALSE | S63: FALSE | T63: TRUE | U63: FALSE | V63: TRUE | W63: FALSE | X63: TRUE | Y63: TRUE | Z63: TRUE | AA63: FALSE | AB63: TRUE | AC63: TRUE | AD63: FALSE | AE63: TRUE | AF63: TRUE | AG63: TRUE | AH63: TRUE | AI63: TRUE | AJ63: TRUE | AK63: TRUE | AL63: FALSE | AN63: FALSE | AO63: FALSE | AP63: FALSE | AQ63: FALSE | AR63: FALSE | AS63: FALSE | AT63: TRUE | AU63: FALSE
A64: =AM64 -> X | B64: 4 | H64: 4 | L64: 4 | AG64: 4 | AM64: X
A65: =AM65 -> M | N65: 4 | O65: 4 | Q65: 4 | AB65: 4 | AG65: -4 | AM65: M
A66: =AM66 -> C | E66: -4 | AJ66: 4 | AM66: C
A67: =AM67 -> E | H67: -4 | Q67: 4 | Y67: 4 | AC67: 4 | AM67: E
A68: =AM68 -> B | D68: 4 | F68: -4 | N68: 4 | T68: 4 | AG68: -4 | AM68: B
A69: =AM69 -> P | F69: 4 | O69: 4 | P69: 4 | Q69: 4 | AG69: -4 | AK69: -4 | AM69: P
A70: =AM70 -> X | E70: 4 | K70: 4 | Q70: 4 | AB70: 4 | AM70: X
A71: =AM71 -> M | L71: 4 | P71: 4 | V71: 4 | AB71: 4 | AM71: M
A72: =AM72 -> C | AM72: C
A73: =AM73 -> E | E73: 4 | H73: 4 | Q73: 4 | AK73: 4 | AM73: E
A74: =AM74 -> B | B74: -4 | E74: 4 | AK74: 4 | AM74: B
A75: =AM75 -> P | B75: 4 | F75: 4 | P75: 4 | AK75: 4 | AM75: P
A76: =AM76 | B76: TRUE | C76: TRUE | D76: TRUE | E76: TRUE | F76: TRUE | G76: TRUE | H76: TRUE | I76: TRUE | J76: TRUE | K76: TRUE | L76: TRUE | M76: FALSE | N76: TRUE | O76: TRUE | P76: TRUE | Q76: TRUE | R76: FALSE | S76: FALSE | T76: TRUE | U76: FALSE | V76: TRUE | W76: FALSE | X76: TRUE | Y76: TRUE | Z76: TRUE | AA76: FALSE | AB76: TRUE | AC76: TRUE | AD76: FALSE | AE76: TRUE | AF76: TRUE | AG76: TRUE | AH76: TRUE | AI76: TRUE | AJ76: TRUE | AK76: TRUE | AL76: FALSE | AN76: FALSE | AO76: FALSE | AP76: FALSE | AQ76: FALSE | AR76: FALSE | AS76: FALSE | AT76: TRUE | AU76: FALSE
A77: =AM77 -> X | C77: 4 | E77: 4 | Q77: 4 | T77: 4 | AM77: X
A78: =AM78 -> M | G78: 4 | I78: 4 | O78: -4 | AB78: -4 | AM78: M
A79: =AM79 -> C | C79: 4 | AC79: 4 | AM79: C
A80: =AM80 -> E | F80: 4 | AC80: 4 | AK80: 4 | AM80: E
A81: =AM81 -> B | B81: 4 | E81: 4 | F81: 4 | AK81: 4 | AM81: B
A82: =AM82 -> P | B82: 4 | E82: 4 | H82: 4 | AK82: 4 | AM82: P
A83: =AM83 -> X | E83: 4 | F83: 4 | I83: 4 | T83: 4 | AM83: X
A84: =AM84 -> M | D84: 4 | O84: 4 | P84: 4 | AB84: 4 | AM84: M
A85: =AM85 -> C | F85: 4 | G85: -4 | T85: 4 | AG85: 4 | AM85: C
A86: =AM86 -> E | I86: 4 | AC86: 4 | AM86: E
A87: =AM87 -> B | I87: 4 | J87: 4 | O87: 4 | AM87: B
A88: =AM88 -> P | O88: 4 | P88: 4 | Q88: 4 | AB88: 4 | AM88: P
A89: =AM89
A90: =AM90
A91: =AM91 | B91: {=transpose(sort(transpose(All!A91:AT120),2,true))} -> Cupertino A | C91: Saratoga A | M91: Palo Alto B | P91: Mira Loma B | T91: Palo Alto A | V91: Saratoga B | Y91: Cupertino B | AC91: Mira Loma A | AK91: Stanford OHS
A92: =AM92 | B92: Aaditya | C92: Adam | D92: Aditi | E92: Aditya | F92: Advaith | G92: Amitabh | H92: Anthony | I92: Arjun | J92: Ashrith | K92: Atticus | L92: Carissa | M92: Claire | N92: Elyas | O92: Forrest | P92: Harish | Q92: Jake | R92: Jarvis | S92: Jeremy | T92: Johnathen | U92: Jonathen | V92: Levana | W92: Matthew | X92: Minseo | Y92: Mithilesh | Z92: Namita | AA92: Nathan | AB92: Nilay | AC92: Nipun | AD92: Nolan | AE92: Richard | AF92: Sarthak | AG92: Shohom | AH92: Shubhi | AI92: Syaon | AJ92: Tanay | AK92: Tanish | AL92: Warren
A93: =AM93 | B93: TRUE | C93: TRUE | D93: TRUE | E93: TRUE | F93: TRUE | G93: TRUE | H93: TRUE | I93: TRUE | J93: TRUE | K93: TRUE | L93: TRUE | M93: TRUE | N93: TRUE | O93: TRUE | P93: TRUE | Q93: TRUE | R93: TRUE | S93: TRUE | T93: TRUE | U93: TRUE | V93: TRUE | W93: FALSE | X93: TRUE | Y93: TRUE | Z93: TRUE | AA93: TRUE | AB93: TRUE | AC93: TRUE | AD93: FALSE | AE93: TRUE | AF93: TRUE | AG93: TRUE | AH93: TRUE | AI93: FALSE | AJ93: TRUE | AK93: FALSE | AL93: FALSE | AN93: FALSE | AO93: FALSE | AP93: FALSE | AQ93: FALSE | AR93: FALSE | AS93: FALSE | AT93: FALSE | AU93: FALSE
A94: =AM94 -> X | AB94: 4 | AJ94: 4 | AM94: X
A95: =AM95 -> M | AB95: 4 | AM95: M
A96: =AM96 -> C | D96: 4 | E96: -4 | Y96: 4 | AM96: C
A97: =AM97 -> E | H97: 4 | AG97: 4 | AJ97: 4 | AM97: E
A98: =AM98 -> B | D98: 4 | E98: 4 | I98: 4 | J98: 4 | AM98: B
A99: =AM99 -> P | H99: -4 | N99: 4 | O99: 4 | AA99: 4 | AF99: -4 | AM99: P
A100: =AM100 -> X | L100: 4 | N100: 4 | X100: 4 | AG100: -4 | AM100: X
...

Sheet Full
A1: Cupertino B | B1: Cupertino B | C1: Stanford OHS | D1: Stanford OHS | E1: Mira Loma A | F1: Mira Loma A | G1: Saratoga B | H1: Saratoga B | I1: Mira Loma B | J1: Mira Loma B | K1: Saratoga A | L1: Saratoga A | M1: Palo Alto A | N1: Palo Alto A | O1: Palo Alto B | P1: Palo Alto B | Q1: Cupertino A | R1: Cupertino A
A2: Bonus | B2: Score | C2: Bonus | D2: Score | E2: Bonus | F2: Score | G2: Bonus | H2: Score | I2: Bonus | J2: Score | K2: Bonus | L2: Score | M2: Bonus | N2: Score | O2: Bonus | P2: Score | Q2: Bonus | R2: Score
A4: 0 | B4: 4 | D4: 0 | E4: 0 | F4: 4 | H4: 0 | I4: 0 | J4: 4 | L4: 0 | N4: 0 | P4: 4
B5: 4 | C5: 10 | D5: 14 | F5: 4 | H5: 4 | J5: 4 | K5: 10 | L5: 14 | M5: 10 | N5: 14 | P5: 4
B6: 4 | C6: 0 | D6: 18 | E6: 10 | F6: 18 | H6: 4 | I6: 10 | J6: 18 | L6: 14 | M6: 10 | N6: 28 | P6: 4
B7: 4 | D7: 18 | F7: 18 | H7: 8 | J7: 18 | K7: 10 | L7: 28 | N7: 28 | O7: 10 | P7: 22
B8: 4 | C8: 10 | D8: 32 | E8: 10 | F8: 32 | H8: 8 | J8: 18 | K8: 10 | L8: 42 | N8: 28 | P8: 26
B9: 4 | D9: 32 | E9: 10 | F9: 46 | H9: 8 | I9: 10 | J9: 32 | L9: 42 | N9: 28 | O9: 0 | P9: 30
B10: 4 | D10: 32 | E10: 10 | F10: 60 | H10: 8 | J10: 32 | K10: 10 | L10: 56 | N10: 28 | P10: 30
B11: 4 | D11: 32 | F11: 60 | H11: 8 | J11: 32 | K11: 10 | L11: 70 | M11: 10 | N11: 42 | P11: 30
B12: 4 | C12: 0 | D12: 36 | E12: 10 | F12: 74 | H12: 8 | I12: 10 | J12: 46 | L12: 70 | M12: 10 | N12: 56 | P12: 30
B13: 4 | D13: 36 | E13: 0 | F13: 78 | H13: 8 | J13: 46 | K13: 10 | L13: 84 | N13: 56 | O13: 10 | P13: 44
B14: 4 | D14: 36 | E14: 10 | F14: 92 | H14: 8 | J14: 46 | K14: 10 | L14: 98 | N14: 56 | O14: 0 | P14: 48
B15: 4 | C15: 0 | D15: 40 | F15: 92 | G15: 0 | H15: 16 | J15: 46 | K15: 10 | L15: 112 | N15: 56 | O15: 0 | P15: 52
B17: 4 | C17: 10 | D17: 58 | E17: 10 | F17: 106 | H17: 16 | J17: 46 | K17: 10 | L17: 126 | M17: 10 | N17: 70 | P17: 52
B18: 4 | D18: 58 | F18: 106 | G18: 10 | H18: 34 | J18: 46 | K18: 10 | L18: 140 | M18: 10 | N18: 84 | P18: 52
B19: 4 | C19: 0 | D19: 62 | F19: 106 | H19: 38 | I19: 10 | J19: 60 | L19: 140 | M19: 10 | N19: 98 | P19: 52
A20: 0 | B20: 8 | D20: 62 | E20: 10 | F20: 120 | H20: 38 | J20: 60 | K20: 0 | L20: 144 | N20: 98 | O20: 10 | P20: 66
B21: 8 | C21: 10 | D21: 76 | E21: 10 | F21: 134 | H21: 38 | I21: 10 | J21: 74 | L21: 144 | M21: 10 | N21: 112 | P21: 66
A22: 0 | B22: 12 | D22: 76 | E22: 0 | F22: 138 | H22: 38 | I22: 0 | J22: 78 | L22: 144 | M22: 10 | N22: 130 | P22: 66
B23: 12 | D23: 76 | E23: 10 | F23: 152 | H23: 38 | J23: 78 | K23: 0 | L23: 148 | N23: 130 | P23: 70
B24: 12 | C24: 10 | D24: 90 | E24: 10 | F24: 166 | H24: 38 | J24: 78 | K24: 10 | L24: 162 | M24: 10 | N24: 144 | P24: 70
B25: 12 | C25: 10 | D25: 104 | E25: 10 | F25: 180 | H25: 38 | I25: 10 | J25: 92 | L25: 162 | N25: 144 | O25: 0 | P25: 74
B26: 12 | C26: 0 | D26: 108 | E26: 10 | F26: 194 | H26: 38 | J26: 92 | K26: 10 | L26: 176 | M26: 10 | N26: 158 | P26: 74
B27: 12 | D27: 108 | E27: 10 | F27: 208 | H27: 38 | J27: 92 | K27: 0 | L27: 180 | M27: 0 | N27: 162 | P27: 74
B28: 12 | C28: 0 | D28: 112 | E28: 10 | F28: 222 | H28: 38 | I28: 10 | J28: 106 | L28: 180 | M28: 10 | N28: 176 | P28: 74
A31: Mira Loma B | B31: Mira Loma B | C31: Palo Alto B | D31: Palo Alto B | E31: Cupertino A | F31: Cupertino A | G31: Stanford OHS | H31: Stanford OHS | I31: Cupertino B | J31: Cupertino B | K31: Saratoga B | L31: Saratoga B | M31: Mira Loma A | N31: Mira Loma A | O31: Saratoga A | P31: Saratoga A | Q31: Palo Alto A | R31: Palo Alto A
A32: Bonus | B32: Score | C32: Bonus | D32: Score | E32: Bonus | F32: Score | G32: Bonus | H32: Score | I32: Bonus | J32: Score | K32: Bonus | L32: Score | M32: Bonus | N32: Score | O32: Bonus | P32: Score | Q32: Bonus | R32: Score
B34: 0 | D34: 0 | F34: 0 | G34: 0 | H34: 4 | I34: 10 | J34: 14 | L34: 0 | N34: 0 | O34: 10 | P34: 14
A35: 10 | B35: 14 | D35: 0 | F35: 0 | G35: 10 | H35: 18 | J35: 14 | K35: 10 | L35: 14 | M35: 10 | N35: 18 | P35: 14
A36: 10 | B36: 28 | D36: 0 | F36: 0 | H36: 22 | J36: 14 | K36: 10 | L36: 28 | M36: 10 | N36: 32 | P36: 14
A37: 10 | B37: 42 | D37: 0 | E37: 10 | F37: 14 | H37: 22 | J37: 14 | L37: 28 | M37: 10 | N37: 46 | P37: 14
A38: 0 | B38: 46 | D38: 0 | E38: 0 | F38: 18 | H38: 22 | I38: 0 | J38: 18 | L38: 28 | M38: 0 | N38: 50 | P38: 14
A39: 0 | B39: 50 | D39: 0 | E39: 0 | F39: 22 | H39: 22 | J39: 18 | K39: 0 | L39: 32 | M39: 0 | N39: 54 | P39: 14
A40: 10 | B40: 64 | D40: 0 | E40: 0 | F40: 26 | H40: 22 | J40: 18 | L40: 32 | M40: 10 | N40: 68 | P40: 14
B41: 64 | C41: 0 | D41: 4 | E41: 10 | F41: 40 | H41: 22 | J41: 18 | L41: 32 | N41: 68 | O41: 10 | P41: 28
B42: 64 | C42: 10 | D42: 18 | E42: 10 | F42: 54 | H42: 22 | J42: 18 | L42: 32 | M42: 10 | N42: 82 | P42: 28
B43: 64 | C43: 0 | D43: 22 | E43: 0 | F43: 58 | H43: 22 | J43: 18 | L43: 32 | N43: 82 | O43: 10 | P43: 46
B44: 64 | D44: 22 | E44: 10 | F44: 72 | H44: 22 | J44: 18 | L44: 32 | M44: 10 | N44: 96 | P44: 46
B45: 64 | C45: 0 | D45: 26 | F45: 72 | G45: 10 | H45: 36 | J45: 18 | L45: 32 | M45: 10 | N45: 110 | P45: 46
B47: 64 | D47: 26 | F47: 72 | H47: 36 | J47: 18 | L47: 32 | N47: 110 | P47: 50
A48: 10 | B48: 78 | D48: 26 | E48: 10 | F48: 86 | H48: 36 | I48: 10 | J48: 32 | L48: 32 | M48: 10 | N48: 124 | P48: 50
A49: 10 | B49: 92 | D49: 26 | F49: 86 | G49: 10 | H49: 50 | J49: 32 | K49: 10 | L49: 46 | M49: 10 | N49: 138 | P49: 50
B50: 92 | D50: 26 | E50: 10 | F50: 100 | H50: 50 | I50: 10 | J50: 46 | L50: 46 | N50: 138 | O50: 10 | P50: 64
A51: 10 | B51: 106 | D51: 26 | E51: 10 | F51: 114 | H51: 50 | I51: 10 | J51: 60 | L51: 46 | M51: 10 | N51: 152 | P51: 64
A52: 10 | B52: 120 | D52: 26 | E52: 0 | F52: 118 | H52: 50 | I52: 10 | J52: 74 | L52: 46 | M52: 10 | N52: 166 | P52: 64
A53: 10 | B53: 134 | D53: 26 | E53: 10 | F53: 132 | H53: 50 | J53: 74 | L53: 46 | M53: 10 | N53: 180 | P53: 64
A54: 10 | B54: 148 | D54: 26 | E54: 10 | F54: 146 | H54: 50 | I54: 10 | J54: 88 | L54: 46 | M54: 10 | N54: 198 | P54: 64
A55: 10 | B55: 162 | D55: 26 | F55: 146 | G55: 10 | H55: 64 | I55: 0 | J55: 92 | L55: 46 | N55: 198 | O55: 0 | P55: 68
A56: 10 | B56: 176 | D56: 26 | E56: 0 | F56: 150 | H56: 64 | J56: 92 | L56: 46 | M56: 10 | N56: 212 | P56: 68
A57: 0 | B57: 180 | D57: 26 | E57: 10 | F57: 164 | H57: 64 | J57: 92 | K57: 0 | L57: 50 | N57: 212 | O57: 0 | P57: 76
B58: 180 | D58: 26 | F58: 164 | H58: 64 | J58: 92 | L58: 50 | N58: 212 | P58: 80
A61: Saratoga A | B61: Saratoga A | C61: Cupertino B | D61: Cupertino B | E61: Mira Loma A | F61: Mira Loma A | G61: Mira Loma B | H61: Mira Loma B | I61: Palo Alto A | J61: Palo Alto A | K61: Stanford OHS | L61: Stanford OHS | M61: Cupertino A | N61: Cupertino A | O61: Saratoga B | P61: Saratoga B | Q61: Palo Alto B | R61: Palo Alto B
A62: Bonus | B62: Score | C62: Bonus | D62: Score | E62: Bonus | F62: Score | G62: Bonus | H62: Score | I62: Bonus | J62: Score | K62: Bonus | L62: Score | M62: Bonus | N62: Score | O62: Bonus | P62: Score | Q62: Bonus | R62: Score
A64: 10 | B64: 14 | D64: 0 | E64: 10 | F64: 14 | H64: 0 | I64: 10 | J64: 14 | L64: 0 | M64: 10 | N64: 14 | P64: 0
A65: 10 | B65: 28 | D65: 0 | F65: 14 | G65: 0 | H65: 8 | I65: 0 | J65: 18 | L65: 0 | M65: 0 | N65: 18 | P65: 0
B66: 28 | D66: 0 | F66: 14 | G66: 10 | H66: 26 | J66: 18 | L66: 0 | N66: 18 | P66: 0
B67: 28 | C67: 10 | D67: 18 | E67: 0 | F67: 18 | H67: 26 | J67: 18 | L67: 0 | M67: 0 | N67: 22 | P67: 0
B68: 28 | D68: 22 | F68: 18 | G68: 10 | H68: 44 | I68: 0 | J68: 22 | L68: 0 | M68: 10 | N68: 36 | P68: 0
A69: 10 | B69: 42 | D69: 22 | F69: 18 | G69: 10 | H69: 62 | I69: 10 | J69: 40 | L69: 0 | M69: 10 | N69: 50 | P69: 0
A70: 10 | B70: 56 | D70: 22 | E70: 10 | F70: 32 | H70: 62 | I70: 10 | J70: 54 | L70: 0 | M70: 10 | N70: 64 | P70: 0
A71: 10 | B71: 70 | D71: 22 | F71: 32 | G71: 0 | H71: 66 | I71: 10 | J71: 68 | L71: 0 | N71: 64 | O71: 0 | P71: 4
B72: 70 | D72: 22 | F72: 32 | H72: 66 | J72: 68 | L72: 0 | N72: 64 | P72: 4
A73: 10 | B73: 84 | D73: 22 | E73: 10 | F73: 46 | H73: 66 | J73: 68 | K73: 10 | L73: 14 | M73: 10 | N73: 78 | P73: 4
B74: 84 | D74: 22 | E74: 10 | F74: 60 | H74: 66 | J74: 68 | K74: 10 | L74: 28 | N74: 78 | P74: 8
A75: 10 | B75: 98 | D75: 22 | F75: 60 | G75: 0 | H75: 70 | J75: 68 | K75: 10 | L75: 42 | M75: 0 | N75: 82 | P75: 8
A77: 10 | B77: 112 | D77: 22 | E77: 10 | F77: 74 | H77: 70 | I77: 0 | J77: 72 | L77: 42 | M77: 0 | N77: 86 | P77: 8
B78: 112 | C78: 0 | D78: 30 | F78: 74 | H78: 70 | J78: 72 | L78: 46 | N78: 86 | O78: 0 | P78: 12
A79: 0 | B79: 116 | D79: 30 | E79: 10 | F79: 88 | H79: 70 | J79: 72 | L79: 46 | N79: 86 | P79: 12
A80: 0 | B80: 120 | D80: 30 | E80: 0 | F80: 92 | H80: 70 | J80: 72 | K80: 0 | L80: 50 | N80: 86 | P80: 12
A81: 0 | B81: 124 | D81: 30 | E81: 10 | F81: 106 | H81: 70 | J81: 72 | K81: 0 | L81: 54 | M81: 10 | N81: 100 | P81: 12
A82: 10 | B82: 138 | D82: 30 | E82: 10 | F82: 120 | H82: 70 | J82: 72 | K82: 10 | L82: 68 | M82: 10 | N82: 114 | P82: 12
A83: 10 | B83: 152 | D83: 30 | E83: 10 | F83: 134 | H83: 70 | I83: 10 | J83: 86 | L83: 68 | N83: 114 | O83: 0 | P83: 16
A84: 10 | B84: 166 | D84: 30 | F84: 134 | G84: 0 | H84: 74 | I84: 0 | J84: 90 | L84: 68 | M84: 0 | N84: 118 | P84: 16
A85: 10 | B85: 184 | D85: 30 | E85: 10 | F85: 148 | H85: 74 | I85: 10 | J85: 104 | L85: 68 | N85: 118 | P85: 16
B86: 184 | D86: 30 | E86: 10 | F86: 162 | H86: 74 | J86: 104 | L86: 68 | N86: 118 | O86: 0 | P86: 20
B87: 184 | D87: 30 | F87: 162 | G87: 0 | H87: 78 | I87: 0 | J87: 108 | L87: 68 | N87: 118 | O87: 0 | P87: 24
A88: 10 | B88: 198 | D88: 30 | F88: 162 | G88: 10 | H88: 92 | I88: 0 | J88: 112 | L88: 68 | M88: 10 | N88: 132 | P88: 24
A91: Palo Alto A | B91: Palo Alto A | C91: Saratoga B | D91: Saratoga B | E91: Saratoga A | F91: Saratoga A | G91: Cupertino A | H91: Cupertino A | I91: Cupertino B | J91: Cupertino B | K91: Mira Loma B | L91: Mira Loma B | M91: Mira Loma A | N91: Mira Loma A | O91: Palo Alto B | P91: Palo Alto B | Q91: Stanford OHS | R91: Stanford OHS
A92: Bonus | B92: Score | C92: Bonus | D92: Score | E92: Bonus | F92: Score | G92: Bonus | H92: Score | I92: Bonus | J92: Score | K92: Bonus | L92: Score | M92: Bonus | N92: Score | O92: Bonus | P92: Score | Q92: Bonus | R92: Score
B94: 0 | D94: 0 | E94: 10 | F94: 14 | H94: 0 | J94: 0 | K94: 0 | L94: 4 | N94: 0 | P94: 0
B95: 0 | D95: 0 | E95: 0 | F95: 18 | H95: 0 | J95: 0 | L95: 4 | N95: 0 | P95: 0
B96: 0 | D96: 0 | F96: 18 | G96: 10 | H96: 14 | I96: 0 | J96: 4 | L96: 4 | N96: 0 | P96: 4
B97: 0 | D97: 0 | E97: 0 | F97: 22 | H97: 14 | J97: 4 | K97: 0 | L97: 8 | M97: 10 | N97: 14 | P97: 4
B98: 0 | C98: 0 | D98: 4 | F98: 22 | G98: 0 | H98: 18 | J98: 4 | K98: 10 | L98: 22 | N98: 18 | P98: 4
A99: 10 | B99: 14 | D99: 4 | F99: 22 | H99: 22 | J99: 4 | K99: 10 | L99: 36 | N99: 18 | O99: 0 | P99: 12
A100: 10 | B100: 28 | D100: 4 | F100: 22 | G100: 10 | H100: 36 | J100: 4 | K100: 10 | L100: 50 | N100: 18 | P100: 16
A101: 0 | B101: 32 | D101: 4 | E101: 10 | F101: 36 | H101: 36 | J101: 4 | K101: 10 | L101: 64 | M101: 10 | N101: 32 | P101: 16
A102: 0 | B102: 36 | D102: 4 | F102: 36 | G102: 0 | H102: 40 | J102: 4 | K102: 10 | L102: 78 | M102: 10 | N102: 46 | P102: 16
A103: 10 | B103: 50 | D103: 4 | F103: 36 | G103: 0 | H103: 44 | I103: 0 | J103: 12 | L103: 78 | M103: 10 | N103: 60 | P103: 16
B104: 50 | D104: 4 | F104: 36 | G104: 0 | H104: 48 | J104: 12 | K104: 0 | L104: 82 | M104: 0 | N104: 64 | P104: 16
A105: 0 | B105: 54 | D105: 4 | F105: 36 | G105: 10 | H105: 62 | J105: 12 | K105: 10 | L105: 96 | N105: 64 | O105: 0 | P105: 24
B107: 54 | D107: 4 | F107: 36 | G107: 0 | H107: 66 | J107: 12 | K107: 0 | L107: 100 | M107: 0 | N107: 68 | P107: 24
B108: 54 | C108: 10 | D108: 18 | E108: 10 | F108: 50 | H108: 66 | I108: 10 | J108: 26 | L108: 100 | M108: 10 | N108: 82 | P108: 24
B109: 54 | C109: 0 | D109: 22 | E109: 0 | F109: 54 | H109: 66 | J109: 26 | K109: 10 | L109: 114 | N109: 82 | O109: 10 | P109: 42
B110: 54 | D110: 22 | F110: 54 | H110: 66 | J110: 26 | L110: 114 | M110: 10 | N110: 96 | P110: 42
A111: 0 | B111: 58 | D111: 22 | E111: 10 | F111: 68 | H111: 66 | I111: 10 | J111: 40 | L111: 114 | M111: 10 | N111: 110 | P111: 42
B112: 58 | D112: 22 | E112: 0 | F112: 72 | H112: 66 | J112: 40 | K112: 10 | L112: 128 | M112: 10 | N112: 124 | P112: 42
A113: 0 | B113: 62 | D113: 22 | E113: 0 | F113: 80 | H113: 66 | J113: 40 | L113: 128 | N113: 124 | P113: 46
B114: 62 | D114: 22 | E114: 10 | F114: 94 | H114: 66 | J114: 40 | L114: 128 | N114: 124 | P114: 46
...

Sheet Sorted Team
B1: {=transpose(sort(transpose(Full!A1:R30),1,true))} -> Cupertino A | C1: Cupertino A | D1: Cupertino B | E1: Cupertino B | F1: Mira Loma A | G1: Mira Loma A | H1: Mira Loma B | I1: Mira Loma B | J1: Palo Alto A | K1: Palo Alto A | L1: Palo Alto B | M1: Palo Alto B | N1: Saratoga A | O1: Saratoga A | P1: Saratoga B | Q1: Saratoga B | R1: Stanford OHS | S1: Stanford OHS
B2: Bonus | C2: Score | D2: Bonus | E2: Score | F2: Bonus | G2: Score | H2: Bonus | I2: Score | J2: Bonus | K2: Score | L2: Bonus | M2: Score | N2: Bonus | O2: Score | P2: Bonus | Q2: Score | R2: Bonus | S2: Score
A4: X | D4: 0 | E4: 4 | F4: 0 | G4: 4 | H4: 0 | I4: 4 | K4: 0 | M4: 4 | O4: 0 | Q4: 0 | S4: 0
A5: M | E5: 4 | G5: 4 | I5: 4 | J5: 10 | K5: 14 | M5: 4 | N5: 10 | O5: 14 | Q5: 4 | R5: 10 | S5: 14
A6: C | E6: 4 | F6: 10 | G6: 18 | H6: 10 | I6: 18 | J6: 10 | K6: 28 | M6: 4 | O6: 14 | Q6: 4 | R6: 0 | S6: 18
A7: E | E7: 4 | G7: 18 | I7: 18 | K7: 28 | L7: 10 | M7: 22 | N7: 10 | O7: 28 | Q7: 8 | S7: 18
A8: B | E8: 4 | F8: 10 | G8: 32 | I8: 18 | K8: 28 | M8: 26 | N8: 10 | O8: 42 | Q8: 8 | R8: 10 | S8: 32
A9: P | E9: 4 | F9: 10 | G9: 46 | H9: 10 | I9: 32 | K9: 28 | L9: 0 | M9: 30 | O9: 42 | Q9: 8 | S9: 32
A10: X | E10: 4 | F10: 10 | G10: 60 | I10: 32 | K10: 28 | M10: 30 | N10: 10 | O10: 56 | Q10: 8 | S10: 32
A11: M | E11: 4 | G11: 60 | I11: 32 | J11: 10 | K11: 42 | M11: 30 | N11: 10 | O11: 70 | Q11: 8 | S11: 32
A12: C | E12: 4 | F12: 10 | G12: 74 | H12: 10 | I12: 46 | J12: 10 | K12: 56 | M12: 30 | O12: 70 | Q12: 8 | R12: 0 | S12: 36
A13: E | E13: 4 | F13: 0 | G13: 78 | I13: 46 | K13: 56 | L13: 10 | M13: 44 | N13: 10 | O13: 84 | Q13: 8 | S13: 36
A14: B | E14: 4 | F14: 10 | G14: 92 | I14: 46 | K14: 56 | L14: 0 | M14: 48 | N14: 10 | O14: 98 | Q14: 8 | S14: 36
A15: P | E15: 4 | G15: 92 | I15: 46 | K15: 56 | L15: 0 | M15: 52 | N15: 10 | O15: 112 | P15: 0 | Q15: 16 | R15: 0 | S15: 40
A17: X | E17: 4 | F17: 10 | G17: 106 | I17: 46 | J17: 10 | K17: 70 | M17: 52 | N17: 10 | O17: 126 | Q17: 16 | R17: 10 | S17: 58
A18: M | E18: 4 | G18: 106 | I18: 46 | J18: 10 | K18: 84 | M18: 52 | N18: 10 | O18: 140 | P18: 10 | Q18: 34 | S18: 58
A19: C | E19: 4 | G19: 106 | H19: 10 | I19: 60 | J19: 10 | K19: 98 | M19: 52 | O19: 140 | Q19: 38 | R19: 0 | S19: 62
A20: E | D20: 0 | E20: 8 | F20: 10 | G20: 120 | I20: 60 | K20: 98 | L20: 10 | M20: 66 | N20: 0 | O20: 144 | Q20: 38 | S20: 62
A21: B | E21: 8 | F21: 10 | G21: 134 | H21: 10 | I21: 74 | J21: 10 | K21: 112 | M21: 66 | O21: 144 | Q21: 38 | R21: 10 | S21: 76
A22: P | D22: 0 | E22: 12 | F22: 0 | G22: 138 | H22: 0 | I22: 78 | J22: 10 | K22: 130 | M22: 66 | O22: 144 | Q22: 38 | S22: 76
A23: X | E23: 12 | F23: 10 | G23: 152 | I23: 78 | K23: 130 | M23: 70 | N23: 0 | O23: 148 | Q23: 38 | S23: 76
A24: M | E24: 12 | F24: 10 | G24: 166 | I24: 78 | J24: 10 | K24: 144 | M24: 70 | N24: 10 | O24: 162 | Q24: 38 | R24: 10 | S24: 90
A25: C | E25: 12 | F25: 10 | G25: 180 | H25: 10 | I25: 92 | K25: 144 | L25: 0 | M25: 74 | O25: 162 | Q25: 38 | R25: 10 | S25: 104
A26: E | E26: 12 | F26: 10 | G26: 194 | I26: 92 | J26: 10 | K26: 158 | M26: 74 | N26: 10 | O26: 176 | Q26: 38 | R26: 0 | S26: 108
A27: B | E27: 12 | F27: 10 | G27: 208 | I27: 92 | J27: 0 | K27: 162 | M27: 74 | N27: 0 | O27: 180 | Q27: 38 | S27: 108
A28: P | E28: 12 | F28: 10 | G28: 222 | H28: 10 | I28: 106 | J28: 10 | K28: 176 | M28: 74 | O28: 180 | Q28: 38 | R28: 0 | S28: 112
B31: {=transpose(sort(transpose(Full!A31:R60),1,true))} -> Cupertino A | C31: Cupertino A | D31: Cupertino B | E31: Cupertino B | F31: Mira Loma A | G31: Mira Loma A | H31: Mira Loma B | I31: Mira Loma B | J31: Palo Alto A | K31: Palo Alto A | L31: Palo Alto B | M31: Palo Alto B | N31: Saratoga A | O31: Saratoga A | P31: Saratoga B | Q31: Saratoga B | R31: Stanford OHS | S31: Stanford OHS
B32: Bonus | C32: Score | D32: Bonus | E32: Score | F32: Bonus | G32: Score | H32: Bonus | I32: Score | J32: Bonus | K32: Score | L32: Bonus | M32: Score | N32: Bonus | O32: Score | P32: Bonus | Q32: Score | R32: Bonus | S32: Score
A34: X | C34: 0 | D34: 10 | E34: 14 | G34: 0 | I34: 0 | M34: 0 | N34: 10 | O34: 14 | Q34: 0 | R34: 0 | S34: 4
A35: M | C35: 0 | E35: 14 | F35: 10 | G35: 18 | H35: 10 | I35: 14 | M35: 0 | O35: 14 | P35: 10 | Q35: 14 | R35: 10 | S35: 18
A36: C | C36: 0 | E36: 14 | F36: 10 | G36: 32 | H36: 10 | I36: 28 | M36: 0 | O36: 14 | P36: 10 | Q36: 28 | S36: 22
A37: E | B37: 10 | C37: 14 | E37: 14 | F37: 10 | G37: 46 | H37: 10 | I37: 42 | M37: 0 | O37: 14 | Q37: 28 | S37: 22
A38: B | B38: 0 | C38: 18 | D38: 0 | E38: 18 | F38: 0 | G38: 50 | H38: 0 | I38: 46 | M38: 0 | O38: 14 | Q38: 28 | S38: 22
A39: P | B39: 0 | C39: 22 | E39: 18 | F39: 0 | G39: 54 | H39: 0 | I39: 50 | M39: 0 | O39: 14 | P39: 0 | Q39: 32 | S39: 22
A40: X | B40: 0 | C40: 26 | E40: 18 | F40: 10 | G40: 68 | H40: 10 | I40: 64 | M40: 0 | O40: 14 | Q40: 32 | S40: 22
A41: M | B41: 10 | C41: 40 | E41: 18 | G41: 68 | I41: 64 | L41: 0 | M41: 4 | N41: 10 | O41: 28 | Q41: 32 | S41: 22
A42: C | B42: 10 | C42: 54 | E42: 18 | F42: 10 | G42: 82 | I42: 64 | L42: 10 | M42: 18 | O42: 28 | Q42: 32 | S42: 22
A43: E | B43: 0 | C43: 58 | E43: 18 | G43: 82 | I43: 64 | L43: 0 | M43: 22 | N43: 10 | O43: 46 | Q43: 32 | S43: 22
A44: B | B44: 10 | C44: 72 | E44: 18 | F44: 10 | G44: 96 | I44: 64 | M44: 22 | O44: 46 | Q44: 32 | S44: 22
A45: P | C45: 72 | E45: 18 | F45: 10 | G45: 110 | I45: 64 | L45: 0 | M45: 26 | O45: 46 | Q45: 32 | R45: 10 | S45: 36
A47: X | C47: 72 | E47: 18 | G47: 110 | I47: 64 | M47: 26 | O47: 50 | Q47: 32 | S47: 36
A48: M | B48: 10 | C48: 86 | D48: 10 | E48: 32 | F48: 10 | G48: 124 | H48: 10 | I48: 78 | M48: 26 | O48: 50 | Q48: 32 | S48: 36
A49: C | C49: 86 | E49: 32 | F49: 10 | G49: 138 | H49: 10 | I49: 92 | M49: 26 | O49: 50 | P49: 10 | Q49: 46 | R49: 10 | S49: 50
A50: E | B50: 10 | C50: 100 | D50: 10 | E50: 46 | G50: 138 | I50: 92 | M50: 26 | N50: 10 | O50: 64 | Q50: 46 | S50: 50
A51: B | B51: 10 | C51: 114 | D51: 10 | E51: 60 | F51: 10 | G51: 152 | H51: 10 | I51: 106 | M51: 26 | O51: 64 | Q51: 46 | S51: 50
A52: P | B52: 0 | C52: 118 | D52: 10 | E52: 74 | F52: 10 | G52: 166 | H52: 10 | I52: 120 | M52: 26 | O52: 64 | Q52: 46 | S52: 50
A53: X | B53: 10 | C53: 132 | E53: 74 | F53: 10 | G53: 180 | H53: 10 | I53: 134 | M53: 26 | O53: 64 | Q53: 46 | S53: 50
A54: M | B54: 10 | C54: 146 | D54: 10 | E54: 88 | F54: 10 | G54: 198 | H54: 10 | I54: 148 | M54: 26 | O54: 64 | Q54: 46 | S54: 50
A55: C | C55: 146 | D55: 0 | E55: 92 | G55: 198 | H55: 10 | I55: 162 | M55: 26 | N55: 0 | O55: 68 | Q55: 46 | R55: 10 | S55: 64
A56: E | B56: 0 | C56: 150 | E56: 92 | F56: 10 | G56: 212 | H56: 10 | I56: 176 | M56: 26 | O56: 68 | Q56: 46 | S56: 64
A57: B | B57: 10 | C57: 164 | E57: 92 | G57: 212 | H57: 0 | I57: 180 | M57: 26 | N57: 0 | O57: 76 | P57: 0 | Q57: 50 | S57: 64
A58: P | C58: 164 | E58: 92 | G58: 212 | I58: 180 | M58: 26 | O58: 80 | Q58: 50 | S58: 64
B61: {=transpose(sort(transpose(Full!A61:R90),1,true))} -> Cupertino A | C61: Cupertino A | D61: Cupertino B | E61: Cupertino B | F61: Mira Loma A | G61: Mira Loma A | H61: Mira Loma B | I61: Mira Loma B | J61: Palo Alto A | K61: Palo Alto A | L61: Palo Alto B | M61: Palo Alto B | N61: Saratoga A | O61: Saratoga A | P61: Saratoga B | Q61: Saratoga B | R61: Stanford OHS | S61: Stanford OHS
B62: Bonus | C62: Score | D62: Bonus | E62: Score | F62: Bonus | G62: Score | H62: Bonus | I62: Score | J62: Bonus | K62: Score | L62: Bonus | M62: Score | N62: Bonus | O62: Score | P62: Bonus | Q62: Score | R62: Bonus | S62: Score
A64: X | B64: 10 | C64: 14 | E64: 0 | F64: 10 | G64: 14 | I64: 0 | J64: 10 | K64: 14 | N64: 10 | O64: 14 | Q64: 0 | S64: 0
A65: M | B65: 0 | C65: 18 | E65: 0 | G65: 14 | H65: 0 | I65: 8 | J65: 0 | K65: 18 | N65: 10 | O65: 28 | Q65: 0 | S65: 0
A66: C | C66: 18 | E66: 0 | G66: 14 | H66: 10 | I66: 26 | K66: 18 | O66: 28 | Q66: 0 | S66: 0
A67: E | B67: 0 | C67: 22 | D67: 10 | E67: 18 | F67: 0 | G67: 18 | I67: 26 | K67: 18 | O67: 28 | Q67: 0 | S67: 0
A68: B | B68: 10 | C68: 36 | E68: 22 | G68: 18 | H68: 10 | I68: 44 | J68: 0 | K68: 22 | O68: 28 | Q68: 0 | S68: 0
A69: P | B69: 10 | C69: 50 | E69: 22 | G69: 18 | H69: 10 | I69: 62 | J69: 10 | K69: 40 | N69: 10 | O69: 42 | Q69: 0 | S69: 0
A70: X | B70: 10 | C70: 64 | E70: 22 | F70: 10 | G70: 32 | I70: 62 | J70: 10 | K70: 54 | N70: 10 | O70: 56 | Q70: 0 | S70: 0
A71: M | C71: 64 | E71: 22 | G71: 32 | H71: 0 | I71: 66 | J71: 10 | K71: 68 | N71: 10 | O71: 70 | P71: 0 | Q71: 4 | S71: 0
A72: C | C72: 64 | E72: 22 | G72: 32 | I72: 66 | K72: 68 | O72: 70 | Q72: 4 | S72: 0
A73: E | B73: 10 | C73: 78 | E73: 22 | F73: 10 | G73: 46 | I73: 66 | K73: 68 | N73: 10 | O73: 84 | Q73: 4 | R73: 10 | S73: 14
A74: B | C74: 78 | E74: 22 | F74: 10 | G74: 60 | I74: 66 | K74: 68 | O74: 84 | Q74: 8 | R74: 10 | S74: 28
A75: P | B75: 0 | C75: 82 | E75: 22 | G75: 60 | H75: 0 | I75: 70 | K75: 68 | N75: 10 | O75: 98 | Q75: 8 | R75: 10 | S75: 42
A77: X | B77: 0 | C77: 86 | E77: 22 | F77: 10 | G77: 74 | I77: 70 | J77: 0 | K77: 72 | N77: 10 | O77: 112 | Q77: 8 | S77: 42
A78: M | C78: 86 | D78: 0 | E78: 30 | G78: 74 | I78: 70 | K78: 72 | O78: 112 | P78: 0 | Q78: 12 | S78: 46
A79: C | C79: 86 | E79: 30 | F79: 10 | G79: 88 | I79: 70 | K79: 72 | N79: 0 | O79: 116 | Q79: 12 | S79: 46
A80: E | C80: 86 | E80: 30 | F80: 0 | G80: 92 | I80: 70 | K80: 72 | N80: 0 | O80: 120 | Q80: 12 | R80: 0 | S80: 50
A81: B | B81: 10 | C81: 100 | E81: 30 | F81: 10 | G81: 106 | I81: 70 | K81: 72 | N81: 0 | O81: 124 | Q81: 12 | R81: 0 | S81: 54
A82: P | B82: 10 | C82: 114 | E82: 30 | F82: 10 | G82: 120 | I82: 70 | K82: 72 | N82: 10 | O82: 138 | Q82: 12 | R82: 10 | S82: 68
A83: X | C83: 114 | E83: 30 | F83: 10 | G83: 134 | I83: 70 | J83: 10 | K83: 86 | N83: 10 | O83: 152 | P83: 0 | Q83: 16 | S83: 68
A84: M | B84: 0 | C84: 118 | E84: 30 | G84: 134 | H84: 0 | I84: 74 | J84: 0 | K84: 90 | N84: 10 | O84: 166 | Q84: 16 | S84: 68
A85: C | C85: 118 | E85: 30 | F85: 10 | G85: 148 | I85: 74 | J85: 10 | K85: 104 | N85: 10 | O85: 184 | Q85: 16 | S85: 68
A86: E | C86: 118 | E86: 30 | F86: 10 | G86: 162 | I86: 74 | K86: 104 | O86: 184 | P86: 0 | Q86: 20 | S86: 68
A87: B | C87: 118 | E87: 30 | G87: 162 | H87: 0 | I87: 78 | J87: 0 | K87: 108 | O87: 184 | P87: 0 | Q87: 24 | S87: 68
A88: P | B88: 10 | C88: 132 | E88: 30 | G88: 162 | H88: 10 | I88: 92 | J88: 0 | K88: 112 | N88: 10 | O88: 198 | Q88: 24 | S88: 68
B91: {=transpose(sort(transpose(Full!A91:R120),1,true))} -> Cupertino A | C91: Cupertino A | D91: Cupertino B | E91: Cupertino B | F91: Mira Loma A | G91: Mira Loma A | H91: Mira Loma B | I91: Mira Loma B | J91: Palo Alto A | K91: Palo Alto A | L91: Palo Alto B | M91: Palo Alto B | N91: Saratoga A | O91: Saratoga A | P91: Saratoga B | Q91: Saratoga B | R91: Stanford OHS | S91: Stanford OHS
B92: Bonus | C92: Score | D92: Bonus | E92: Score | F92: Bonus | G92: Score | H92: Bonus | I92: Score | J92: Bonus | K92: Score | L92: Bonus | M92: Score | N92: Bonus | O92: Score | P92: Bonus | Q92: Score | R92: Bonus | S92: Score
A94: X | C94: 0 | E94: 0 | G94: 0 | H94: 0 | I94: 4 | K94: 0 | M94: 0 | N94: 10 | O94: 14 | Q94: 0
A95: M | C95: 0 | E95: 0 | G95: 0 | I95: 4 | K95: 0 | M95: 0 | N95: 0 | O95: 18 | Q95: 0
A96: C | B96: 10 | C96: 14 | D96: 0 | E96: 4 | G96: 0 | I96: 4 | K96: 0 | M96: 4 | O96: 18 | Q96: 0
A97: E | C97: 14 | E97: 4 | F97: 10 | G97: 14 | H97: 0 | I97: 8 | K97: 0 | M97: 4 | N97: 0 | O97: 22 | Q97: 0
A98: B | B98: 0 | C98: 18 | E98: 4 | G98: 18 | H98: 10 | I98: 22 | K98: 0 | M98: 4 | O98: 22 | P98: 0 | Q98: 4
A99: P | C99: 22 | E99: 4 | G99: 18 | H99: 10 | I99: 36 | J99: 10 | K99: 14 | L99: 0 | M99: 12 | O99: 22 | Q99: 4
A100: X | B100: 10 | C100: 36 | E100: 4 | G100: 18 | H100: 10 | I100: 50 | J100: 10 | K100: 28 | M100: 16 | O100: 22 | Q100: 4
A101: M | C101: 36 | E101: 4 | F101: 10 | G101: 32 | H101: 10 | I101: 64 | J101: 0 | K101: 32 | M101: 16 | N101: 10 | O101: 36 | Q101: 4
A102: C | B102: 0 | C102: 40 | E102: 4 | F102: 10 | G102: 46 | H102: 10 | I102: 78 | J102: 0 | K102: 36 | M102: 16 | O102: 36 | Q102: 4
A103: E | B103: 0 | C103: 44 | D103: 0 | E103: 12 | F103: 10 | G103: 60 | I103: 78 | J103: 10 | K103: 50 | M103: 16 | O103: 36 | Q103: 4
A104: B | B104: 0 | C104: 48 | E104: 12 | F104: 0 | G104: 64 | H104: 0 | I104: 82 | K104: 50 | M104: 16 | O104: 36 | Q104: 4
A105: P | B105: 10 | C105: 62 | E105: 12 | G105: 64 | H105: 10 | I105: 96 | J105: 0 | K105: 54 | L105: 0 | M105: 24 | O105: 36 | Q105: 4
A107: X | B107: 0 | C107: 66 | E107: 12 | F107: 0 | G107: 68 | H107: 0 | I107: 100 | K107: 54 | M107: 24 | O107: 36 | Q107: 4
A108: M | C108: 66 | D108: 10 | E108: 26 | F108: 10 | G108: 82 | I108: 100 | K108: 54 | M108: 24 | N108: 10 | O108: 50 | P108: 10 | Q108: 18
A109: C | C109: 66 | E109: 26 | G109: 82 | H109: 10 | I109: 114 | K109: 54 | L109: 10 | M109: 42 | N109: 0 | O109: 54 | P109: 0 | Q109: 22
A110: E | C110: 66 | E110: 26 | F110: 10 | G110: 96 | I110: 114 | K110: 54 | M110: 42 | O110: 54 | Q110: 22
A111: B | C111: 66 | D111: 10 | E111: 40 | F111: 10 | G111: 110 | I111: 114 | J111: 0 | K111: 58 | M111: 42 | N111: 10 | O111: 68 | Q111: 22
A112: P | C112: 66 | E112: 40 | F112: 10 | G112: 124 | H112: 10 | I112: 128 | K112: 58 | M112: 42 | N112: 0 | O112: 72 | Q112: 22
A113: X | C113: 66 | E113: 40 | G113: 124 | I113: 128 | J113: 0 | K113: 62 | M113: 46 | N113: 0 | O113: 80 | Q113: 22
A114: M | C114: 66 | E114: 40 | G114: 124 | I114: 128 | K114: 62 | M114: 46 | N114: 10 | O114: 94 | Q114: 22
...

Sheet Stats
A1: Player | B1: Team | C1: GP | D1: TU | E1: Neg | F1: TU/Neg | G1: Points | H1: PPG | I1: X TU | J1: X Neg | K1: X PPG | L1: M TU | M1: M Neg | N1: M PPG | O1: C TU | P1: C Neg | Q1: C PPG | R1: E TU | S1: E Neg | T1: E PPG | U1: B TU | V1: B Neg | W1: B PPG | X1: P TU | Y1: P Neg | Z1: P PPG
A2: Aditya | B2: Mira Loma A | C2: 10 | D2: 73 | E2: 23 | F2: 3.173913 | G2: 200 | H2: 20 | I2: 14 | J2: 6 | K2: 3.2 | L2: 7 | M2: 1 | N2: 2.4 | O2: 7 | P2: 3 | Q2: 1.6 | R2: 11 | S2: 4 | T2: 2.8 | U2: 26 | V2: 6 | W2: 8 | X2: 8 | Y2: 3 | Z2: 2
A3: Tanish | B3: Stanford OHS | C3: 8 | D3: 37 | E3: 5 | F3: 7.4 | G3: 128 | H3: 16 | I3: 6 | J3: 1 | K3: 2.5 | L3: 4 | M3: 1 | N3: 1.5 | O3: 9 | P3: 0 | Q3: 4.5 | R3: 4 | S3: 0 | T3: 2 | U3: 6 | V3: 0 | W3: 3 | X3: 8 | Y3: 3 | Z3: 2.5
A4: Jake | B4: Cupertino A | C4: 8 | D4: 34 | E4: 3 | F4: 11.333333 | G4: 124 | H4: 15.5 | I4: 5 | J4: 1 | K4: 2 | L4: 5 | M4: 1 | N4: 2 | O4: 4 | P4: 1 | Q4: 1.5 | R4: 11 | S4: 0 | T4: 5.5 | U4: 1 | V4: 0 | W4: 0.5 | X4: 8 | Y4: 0 | Z4: 4
A5: Aaditya | B5: Cupertino A | C5: 8 | D5: 34 | E5: 5 | F5: 6.8 | G5: 116 | H5: 14.5 | I5: 9 | J5: 2 | K5: 3.5 | L5: 1 | M5: 0 | N5: 0.5 | O5: 5 | P5: 0 | Q5: 2.5 | R5: 4 | S5: 1 | T5: 1.5 | U5: 13 | V5: 2 | W5: 5.5 | X5: 2 | Y5: 0 | Z5: 1
A6: Anthony | B6: Saratoga A | C6: 10 | D6: 39 | E6: 3 | F6: 13 | G6: 144 | H6: 14.4 | I6: 5 | J6: 0 | K6: 2 | L6: 2 | M6: 0 | N6: 0.8 | O6: 1 | P6: 0 | Q6: 0.4 | R6: 21 | S6: 2 | T6: 7.6 | U6: 3 | V6: 0 | W6: 1.2 | X6: 7 | Y6: 1 | Z6: 2.4
A7: Elyas | B7: Mira Loma B | C7: 8 | D7: 27 | E7: 4 | F7: 6.75 | G7: 92 | H7: 11.5 | I7: 5 | J7: 3 | K7: 1 | L7: 2 | M7: 0 | N7: 1 | O7: 10 | P7: 1 | Q7: 4.5 | R7: 3 | S7: 0 | T7: 1.5 | U7: 2 | V7: 0 | W7: 1 | X7: 5 | Y7: 0 | Z7: 2.5
A8: Arjun | B8: Saratoga B | C8: 8 | D8: 22 | E8: 0 | F8: Infinity | G8: 88 | H8: 11 | I8: 2 | J8: 0 | K8: 1 | L8: 5 | M8: 0 | N8: 2.5 | O8: 2 | P8: 0 | Q8: 1 | R8: 3 | S8: 0 | T8: 1.5 | U8: 9 | V8: 0 | W8: 4.5 | X8: 1 | Y8: 0 | Z8: 0.5
A9: Harish | B9: Mira Loma B | C9: 8 | D9: 25 | E9: 3 | F9: 8.3333333 | G9: 88 | H9: 11 | I9: 0 | J9: 0 | K9: 0 | L9: 10 | M9: 1 | N9: 4.5 | O9: 0 | P9: 0 | Q9: 0 | R9: 1 | S9: 0 | T9: 0.5 | U9: 2 | V9: 0 | W9: 1 | X9: 12 | Y9: 2 | Z9: 5
A10: Nilay | B10: Saratoga A | C10: 10 | D10: 32 | E10: 5 | F10: 6.4 | G10: 108 | H10: 10.8 | I10: 5 | J10: 0 | K10: 2 | L10: 16 | M10: 3 | N10: 5.2 | O10: 7 | P10: 1 | Q10: 2.4 | R10: 0 | S10: 0 | T10: 0 | U10: 0 | V10: 0 | W10: 0 | X10: 4 | Y10: 1 | Z10: 1.2
A11: Nipun | B11: Mira Loma A | C11: 10 | D11: 33 | E11: 6 | F11: 5.5 | G11: 108 | H11: 10.8 | I11: 3 | J11: 0 | K11: 1.2 | L11: 3 | M11: 1 | N11: 0.8 | O11: 20 | P11: 4 | Q11: 6.4 | R11: 6 | S11: 1 | T11: 2 | U11: 0 | V11: 0 | W11: 0 | X11: 1 | Y11: 0 | Z11: 0.4
A12: Johnathen | B12: Palo Alto A | C12: 8 | D12: 26 | E12: 5 | F12: 5.2 | G12: 84 | H12: 10.5 | I12: 9 | J12: 0 | K12: 4.5 | L12: 2 | M12: 1 | N12: 0.5 | O12: 4 | P12: 0 | Q12: 2 | R12: 1 | S12: 0 | T12: 0.5 | U12: 9 | V12: 4 | W12: 2.5 | X12: 1 | Y12: 0 | Z12: 0.5
A13: Advaith | B13: Saratoga A | C13: 10 | D13: 27 | E13: 5 | F13: 5.4 | G13: 88 | H13: 8.8 | I13: 5 | J13: 1 | K13: 1.6 | L13: 6 | M13: 1 | N13: 2 | O13: 5 | P13: 0 | Q13: 2 | R13: 1 | S13: 1 | T13: 0 | U13: 6 | V13: 1 | W13: 2 | X13: 4 | Y13: 1 | Z13: 1.2
A14: Atticus | B14: Palo Alto A | C14: 8 | D14: 18 | E14: 1 | F14: 18 | G14: 68 | H14: 8.5 | I14: 4 | J14: 0 | K14: 2 | L14: 3 | M14: 0 | N14: 1.5 | O14: 5 | P14: 0 | Q14: 2.5 | R14: 0 | S14: 1 | T14: -0.5 | U14: 1 | V14: 0 | W14: 0.5 | X14: 5 | Y14: 0 | Z14: 2.5
A15: Nolan | B15: Saratoga B | C15: 4 | D15: 8 | E15: 0 | F15: Infinity | G15: 32 | H15: 8 | I15: 1 | J15: 0 | K15: 1 | L15: 1 | M15: 0 | N15: 1 | O15: 0 | P15: 0 | Q15: 0 | R15: 1 | S15: 0 | T15: 1 | U15: 0 | V15: 0 | W15: 0 | X15: 5 | Y15: 0 | Z15: 5
A16: Forrest | B16: Palo Alto A | C16: 8 | D16: 16 | E16: 1 | F16: 16 | G16: 60 | H16: 7.5 | I16: 1 | J16: 0 | K16: 0.5 | L16: 5 | M16: 1 | N16: 2 | O16: 1 | P16: 0 | Q16: 0.5 | R16: 2 | S16: 0 | T16: 1 | U16: 1 | V16: 0 | W16: 0.5 | X16: 6 | Y16: 0 | Z16: 3
A17: Tanay | B17: Mira Loma B | C17: 8 | D17: 16 | E17: 1 | F17: 16 | G17: 60 | H17: 7.5 | I17: 1 | J17: 0 | K17: 0.5 | L17: 1 | M17: 0 | N17: 0.5 | O17: 8 | P17: 1 | Q17: 3.5 | R17: 5 | S17: 0 | T17: 2.5 | U17: 0 | V17: 0 | W17: 0 | X17: 1 | Y17: 0 | Z17: 0.5
A18: Adam | B18: Saratoga A | C18: 10 | D18: 18 | E18: 0 | F18: Infinity | G18: 72 | H18: 7.2 | I18: 8 | J18: 0 | K18: 3.2 | L18: 0 | M18: 0 | N18: 0 | O18: 1 | P18: 0 | Q18: 0.4 | R18: 0 | S18: 0 | T18: 0 | U18: 8 | V18: 0 | W18: 3.2 | X18: 1 | Y18: 0 | Z18: 0.4
A19: Ashrith | B19: Mira Loma B | C19: 8 | D19: 15 | E19: 2 | F19: 7.5 | G19: 52 | H19: 6.5 | I19: 0 | J19: 0 | K19: 0 | L19: 0 | M19: 0 | N19: 0 | O19: 1 | P19: 0 | Q19: 0.5 | R19: 4 | S19: 1 | T19: 1.5 | U19: 8 | V19: 1 | W19: 3.5 | X19: 2 | Y19: 0 | Z19: 1
A20: Mithilesh | B20: Cupertino B | C20: 8 | D20: 13 | E20: 1 | F20: 13 | G20: 48 | H20: 6 | I20: 2 | J20: 0 | K20: 1 | L20: 1 | M20: 0 | N20: 0.5 | O20: 7 | P20: 1 | Q20: 3 | R20: 2 | S20: 0 | T20: 1 | U20: 1 | V20: 0 | W20: 0.5 | X20: 0 | Y20: 0 | Z20: 0
A21: Shohom | B21: Mira Loma A | C21: 10 | D21: 23 | E21: 8 | F21: 2.875 | G21: 60 | H21: 6 | I21: 5 | J21: 1 | K21: 1.6 | L21: 1 | M21: 1 | N21: 0 | O21: 1 | P21: 0 | Q21: 0.4 | R21: 10 | S21: 0 | T21: 4 | U21: 0 | V21: 1 | W21: -0.4 | X21: 6 | Y21: 5 | Z21: 0.4
A22: Jonathen | B22: Palo Alto B | C22: 8 | D22: 11 | E22: 0 | F22: Infinity | G22: 44 | H22: 5.5 | I22: 1 | J22: 0 | K22: 0.5 | L22: 0 | M22: 0 | N22: 0 | O22: 5 | P22: 0 | Q22: 2.5 | R22: 4 | S22: 0 | T22: 2 | U22: 1 | V22: 0 | W22: 0.5 | X22: 0 | Y22: 0 | Z22: 0
A23: Levana | B23: Saratoga B | C23: 8 | D23: 10 | E23: 0 | F23: Infinity | G23: 40 | H23: 5 | I23: 0 | J23: 0 | K23: 0 | L23: 3 | M23: 0 | N23: 1.5 | O23: 6 | P23: 0 | Q23: 3 | R23: 0 | S23: 0 | T23: 0 | U23: 0 | V23: 0 | W23: 0 | X23: 1 | Y23: 0 | Z23: 0.5
A24: Aditi | B24: Cupertino A | C24: 8 | D24: 10 | E24: 1 | F24: 10 | G24: 36 | H24: 4.5 | I24: 0 | J24: 0 | K24: 0 | L24: 4 | M24: 0 | N24: 2 | O24: 1 | P24: 0 | Q24: 0.5 | R24: 0 | S24: 0 | T24: 0 | U24: 3 | V24: 0 | W24: 1.5 | X24: 2 | Y24: 1 | Z24: 0.5
A25: Jeremy | B25: Palo Alto B | C25: 8 | D25: 9 | E25: 0 | F25: Infinity | G25: 36 | H25: 4.5 | I25: 2 | J25: 0 | K25: 1 | L25: 0 | M25: 0 | N25: 0 | O25: 1 | P25: 0 | Q25: 0.5 | R25: 3 | S25: 0 | T25: 1.5 | U25: 0 | V25: 0 | W25: 0 | X25: 3 | Y25: 0 | Z25: 1.5
A26: Amitabh | B26: Cupertino B | C26: 8 | D26: 10 | E26: 3 | F26: 3.3333333 | G26: 28 | H26: 3.5 | I26: 0 | J26: 1 | K26: -0.5 | L26: 3 | M26: 0 | N26: 1.5 | O26: 0 | P26: 1 | Q26: -0.5 | R26: 1 | S26: 0 | T26: 0.5 | U26: 1 | V26: 0 | W26: 0.5 | X26: 5 | Y26: 1 | Z26: 2
A27: Carissa | B27: Palo Alto A | C27: 8 | D27: 7 | E27: 0 | F27: Infinity | G27: 28 | H27: 3.5 | I27: 2 | J27: 0 | K27: 1 | L27: 1 | M27: 0 | N27: 0.5 | O27: 2 | P27: 0 | Q27: 1 | R27: 1 | S27: 0 | T27: 0.5 | U27: 0 | V27: 0 | W27: 0 | X27: 1 | Y27: 0 | Z27: 0.5
A28: Minseo | B28: Cupertino A | C28: 8 | D28: 7 | E28: 0 | F28: Infinity | G28: 28 | H28: 3.5 | I28: 2 | J28: 0 | K28: 1 | L28: 2 | M28: 0 | N28: 1 | O28: 2 | P28: 0 | Q28: 1 | R28: 0 | S28: 0 | T28: 0 | U28: 1 | V28: 0 | W28: 0.5 | X28: 0 | Y28: 0 | Z28: 0
A29: Namita | B29: Cupertino B | C29: 8 | D29: 7 | E29: 0 | F29: Infinity | G29: 28 | H29: 3.5 | I29: 1 | J29: 0 | K29: 0.5 | L29: 0 | M29: 0 | N29: 0 | O29: 0 | P29: 0 | Q29: 0 | R29: 6 | S29: 0 | T29: 3 | U29: 0 | V29: 0 | W29: 0 | X29: 0 | Y29: 0 | Z29: 0
A30: Nathan | B30: Palo Alto B | C30: 8 | D30: 8 | E30: 1 | F30: 8 | G30: 28 | H30: 3.5 | I30: 1 | J30: 0 | K30: 0.5 | L30: 4 | M30: 0 | N30: 2 | O30: 0 | P30: 0 | Q30: 0 | R30: 0 | S30: 0 | T30: 0 | U30: 0 | V30: 0 | W30: 0 | X30: 3 | Y30: 1 | Z30: 1
A31: Shubhi | B31: Cupertino B | C31: 8 | D31: 3 | E31: 0 | F31: Infinity | G31: 12 | H31: 1.5 | I31: 0 | J31: 0 | K31: 0 | L31: 0 | M31: 0 | N31: 0 | O31: 0 | P31: 0 | Q31: 0 | R31: 0 | S31: 0 | T31: 0 | U31: 3 | V31: 0 | W31: 1.5 | X31: 0 | Y31: 0 | Z31: 0
A32: Syaon | B32: Stanford OHS | C32: 8 | D32: 3 | E32: 0 | F32: Infinity | G32: 12 | H32: 1.5 | I32: 1 | J32: 0 | K32: 0.5 | L32: 0 | M32: 0 | N32: 0 | O32: 0 | P32: 0 | Q32: 0 | R32: 1 | S32: 0 | T32: 0.5 | U32: 0 | V32: 0 | W32: 0 | X32: 1 | Y32: 0 | Z32: 0.5
A33: Claire | B33: Palo Alto B | C33: 8 | D33: 4 | E33: 2 | F33: 2 | G33: 8 | H33: 1 | I33: 1 | J33: 1 | K33: 0 | L33: 0 | M33: 0 | N33: 0 | O33: 0 | P33: 0 | Q33: 0 | R33: 0 | S33: 1 | T33: -0.5 | U33: 3 | V33: 0 | W33: 1.5 | X33: 0 | Y33: 0 | Z33: 0
A34: Sarthak | B34: Mira Loma A | C34: 10 | D34: 5 | E34: 3 | F34: 1.6666667 | G34: 8 | H34: 0.8 | I34: 0 | J34: 0 | K34: 0 | L34: 0 | M34: 0 | N34: 0 | O34: 0 | P34: 0 | Q34: 0 | R34: 0 | S34: 0 | T34: 0 | U34: 0 | V34: 0 | W34: 0 | X34: 5 | Y34: 3 | Z34: 0.8
A35: Richard | B35: Cupertino B | C35: 8 | D35: 1 | E35: 0 | F35: Infinity | G35: 4 | H35: 0.5 | I35: 0 | J35: 0 | K35: 0 | L35: 0 | M35: 0 | N35: 0 | O35: 1 | P35: 0 | Q35: 0.5 | R35: 0 | S35: 0 | T35: 0 | U35: 0 | V35: 0 | W35: 0 | X35: 0 | Y35: 0 | Z35: 0
A36: Jarvis | B36: Palo Alto B | C36: 8 | D36: 0 | E36: 0 | F36: Infinity | G36: 0 | H36: 0 | I36: 0 | J36: 0 | K36: 0 | L36: 0 | M36: 0 | N36: 0 | O36: 0 | P36: 0 | Q36: 0 | R36: 0 | S36: 0 | T36: 0 | U36: 0 | V36: 0 | W36: 0 | X36: 0 | Y36: 0 | Z36: 0

Sheet Team Stats
A1: Team | B1: PPG | C1: GP | D1: Bonus | E1: Bonus % | F1: X Bonus | G1: X Bonus % | H1: M Bonus | I1: M Bonus % | J1: C Bonus | K1: C Bonus % | L1: E Bonus | M1: E Bonus % | N1: B Bonus | O1: B Bonus % | P1: P Bonus | Q1: P Bonus %
A2: Mira Loma A | B2: 155.8 | C2: 8 | D2: 99 | E2: 0.7443609 | F2: 18 | G2: 0.81818182 | H2: 10 | I2: 0.90909091 | J2: 21 | K2: 0.75 | L2: 19 | M2: 0.7037037 | N2: 18 | O2: 0.72 | P2: 13 | Q2: 0.65
A3: Saratoga A | B3: 126 | C3: 8 | D3: 72 | E3: 0.62068966 | F3: 14 | G3: 0.60869565 | H3: 21 | I3: 0.875 | J3: 5 | K3: 0.35714286 | L3: 11 | M3: 0.5 | N3: 11 | O3: 0.64705882 | P3: 10 | Q3: 0.625
A4: Mira Loma B | B4: 105.25 | C4: 8 | D4: 49 | E4: 0.59036145 | F4: 3 | G4: 0.5 | H4: 6 | I4: 0.46153846 | J4: 16 | K4: 0.84210526 | L4: 5 | M4: 0.38461538 | N4: 6 | O4: 0.5 | P4: 13 | Q4: 0.65
A5: Cupertino A | B5: 104.25 | C5: 8 | D5: 45 | E5: 0.52941176 | F5: 10 | G5: 0.625 | H5: 8 | I5: 0.66666667 | J5: 5 | K5: 0.41666667 | L5: 7 | M5: 0.46666667 | N5: 9 | O5: 0.5 | P5: 6 | Q5: 0.5
A6: Palo Alto A | B6: 81.25 | C6: 8 | D6: 33 | E6: 0.49253731 | F6: 10 | G6: 0.625 | H6: 7 | I6: 0.63636364 | J6: 5 | K6: 0.41666667 | L6: 3 | M6: 0.75 | N6: 2 | O6: 0.18181818 | P6: 6 | Q6: 0.46153846
A7: Stanford OHS | B7: 50.5 | C7: 8 | D7: 22 | E7: 0.55 | F7: 3 | G7: 0.42857143 | H7: 3 | I7: 0.75 | J7: 4 | K7: 0.44444444 | L7: 3 | M7: 0.6 | N7: 3 | O7: 0.5 | P7: 6 | Q7: 0.66666667
A8: Cupertino B | B8: 37.5 | C8: 8 | D8: 12 | E8: 0.35294118 | F8: 1 | G8: 0.33333333 | H8: 3 | I8: 0.75 | J8: 1 | K8: 0.125 | L8: 4 | M8: 0.44444444 | N8: 2 | O8: 0.4 | P8: 1 | Q8: 0.2
A9: Palo Alto B | B9: 33.5 | C9: 8 | D9: 10 | E9: 0.33333333 | F9: 1 | G9: 0.33333333 | H9: 1 | I9: 0.25 | J9: 3 | K9: 0.5 | L9: 5 | M9: 0.71428571 | N9: 0 | O9: 0 | P9: 0 | Q9: 0
A10: Saratoga B | B10: 32.75 | C10: 8 | D10: 7 | E10: 0.175 | F10: 0 | G10: 0 | H10: 4 | I10: 0.44444444 | J10: 2 | K10: 0.25 | L10: 0 | M10: 0 | N10: 0 | O10: 0 | P10: 1 | Q10: 0.14285714

Sheet X-Risk
A1: {=sort(Stats!A1:A1000,Stats!K1:K1000,false)} -> Player | B1: {=sort(Stats!C1:C1000,Stats!K1:K1000,false)} -> GP | C1: {=sort(Stats!I1:K1000,Stats!K1:K1000,false)} -> X TU | D1: X Neg | E1: X PPG
A2: Johnathen | B2: 8 | C2: 9 | D2: 0 | E2: 4.5
A3: Aaditya | B3: 8 | C3: 9 | D3: 2 | E3: 3.5
A4: Aditya | B4: 10 | C4: 14 | D4: 6 | E4: 3.2
A5: Adam | B5: 10 | C5: 8 | D5: 0 | E5: 3.2
A6: Tanish | B6: 8 | C6: 6 | D6: 1 | E6: 2.5
A7: Jake | B7: 8 | C7: 5 | D7: 1 | E7: 2
A8: Anthony | B8: 10 | C8: 5 | D8: 0 | E8: 2
A9: Nilay | B9: 10 | C9: 5 | D9: 0 | E9: 2
A10: Atticus | B10: 8 | C10: 4 | D10: 0 | E10: 2
A11: Advaith | B11: 10 | C11: 5 | D11: 1 | E11: 1.6
A12: Shohom | B12: 10 | C12: 5 | D12: 1 | E12: 1.6
A13: Nipun | B13: 10 | C13: 3 | D13: 0 | E13: 1.2
... A36: Amitabh | B36: 8 | C36: 0 | D36: 1 | E36: -0.5

Sheet Math
A1: {=sort(Stats!A1:A1000,Stats!N1:N1000,false)} -> Player | B1: {=sort(Stats!C1:C1000,Stats!N1:N1000,false)} -> GP | C1: {=sort(Stats!L1:N1000,Stats!N1:N1000,false)} -> M TU | D1: M Neg | E1: M PPG
A2: Nilay | B2: 10 | C2: 16 | D2: 3 | E2: 5.2
A3: Harish | B3: 8 | C3: 10 | D3: 1 | E3: 4.5
A4: Arjun | B4: 8 | C4: 5 | D4: 0 | E4: 2.5
A5: Aditya | B5: 10 | C5: 7 | D5: 1 | E5: 2.4
A6: Jake | B6: 8 | C6: 5 | D6: 1 | E6: 2
A7: Advaith | B7: 10 | C7: 6 | D7: 1 | E7: 2
A8: Forrest | B8: 8 | C8: 5 | D8: 1 | E8: 2
A9: Aditi | B9: 8 | C9: 4 | D9: 0 | E9: 2
A10: Nathan | B10: 8 | C10: 4 | D10: 0 | E10: 2
A11: Tanish | B11: 8 | C11: 4 | D11: 1 | E11: 1.5
A12: Atticus | B12: 8 | C12: 3 | D12: 0 | E12: 1.5
A13: Levana | B13: 8 | C13: 3 | D13: 0 | E13: 1.5
... A36: Jarvis | B36: 8 | C36: 0 | D36: 0 | E36: 0

Sheet Chemistry
A1: {=sort(Stats!A1:A1000,Stats!Q1:Q1000,false)} -> Player | B1: {=sort(Stats!C1:C1000,Stats!Q1:Q1000,false)} -> GP | C1: {=sort(Stats!O1:Q1000,Stats!Q1:Q1000,false)} -> C TU | D1: C Neg | E1: C PPG
A2: Nipun | B2: 10 | C2: 20 | D2: 4 | E2: 6.4
A3: Tanish | B3: 8 | C3: 9 | D3: 0 | E3: 4.5
A4: Elyas | B4: 8 | C4: 10 | D4: 1 | E4: 4.5
A5: Tanay | B5: 8 | C5: 8 | D5: 1 | E5: 3.5
A6: Mithilesh | B6: 8 | C6: 7 | D6: 1 | E6: 3
A7: Levana | B7: 8 | C7: 6 | D7: 0 | E7: 3
A8: Aaditya | B8: 8 | C8: 5 | D8: 0 | E8: 2.5
A9: Atticus | B9: 8 | C9: 5 | D9: 0 | E9: 2.5
A10: Jonathen | B10: 8 | C10: 5 | D10: 0 | E10: 2.5
A11: Nilay | B11: 10 | C11: 7 | D11: 1 | E11: 2.4
A12: Johnathen | B12: 8 | C12: 4 | D12: 0 | E12: 2
A13: Advaith | B13: 10 | C13: 5 | D13: 0 | E13: 2
... A36: Amitabh | B36: 8 | C36: 0 | D36: 1 | E36: -0.5

Sheet EarthSpace
A1: {=sort(Stats!A1:A1000,Stats!T1:T1000,false)} -> Player | B1: {=sort(Stats!C1:C1000,Stats!T1:T1000,false)} -> GP | C1: {=sort(Stats!R1:T1000,Stats!T1:T1000,false)} -> E TU | D1: E Neg | E1: E PPG
A2: Anthony | B2: 10 | C2: 21 | D2: 2 | E2: 7.6
A3: Jake | B3: 8 | C3: 11 | D3: 0 | E3: 5.5
A4: Shohom | B4: 10 | C4: 10 | D4: 0 | E4: 4
A5: Namita | B5: 8 | C5: 6 | D5: 0 | E5: 3
A6: Aditya | B6: 10 | C6: 11 | D6: 4 | E6: 2.8
A7: Tanay | B7: 8 | C7: 5 | D7: 0 | E7: 2.5
A8: Tanish | B8: 8 | C8: 4 | D8: 0 | E8: 2
A9: Nipun | B9: 10 | C9: 6 | D9: 1 | E9: 2
A10: Jonathen | B10: 8 | C10: 4 | D10: 0 | E10: 2
A11: Aaditya | B11: 8 | C11: 4 | D11: 1 | E11: 1.5
A12: Elyas | B12: 8 | C12: 3 | D12: 0 | E12: 1.5
A13: Arjun | B13: 8 | C13: 3 | D13: 0 | E13: 1.5
... A36: Claire | B36: 8 | C36: 0 | D36: 1 | E36: -0.5

Sheet Biology
A1: {=sort(Stats!A1:A1000,Stats!W1:W1000,false)} -> Player | B1: {=sort(Stats!C1:C1000,Stats!W1:W1000,false)} -> GP | C1: {=sort(Stats!U1:W1000,Stats!W1:W1000,false)} -> B TU | D1: B Neg | E1: B PPG
A2: Aditya | B2: 10 | C2: 26 | D2: 6 | E2: 8
A3: Aaditya | B3: 8 | C3: 13 | D3: 2 | E3: 5.5
A4: Arjun | B4: 8 | C4: 9 | D4: 0 | E4: 4.5
A5: Ashrith | B5: 8 | C5: 8 | D5: 1 | E5: 3.5
A6: Adam | B6: 10 | C6: 8 | D6: 0 | E6: 3.2
A7: Tanish | B7: 8 | C7: 6 | D7: 0 | E7: 3
A8: Johnathen | B8: 8 | C8: 9 | D8: 4 | E8: 2.5
A9: Advaith | B9: 10 | C9: 6 | D9: 1 | E9: 2
A10: Aditi | B10: 8 | C10: 3 | D10: 0 | E10: 1.5
A11: Shubhi | B11: 8 | C11: 3 | D11: 0 | E11: 1.5
A12: Claire | B12: 8 | C12: 3 | D12: 0 | E12: 1.5
A13: Anthony | B13: 10 | C13: 3 | D13: 0 | E13: 1.2
... A36: Shohom | B36: 10 | C36: 0 | D36: 1 | E36: -0.4

Sheet Physics
A1: {=sort(Stats!A1:A1000,Stats!Z1:Z1000,false)} -> Player | B1: {=sort(Stats!C1:C1000,Stats!Z1:Z1000,false)} -> GP | C1: {=sort(Stats!X1:Z1000,Stats!Z1:Z1000,false)} -> P TU | D1: P Neg | E1: P PPG
A2: Harish | B2: 8 | C2: 12 | D2: 2 | E2: 5
A3: Nolan | B3: 4 | C3: 5 | D3: 0 | E3: 5
A4: Jake | B4: 8 | C4: 8 | D4: 0 | E4: 4
A5: Forrest | B5: 8 | C5: 6 | D5: 0 | E5: 3
A6: Tanish | B6: 8 | C6: 8 | D6: 3 | E6: 2.5
A7: Elyas | B7: 8 | C7: 5 | D7: 0 | E7: 2.5
A8: Atticus | B8: 8 | C8: 5 | D8: 0 | E8: 2.5
A9: Anthony | B9: 10 | C9: 7 | D9: 1 | E9: 2.4
A10: Aditya | B10: 10 | C10: 8 | D10: 3 | E10: 2
A11: Amitabh | B11: 8 | C11: 5 | D11: 1 | E11: 2
A12: Jeremy | B12: 8 | C12: 3 | D12: 0 | E12: 1.5
A13: Nilay | B13: 10 | C13: 4 | D13: 1 | E13: 1.2
... A36: Jarvis | B36: 8 | C36: 0 | D36: 0 | E36: 0
