Workbook

Sheet SCHEDULE OF EVENTS
A1: Round | C1: Time (PST)
A3: Opening Ceremony | C3: 8:00 - 8:15 a.m.
A5: RR1 | C5: 8:20 - 8:55 a.m.
H6: !
A7: RR2 | C7: 8:55 - 9:30 a.m.
A9: RR3 | C9: 9:30 - 10:05 a.m.
A11: RR4 | C11: 10:05 - 10:40 a.m.
A13: RR5 | C13: 10:40 - 11:15 p.m.
A15: Lunch | C15: 11:15 - 12:15 p.m.
A17: DE1 | C17: 12:15 - 12:55p.m.
A19: DE2 | C19: 12:55 - 1:35 p.m.
A21: DE3 | C21: 1:35 - 2:15 p.m.
A23: Finals | C23: 2:15 - 2:55 p.m.
A25: Ending Ceremony | C25: 2:55 - 3:05 p.m.

Sheet RR GROUPS
A1: Arrhenius | F1: Benzene | K1: Catalyst | P1: Dipole
A4: A1 | B4: Annor Azgha | F4: B1 | G4: Honeypots and Mosquitos | K4: C1 | L4: Caudates | P4: D1 | Q4: Deakhil
A6: A2 | B6: Knights | F6: B2 | G6: Walter White Phosphorus | K6: C2 | L6: Cherry Bombs | P6: D2 | Q6: Future Campers
A8: A3 | B8: Grignard Gobblers | F8: B3 | G8: Fatty Acid | K8: C3 | L8: Kevin Qiu | P8: D3 | Q8: Alkane Crackers
A10: A4 | B10: Chengcheng | F10: B4 | G10: Quadratic Acid | K10: C4 | L10: Nonchalant Dreadheads | P10: D4 | Q10: Mumbai Mole-esters
A12: A5 | B12: Snowy Dusky Bagels | F12: B5 | G12: dry | K12: C5 | L12: Gay-Lussac Goons | P12: D5 | Q12: StarGatevanic Cell
A14: A6 | B14: Azizam | F14: B6 | G14: NileGreen | K14: C6 | L14: ChemKings | P14: D6 | Q14: Caffeine

Sheet RR MATCHUPS
A1: VC | B1: Arr-1 | D1: Arr-2 | F1: Arr-3 | H1: Ben-1 | J1: Ben-2 | L1: Ben-3 | N1: Cat-1 | P1: Cat-2 | R1: Cat-3 | T1: Dip-1 | V1: Dip-2 | X1: Dip-3
A4: Round 1 | B4: A1 vs A6 | D4: A2 vs A5 | F4: A3 vs A4 | H4: B1 vs B6 | J4: B2 vs B5 | L4: B3 vs B4 | N4: C1 vs C6 | P4: C2 vs C5 | R4: C3 vs C4 | T4: D1 vs D6 | V4: D2 vs D5 | X4: D3 vs D4
A6: Round 2 | B6: A2 vs A3 | D6: A1 vs A5 | F6: A6 vs A4 | H6: B2 vs B3 | J6: B1 vs B5 | L6: B6 vs B4 | N6: C2 vs C3 | P6: C1 vs C5 | R6: C6 vs C4 | T6: D2 vs D3 | V6: D1 vs D5 | X6: D6 vs D4
A8: Round 3 | B8: A5 vs A3 | D8: A6 vs A2 | F8: A1 vs A4 | H8: B5 vs B3 | J8: B6 vs B2 | L8: B1 vs B4 | N8: C5 vs C3 | P8: C6 vs C2 | R8: C1 vs C4 | T8: D5 vs D3 | V8: D6 vs D2 | X8: D1 vs D4
A10: Round 4 | B10: A4 vs A2 | D10: A1 vs A3 | F10: A5 vs A6 | H10: B4 vs B2 | J10: B1 vs B3 | L10: B5 vs B6 | N10: C4 vs C2 | P10: C1 vs C3 | R10: C5 vs C6 | T10: D4 vs D2 | V10: D1 vs D3 | X10: D5 vs D6
A12: Round 5 | B12: A3 vs A6 | D12: A4 vs A5 | F12: A1 vs A2 | H12: B3 vs B6 | J12: B4 vs B5 | L12: B1 vs B2 | N12: C3 vs C6 | P12: C4 vs C5 | R12: C1 vs C2 | T12: D3 vs D6 | V12: D4 vs D5 | X12: D1 vs D2

Sheet RR SCORES
A1: Arrhenius | C1: =B2 -> Annor Azgha | E1: =B3 -> Knights | G1: =B4 -> Grignard Gobblers | I1: =B5 -> Chengcheng | K1: =B6 -> Snowy Dusky Bagels | M1: =B7 -> Azizam | O1: Wins | P1: Ties | Q1: Losses | R1: Points | T1: Team Name | U1: Score
A2: A1 | B2: ='RR GROUPS'!B4 -> Annor Azgha | E2: 74 | F2: =if(E2>C3,"W",if(E2<C3,"L",if(isblank(E2),"","T"))) -> W | G2: 86 | H2: =if(G2>C4,"W",if(G2<C4,"L",if(isblank(G2),"","T"))) -> W | I2: 78 | J2: =if(I2>C5,"W",if(I2<C5,"L",if(isblank(I2),"","T"))) -> W | K2: 70 | L2: =if(K2>C6,"W",if(K2<C6,"L",if(isblank(K2),"","T"))) -> W | M2: 110 | N2: =if(M2>C7,"W",if(M2<C7,"L",if(isblank(M2),"","T"))) -> W | O2: =countif(C2:N2,"W") -> 5 | P2: =countif(C2:N2,"T") -> 0 | Q2: =countif(C2:N2,"L") -> 0 | R2: =SUM( IF(E2="","",IF(E2>C3,E2+100,IF(E2=C3,E2+50,E2+MAX(50-(C3-E2),0)))), IF(G2="","",IF(G2>C4,G2+100,IF(G2=C4,G2+50,G2+MAX(50-(C4-G2),0)))), IF(I2="","",IF(I2>C5,I2+100,IF(I2=C5,I2+50,I2+MAX(50-(C5-I2),0)))), IF(K2="","",IF(K2>C6,K2+100,IF(K2=C6,K2+50,K2+MAX(50-(C6-K2),0)))), IF(M2="","",IF(M2>C7,M2+100,IF(M2=C7,M2+50,M2+MAX(50-(C7-M2),0)))) ) -> 918 | T2: =IFERROR(__xludf.DUMMYFUNCTION("SORT( FILTER({B2:B7, R2:R7}, R2:R7 <> """"), 2, FALSE ) "),"Annor Azgha") -> Annor Azgha | U2: =IFERROR(__xludf.DUMMYFUNCTION("""COMPUTED_VALUE"""),918.0) -> 918
A3: A2 | B3: ='RR GROUPS'!B6 -> Knights | C3: 0 | D3: =if(E2<C3,"W",if(E2>C3,"L",if(isblank(C3),"","T"))) -> L | G3: 66 | H3: =if(G3>E4,"W",if(G3<E4,"L",if(isblank(G3),"","T"))) -> W | I3: 0 | J3: =if(I3>E5,"W",if(I3<E5,"L",if(isblank(I3),"","T"))) -> L | K3: 30 | L3: =if(K3>E6,"W",if(K3<E6,"L",if(isblank(K3),"","T"))) -> L | M3: 70 | N3: =if(M3>E7,"W",if(M3<E7,"L",if(isblank(M3),"","T"))) -> W | O3: =countif(C3:N3,"W") -> 2 | P3: =countif(C3:N3,"T") -> 0 | Q3: =countif(C3:N3,"L") -> 3 | R3: =SUM( IF(C3="",0,IF(C3>E2,C3+100,IF(C3=E2,C3+50,C3+MAX(50-(E2-C3),0)))), IF(G3="",0,IF(G3>E4,G3+100,IF(G3=E4,G3+50,G3+MAX(50-(E4-G3),0)))), IF(I3="",0,IF(I3>E5,I3+100,IF(I3=E5,I3+50,I3+MAX(50-(E5-I3),0)))), IF(K3="",0,IF(K3>E6,K3+100,IF(K3=E6,K3+50,K3+MAX(50-(E6-K3),0)))), IF(M3="",0,IF(M3>E7,M3+100,IF(M3=E7,M3+50,M3+MAX(50-(E7-M3),0)))) ) -> 366 | T3: =IFERROR(__xludf.DUMMYFUNCTION("""COMPUTED_VALUE"""),"Snowy Dusky Bagels") -> Snowy Dusky Bagels | U3: =IFERROR(__xludf.DUMMYFUNCTION("""COMPUTED_VALUE"""),862.0) -> 862
A4: A3 | B4: ='RR GROUPS'!B8 -> Grignard Gobblers | C4: 30 | D4: =if(G2<C4,"W",if(G2>C4,"L",if(isblank(C4),"","T"))) -> L | E4: 32 | F4: =if(G3<E4,"W",if(G3>E4,"L",if(isblank(E4),"","T"))) -> L | I4: 50 | J4: =if(I4>G5,"W",if(I4<G5,"L",if(isblank(I4),"","T"))) -> W | K4: 22 | L4: =if(K4>G6,"W",if(K4<G6,"L",if(isblank(K4),"","T"))) -> L | M4: 30 | N4: =if(M4>G7,"W",if(M4<G7,"L",if(isblank(M4),"","T"))) -> L | O4: =countif(C4:N4,"W") -> 1 | P4: =countif(C4:N4,"T") -> 0 | Q4: =countif(C4:N4,"L") -> 4 | R4: =SUM( IF(C4="",0,IF(C4>G2,C4+100,IF(C4=G2,C4+50,C4+MAX(50-(G2-C4),0)))), IF(E4="",0,IF(E4>G3,E4+100,IF(E4=G3,E4+50,E4+MAX(50-(G3-E4),0)))), IF(I4="",0,IF(I4>G5,I4+100,IF(I4=G5,I4+50,I4+MAX(50-(G5-I4),0)))), IF(K4="",0,IF(K4>G6,K4+100,IF(K4=G6,K4+50,K4+MAX(50-(G6-K4),0)))), IF(M4="",0,IF(M4>G7,M4+100,IF(M4=G7,M4+50,M4+MAX(50-(G7-M4),0)))) ) -> 320 | T4: =IFERROR(__xludf.DUMMYFUNCTION("""COMPUTED_VALUE"""),"Chengcheng") -> Chengcheng | U4: =IFERROR(__xludf.DUMMYFUNCTION("""COMPUTED_VALUE"""),524.0) -> 524
A5: A4 | B5: ='RR GROUPS'!B10 -> Chengcheng | C5: 40 | D5: =if(I2<C5,"W",if(I2>C5,"L",if(isblank(C5),"","T"))) -> L | E5: 76 | F5: =if(I3<E5,"W",if(I3>E5,"L",if(isblank(E5),"","T"))) -> W | G5: 40 | H5: =if(I4<G5,"W",if(I4>G5,"L",if(isblank(G5),"","T"))) -> L | K5: 40 | L5: =if(K5>I6,"W",if(K5<I6,"L",if(isblank(K5),"","T"))) -> L | M5: 64 | N5: =if(M5>I7,"W",if(M5<I7,"L",if(isblank(M5),"","T"))) -> W | O5: =countif(C5:N5,"W") -> 2 | P5: =countif(C5:N5,"T") -> 0 | Q5: =countif(C5:N5,"L") -> 3 | R5: =SUM( IF(C5="","",IF(C5>I2,C5+100,IF(C5=I2,C5+50,C5+MAX(50-(I2-C5),0)))), IF(E5="","",IF(E5>I3,E5+100,IF(E5=I3,E5+50,E5+MAX(50-(I3-E5),0)))), IF(G5="","",IF(G5>I4,G5+100,IF(G5=I4,G5+50,G5+MAX(50-(I4-C5),0)))), IF(K5="","",IF(K5>I6,K5+100,IF(K5=I6,K5+50,K5+MAX(50-(I6-K5),0)))), IF(M5="","",IF(M5>I7,M5+100,IF(M5=I7,M5+50,M5+MAX(50-(I7-M5),0)))) ) -> 524 | T5: =IFERROR(__xludf.DUMMYFUNCTION("""COMPUTED_VALUE"""),"Knights") -> Knights | U5: =IFERROR(__xludf.DUMMYFUNCTION("""COMPUTED_VALUE"""),366.0) -> 366
A6: A5 | B6: ='RR GROUPS'!B12 -> Snowy Dusky Bagels | C6: 64 | D6: =if(K2<C6,"W",if(K2>C6,"L",if(isblank(C6),"","T"))) -> L | E6: 92 | F6: =if(K3<E6,"W",if(K3>E6,"L",if(isblank(E6),"","T"))) -> W | G6: 82 | H6: =if(K4<G6,"W",if(K4>G6,"L",if(isblank(G6),"","T"))) -> W | I6: 78 | J6: =if(K5<I6,"W",if(K5>I6,"L",if(isblank(I6),"","T"))) -> W | M6: 102 | N6: =if(M6>K7,"W",if(M6<K7,"L",if(isblank(M6),"","T"))) -> W | O6: =countif(C6:N6,"W") -> 4 | P6: =countif(C6:N6,"T") -> 0 | Q6: =countif(C6:N6,"L") -> 1 | R6: =SUM( IF(C6="","",IF(C6>K2,C6+100,IF(C6=K2,C6+50,C6+MAX(50-(K2-C6),0)))), IF(E6="","",IF(E6>K3,E6+100,IF(E6=K3,E6+50,E6+MAX(50-(K3-E6),0)))), IF(G6="","",IF(G6>K4,G6+100,IF(G6=K4,G6+50,G6+MAX(50-(K4-G6),0)))), IF(I6="","",IF(I6>K5,I6+100,IF(I6=K5,I6+50,I6+MAX(50-(K5-I6),0)))), IF(M6="","",IF(M6>K7,M6+100,IF(M6=K7,M6+50,M6+MAX(50-(K7-M6),0)))) ) -> 862 | T6: =IFERROR(__xludf.DUMMYFUNCTION("""COMPUTED_VALUE"""),"Grignard Gobblers") -> Grignard Gobblers | U6: =IFERROR(__xludf.DUMMYFUNCTION("""COMPUTED_VALUE"""),320.0) -> 320
A7: A6 | B7: ='RR GROUPS'!B14 -> Azizam | C7: 6 | D7: =if(M2<C7,"W",if(M2>C7,"L",if(isblank(C7),"","T"))) -> L | E7: 22 | F7: =if(M3<E7,"W",if(M3>E7,"L",if(isblank(E7),"","T"))) -> L | G7: 40 | H7: =if(M4<G7,"W",if(M4>G7,"L",if(isblank(G7),"","T"))) -> W | I7: 50 | J7: =if(M5<I7,"W",if(M5>I7,"L",if(isblank(I7),"","T"))) -> L | K7: 12 | L7: =if(M6<K7,"W",if(M6>K7,"L",if(isblank(K7),"","T"))) -> L | O7: =countif(C7:N7,"W") -> 1 | P7: =countif(C7:N7,"T") -> 0 | Q7: =countif(C7:N7,"L") -> 4 | R7: =SUM( IF(C7="","",IF(C7>M2,C7+100,IF(C7=M2,C7+50,C7+MAX(50-(M2-C7),0)))), IF(E7="","",IF(E7>M3,E7+100,IF(E7=M3,E7+50,E7+MAX(50-(M3-E7),0)))), IF(G7="","",IF(G7>M4,G7+100,IF(G7=M4,G7+50,G7+MAX(50-(M4-G7),0)))), IF(I7="","",IF(I7>M5,I7+100,IF(I7=M5,I7+50,I7+MAX(50-(M5-I7),0)))), IF(K7="","",IF(K7>M6,K7+100,IF(K7=M6,K7+50,K7+MAX(50-(M6-K7),0)))) ) -> 268 | T7: =IFERROR(__xludf.DUMMYFUNCTION("""COMPUTED_VALUE"""),"Azizam") -> Azizam | U7: =IFERROR(__xludf.DUMMYFUNCTION("""COMPUTED_VALUE"""),268.0) -> 268
U8: =SUM(U2:U7) -> 3258
A9: Benzene | C9: =B10 -> Honeypots and Mosquitos | E9: =B11 -> Walter White Phosphorus | G9: =B12 -> Fatty Acid | I9: =B13 -> Quadratic Acid | K9: =B14 -> dry | M9: =B15 -> NileGreen | O9: Wins | P9: Ties | Q9: Losses | R9: Points | T9: Team Name | U9: Score
A10: B1 | B10: ='RR GROUPS'!G4 -> Honeypots and Mosquitos | E10: 84 | F10: =if(E10>C11,"W",if(E10<C11,"L",if(isblank(E10),"","T"))) -> W | G10: 80 | H10: =if(G10>C12,"W",if(G10<C12,"L",if(isblank(G10),"","T"))) -> W | I10: 50 | J10: =if(I10>C13,"W",if(I10<C13,"L",if(isblank(I10),"","T"))) -> L | K10: 74 | L10: =if(K10>C14,"W",if(K10<C14,"L",if(isblank(K10),"","T"))) -> W | M10: 116 | N10: =if(M10>C15,"W",if(M10<C15,"L",if(isblank(M10),"","T"))) -> W | O10: =countif(C10:N10,"W") -> 4 | P10: =countif(C10:N10,"T") -> 0 | Q10: =countif(C10:N10,"L") -> 1 | R10: =SUM( IF(E10="","",IF(E10>C11,E10+100,IF(E10=C11,E10+50,E10+MAX(50-(C11-E10),0)))), IF(G10="","",IF(G10>C12,G10+100,IF(G10=C12,G10+50,G10+MAX(50-(C12-G10),0)))), IF(I10="","",IF(I10>C13,I10+100,IF(I10=C13,I10+50,I10+MAX(50-(C13-I10),0)))), IF(K10="","",IF(K10>C14,K10+100,IF(K10=C14,K10+50,K10+MAX(50-(C14-K10),0)))), IF(M10="","",IF(M10>C15,M10+100,IF(M10=C15,M10+50,M10+MAX(50-(C15-M10),0)))) ) -> 842 | T10: =IFERROR(__xludf.DUMMYFUNCTION("SORT( FILTER({B10:B15, R10:R15}, R10:R15 <> """"), 2, FALSE ) "),"Honeypots and Mosquitos") -> Honeypots and Mosquitos | U10: =IFERROR(__xludf.DUMMYFUNCTION("""COMPUTED_VALUE"""),842.0) -> 842
A11: B2 | B11: ='RR GROUPS'!G6 -> Walter White Phosphorus | C11: 32 | D11: =if(E10<C11,"W",if(E10>C11,"L",if(isblank(C11),"","T"))) -> L | G11: 80 | H11: =if(G11>E12,"W",if(G11<E12,"L",if(isblank(G11),"","T"))) -> W | I11: 76 | J11: =if(I11>E13, "W", if(I11<E13,"L" ,if(isblank(I11),"","T"))) -> W | K11: 62 | L11: =if(K11>E14,"W",if(K11<E14,"L",if(isblank(K11),"","T"))) -> W | M11: 52 | N11: =if(M11>E15,"W",if(M11<E15,"L",if(isblank(M11),"","T"))) -> L | O11: =countif(C11:N11,"W") -> 3 | P11: =countif(C11:N11,"T") -> 0 | Q11: =countif(C11:N11,"L") -> 2 | R11: =SUM( IF(C11="",0,IF(C11>E10,C11+100,IF(C11=E10,C11+50,C11+MAX(50-(E10-C11),0)))), IF(G11="",0,IF(G11>E12,G11+100,IF(G11=E12,G11+50,G11+MAX(50-(E12-G11),0)))), IF(I11="",0,IF(I11>E13,I11+100,IF(I11=E13,I11+50,I11+MAX(50-(E13-I11),0)))), IF(K11="",0,IF(K11>E14,K11+100,IF(K11=E14,K11+50,K11+MAX(50-(E14-K11),0)))), IF(M11="",0,IF(M11>E15,M11+100,IF(M11=E15,M11+50,M11+MAX(50-(E15-M11),0)))) ) -> 644 | T11: =IFERROR(__xludf.DUMMYFUNCTION("""COMPUTED_VALUE"""),"dry") -> dry | U11: =IFERROR(__xludf.DUMMYFUNCTION("""COMPUTED_VALUE"""),664.0) -> 664
A12: B3 | B12: ='RR GROUPS'!G8 -> Fatty Acid | C12: 16 | D12: =if(G10<C12,"W",if(G10>C12,"L",if(isblank(C12),"","T"))) -> L | E12: 16 | F12: =if(G11<E12,"W",if(G11>E12,"L",if(isblank(E12),"","T"))) -> L | I12: 34 | J12: =if(I12>G13,"W",if(I12<G13,"L",if(isblank(I12),"","T"))) -> L | K12: 4 | L12: =if(K12>G14,"W",if(K12<G14,"L",if(isblank(K12),"","T"))) -> L | M12: 20 | N12: =if(M12>G15,"W",if(M12<G15,"L",if(isblank(M12),"","T"))) -> L | O12: =countif(C12:N12,"W") -> 0 | P12: =countif(C12:N12,"T") -> 0 | Q12: =countif(C12:N12,"L") -> 5 | R12: =SUM( IF(C12="",0,IF(C12>G10,C12+100,IF(C12=G10,C12+50,C12+MAX(50-(G10-C12),0)))), IF(E12="",0,IF(E12>G11,E12+100,IF(E12=G11,E12+50,E12+MAX(50-(G11-E12),0)))), IF(I12="",0,IF(I12>G13,I12+100,IF(I12=G13,I12+50,I12+MAX(50-(G13-I12),0)))), IF(K12="",0,IF(K12>G14,K12+100,IF(K12=G14,K12+50,K12+MAX(50-(G14-K12),0)))), IF(M12="",0,IF(M12>G15,M12+100,IF(M12=G15,M12+50,M12+MAX(50-(G15-M12),0)))) ) -> 132 | T12: =IFERROR(__xludf.DUMMYFUNCTION("""COMPUTED_VALUE"""),"Walter White Phosphorus") -> Walter White Phosphorus | U12: =IFERROR(__xludf.DUMMYFUNCTION("""COMPUTED_VALUE"""),644.0) -> 644
A13: B4 | B13: ='RR GROUPS'!G10 -> Quadratic Acid | C13: 62 | D13: =if(I10<C13,"W",if(I10>C13,"L",if(isblank(C13),"","T"))) -> W | E13: 32 | F13: =if(I11<E13,"W",if(I11>E13,"L",if(isblank(E13),"","T"))) -> L | G13: 78 | H13: =if(I12<G13,"W",if(I12>G13,"L",if(isblank(G13),"","T"))) -> W | K13: 44 | L13: =if(K13>I14,"W",if(K13<I14,"L",if(isblank(K13),"","T"))) -> L | M13: 74 | N13: =if(M13>I15,"W",if(M13<I15,"L",if(isblank(M13),"","T"))) -> W | O13: =countif(C13:N13,"W") -> 3 | P13: =countif(C13:N13,"T") -> 0 | Q13: =countif(C13:N13,"L") -> 2 | R13: =SUM( IF(C13="","",IF(C13>I10,C13+100,IF(C13=I10,C13+50,C13+MAX(50-(I10-C13),0)))), IF(E13="","",IF(E13>I11,E13+100,IF(E13=I11,E13+50,E13+MAX(50-(I11-E13),0)))), IF(G13="","",IF(G13>I12,G13+100,IF(G13=I12,G13+50,G13+MAX(50-(I12-C13),0)))), IF(K13="","",IF(K13>I14,K13+100,IF(K13=I14,K13+50,K13+MAX(50-(I14-K13),0)))), IF(M13="","",IF(M13>I15,M13+100,IF(M13=I15,M13+50,M13+MAX(50-(I15-M13),0)))) ) -> 628 | T13: =IFERROR(__xludf.DUMMYFUNCTION("""COMPUTED_VALUE"""),"Quadratic Acid") -> Quadratic Acid | U13: =IFERROR(__xludf.DUMMYFUNCTION("""COMPUTED_VALUE"""),628.0) -> 628
A14: B5 | B14: ='RR GROUPS'!G12 -> dry | C14: 52 | D14: =if(K10<C14,"W",if(K10>C14,"L",if(isblank(C14),"","T"))) -> L | E14: 50 | F14: =if(K11<E14,"W",if(K11>E14,"L",if(isblank(E14),"","T"))) -> L | G14: 82 | H14: =if(K12<G14,"W",if(K12>G14,"L",if(isblank(G14),"","T"))) -> W | I14: 62 | J14: =if(K13<I14,"W",if(K13>I14,"L",if(isblank(I14),"","T"))) -> W | M14: 52 | N14: =if(M14>K15,"W",if(M14<K15,"L",if(isblank(M14),"","T"))) -> W | O14: =countif(C14:N14,"W") -> 3 | P14: =countif(C14:N14,"T") -> 0 | Q14: =countif(C14:N14,"L") -> 2 | R14: =SUM( IF(C14="","",IF(C14>K10,C14+100,IF(C14=K10,C14+50,C14+MAX(50-(K10-C14),0)))), IF(E14="","",IF(E14>K11,E14+100,IF(E14=K11,E14+50,E14+MAX(50-(K11-E14),0)))), IF(G14="","",IF(G14>K12,G14+100,IF(G14=K12,G14+50,G14+MAX(50-(K12-G14),0)))), IF(I14="","",IF(I14>K13,I14+100,IF(I14=K13,I14+50,I14+MAX(50-(K13-I14),0)))), IF(M14="","",IF(M14>K15,M14+100,IF(M14=K15,M14+50,M14+MAX(50-(K15-M14),0)))) ) -> 664 | T14: =IFERROR(__xludf.DUMMYFUNCTION("""COMPUTED_VALUE"""),"NileGreen") -> NileGreen | U14: =IFERROR(__xludf.DUMMYFUNCTION("""COMPUTED_VALUE"""),464.0) -> 464
A15: B6 | B15: ='RR GROUPS'!G14 -> NileGreen | C15: 20 | D15: =if(M10<C15,"W",if(M10>C15,"L",if(isblank(C15),"","T"))) -> L | E15: 60 | F15: =if(M11<E15,"W",if(M11>E15,"L",if(isblank(E15),"","T"))) -> W | G15: 34 | H15: =if(M12<G15,"W",if(M12>G15,"L",if(isblank(G15),"","T"))) -> W | I15: 44 | J15: =if(M13<I15,"W",if(M13>I15,"L",if(isblank(I15),"","T"))) -> L | K15: 44 | L15: =if(M14<K15,"W",if(M14>K15,"L",if(isblank(K15),"","T"))) -> L | O15: =countif(C15:N15,"W") -> 2 | P15: =countif(C15:N15,"T") -> 0 | Q15: =countif(C15:N15,"L") -> 3 | R15: =SUM( IF(C15="","",IF(C15>M10,C15+100,IF(C15=M10,C15+50,C15+MAX(50-(M10-C15),0)))), IF(E15="","",IF(E15>M11,E15+100,IF(E15=M11,E15+50,E15+MAX(50-(M11-E15),0)))), IF(G15="","",IF(G15>M12,G15+100,IF(G15=M12,G15+50,G15+MAX(50-(M12-G15),0)))), IF(I15="","",IF(I15>M13,I15+100,IF(I15=M13,I15+50,I15+MAX(50-(M13-I15),0)))), IF(K15="","",IF(K15>M14,K15+100,IF(K15=M14,K15+50,K15+MAX(50-(M14-K15),0)))) ) -> 464 | T15: =IFERROR(__xludf.DUMMYFUNCTION("""COMPUTED_VALUE"""),"Fatty Acid") -> Fatty Acid | U15: =IFERROR(__xludf.DUMMYFUNCTION("""COMPUTED_VALUE"""),132.0) -> 132
U16: =SUM(U10:U15) -> 3374
A17: Catalyst | C17: =B18 -> Caudates | E17: =B19 -> Cherry Bombs | G17: =B20 -> Kevin Qiu | I17: =B21 -> Nonchalant Dreadheads | K17: =B22 -> Gay-Lussac Goons | M17: =B23 -> ChemKings | O17: Wins | P17: Ties | Q17: Losses | R17: Points | T17: Team Name | U17: Score
A18: C1 | B18: ='RR GROUPS'!L4 -> Caudates | E18: 38 | F18: =if(E18>C19,"W",if(E18<C19,"L",if(isblank(E18),"","T"))) -> L | G18: 92 | H18: =if(G18>C20,"W",if(G18<C20,"L",if(isblank(G18),"","T"))) -> W | I18: 92 | J18: =if(I18>C21,"W",if(I18<C21,"L",if(isblank(I18),"","T"))) -> W | K18: 72 | L18: =if(K18>C22,"W",if(K18<C22,"L",if(isblank(K18),"","T"))) -> W | M18: 114 | N18: =if(M18>C23,"W",if(M18<C23,"L",if(isblank(M18),"","T"))) -> W | O18: =countif(C18:N18,"W") -> 4 | P18: =countif(C18:N18,"T") -> 0 | Q18: =countif(C18:N18,"L") -> 1 | R18: =SUM( IF(E18="","",IF(E18>C19,E18+100,IF(E18=C19,E18+50,E18+MAX(50-(C19-E18),0)))), IF(G18="","",IF(G18>C20,G18+100,IF(G18=C20,G18+50,G18+MAX(50-(C20-G18),0)))), IF(I18="","",IF(I18>C21,I18+100,IF(I18=C21,I18+50,I18+MAX(50-(C21-I18),0)))), IF(K18="","",IF(K18>C22,K18+100,IF(K18=C22,K18+50,K18+MAX(50-(C22-K18),0)))), IF(M18="","",IF(M18>C23,M18+100,IF(M18=C23,M18+50,M18+MAX(50-(C23-M18),0)))) ) -> 840 | T18: =IFERROR(__xludf.DUMMYFUNCTION("SORT( FILTER({B18:B23, R18:R23}, R18:R23 <> """"), 2, FALSE ) "),"Caudates") -> Caudates | U18: =IFERROR(__xludf.DUMMYFUNCTION("""COMPUTED_VALUE"""),840.0) -> 840
A19: C2 | B19: ='RR GROUPS'!L6 -> Cherry Bombs | C19: 56 | D19: =if(E18<C19,"W",if(E18>C19,"L",if(isblank(C19),"","T"))) -> W | G19: 76 | H19: =if(G19>E20,"W",if(G19<E20,"L",if(isblank(G19),"","T"))) -> W | I19: 48 | J19: =if(I19>E21,"W",if(I19<E21,"L",if(isblank(I19),"","T"))) -> L | K19: 102 | L19: =if(K19>E22,"W",if(K19<E22,"L",if(isblank(K19),"","T"))) -> W | M19: 84 | N19: =if(M19>E23,"W",if(M19<E23,"L",if(isblank(M19),"","T"))) -> W | O19: =countif(C19:N19,"W") -> 4 | P19: =countif(C19:N19,"T") -> 0 | Q19: =countif(C19:N19,"L") -> 1 | R19: =SUM( IF(C19="",0,IF(C19>E18,C19+100,IF(C19=E18,C19+50,C19+MAX(50-(E18-C19),0)))), IF(G19="",0,IF(G19>E20,G19+100,IF(G19=E20,G19+50,G19+MAX(50-(E20-G19),0)))), IF(I19="",0,IF(I19>E21,I19+100,IF(I19=E21,I19+50,I19+MAX(50-(E21-I19),0)))), IF(K19="",0,IF(K19>E22,K19+100,IF(K19=E22,K19+50,K19+MAX(50-(E22-K19),0)))), IF(M19="",0,IF(M19>E23,M19+100,IF(M19=E23,M19+50,M19+MAX(50-(E23-M19),0)))) ) -> 800 | T19: =IFERROR(__xludf.DUMMYFUNCTION("""COMPUTED_VALUE"""),"Cherry Bombs") -> Cherry Bombs | U19: =IFERROR(__xludf.DUMMYFUNCTION("""COMPUTED_VALUE"""),800.0) -> 800
A20: C3 | B20: ='RR GROUPS'!L8 -> Kevin Qiu | C20: 20 | D20: =if(G18<C20,"W",if(G18>C20,"L",if(isblank(C20),"","T"))) -> L | E20: 42 | F20: =if(G19<E20,"W",if(G19>E20,"L",if(isblank(E20),"","T"))) -> L | I20: 72 | J20: =if(I20>G21,"W",if(I20<G21,"L",if(isblank(I20),"","T"))) -> W | K20: 90 | L20: =if(K20>G22,"W",if(K20<G22,"L",if(isblank(K20),"","T"))) -> W | M20: 76 | N20: =if(M20>G23,"W",if(M20<G23,"L",if(isblank(M20),"","T"))) -> W | O20: =countif(C20:N20,"W") -> 3 | P20: =countif(C20:N20,"T") -> 0 | Q20: =countif(C20:N20,"L") -> 2 | R20: =SUM( IF(C20="",0,IF(C20>G18,C20+100,IF(C20=G18,C20+50,C20+MAX(50-(G18-C20),0)))), IF(E20="",0,IF(E20>G19,E20+100,IF(E20=G19,E20+50,E20+MAX(50-(G19-E20),0)))), IF(I20="",0,IF(I20>G21,I20+100,IF(I20=G21,I20+50,I20+MAX(50-(G21-I20),0)))), IF(K20="",0,IF(K20>G22,K20+100,IF(K20=G22,K20+50,K20+MAX(50-(G22-K20),0)))), IF(M20="",0,IF(M20>G23,M20+100,IF(M20=G23,M20+50,M20+MAX(50-(G23-M20),0)))) ) -> 616 | T20: =IFERROR(__xludf.DUMMYFUNCTION("""COMPUTED_VALUE"""),"Kevin Qiu") -> Kevin Qiu | U20: =IFERROR(__xludf.DUMMYFUNCTION("""COMPUTED_VALUE"""),616.0) -> 616
A21: C4 | B21: ='RR GROUPS'!L10 -> Nonchalant Dreadheads | C21: 14 | D21: =if(I18<C21,"W",if(I18>C21,"L",if(isblank(C21),"","T"))) -> L | E21: 64 | F21: =if(I19<E21,"W",if(I19>E21,"L",if(isblank(E21),"","T"))) -> W | G21: 40 | H21: =if(I20<G21,"W",if(I20>G21,"L",if(isblank(G21),"","T"))) -> L | K21: 44 | L21: =if(K21>I22,"W",if(K21<I22,"L",if(isblank(K21),"","T"))) -> W | M21: 66 | N21: =if(M21>I23,"W",if(M21<I23,"L",if(isblank(M21),"","T"))) -> W | O21: =countif(C21:N21,"W") -> 3 | P21: =countif(C21:N21,"T") -> 0 | Q21: =countif(C21:N21,"L") -> 2 | R21: =SUM( IF(C21="","",IF(C21>I18,C21+100,IF(C21=I18,C21+50,C21+MAX(50-(I18-C21),0)))), IF(E21="","",IF(E21>I19,E21+100,IF(E21=I19,E21+50,E21+MAX(50-(I19-E21),0)))), IF(G21="","",IF(G21>I20,G21+100,IF(G21=I20,G21+50,G21+MAX(50-(I20-C21),0)))), IF(K21="","",IF(K21>I22,K21+100,IF(K21=I22,K21+50,K21+MAX(50-(I22-K21),0)))), IF(M21="","",IF(M21>I23,M21+100,IF(M21=I23,M21+50,M21+MAX(50-(I23-M21),0)))) ) -> 528 | T21: =IFERROR(__xludf.DUMMYFUNCTION("""COMPUTED_VALUE"""),"Nonchalant Dreadheads") -> Nonchalant Dreadheads | U21: =IFERROR(__xludf.DUMMYFUNCTION("""COMPUTED_VALUE"""),528.0) -> 528
A22: C5 | B22: ='RR GROUPS'!L12 -> Gay-Lussac Goons | C22: 34 | D22: =if(K18<C22,"W",if(K18>C22,"L",if(isblank(C22),"","T"))) -> L | E22: 8 | F22: =if(K19<E22,"W",if(K19>E22,"L",if(isblank(E22),"","T"))) -> L | G22: 4 | H22: =if(K20<G22,"W",if(K20>G22,"L",if(isblank(G22),"","T"))) -> L | I22: 16 | J22: =if(K21<I22,"W",if(K21>I22,"L",if(isblank(I22),"","T"))) -> L | M22: 4 | N22: =if(M22>K23,"W",if(M22<K23,"L",if(isblank(M22),"","T"))) -> L | O22: =countif(C22:N22,"W") -> 0 | P22: =countif(C22:N22,"T") -> 0 | Q22: =countif(C22:N22,"L") -> 5 | R22: =SUM( IF(C22="","",IF(C22>K18,C22+100,IF(C22=K18,C22+50,C22+MAX(50-(K18-C22),0)))), IF(E22="","",IF(E22>K19,E22+100,IF(E22=K19,E22+50,E22+MAX(50-(K19-E22),0)))), IF(G22="","",IF(G22>K20,G22+100,IF(G22=K20,G22+50,G22+MAX(50-(K20-G22),0)))), IF(I22="","",IF(I22>K21,I22+100,IF(I22=K21,I22+50,I22+MAX(50-(K21-I22),0)))), IF(M22="","",IF(M22>K23,M22+100,IF(M22=K23,M22+50,M22+MAX(50-(K23-M22),0)))) ) -> 142 | T22: =IFERROR(__xludf.DUMMYFUNCTION("""COMPUTED_VALUE"""),"ChemKings") -> ChemKings | U22: =IFERROR(__xludf.DUMMYFUNCTION("""COMPUTED_VALUE"""),154.0) -> 154
A23: C6 | B23: ='RR GROUPS'!L14 -> ChemKings | C23: 4 | D23: =if(M18<C23,"W",if(M18>C23,"L",if(isblank(C23),"","T"))) -> L | E23: 10 | F23: =if(M19<E23,"W",if(M19>E23,"L",if(isblank(E23),"","T"))) -> L | G23: 0 | H23: =if(M20<G23,"W",if(M20>G23,"L",if(isblank(G23),"","T"))) -> L | I23: 22 | J23: =if(M21<I23,"W",if(M21>I23,"L",if(isblank(I23),"","T"))) -> L | K23: 12 | L23: =if(M22<K23,"W",if(M22>K23,"L",if(isblank(K23),"","T"))) -> W | O23: =countif(C23:N23,"W") -> 1 | P23: =countif(C23:N23,"T") -> 0 | Q23: =countif(C23:N23,"L") -> 4 | R23: =SUM( IF(C23="","",IF(C23>M18,C23+100,IF(C23=M18,C23+50,C23+MAX(50-(M18-C23),0)))), IF(E23="","",IF(E23>M19,E23+100,IF(E23=M19,E23+50,E23+MAX(50-(M19-E23),0)))), IF(G23="","",IF(G23>M20,G23+100,IF(G23=M20,G23+50,G23+MAX(50-(M20-G23),0)))), IF(I23="","",IF(I23>M21,I23+100,IF(I23=M21,I23+50,I23+MAX(50-(M21-I23),0)))), IF(K23="","",IF(K23>M22,K23+100,IF(K23=M22,K23+50,K23+MAX(50-(M22-K23),0)))) ) -> 154 | T23: =IFERROR(__xludf.DUMMYFUNCTION("""COMPUTED_VALUE"""),"Gay-Lussac Goons") -> Gay-Lussac Goons | U23: =IFERROR(__xludf.DUMMYFUNCTION("""COMPUTED_VALUE"""),142.0) -> 142
U24: =SUM(U18:U23) -> 3080
A25: Dipole | C25: =B26 -> Deakhil | E25: =B27 -> Future Campers | G25: =B28 -> Alkane Crackers | I25: =B29 -> Mumbai Mole-esters | K25: =B30 -> StarGatevanic Cell | M25: =B31 -> Caffeine | O25: Wins | P25: Ties | Q25: Losses | R25: Points | T25: Team Name | U25: Score
A26: D1 | B26: ='RR GROUPS'!Q4 -> Deakhil | E26: 66 | F26: =if(E26>C27,"W",if(E26<C27,"L",if(isblank(E26),"","T"))) -> W | G26: 72 | H26: =if(G26>C28,"W",if(G26<C28,"L",if(isblank(G26),"","T"))) -> W | I26: 94 | J26: =if(I26>C29,"W",if(I26<C29,"L",if(isblank(I26),"","T"))) -> W | K26: 104 | L26: =if(K26>C30,"W",if(K26<C30,"L",if(isblank(K26),"","T"))) -> W | M26: 86 | N26: =if(M26>C31,"W",if(M26<C31,"L",if(isblank(M26),"","T"))) -> W | O26: =countif(C26:N26,"W") -> 5 | P26: =countif(C26:N26,"T") -> 0 | Q26: =countif(C26:N26,"L") -> 0 | R26: =SUM( IF(E26="","",IF(E26>C27,E26+100,IF(E26=C27,E26+50,E26+MAX(50-(C27-E26),0)))), IF(G26="","",IF(G26>C28,G26+100,IF(G26=C28,G26+50,G26+MAX(50-(C28-G26),0)))), IF(I26="","",IF(I26>C29,I26+100,IF(I26=C29,I26+50,I26+MAX(50-(C29-I26),0)))), IF(K26="","",IF(K26>C30,K26+100,IF(K26=C30,K26+50,K26+MAX(50-(C30-K26),0)))), IF(M26="","",IF(M26>C31,M26+100,IF(M26=C31,M26+50,M26+MAX(50-(C31-M26),0)))) ) -> 922 | T26: =IFERROR(__xludf.DUMMYFUNCTION("SORT( FILTER({B26:B31, R26:R31}, R26:R31 <> """"), 2, FALSE ) "),"Deakhil") -> Deakhil | U26: =IFERROR(__xludf.DUMMYFUNCTION("""COMPUTED_VALUE"""),922.0) -> 922
A27: D2 | B27: ='RR GROUPS'!Q6 -> Future Campers | C27: 44 | D27: =if(E26<C27,"W",if(E26>C27,"L",if(isblank(C27),"","T"))) -> L | G27: 50 | H27: =if(G27>E28,"W",if(G27<E28,"L",if(isblank(G27),"","T"))) -> L | I27: 92 | J27: =if(I27>E29,"W",if(I27<E29,"L",if(isblank(I27),"","T"))) -> W | K27: 74 | L27: =if(K27>E30,"W",if(K27<E30,"L",if(isblank(K27),"","T"))) -> W | M27: 80 | N27: =if(M27>E31,"W",if(M27<E31,"L",if(isblank(M27),"","T"))) -> W | O27: =countif(C27:N27,"W") -> 3 | P27: =countif(C27:N27,"T") -> 0 | Q27: =countif(C27:N27,"L") -> 2 | R27: =SUM( IF(C27="",0,IF(C27>E26,C27+100,IF(C27=E26,C27+50,C27+MAX(50-(E26-C27),0)))), IF(G27="",0,IF(G27>E28,G27+100,IF(G27=E28,G27+50,G27+MAX(50-(E28-G27),0)))), IF(I27="",0,IF(I27>E29,I27+100,IF(I27=E29,I27+50,I27+MAX(50-(E29-I27),0)))), IF(K27="",0,IF(K27>E30,K27+100,IF(K27=E30,K27+50,K27+MAX(50-(E30-K27),0)))), IF(M27="",0,IF(M27>E31,M27+100,IF(M27=E31,M27+50,M27+MAX(50-(E31-M27),0)))) ) -> 702 | T27: =IFERROR(__xludf.DUMMYFUNCTION("""COMPUTED_VALUE"""),"Future Campers") -> Future Campers | U27: =IFERROR(__xludf.DUMMYFUNCTION("""COMPUTED_VALUE"""),702.0) -> 702
A28: D3 | B28: ='RR GROUPS'!Q8 -> Alkane Crackers | C28: 30 | D28: =if(G26<C28,"W",if(G26>C28,"L",if(isblank(C28),"","T"))) -> L | E28: 66 | F28: =if(G27<E28,"W",if(G27>E28,"L",if(isblank(E28),"","T"))) -> W | I28: 56 | J28: =if(I28>G29,"W",if(I28<G29,"L",if(isblank(I28),"","T"))) -> W | K28: 34 | L28: =if(K28>G30,"W",if(K28<G30,"L",if(isblank(K28),"","T"))) -> L | M28: 30 | N28: =if(M28>G31,"W",if(M28<G31,"L",if(isblank(M28),"","T"))) -> W | O28: =countif(C28:N28,"W") -> 3 | P28: =countif(C28:N28,"T") -> 0 | Q28: =countif(C28:N28,"L") -> 2 | R28: =SUM( IF(C28="",0,IF(C28>G26,C28+100,IF(C28=G26,C28+50,C28+MAX(50-(G26-C28),0)))), IF(E28="",0,IF(E28>G27,E28+100,IF(E28=G27,E28+50,E28+MAX(50-(G27-E28),0)))), IF(I28="",0,IF(I28>G29,I28+100,IF(I28=G29,I28+50,I28+MAX(50-(G29-I28),0)))), IF(K28="",0,IF(K28>G30,K28+100,IF(K28=G30,K28+50,K28+MAX(50-(G30-K28),0)))), IF(M28="",0,IF(M28>G31,M28+100,IF(M28=G31,M28+50,M28+MAX(50-(G31-M28),0)))) ) -> 546 | T28: =IFERROR(__xludf.DUMMYFUNCTION("""COMPUTED_VALUE"""),"Alkane Crackers") -> Alkane Crackers | U28: =IFERROR(__xludf.DUMMYFUNCTION("""COMPUTED_VALUE"""),546.0) -> 546
A29: D4 | B29: ='RR GROUPS'!Q10 -> Mumbai Mole-esters | C29: 16 | D29: =if(I26<C29,"W",if(I26>C29,"L",if(isblank(C29),"","T"))) -> L | E29: 22 | F29: =if(I27<E29,"W",if(I27>E29,"L",if(isblank(E29),"","T"))) -> L | G29: 50 | H29: =if(I28<G29,"W",if(I28>G29,"L",if(isblank(G29),"","T"))) -> L | K29: 42 | L29: =if(K29>I30,"W",if(K29<I30,"L",if(isblank(K29),"","T"))) -> W | M29: 50 | N29: =if(M29>I31,"W",if(M29<I31,"L",if(isblank(M29),"","T"))) -> W | O29: =countif(C29:N29,"W") -> 2 | P29: =countif(C29:N29,"T") -> 0 | Q29: =countif(C29:N29,"L") -> 3 | R29: =SUM( IF(C29="","",IF(C29>I26,C29+100,IF(C29=I26,C29+50,C29+MAX(50-(I26-C29),0)))), IF(E29="","",IF(E29>I27,E29+100,IF(E29=I27,E29+50,E29+MAX(50-(I27-E29),0)))), IF(G29="","",IF(G29>I28,G29+100,IF(G29=I28,G29+50,G29+MAX(50-(I28-C29),0)))), IF(K29="","",IF(K29>I30,K29+100,IF(K29=I30,K29+50,K29+MAX(50-(I30-K29),0)))), IF(M29="","",IF(M29>I31,M29+100,IF(M29=I31,M29+50,M29+MAX(50-(I31-M29),0)))) ) -> 390 | T29: =IFERROR(__xludf.DUMMYFUNCTION("""COMPUTED_VALUE"""),"Mumbai Mole-esters") -> Mumbai Mole-esters | U29: =IFERROR(__xludf.DUMMYFUNCTION("""COMPUTED_VALUE"""),390.0) -> 390
A30: D5 | B30: ='RR GROUPS'!Q12 -> StarGatevanic Cell | C30: 0 | D30: =if(K26<C30,"W",if(K26>C30,"L",if(isblank(C30),"","T"))) -> L | E30: 24 | F30: =if(K27<E30,"W",if(K27>E30,"L",if(isblank(E30),"","T"))) -> L | G30: 62 | H30: =if(K28<G30,"W",if(K28>G30,"L",if(isblank(G30),"","T"))) -> W | I30: 12 | J30: =if(K29<I30,"W",if(K29>I30,"L",if(isblank(I30),"","T"))) -> L | M30: 30 | N30: =if(M30>K31,"W",if(M30<K31,"L",if(isblank(M30),"","T"))) -> W | O30: =countif(C30:N30,"W") -> 2 | P30: =countif(C30:N30,"T") -> 0 | Q30: =countif(C30:N30,"L") -> 3 | R30: =SUM( IF(C30="","",IF(C30>K26,C30+100,IF(C30=K26,C30+50,C30+MAX(50-(K26-C30),0)))), IF(E30="","",IF(E30>K27,E30+100,IF(E30=K27,E30+50,E30+MAX(50-(K27-E30),0)))), IF(G30="","",IF(G30>K28,G30+100,IF(G30=K28,G30+50,G30+MAX(50-(K28-G30),0)))), IF(I30="","",IF(I30>K29,I30+100,IF(I30=K29,I30+50,I30+MAX(50-(K29-I30),0)))), IF(M30="","",IF(M30>K31,M30+100,IF(M30=K31,M30+50,M30+MAX(50-(K31-M30),0)))) ) -> 348 | T30: =IFERROR(__xludf.DUMMYFUNCTION("""COMPUTED_VALUE"""),"StarGatevanic Cell") -> StarGatevanic Cell | U30: =IFERROR(__xludf.DUMMYFUNCTION("""COMPUTED_VALUE"""),348.0) -> 348
A31: D6 | B31: ='RR GROUPS'!Q14 -> Caffeine | C31: 32 | D31: =if(M26<C31,"W",if(M26>C31,"L",if(isblank(C31),"","T"))) -> L | E31: 12 | F31: =if(M27<E31,"W",if(M27>E31,"L",if(isblank(E31),"","T"))) -> L | G31: 18 | H31: =if(M28<G31,"W",if(M28>G31,"L",if(isblank(G31),"","T"))) -> L | I31: 44 | J31: =if(M29<I31,"W",if(M29>I31,"L",if(isblank(I31),"","T"))) -> L | K31: 24 | L31: =if(M30<K31,"W",if(M30>K31,"L",if(isblank(K31),"","T"))) -> L | O31: =countif(C31:N31,"W") -> 0 | P31: =countif(C31:N31,"T") -> 0 | Q31: =countif(C31:N31,"L") -> 5 | R31: =SUM( IF(C31="","",IF(C31>M26,C31+100,IF(C31=M26,C31+50,C31+MAX(50-(M26-C31),0)))), IF(E31="","",IF(E31>M27,E31+100,IF(E31=M27,E31+50,E31+MAX(50-(M27-E31),0)))), IF(G31="","",IF(G31>M28,G31+100,IF(G31=M28,G31+50,G31+MAX(50-(M28-G31),0)))), IF(I31="","",IF(I31>M29,I31+100,IF(I31=M29,I31+50,I31+MAX(50-(M29-I31),0)))), IF(K31="","",IF(K31>M30,K31+100,IF(K31=M30,K31+50,K31+MAX(50-(M30-K31),0)))) ) -> 256 | T31: =IFERROR(__xludf.DUMMYFUNCTION("""COMPUTED_VALUE"""),"Caffeine") -> Caffeine | U31: =IFERROR(__xludf.DUMMYFUNCTION("""COMPUTED_VALUE"""),256.0) -> 256
U32: =SUM(U26:U31) -> 3164

Sheet DE BRACKET
A1: T | C1: DE 2 | E1: DE 3 | G1: DE 4 | I1: DE 5 | L1: FINALS
A4: Deakhil | B4: 108
A5: Stage 1 | C5: Deakhil | D5: 58
A6: dry | B6: 26
C7: Stage 1 | H7: Caudates
A8: H&M
A9: Stage 2 | C9: Caudates | D9: 136
A10: Caudates
H11: Stage 1 | L11: Caudates
A12: Annor Azgha | B12: 68
A13: Stage 3 | C13: Annor Azgha | D13: 94
A14: Future Campers | B14: 32
C15: Stage 2
A16: Snowy Dusky Bagels | B16: 80 | H16: Annor Azgha
A17: Stage 4 | C17: Cherry Bombs | D17: 68
A18: Cherry Bombs | B18: 82
O19: TIE!!
O20: WINNER!!!!!
C21: dry
F22: Cherry Bomb
C24: Stage 3 | H24: Cherry Bomb
F26: Future Campers | J26: Annor Azgha
C27: Future Campers | F27: Stage 3
H28: Stage 2
L29: Annor Azgha
C30: H&M | D30: 80
F31: Deakhil | J31: Cherry Bomb
C33: Stage 4
H34: Deakhil
F35: H&M
C36: Snowy Dusky Bagels | D36: 52 | F36: Stage 4
