Workbook
Name Group2: LiveScoresheet!$J$6:$O$11

Sheet Team List
A1: Teams
A2: Code | B2: Team | C2: Roster
A3: A1 | B3: Alabama School of Fine Arts 2 | C3: Advik S, Michael M, Shreyas K, Raymond L, Skylar B
A4: A2 | B4: Lynbrook 1 | C4: Sohil R, Selena Y, Jianyu W, Thomas W
A5: A3 | B5: California HS | C5: Vladislav K, Jishnu B, Vihaan T, Lucas C
A6: A4 | B6: Canyon Crest Academy 2 | C6: Ishank K, Dennis S, Kaden S, Shail B
A7: A5 | B7: North Hollywood 2 | C7: Charlotte C, Ilinca S, Nathaniel O, Soureesh T, Patrick L
A8: A6 | B8: Middleton | C8: Owen W, Harry J, Ray F, Arjun S, Li Y
A9: B1 | B9: Niskayuna | C9: Mihir K, Arjun R, Daniel Y, Aarush I, Andrew Z
A10: B2 | B10: Interlake 1 | C10: Daniel L, Aryan A, Evan W, Devesh A
A11: B3 | B11: Iolani High School 2 | C11: Keisuke K, Min S, Alex C, Donovan H, Chloe S
A12: B4 | B12: Arnold O. Beckman High School | C12: Diego P, Rayan M, Derrick C, Reza H
A13: B5 | B13: The Frazer School 1 | C13: James J, Michael W, Ajay S, Abhiram P, Anish P
... A44: G6 | B44: Lynbrook 2 | C44: Evan L, Chaas K, Shripriya K, Matthew Y, Kush G

Sheet RR Pairings and Schedule
A1: RR Pairings and Schedule
A3: RR Pairings | H3: Schedule (Times in PDT)
H5: TIME | J5: ROUND
A6: Avadavats
A7: ROOM | B7: RR1 | C7: RR2 | D7: RR3 | E7: RR4 | F7: RR5 | H7: 7:45 - 8:00 a.m. PDT | J7: OPENING CEREMONY
A8: Avadavats-1 | B8: A1 — A2 | C8: A4— A5 | D8: A2 — A3 | E8: A1 — A5 | F8: A3 — A4
A9: Avadavats-2 | B9: A3 — A5 | C9: A1 — A3 | D9: A5 — A6 | E9: A2 — A4 | F9: A1 — A6 | H9: 8:05 - 9:00 a.m. PDT | J9: Round Robin 1
A10: Avadavats-3 | B10: A4 — A6 | C10: A2 — A6 | D10: A1 — A4 | E10: A3 — A6 | F10: A2 — A5
H11: 9:00 - 9:40 a.m. PDT | J11: Round Robin 2
A12: Bellbirds
A13: ROOM | B13: RR1 | C13: RR2 | D13: RR3 | E13: RR4 | F13: RR5 | H13: 9:40 - 10:20 a.m. PDT | J13: Round Robin 3
A14: Bellbirds-1 | B14: B1 — B2 | C14: B4— B5 | D14: B2 — B3 | E14: B1 — B5 | F14: B3 — B4
A15: Bellbirds-2 | B15: B3 — B5 | C15: B1 — B3 | D15: B5 — B6 | E15: B2 — B4 | F15: B1 — B6 | H15: 10:20 - 11:00 a.m. PDT | J15: Round Robin 4
A16: Bellbirds-3 | B16: B4 — B6 | C16: B2 — B6 | D16: B1 — B4 | E16: B3 — B6 | F16: B2 — B5
H17: 11:00 - 11:40 a.m. PDT | J17: Round Robin 5
A18: Condors
A19: ROOM | B19: RR1 | C19: RR2 | D19: RR3 | E19: RR4 | F19: RR5 | H19: 11:40 - 12:20 p.m. PDT | J19: LUNCH BREAK
A20: Condors-1 | B20: C1 — C2 | C20: C4— C5 | D20: C2 — C3 | E20: C1 — C5 | F20: C3 — C4
A21: Condors-2 | B21: C3 — C5 | C21: C1 — C3 | D21: C5 — C6 | E21: C2 — C4 | F21: C1 — C6 | H21: 12:20 - 1:00 p.m. PDT | J21: Double Elimination 1 (top 16)
A22: Condors-3 | B22: C4 — C6 | C22: C2 — C6 | D22: C1 — C4 | E22: C3 — C6 | F22: C2 — C5
H23: 1:00 - 1:40 p.m. PDT | J23: Double Elimination 2 (top 12)
A24: Dovekies
A25: ROOM | B25: RR1 | C25: RR2 | D25: RR3 | E25: RR4 | F25: RR5 | H25: 1:40 - 2:20 p.m. PDT | J25: Double Elimination 3 (top 8)
A26: Dovekies-1 | B26: D1 — D2 | C26: D4— D5 | D26: D2 — D3 | E26: D1 — D5 | F26: D3 — D4
A27: Dovekies-2 | B27: D3 — D5 | C27: D1 — D3 | D27: D5 — D6 | E27: D2 — D4 | F27: D1 — D6 | H27: 2:20 - 2:50 p.m. PDT | J27: Double Elimination 4 (top 6)
A28: Dovekies-3 | B28: D4 — D6 | C28: D2 — D6 | D28: D1 — D4 | E28: D3 — D6 | F28: D2 — D5
H29: 2:50 - 3:20 p.m. PDT | J29: Double Elimination 5 (top 4)
A30: Egrets
A31: ROOM | B31: RR1 | C31: RR2 | D31: RR3 | E31: RR4 | F31: RR5 | H31: 3:20 - 3:30 p.m. PDT | J31: BREAK
A32: Egrets-1 | B32: E1 — E2 | C32: E4— E5 | D32: E2 — E3 | E32: E1 — E5 | F32: E3 — E4
A33: Egrets-2 | B33: E3 — E5 | C33: E1 — E3 | D33: E5 — E6 | E33: E2 — E4 | F33: E1 — E6 | H33: 3:30 - 4:00 p.m. PDT | J33: Double Elimination 6 (top 3)
A34: Egrets-3 | B34: E4 — E6 | C34: E2 — E6 | D34: E1 — E4 | E34: E3 — E6 | F34: E2 — E5
H35: 4:00 - 4:30 p.m. PDT | J35: Double Elimination 7 (top 2)
A36: Frigatebirds
A37: ROOM | B37: RR1 | C37: RR2 | D37: RR3 | E37: RR4 | F37: RR5 | H37: 4:30 - 5:00 p.m. PDT | J37: Double Elimination 8 (if necessary)
A38: Frigatebirds-1 | B38: F1 — F2 | C38: F4— F5 | D38: F2 — F3 | E38: F1 — F5 | F38: F3 — F4
A39: Frigatebirds-2 | B39: F3 — F5 | C39: F1 — F3 | D39: F5 — F6 | E39: F2 — F4 | F39: F1 — F6 | H39: 5:00 - 5:20 p.m. PDT | J39: CLOSING CEREMONY
A40: Frigatebirds-3 | B40: F4 — F6 | C40: F2 — F6 | D40: F1 — F4 | E40: F3 — F6 | F40: F2 — F5
A42: Godwits
A43: ROOM | B43: RR1 | C43: RR2 | D43: RR3 | E43: RR4 | F43: RR5
A44: Godwits-1 | B44: G1 — G2 | C44: G4— G5 | D44: G2 — G3 | E44: G1 — G5 | F44: G3 — G4
A45: Godwits-2 | B45: G3 — G5 | C45: G1 — G3 | D45: G5 — G6 | E45: G2 — G4 | F45: G1 — G6
A46: Godwits-3 | B46: G4 — G6 | C46: G2 — G6 | D46: G1 — G4 | E46: G3 — G6 | F46: G2 — G5

Sheet LiveScoresheet
A1: RR Live Scoresheet
A2: RR 1: 8:05-9:00 AM | D2: RR 2: 9:00-9:40 AM | G2: RR 3: 9:40-10:20 AM | J2: RR 4: 10:20-11:00 AM | M2: RR 5: 11:00-11:40 AM
A4: Avadavats | I4: Bellbirds
A5: =SUM(B6:G11) -> 2486 | B5: {=INDEX(A6,0)} -> A1 | C5: {=INDEX(A7,0)} -> A2 | D5: {=INDEX(A8,0)} -> A3 | E5: {=INDEX(A9,0)} -> A4 | F5: {=INDEX(A10,0)} -> A5 | G5: {=INDEX(A11,0)} -> A6 | I5: =SUM(J6:O11) -> 2744 | J5: {=INDEX(I6,0)} -> B1 | K5: {=INDEX(I7,0)} -> B2 | L5: {=INDEX(I8,0)} -> B3 | M5: {=INDEX(I9,0)} -> B4 | N5: {=INDEX(I10,0)} -> B5 | O5: {=INDEX(I11,0)} -> B6
A6: A1 | C6: =IFERROR(__xludf.DUMMYFUNCTION("IMPORTRANGE(""https://docs.google.com/spreadsheets/d/13_UcftIhRFc8Wdh5sQ-JghNmvplAeKYrOfyqerMoP4E/edit?gid=2010738230#gid=2010738230"",""A1 vs A2!K24"")"),44.0) -> 44 | D6: =IFERROR(__xludf.DUMMYFUNCTION("IMPORTRANGE(""https://docs.google.com/spreadsheets/d/1iErVLlc1_s37p2bIQGBV-ueQhrFErR8_rQgkEu4dw_A/edit?gid=1105689284#gid=1105689284"",""A1 vs A3!K24"")"),76.0) -> 76 | E6: =IFERROR(__xludf.DUMMYFUNCTION("IMPORTRANGE(""https://docs.google.com/spreadsheets/d/1gvVcUWK0DrU9Prr-pNKoq3-2DQjDQ1i9v2BBpB5lu8o/edit?gid=1105689284#gid=1105689284"",""A1 vs A4!K24"")"),34.0) -> 34 | F6: =IFERROR(__xludf.DUMMYFUNCTION("IMPORTRANGE(""https://docs.google.com/spreadsheets/d/1ZyVAgyLL_HCFyUsFR06BNJrd3d8klI6YuciQugxLR6o/edit?gid=1105689284#gid=1105689284"",""A1 vs A5!K24"")"),56.0) -> 56 | G6: =IFERROR(__xludf.DUMMYFUNCTION("IMPORTRANGE(""https://docs.google.com/spreadsheets/d/1Iv6yZlS3FQWzzgGpdJyYBvJdrkdMPqx_bl527u5CA1U/edit?gid=1105689284#gid=1105689284"",""A1 vs A6!K24"")"),16.0) -> 16 | I6: B1 | K6: =IFERROR(__xludf.DUMMYFUNCTION("IMPORTRANGE(""https://docs.google.com/spreadsheets/d/13_UcftIhRFc8Wdh5sQ-JghNmvplAeKYrOfyqerMoP4E/edit?gid=2010738230#gid=2010738230"",""B1 vs B2!K24"")"),120.0) -> 120 | L6: =IFERROR(__xludf.DUMMYFUNCTION("IMPORTRANGE(""https://docs.google.com/spreadsheets/d/1iErVLlc1_s37p2bIQGBV-ueQhrFErR8_rQgkEu4dw_A/edit?gid=1105689284#gid=1105689284"",""B1 vs B3!K24"")"),138.0) -> 138 | M6: =IFERROR(__xludf.DUMMYFUNCTION("IMPORTRANGE(""https://docs.google.com/spreadsheets/d/1gvVcUWK0DrU9Prr-pNKoq3-2DQjDQ1i9v2BBpB5lu8o/edit?gid=1105689284#gid=1105689284"",""B1 vs B4!K24"")"),70.0) -> 70 | N6: =IFERROR(__xludf.DUMMYFUNCTION("IMPORTRANGE(""https://docs.google.com/spreadsheets/d/1ZyVAgyLL_HCFyUsFR06BNJrd3d8klI6YuciQugxLR6o/edit?gid=1105689284#gid=1105689284"",""B1 vs B5!K24"")"),116.0) -> 116 | O6: =IFERROR(__xludf.DUMMYFUNCTION("IMPORTRANGE(""https://docs.google.com/spreadsheets/d/1Iv6yZlS3FQWzzgGpdJyYBvJdrkdMPqx_bl527u5CA1U/edit?gid=1105689284#gid=1105689284"",""B1 vs B6!K24"")"),116.0) -> 116
A7: A2 | B7: =IFERROR(__xludf.DUMMYFUNCTION("IMPORTRANGE(""https://docs.google.com/spreadsheets/d/13_UcftIhRFc8Wdh5sQ-JghNmvplAeKYrOfyqerMoP4E/edit?gid=2010738230#gid=2010738230"",""A1 vs A2!T24"")"),186.0) -> 186 | D7: =IFERROR(__xludf.DUMMYFUNCTION("IMPORTRANGE(""https://docs.google.com/spreadsheets/d/1gvVcUWK0DrU9Prr-pNKoq3-2DQjDQ1i9v2BBpB5lu8o/edit?gid=1105689284#gid=1105689284"",""A2 vs A3!K24"")"),156.0) -> 156 | E7: =IFERROR(__xludf.DUMMYFUNCTION("IMPORTRANGE(""https://docs.google.com/spreadsheets/d/1ZyVAgyLL_HCFyUsFR06BNJrd3d8klI6YuciQugxLR6o/edit?gid=1105689284#gid=1105689284"",""A2 vs A4!K24"")"),162.0) -> 162 | F7: =IFERROR(__xludf.DUMMYFUNCTION("IMPORTRANGE(""https://docs.google.com/spreadsheets/d/1Iv6yZlS3FQWzzgGpdJyYBvJdrkdMPqx_bl527u5CA1U/edit?gid=1105689284#gid=1105689284"",""A2 vs A5!K24"")"),208.0) -> 208 | G7: =IFERROR(__xludf.DUMMYFUNCTION("IMPORTRANGE(""https://docs.google.com/spreadsheets/d/1iErVLlc1_s37p2bIQGBV-ueQhrFErR8_rQgkEu4dw_A/edit?gid=1105689284#gid=1105689284"",""A2 vs A6!K24"")"),152.0) -> 152 | I7: B2 | J7: =IFERROR(__xludf.DUMMYFUNCTION("IMPORTRANGE(""https://docs.google.com/spreadsheets/d/13_UcftIhRFc8Wdh5sQ-JghNmvplAeKYrOfyqerMoP4E/edit?gid=2010738230#gid=2010738230"",""B1 vs B2!T24"")"),128.0) -> 128 | L7: =IFERROR(__xludf.DUMMYFUNCTION("IMPORTRANGE(""https://docs.google.com/spreadsheets/d/1gvVcUWK0DrU9Prr-pNKoq3-2DQjDQ1i9v2BBpB5lu8o/edit?gid=1105689284#gid=1105689284"",""B2 vs B3!K24"")"),140.0) -> 140 | M7: =IFERROR(__xludf.DUMMYFUNCTION("IMPORTRANGE(""https://docs.google.com/spreadsheets/d/1ZyVAgyLL_HCFyUsFR06BNJrd3d8klI6YuciQugxLR6o/edit?gid=1105689284#gid=1105689284"",""B2 vs B4!K24"")"),146.0) -> 146 | N7: =IFERROR(__xludf.DUMMYFUNCTION("IMPORTRANGE(""https://docs.google.com/spreadsheets/d/1Iv6yZlS3FQWzzgGpdJyYBvJdrkdMPqx_bl527u5CA1U/edit?gid=1105689284#gid=1105689284"",""B2 vs B5!K24"")"),62.0) -> 62 | O7: =IFERROR(__xludf.DUMMYFUNCTION("IMPORTRANGE(""https://docs.google.com/spreadsheets/d/1iErVLlc1_s37p2bIQGBV-ueQhrFErR8_rQgkEu4dw_A/edit?gid=1105689284#gid=1105689284"",""B2 vs B6!K24"")"),106.0) -> 106
A8: A3 | B8: =IFERROR(__xludf.DUMMYFUNCTION("IMPORTRANGE(""https://docs.google.com/spreadsheets/d/1iErVLlc1_s37p2bIQGBV-ueQhrFErR8_rQgkEu4dw_A/edit?gid=1105689284#gid=1105689284"",""A1 vs A3!T24"")"),44.0) -> 44 | C8: =IFERROR(__xludf.DUMMYFUNCTION("IMPORTRANGE(""https://docs.google.com/spreadsheets/d/1gvVcUWK0DrU9Prr-pNKoq3-2DQjDQ1i9v2BBpB5lu8o/edit?gid=1105689284#gid=1105689284"",""A2 vs A3!T24"")"),34.0) -> 34 | E8: =IFERROR(__xludf.DUMMYFUNCTION("IMPORTRANGE(""https://docs.google.com/spreadsheets/d/1Iv6yZlS3FQWzzgGpdJyYBvJdrkdMPqx_bl527u5CA1U/edit?gid=1105689284#gid=1105689284"",""A3 vs A4!K24"")"),36.0) -> 36 | F8: =IFERROR(__xludf.DUMMYFUNCTION("IMPORTRANGE(""https://docs.google.com/spreadsheets/d/13_UcftIhRFc8Wdh5sQ-JghNmvplAeKYrOfyqerMoP4E/edit?gid=2010738230#gid=2010738230"",""A3 vs A5!K24"")"),34.0) -> 34 | G8: =IFERROR(__xludf.DUMMYFUNCTION("IMPORTRANGE(""https://docs.google.com/spreadsheets/d/1ZyVAgyLL_HCFyUsFR06BNJrd3d8klI6YuciQugxLR6o/edit?gid=1105689284#gid=1105689284"",""A3 vs A6!K24"")"),30.0) -> 30 | I8: B3 | J8: =IFERROR(__xludf.DUMMYFUNCTION("IMPORTRANGE(""https://docs.google.com/spreadsheets/d/1iErVLlc1_s37p2bIQGBV-ueQhrFErR8_rQgkEu4dw_A/edit?gid=1105689284#gid=1105689284"",""B1 vs B3!T24"")"),92.0) -> 92 | K8: =IFERROR(__xludf.DUMMYFUNCTION("IMPORTRANGE(""https://docs.google.com/spreadsheets/d/1gvVcUWK0DrU9Prr-pNKoq3-2DQjDQ1i9v2BBpB5lu8o/edit?gid=1105689284#gid=1105689284"",""B2 vs B3!T24"")"),22.0) -> 22 | M8: =IFERROR(__xludf.DUMMYFUNCTION("IMPORTRANGE(""https://docs.google.com/spreadsheets/d/1Iv6yZlS3FQWzzgGpdJyYBvJdrkdMPqx_bl527u5CA1U/edit?gid=1105689284#gid=1105689284"",""B3 vs B4!K24"")"),66.0) -> 66 | N8: =IFERROR(__xludf.DUMMYFUNCTION("IMPORTRANGE(""https://docs.google.com/spreadsheets/d/13_UcftIhRFc8Wdh5sQ-JghNmvplAeKYrOfyqerMoP4E/edit?gid=2010738230#gid=2010738230"",""B3 vs B5!K24"")"),50.0) -> 50 | O8: =IFERROR(__xludf.DUMMYFUNCTION("IMPORTRANGE(""https://docs.google.com/spreadsheets/d/1ZyVAgyLL_HCFyUsFR06BNJrd3d8klI6YuciQugxLR6o/edit?gid=1105689284#gid=1105689284"",""B3 vs B6!K24"")"),54.0) -> 54
A9: A4 | B9: =IFERROR(__xludf.DUMMYFUNCTION("IMPORTRANGE(""https://docs.google.com/spreadsheets/d/1gvVcUWK0DrU9Prr-pNKoq3-2DQjDQ1i9v2BBpB5lu8o/edit?gid=1105689284#gid=1105689284"",""A1 vs A4!T24"")"),60.0) -> 60 | C9: =IFERROR(__xludf.DUMMYFUNCTION("IMPORTRANGE(""https://docs.google.com/spreadsheets/d/1ZyVAgyLL_HCFyUsFR06BNJrd3d8klI6YuciQugxLR6o/edit?gid=1105689284#gid=1105689284"",""A2 vs A4!T24"")"),16.0) -> 16 | D9: =IFERROR(__xludf.DUMMYFUNCTION("IMPORTRANGE(""https://docs.google.com/spreadsheets/d/1Iv6yZlS3FQWzzgGpdJyYBvJdrkdMPqx_bl527u5CA1U/edit?gid=1105689284#gid=1105689284"",""A3 vs A4!T24"")"),62.0) -> 62 | F9: =IFERROR(__xludf.DUMMYFUNCTION("IMPORTRANGE(""https://docs.google.com/spreadsheets/d/1iErVLlc1_s37p2bIQGBV-ueQhrFErR8_rQgkEu4dw_A/edit?gid=1105689284#gid=1105689284"",""A4 vs A5!K24"")"),90.0) -> 90 | G9: =IFERROR(__xludf.DUMMYFUNCTION("IMPORTRANGE(""https://docs.google.com/spreadsheets/d/13_UcftIhRFc8Wdh5sQ-JghNmvplAeKYrOfyqerMoP4E/edit?gid=2010738230#gid=2010738230"",""A4 vs A6!K24"")"),90.0) -> 90 | I9: B4 | J9: =IFERROR(__xludf.DUMMYFUNCTION("IMPORTRANGE(""https://docs.google.com/spreadsheets/d/1gvVcUWK0DrU9Prr-pNKoq3-2DQjDQ1i9v2BBpB5lu8o/edit?gid=1105689284#gid=1105689284"",""B1 vs B4!T24"")"),42.0) -> 42 | K9: =IFERROR(__xludf.DUMMYFUNCTION("IMPORTRANGE(""https://docs.google.com/spreadsheets/d/1ZyVAgyLL_HCFyUsFR06BNJrd3d8klI6YuciQugxLR6o/edit?gid=1105689284#gid=1105689284"",""B2 vs B4!T24"")"),16.0) -> 16 | L9: =IFERROR(__xludf.DUMMYFUNCTION("IMPORTRANGE(""https://docs.google.com/spreadsheets/d/1Iv6yZlS3FQWzzgGpdJyYBvJdrkdMPqx_bl527u5CA1U/edit?gid=1105689284#gid=1105689284"",""B3 vs B4!T24"")"),20.0) -> 20 | N9: =IFERROR(__xludf.DUMMYFUNCTION("IMPORTRANGE(""https://docs.google.com/spreadsheets/d/1iErVLlc1_s37p2bIQGBV-ueQhrFErR8_rQgkEu4dw_A/edit?gid=1105689284#gid=1105689284"",""B4 vs B5!K24"")"),12.0) -> 12 | O9: =IFERROR(__xludf.DUMMYFUNCTION("IMPORTRANGE(""https://docs.google.com/spreadsheets/d/13_UcftIhRFc8Wdh5sQ-JghNmvplAeKYrOfyqerMoP4E/edit?gid=2010738230#gid=2010738230"",""B4 vs B6!K24"")"),40.0) -> 40
A10: A5 | B10: =IFERROR(__xludf.DUMMYFUNCTION("IMPORTRANGE(""https://docs.google.com/spreadsheets/d/1ZyVAgyLL_HCFyUsFR06BNJrd3d8klI6YuciQugxLR6o/edit?gid=1105689284#gid=1105689284"",""A1 vs A5!T24"")"),38.0) -> 38 | C10: =IFERROR(__xludf.DUMMYFUNCTION("IMPORTRANGE(""https://docs.google.com/spreadsheets/d/1Iv6yZlS3FQWzzgGpdJyYBvJdrkdMPqx_bl527u5CA1U/edit?gid=1105689284#gid=1105689284"",""A2 vs A5!T24"")"),22.0) -> 22 | D10: =IFERROR(__xludf.DUMMYFUNCTION("IMPORTRANGE(""https://docs.google.com/spreadsheets/d/13_UcftIhRFc8Wdh5sQ-JghNmvplAeKYrOfyqerMoP4E/edit?gid=2010738230#gid=2010738230"",""A3 vs A5!T24"")"),128.0) -> 128 | E10: =IFERROR(__xludf.DUMMYFUNCTION("IMPORTRANGE(""https://docs.google.com/spreadsheets/d/1iErVLlc1_s37p2bIQGBV-ueQhrFErR8_rQgkEu4dw_A/edit?gid=1105689284#gid=1105689284"",""A4 vs A5!T24"")"),48.0) -> 48 | G10: =IFERROR(__xludf.DUMMYFUNCTION("IMPORTRANGE(""https://docs.google.com/spreadsheets/d/1gvVcUWK0DrU9Prr-pNKoq3-2DQjDQ1i9v2BBpB5lu8o/edit?gid=1105689284#gid=1105689284"",""A5 vs A6!K24"")"),20.0) -> 20 | I10: B5 | J10: =IFERROR(__xludf.DUMMYFUNCTION("IMPORTRANGE(""https://docs.google.com/spreadsheets/d/1ZyVAgyLL_HCFyUsFR06BNJrd3d8klI6YuciQugxLR6o/edit?gid=1105689284#gid=1105689284"",""B1 vs B5!T24"")"),94.0) -> 94 | K10: =IFERROR(__xludf.DUMMYFUNCTION("IMPORTRANGE(""https://docs.google.com/spreadsheets/d/1Iv6yZlS3FQWzzgGpdJyYBvJdrkdMPqx_bl527u5CA1U/edit?gid=1105689284#gid=1105689284"",""B2 vs B5!T24"")"),144.0) -> 144 | L10: =IFERROR(__xludf.DUMMYFUNCTION("IMPORTRANGE(""https://docs.google.com/spreadsheets/d/13_UcftIhRFc8Wdh5sQ-JghNmvplAeKYrOfyqerMoP4E/edit?gid=2010738230#gid=2010738230"",""B3 vs B5!T24"")"),208.0) -> 208 | M10: =IFERROR(__xludf.DUMMYFUNCTION("IMPORTRANGE(""https://docs.google.com/spreadsheets/d/1iErVLlc1_s37p2bIQGBV-ueQhrFErR8_rQgkEu4dw_A/edit?gid=1105689284#gid=1105689284"",""B4 vs B5!T24"")"),226.0) -> 226 | O10: =IFERROR(__xludf.DUMMYFUNCTION("IMPORTRANGE(""https://docs.google.com/spreadsheets/d/1gvVcUWK0DrU9Prr-pNKoq3-2DQjDQ1i9v2BBpB5lu8o/edit?gid=1105689284#gid=1105689284"",""B5 vs B6!K24"")"),190.0) -> 190
A11: A6 | B11: =IFERROR(__xludf.DUMMYFUNCTION("IMPORTRANGE(""https://docs.google.com/spreadsheets/d/1Iv6yZlS3FQWzzgGpdJyYBvJdrkdMPqx_bl527u5CA1U/edit?gid=1105689284#gid=1105689284"",""A1 vs A6!T24"")"),132.0) -> 132 | C11: =IFERROR(__xludf.DUMMYFUNCTION("IMPORTRANGE(""https://docs.google.com/spreadsheets/d/1iErVLlc1_s37p2bIQGBV-ueQhrFErR8_rQgkEu4dw_A/edit?gid=1105689284#gid=1105689284"",""A2 vs A6!T24"")"),76.0) -> 76 | D11: =IFERROR(__xludf.DUMMYFUNCTION("IMPORTRANGE(""https://docs.google.com/spreadsheets/d/1ZyVAgyLL_HCFyUsFR06BNJrd3d8klI6YuciQugxLR6o/edit?gid=1105689284#gid=1105689284"",""A3 vs A6!T24"")"),142.0) -> 142 | E11: =IFERROR(__xludf.DUMMYFUNCTION("IMPORTRANGE(""https://docs.google.com/spreadsheets/d/13_UcftIhRFc8Wdh5sQ-JghNmvplAeKYrOfyqerMoP4E/edit?gid=2010738230#gid=2010738230"",""A4 vs A6!T24"")"),120.0) -> 120 | F11: =IFERROR(__xludf.DUMMYFUNCTION("IMPORTRANGE(""https://docs.google.com/spreadsheets/d/1gvVcUWK0DrU9Prr-pNKoq3-2DQjDQ1i9v2BBpB5lu8o/edit?gid=1105689284#gid=1105689284"",""A5 vs A6!T24"")"),174.0) -> 174 | I11: B6 | J11: =IFERROR(__xludf.DUMMYFUNCTION("IMPORTRANGE(""https://docs.google.com/spreadsheets/d/1Iv6yZlS3FQWzzgGpdJyYBvJdrkdMPqx_bl527u5CA1U/edit?gid=1105689284#gid=1105689284"",""B1 vs B6!T24"")"),22.0) -> 22 | K11: =IFERROR(__xludf.DUMMYFUNCTION("IMPORTRANGE(""https://docs.google.com/spreadsheets/d/1iErVLlc1_s37p2bIQGBV-ueQhrFErR8_rQgkEu4dw_A/edit?gid=1105689284#gid=1105689284"",""B2 vs B6!T24"")"),62.0) -> 62 | L11: =IFERROR(__xludf.DUMMYFUNCTION("IMPORTRANGE(""https://docs.google.com/spreadsheets/d/1ZyVAgyLL_HCFyUsFR06BNJrd3d8klI6YuciQugxLR6o/edit?gid=1105689284#gid=1105689284"",""B3 vs B6!T24"")"),60.0) -> 60 | M11: =IFERROR(__xludf.DUMMYFUNCTION("IMPORTRANGE(""https://docs.google.com/spreadsheets/d/13_UcftIhRFc8Wdh5sQ-JghNmvplAeKYrOfyqerMoP4E/edit?gid=2010738230#gid=2010738230"",""B4 vs B6!T24"")"),136.0) -> 136 | N11: =IFERROR(__xludf.DUMMYFUNCTION("IMPORTRANGE(""https://docs.google.com/spreadsheets/d/1gvVcUWK0DrU9Prr-pNKoq3-2DQjDQ1i9v2BBpB5lu8o/edit?gid=1105689284#gid=1105689284"",""B5 vs B6!T24"")"),46.0) -> 46
A13: Condors | I13: Dovekies
A14: =SUM(B15:G20) -> 2540 | B14: {=INDEX(A15,0)} -> C1 | C14: {=INDEX(A16,0)} -> C2 | D14: {=INDEX(A17,0)} -> C3 | E14: {=INDEX(A18,0)} -> C4 | F14: {=INDEX(A19,0)} -> C5 | G14: {=INDEX(A20,0)} -> C6 | I14: =SUM(J15:O20) -> 2738 | J14: {=INDEX(I15,0)} -> D1 | K14: {=INDEX(I16,0)} -> D2 | L14: {=INDEX(I17,0)} -> D3 | M14: {=INDEX(I18,0)} -> D4 | N14: {=INDEX(I19,0)} -> D5 | O14: {=INDEX(I20,0)} -> D6
A15: C1 | C15: =IFERROR(__xludf.DUMMYFUNCTION("IMPORTRANGE(""https://docs.google.com/spreadsheets/d/13_UcftIhRFc8Wdh5sQ-JghNmvplAeKYrOfyqerMoP4E/edit?gid=2010738230#gid=2010738230"",""C1 vs C2!K24"")"),118.0) -> 118 | D15: =IFERROR(__xludf.DUMMYFUNCTION("IMPORTRANGE(""https://docs.google.com/spreadsheets/d/1iErVLlc1_s37p2bIQGBV-ueQhrFErR8_rQgkEu4dw_A/edit?gid=1105689284#gid=1105689284"",""C1 vs C3!K24"")"),50.0) -> 50 | E15: =IFERROR(__xludf.DUMMYFUNCTION("IMPORTRANGE(""https://docs.google.com/spreadsheets/d/1gvVcUWK0DrU9Prr-pNKoq3-2DQjDQ1i9v2BBpB5lu8o/edit?gid=1105689284#gid=1105689284"",""C1 vs C4!K24"")"),98.0) -> 98 | F15: =IFERROR(__xludf.DUMMYFUNCTION("IMPORTRANGE(""https://docs.google.com/spreadsheets/d/1ZyVAgyLL_HCFyUsFR06BNJrd3d8klI6YuciQugxLR6o/edit?gid=1105689284#gid=1105689284"",""C1 vs C5!K24"")"),118.0) -> 118 | G15: =IFERROR(__xludf.DUMMYFUNCTION("IMPORTRANGE(""https://docs.google.com/spreadsheets/d/1Iv6yZlS3FQWzzgGpdJyYBvJdrkdMPqx_bl527u5CA1U/edit?gid=1105689284#gid=1105689284"",""C1 vs C6!K24"")"),32.0) -> 32 | I15: D1 | K15: =IFERROR(__xludf.DUMMYFUNCTION("IMPORTRANGE(""https://docs.google.com/spreadsheets/d/13_UcftIhRFc8Wdh5sQ-JghNmvplAeKYrOfyqerMoP4E/edit?gid=2010738230#gid=2010738230"",""D1 vs D2!K24"")"),58.0) -> 58 | L15: =IFERROR(__xludf.DUMMYFUNCTION("IMPORTRANGE(""https://docs.google.com/spreadsheets/d/1iErVLlc1_s37p2bIQGBV-ueQhrFErR8_rQgkEu4dw_A/edit?gid=1105689284#gid=1105689284"",""D1 vs D3!K24"")"),38.0) -> 38 | M15: =IFERROR(__xludf.DUMMYFUNCTION("IMPORTRANGE(""https://docs.google.com/spreadsheets/d/1gvVcUWK0DrU9Prr-pNKoq3-2DQjDQ1i9v2BBpB5lu8o/edit?gid=1105689284#gid=1105689284"",""D1 vs D4!K24"")"),36.0) -> 36 | N15: =IFERROR(__xludf.DUMMYFUNCTION("IMPORTRANGE(""https://docs.google.com/spreadsheets/d/1ZyVAgyLL_HCFyUsFR06BNJrd3d8klI6YuciQugxLR6o/edit?gid=1105689284#gid=1105689284"",""D1 vs D5!K24"")"),34.0) -> 34 | O15: =IFERROR(__xludf.DUMMYFUNCTION("IMPORTRANGE(""https://docs.google.com/spreadsheets/d/1Iv6yZlS3FQWzzgGpdJyYBvJdrkdMPqx_bl527u5CA1U/edit?gid=1105689284#gid=1105689284"",""D1 vs D6!K24"")"),52.0) -> 52
A16: C2 | B16: =IFERROR(__xludf.DUMMYFUNCTION("IMPORTRANGE(""https://docs.google.com/spreadsheets/d/13_UcftIhRFc8Wdh5sQ-JghNmvplAeKYrOfyqerMoP4E/edit?gid=2010738230#gid=2010738230"",""C1 vs C2!T24"")"),148.0) -> 148 | D16: =IFERROR(__xludf.DUMMYFUNCTION("IMPORTRANGE(""https://docs.google.com/spreadsheets/d/1gvVcUWK0DrU9Prr-pNKoq3-2DQjDQ1i9v2BBpB5lu8o/edit?gid=1105689284#gid=1105689284"",""C2 vs C3!K24"")"),96.0) -> 96 | E16: =IFERROR(__xludf.DUMMYFUNCTION("IMPORTRANGE(""https://docs.google.com/spreadsheets/d/1ZyVAgyLL_HCFyUsFR06BNJrd3d8klI6YuciQugxLR6o/edit?gid=1105689284#gid=1105689284"",""C2 vs C4!K24"")"),114.0) -> 114 | F16: =IFERROR(__xludf.DUMMYFUNCTION("IMPORTRANGE(""https://docs.google.com/spreadsheets/d/1Iv6yZlS3FQWzzgGpdJyYBvJdrkdMPqx_bl527u5CA1U/edit?gid=1105689284#gid=1105689284"",""C2 vs C5!K24"")"),104.0) -> 104 | G16: =IFERROR(__xludf.DUMMYFUNCTION("IMPORTRANGE(""https://docs.google.com/spreadsheets/d/1iErVLlc1_s37p2bIQGBV-ueQhrFErR8_rQgkEu4dw_A/edit?gid=1105689284#gid=1105689284"",""C2 vs C6!K24"")"),112.0) -> 112 | I16: D2 | J16: =IFERROR(__xludf.DUMMYFUNCTION("IMPORTRANGE(""https://docs.google.com/spreadsheets/d/13_UcftIhRFc8Wdh5sQ-JghNmvplAeKYrOfyqerMoP4E/edit?gid=2010738230#gid=2010738230"",""D1 vs D2!T24"")"),110.0) -> 110 | L16: =IFERROR(__xludf.DUMMYFUNCTION("IMPORTRANGE(""https://docs.google.com/spreadsheets/d/1gvVcUWK0DrU9Prr-pNKoq3-2DQjDQ1i9v2BBpB5lu8o/edit?gid=1105689284#gid=1105689284"",""D2 vs D3!K24"")"),20.0) -> 20 | M16: =IFERROR(__xludf.DUMMYFUNCTION("IMPORTRANGE(""https://docs.google.com/spreadsheets/d/1ZyVAgyLL_HCFyUsFR06BNJrd3d8klI6YuciQugxLR6o/edit?gid=1105689284#gid=1105689284"",""D2 vs D4!K24"")"),58.0) -> 58 | N16: =IFERROR(__xludf.DUMMYFUNCTION("IMPORTRANGE(""https://docs.google.com/spreadsheets/d/1Iv6yZlS3FQWzzgGpdJyYBvJdrkdMPqx_bl527u5CA1U/edit?gid=1105689284#gid=1105689284"",""D2 vs D5!K24"")"),34.0) -> 34 | O16: =IFERROR(__xludf.DUMMYFUNCTION("IMPORTRANGE(""https://docs.google.com/spreadsheets/d/1iErVLlc1_s37p2bIQGBV-ueQhrFErR8_rQgkEu4dw_A/edit?gid=1105689284#gid=1105689284"",""D2 vs D6!K24"")"),104.0) -> 104
A17: C3 | B17: =IFERROR(__xludf.DUMMYFUNCTION("IMPORTRANGE(""https://docs.google.com/spreadsheets/d/1iErVLlc1_s37p2bIQGBV-ueQhrFErR8_rQgkEu4dw_A/edit?gid=1105689284#gid=1105689284"",""C1 vs C3!T24"")"),138.0) -> 138 | C17: =IFERROR(__xludf.DUMMYFUNCTION("IMPORTRANGE(""https://docs.google.com/spreadsheets/d/1gvVcUWK0DrU9Prr-pNKoq3-2DQjDQ1i9v2BBpB5lu8o/edit?gid=1105689284#gid=1105689284"",""C2 vs C3!T24"")"),66.0) -> 66 | E17: =IFERROR(__xludf.DUMMYFUNCTION("IMPORTRANGE(""https://docs.google.com/spreadsheets/d/1Iv6yZlS3FQWzzgGpdJyYBvJdrkdMPqx_bl527u5CA1U/edit?gid=1105689284#gid=1105689284"",""C3 vs C4!K24"")"),82.0) -> 82 | F17: =IFERROR(__xludf.DUMMYFUNCTION("IMPORTRANGE(""https://docs.google.com/spreadsheets/d/13_UcftIhRFc8Wdh5sQ-JghNmvplAeKYrOfyqerMoP4E/edit?gid=2010738230#gid=2010738230"",""C3 vs C5!K24"")"),82.0) -> 82 | G17: =IFERROR(__xludf.DUMMYFUNCTION("IMPORTRANGE(""https://docs.google.com/spreadsheets/d/1ZyVAgyLL_HCFyUsFR06BNJrd3d8klI6YuciQugxLR6o/edit?gid=1105689284#gid=1105689284"",""C3 vs C6!K24"")"),122.0) -> 122 | I17: D3 | J17: =IFERROR(__xludf.DUMMYFUNCTION("IMPORTRANGE(""https://docs.google.com/spreadsheets/d/1iErVLlc1_s37p2bIQGBV-ueQhrFErR8_rQgkEu4dw_A/edit?gid=1105689284#gid=1105689284"",""D1 vs D3!T24"")"),182.0) -> 182 | K17: =IFERROR(__xludf.DUMMYFUNCTION("IMPORTRANGE(""https://docs.google.com/spreadsheets/d/1gvVcUWK0DrU9Prr-pNKoq3-2DQjDQ1i9v2BBpB5lu8o/edit?gid=1105689284#gid=1105689284"",""D2 vs D3!T24"")"),152.0) -> 152 | M17: =IFERROR(__xludf.DUMMYFUNCTION("IMPORTRANGE(""https://docs.google.com/spreadsheets/d/1Iv6yZlS3FQWzzgGpdJyYBvJdrkdMPqx_bl527u5CA1U/edit?gid=1105689284#gid=1105689284"",""D3 vs D4!K24"")"),132.0) -> 132 | N17: =IFERROR(__xludf.DUMMYFUNCTION("IMPORTRANGE(""https://docs.google.com/spreadsheets/d/13_UcftIhRFc8Wdh5sQ-JghNmvplAeKYrOfyqerMoP4E/edit?gid=2010738230#gid=2010738230"",""D3 vs D5!K24"")"),190.0) -> 190 | O17: =IFERROR(__xludf.DUMMYFUNCTION("IMPORTRANGE(""https://docs.google.com/spreadsheets/d/1ZyVAgyLL_HCFyUsFR06BNJrd3d8klI6YuciQugxLR6o/edit?gid=1105689284#gid=1105689284"",""D3 vs D6!K24"")"),260.0) -> 260
A18: C4 | B18: =IFERROR(__xludf.DUMMYFUNCTION("IMPORTRANGE(""https://docs.google.com/spreadsheets/d/1gvVcUWK0DrU9Prr-pNKoq3-2DQjDQ1i9v2BBpB5lu8o/edit?gid=1105689284#gid=1105689284"",""C1 vs C4!T24"")"),36.0) -> 36 | C18: =IFERROR(__xludf.DUMMYFUNCTION("IMPORTRANGE(""https://docs.google.com/spreadsheets/d/1ZyVAgyLL_HCFyUsFR06BNJrd3d8klI6YuciQugxLR6o/edit?gid=1105689284#gid=1105689284"",""C2 vs C4!T24"")"),16.0) -> 16 | D18: =IFERROR(__xludf.DUMMYFUNCTION("IMPORTRANGE(""https://docs.google.com/spreadsheets/d/1Iv6yZlS3FQWzzgGpdJyYBvJdrkdMPqx_bl527u5CA1U/edit?gid=1105689284#gid=1105689284"",""C3 vs C4!T24"")"),30.0) -> 30 | F18: =IFERROR(__xludf.DUMMYFUNCTION("IMPORTRANGE(""https://docs.google.com/spreadsheets/d/1iErVLlc1_s37p2bIQGBV-ueQhrFErR8_rQgkEu4dw_A/edit?gid=1105689284#gid=1105689284"",""C4 vs C5!K24"")"),72.0) -> 72 | G18: =IFERROR(__xludf.DUMMYFUNCTION("IMPORTRANGE(""https://docs.google.com/spreadsheets/d/13_UcftIhRFc8Wdh5sQ-JghNmvplAeKYrOfyqerMoP4E/edit?gid=2010738230#gid=2010738230"",""C4 vs C6!K24"")"),12.0) -> 12 | I18: D4 | J18: =IFERROR(__xludf.DUMMYFUNCTION("IMPORTRANGE(""https://docs.google.com/spreadsheets/d/1gvVcUWK0DrU9Prr-pNKoq3-2DQjDQ1i9v2BBpB5lu8o/edit?gid=1105689284#gid=1105689284"",""D1 vs D4!T24"")"),150.0) -> 150 | K18: =IFERROR(__xludf.DUMMYFUNCTION("IMPORTRANGE(""https://docs.google.com/spreadsheets/d/1ZyVAgyLL_HCFyUsFR06BNJrd3d8klI6YuciQugxLR6o/edit?gid=1105689284#gid=1105689284"",""D2 vs D4!T24"")"),110.0) -> 110 | L18: =IFERROR(__xludf.DUMMYFUNCTION("IMPORTRANGE(""https://docs.google.com/spreadsheets/d/1Iv6yZlS3FQWzzgGpdJyYBvJdrkdMPqx_bl527u5CA1U/edit?gid=1105689284#gid=1105689284"",""D3 vs D4!T24"")"),60.0) -> 60 | N18: =IFERROR(__xludf.DUMMYFUNCTION("IMPORTRANGE(""https://docs.google.com/spreadsheets/d/1iErVLlc1_s37p2bIQGBV-ueQhrFErR8_rQgkEu4dw_A/edit?gid=1105689284#gid=1105689284"",""D4 vs D5!K24"")"),130.0) -> 130 | O18: =IFERROR(__xludf.DUMMYFUNCTION("IMPORTRANGE(""https://docs.google.com/spreadsheets/d/13_UcftIhRFc8Wdh5sQ-JghNmvplAeKYrOfyqerMoP4E/edit?gid=2010738230#gid=2010738230"",""D4 vs D6!K24"")"),166.0) -> 166
A19: C5 | B19: =IFERROR(__xludf.DUMMYFUNCTION("IMPORTRANGE(""https://docs.google.com/spreadsheets/d/1ZyVAgyLL_HCFyUsFR06BNJrd3d8klI6YuciQugxLR6o/edit?gid=1105689284#gid=1105689284"",""C1 vs C5!T24"")"),40.0) -> 40 | C19: =IFERROR(__xludf.DUMMYFUNCTION("IMPORTRANGE(""https://docs.google.com/spreadsheets/d/1Iv6yZlS3FQWzzgGpdJyYBvJdrkdMPqx_bl527u5CA1U/edit?gid=1105689284#gid=1105689284"",""C2 vs C5!T24"")"),26.0) -> 26 | D19: =IFERROR(__xludf.DUMMYFUNCTION("IMPORTRANGE(""https://docs.google.com/spreadsheets/d/13_UcftIhRFc8Wdh5sQ-JghNmvplAeKYrOfyqerMoP4E/edit?gid=2010738230#gid=2010738230"",""C3 vs C5!T24"")"),106.0) -> 106 | E19: =IFERROR(__xludf.DUMMYFUNCTION("IMPORTRANGE(""https://docs.google.com/spreadsheets/d/1iErVLlc1_s37p2bIQGBV-ueQhrFErR8_rQgkEu4dw_A/edit?gid=1105689284#gid=1105689284"",""C4 vs C5!T24"")"),82.0) -> 82 | G19: =IFERROR(__xludf.DUMMYFUNCTION("IMPORTRANGE(""https://docs.google.com/spreadsheets/d/1gvVcUWK0DrU9Prr-pNKoq3-2DQjDQ1i9v2BBpB5lu8o/edit?gid=1105689284#gid=1105689284"",""C5 vs C6!K24"")"),8.0) -> 8 | I19: D5 | J19: =IFERROR(__xludf.DUMMYFUNCTION("IMPORTRANGE(""https://docs.google.com/spreadsheets/d/1ZyVAgyLL_HCFyUsFR06BNJrd3d8klI6YuciQugxLR6o/edit?gid=1105689284#gid=1105689284"",""D1 vs D5!T24"")"),92.0) -> 92 | K19: =IFERROR(__xludf.DUMMYFUNCTION("IMPORTRANGE(""https://docs.google.com/spreadsheets/d/1Iv6yZlS3FQWzzgGpdJyYBvJdrkdMPqx_bl527u5CA1U/edit?gid=1105689284#gid=1105689284"",""D2 vs D5!T24"")"),80.0) -> 80 | L19: =IFERROR(__xludf.DUMMYFUNCTION("IMPORTRANGE(""https://docs.google.com/spreadsheets/d/13_UcftIhRFc8Wdh5sQ-JghNmvplAeKYrOfyqerMoP4E/edit?gid=2010738230#gid=2010738230"",""D3 vs D5!T24"")"),92.0) -> 92 | M19: =IFERROR(__xludf.DUMMYFUNCTION("IMPORTRANGE(""https://docs.google.com/spreadsheets/d/1iErVLlc1_s37p2bIQGBV-ueQhrFErR8_rQgkEu4dw_A/edit?gid=1105689284#gid=1105689284"",""D4 vs D5!T24"")"),82.0) -> 82 | O19: =IFERROR(__xludf.DUMMYFUNCTION("IMPORTRANGE(""https://docs.google.com/spreadsheets/d/1gvVcUWK0DrU9Prr-pNKoq3-2DQjDQ1i9v2BBpB5lu8o/edit?gid=1105689284#gid=1105689284"",""D5 vs D6!K24"")"),114.0) -> 114
A20: C6 | B20: =IFERROR(__xludf.DUMMYFUNCTION("IMPORTRANGE(""https://docs.google.com/spreadsheets/d/1Iv6yZlS3FQWzzgGpdJyYBvJdrkdMPqx_bl527u5CA1U/edit?gid=1105689284#gid=1105689284"",""C1 vs C6!T24"")"),102.0) -> 102 | C20: =IFERROR(__xludf.DUMMYFUNCTION("IMPORTRANGE(""https://docs.google.com/spreadsheets/d/1iErVLlc1_s37p2bIQGBV-ueQhrFErR8_rQgkEu4dw_A/edit?gid=1105689284#gid=1105689284"",""C2 vs C6!T24"")"),112.0) -> 112 | D20: =IFERROR(__xludf.DUMMYFUNCTION("IMPORTRANGE(""https://docs.google.com/spreadsheets/d/1ZyVAgyLL_HCFyUsFR06BNJrd3d8klI6YuciQugxLR6o/edit?gid=1105689284#gid=1105689284"",""C3 vs C6!T24"")"),58.0) -> 58 | E20: =IFERROR(__xludf.DUMMYFUNCTION("IMPORTRANGE(""https://docs.google.com/spreadsheets/d/13_UcftIhRFc8Wdh5sQ-JghNmvplAeKYrOfyqerMoP4E/edit?gid=2010738230#gid=2010738230"",""C4 vs C6!T24"")"),218.0) -> 218 | F20: =IFERROR(__xludf.DUMMYFUNCTION("IMPORTRANGE(""https://docs.google.com/spreadsheets/d/1gvVcUWK0DrU9Prr-pNKoq3-2DQjDQ1i9v2BBpB5lu8o/edit?gid=1105689284#gid=1105689284"",""C5 vs C6!T24"")"),142.0) -> 142 | I20: D6 | J20: =IFERROR(__xludf.DUMMYFUNCTION("IMPORTRANGE(""https://docs.google.com/spreadsheets/d/1Iv6yZlS3FQWzzgGpdJyYBvJdrkdMPqx_bl527u5CA1U/edit?gid=1105689284#gid=1105689284"",""D1 vs D6!T24"")"),12.0) -> 12 | K20: =IFERROR(__xludf.DUMMYFUNCTION("IMPORTRANGE(""https://docs.google.com/spreadsheets/d/1iErVLlc1_s37p2bIQGBV-ueQhrFErR8_rQgkEu4dw_A/edit?gid=1105689284#gid=1105689284"",""D2 vs D6!T24"")"),66.0) -> 66 | L20: =IFERROR(__xludf.DUMMYFUNCTION("IMPORTRANGE(""https://docs.google.com/spreadsheets/d/1ZyVAgyLL_HCFyUsFR06BNJrd3d8klI6YuciQugxLR6o/edit?gid=1105689284#gid=1105689284"",""D3 vs D6!T24"")"),4.0) -> 4 | M20: =IFERROR(__xludf.DUMMYFUNCTION("IMPORTRANGE(""https://docs.google.com/spreadsheets/d/13_UcftIhRFc8Wdh5sQ-JghNmvplAeKYrOfyqerMoP4E/edit?gid=2010738230#gid=2010738230"",""D4 vs D6!T24"")"),64.0) -> 64 | N20: =IFERROR(__xludf.DUMMYFUNCTION("IMPORTRANGE(""https://docs.google.com/spreadsheets/d/1gvVcUWK0DrU9Prr-pNKoq3-2DQjDQ1i9v2BBpB5lu8o/edit?gid=1105689284#gid=1105689284"",""D5 vs D6!T24"")"),56.0) -> 56
A22: Egrets | I22: Frigatebirds
A23: =SUM(B24:G29) -> 2726 | B23: {=INDEX(A24,0)} -> E1 | C23: {=INDEX(A25,0)} -> E2 | D23: {=INDEX(A26,0)} -> E3 | E23: {=INDEX(A27,0)} -> E4 | F23: {=INDEX(A28,0)} -> E5 | G23: {=INDEX(A29,0)} -> E6 | I23: =SUM(J24:O29) -> 2878 | J23: {=INDEX(I24,0)} -> F1 | K23: {=INDEX(I25,0)} -> F2 | L23: {=INDEX(I26,0)} -> F3 | M23: {=INDEX(I27,0)} -> F4 | N23: {=INDEX(I28,0)} -> F5 | O23: {=INDEX(I29,0)} -> F6
A24: E1 | C24: =IFERROR(__xludf.DUMMYFUNCTION("IMPORTRANGE(""https://docs.google.com/spreadsheets/d/13_UcftIhRFc8Wdh5sQ-JghNmvplAeKYrOfyqerMoP4E/edit?gid=2010738230#gid=2010738230"",""E1 vs E2!K24"")"),14.0) -> 14 | D24: =IFERROR(__xludf.DUMMYFUNCTION("IMPORTRANGE(""https://docs.google.com/spreadsheets/d/1iErVLlc1_s37p2bIQGBV-ueQhrFErR8_rQgkEu4dw_A/edit?gid=1105689284#gid=1105689284"",""E1 vs E3!K24"")"),16.0) -> 16 | E24: =IFERROR(__xludf.DUMMYFUNCTION("IMPORTRANGE(""https://docs.google.com/spreadsheets/d/1gvVcUWK0DrU9Prr-pNKoq3-2DQjDQ1i9v2BBpB5lu8o/edit?gid=1105689284#gid=1105689284"",""E1 vs E4!K24"")"),16.0) -> 16 | F24: =IFERROR(__xludf.DUMMYFUNCTION("IMPORTRANGE(""https://docs.google.com/spreadsheets/d/1ZyVAgyLL_HCFyUsFR06BNJrd3d8klI6YuciQugxLR6o/edit?gid=1105689284#gid=1105689284"",""E1 vs E5!K24"")"),8.0) -> 8 | G24: =IFERROR(__xludf.DUMMYFUNCTION("IMPORTRANGE(""https://docs.google.com/spreadsheets/d/1Iv6yZlS3FQWzzgGpdJyYBvJdrkdMPqx_bl527u5CA1U/edit?gid=1105689284#gid=1105689284"",""E1 vs E6!K24"")"),12.0) -> 12 | I24: F1 | K24: =IFERROR(__xludf.DUMMYFUNCTION("IMPORTRANGE(""https://docs.google.com/spreadsheets/d/13_UcftIhRFc8Wdh5sQ-JghNmvplAeKYrOfyqerMoP4E/edit?gid=2010738230#gid=2010738230"",""F1 vs F2!K24"")"),90.0) -> 90 | L24: =IFERROR(__xludf.DUMMYFUNCTION("IMPORTRANGE(""https://docs.google.com/spreadsheets/d/1iErVLlc1_s37p2bIQGBV-ueQhrFErR8_rQgkEu4dw_A/edit?gid=1105689284#gid=1105689284"",""F1 vs F3!K24"")"),70.0) -> 70 | M24: =IFERROR(__xludf.DUMMYFUNCTION("IMPORTRANGE(""https://docs.google.com/spreadsheets/d/1gvVcUWK0DrU9Prr-pNKoq3-2DQjDQ1i9v2BBpB5lu8o/edit?gid=1105689284#gid=1105689284"",""F1 vs F4!K24"")"),64.0) -> 64 | N24: =IFERROR(__xludf.DUMMYFUNCTION("IMPORTRANGE(""https://docs.google.com/spreadsheets/d/1ZyVAgyLL_HCFyUsFR06BNJrd3d8klI6YuciQugxLR6o/edit?gid=1105689284#gid=1105689284"",""F1 vs F5!K24"")"),50.0) -> 50 | O24: =IFERROR(__xludf.DUMMYFUNCTION("IMPORTRANGE(""https://docs.google.com/spreadsheets/d/1Iv6yZlS3FQWzzgGpdJyYBvJdrkdMPqx_bl527u5CA1U/edit?gid=1105689284#gid=1105689284"",""F1 vs F6!K24"")"),28.0) -> 28
A25: E2 | B25: =IFERROR(__xludf.DUMMYFUNCTION("IMPORTRANGE(""https://docs.google.com/spreadsheets/d/13_UcftIhRFc8Wdh5sQ-JghNmvplAeKYrOfyqerMoP4E/edit?gid=2010738230#gid=2010738230"",""E1 vs E2!T24"")"),246.0) -> 246 | D25: =IFERROR(__xludf.DUMMYFUNCTION("IMPORTRANGE(""https://docs.google.com/spreadsheets/d/1gvVcUWK0DrU9Prr-pNKoq3-2DQjDQ1i9v2BBpB5lu8o/edit?gid=1105689284#gid=1105689284"",""E2 vs E3!K24"")"),94.0) -> 94 | E25: =IFERROR(__xludf.DUMMYFUNCTION("IMPORTRANGE(""https://docs.google.com/spreadsheets/d/1ZyVAgyLL_HCFyUsFR06BNJrd3d8klI6YuciQugxLR6o/edit?gid=1105689284#gid=1105689284"",""E2 vs E4!K24"")"),118.0) -> 118 | F25: =IFERROR(__xludf.DUMMYFUNCTION("IMPORTRANGE(""https://docs.google.com/spreadsheets/d/1Iv6yZlS3FQWzzgGpdJyYBvJdrkdMPqx_bl527u5CA1U/edit?gid=1105689284#gid=1105689284"",""E2 vs E5!K24"")"),72.0) -> 72 | G25: =IFERROR(__xludf.DUMMYFUNCTION("IMPORTRANGE(""https://docs.google.com/spreadsheets/d/1iErVLlc1_s37p2bIQGBV-ueQhrFErR8_rQgkEu4dw_A/edit?gid=1105689284#gid=1105689284"",""E2 vs E6!K24"")"),130.0) -> 130 | I25: F2 | J25: =IFERROR(__xludf.DUMMYFUNCTION("IMPORTRANGE(""https://docs.google.com/spreadsheets/d/13_UcftIhRFc8Wdh5sQ-JghNmvplAeKYrOfyqerMoP4E/edit?gid=2010738230#gid=2010738230"",""F1 vs F2!T24"")"),90.0) -> 90 | L25: =IFERROR(__xludf.DUMMYFUNCTION("IMPORTRANGE(""https://docs.google.com/spreadsheets/d/1gvVcUWK0DrU9Prr-pNKoq3-2DQjDQ1i9v2BBpB5lu8o/edit?gid=1105689284#gid=1105689284"",""F2 vs F3!K24"")"),58.0) -> 58 | M25: =IFERROR(__xludf.DUMMYFUNCTION("IMPORTRANGE(""https://docs.google.com/spreadsheets/d/1ZyVAgyLL_HCFyUsFR06BNJrd3d8klI6YuciQugxLR6o/edit?gid=1105689284#gid=1105689284"",""F2 vs F4!K24"")"),46.0) -> 46 | N25: =IFERROR(__xludf.DUMMYFUNCTION("IMPORTRANGE(""https://docs.google.com/spreadsheets/d/1Iv6yZlS3FQWzzgGpdJyYBvJdrkdMPqx_bl527u5CA1U/edit?gid=1105689284#gid=1105689284"",""F2 vs F5!K24"")"),66.0) -> 66 | O25: =IFERROR(__xludf.DUMMYFUNCTION("IMPORTRANGE(""https://docs.google.com/spreadsheets/d/1iErVLlc1_s37p2bIQGBV-ueQhrFErR8_rQgkEu4dw_A/edit?gid=1105689284#gid=1105689284"",""F2 vs F6!K24"")"),94.0) -> 94
A26: E3 | B26: =IFERROR(__xludf.DUMMYFUNCTION("IMPORTRANGE(""https://docs.google.com/spreadsheets/d/1iErVLlc1_s37p2bIQGBV-ueQhrFErR8_rQgkEu4dw_A/edit?gid=1105689284#gid=1105689284"",""E1 vs E3!T24"")"),162.0) -> 162 | C26: =IFERROR(__xludf.DUMMYFUNCTION("IMPORTRANGE(""https://docs.google.com/spreadsheets/d/1gvVcUWK0DrU9Prr-pNKoq3-2DQjDQ1i9v2BBpB5lu8o/edit?gid=1105689284#gid=1105689284"",""E2 vs E3!T24"")"),90.0) -> 90 | E26: =IFERROR(__xludf.DUMMYFUNCTION("IMPORTRANGE(""https://docs.google.com/spreadsheets/d/1Iv6yZlS3FQWzzgGpdJyYBvJdrkdMPqx_bl527u5CA1U/edit?gid=1105689284#gid=1105689284"",""E3 vs E4!K24"")"),86.0) -> 86 | F26: =IFERROR(__xludf.DUMMYFUNCTION("IMPORTRANGE(""https://docs.google.com/spreadsheets/d/13_UcftIhRFc8Wdh5sQ-JghNmvplAeKYrOfyqerMoP4E/edit?gid=2010738230#gid=2010738230"",""E3 vs E5!K24"")"),60.0) -> 60 | G26: =IFERROR(__xludf.DUMMYFUNCTION("IMPORTRANGE(""https://docs.google.com/spreadsheets/d/1ZyVAgyLL_HCFyUsFR06BNJrd3d8klI6YuciQugxLR6o/edit?gid=1105689284#gid=1105689284"",""E3 vs E6!K24"")"),186.0) -> 186 | I26: F3 | J26: =IFERROR(__xludf.DUMMYFUNCTION("IMPORTRANGE(""https://docs.google.com/spreadsheets/d/1iErVLlc1_s37p2bIQGBV-ueQhrFErR8_rQgkEu4dw_A/edit?gid=1105689284#gid=1105689284"",""F1 vs F3!T24"")"),166.0) -> 166 | K26: =IFERROR(__xludf.DUMMYFUNCTION("IMPORTRANGE(""https://docs.google.com/spreadsheets/d/1gvVcUWK0DrU9Prr-pNKoq3-2DQjDQ1i9v2BBpB5lu8o/edit?gid=1105689284#gid=1105689284"",""F2 vs F3!T24"")"),156.0) -> 156 | M26: =IFERROR(__xludf.DUMMYFUNCTION("IMPORTRANGE(""https://docs.google.com/spreadsheets/d/1Iv6yZlS3FQWzzgGpdJyYBvJdrkdMPqx_bl527u5CA1U/edit?gid=1105689284#gid=1105689284"",""F3 vs F4!K24"")"),124.0) -> 124 | N26: =IFERROR(__xludf.DUMMYFUNCTION("IMPORTRANGE(""https://docs.google.com/spreadsheets/d/13_UcftIhRFc8Wdh5sQ-JghNmvplAeKYrOfyqerMoP4E/edit?gid=2010738230#gid=2010738230"",""F3 vs F5!K24"")"),166.0) -> 166 | O26: =IFERROR(__xludf.DUMMYFUNCTION("IMPORTRANGE(""https://docs.google.com/spreadsheets/d/1ZyVAgyLL_HCFyUsFR06BNJrd3d8klI6YuciQugxLR6o/edit?gid=1105689284#gid=1105689284"",""F3 vs F6!K24"")"),138.0) -> 138
A27: E4 | B27: =IFERROR(__xludf.DUMMYFUNCTION("IMPORTRANGE(""https://docs.google.com/spreadsheets/d/1gvVcUWK0DrU9Prr-pNKoq3-2DQjDQ1i9v2BBpB5lu8o/edit?gid=1105689284#gid=1105689284"",""E1 vs E4!T24"")"),78.0) -> 78 | C27: =IFERROR(__xludf.DUMMYFUNCTION("IMPORTRANGE(""https://docs.google.com/spreadsheets/d/1ZyVAgyLL_HCFyUsFR06BNJrd3d8klI6YuciQugxLR6o/edit?gid=1105689284#gid=1105689284"",""E2 vs E4!T24"")"),76.0) -> 76 | D27: =IFERROR(__xludf.DUMMYFUNCTION("IMPORTRANGE(""https://docs.google.com/spreadsheets/d/1Iv6yZlS3FQWzzgGpdJyYBvJdrkdMPqx_bl527u5CA1U/edit?gid=1105689284#gid=1105689284"",""E3 vs E4!T24"")"),72.0) -> 72 | F27: =IFERROR(__xludf.DUMMYFUNCTION("IMPORTRANGE(""https://docs.google.com/spreadsheets/d/1iErVLlc1_s37p2bIQGBV-ueQhrFErR8_rQgkEu4dw_A/edit?gid=1105689284#gid=1105689284"",""E4 vs E5!K24"")"),62.0) -> 62 | G27: =IFERROR(__xludf.DUMMYFUNCTION("IMPORTRANGE(""https://docs.google.com/spreadsheets/d/13_UcftIhRFc8Wdh5sQ-JghNmvplAeKYrOfyqerMoP4E/edit?gid=2010738230#gid=2010738230"",""E4 vs E6!K24"")"),148.0) -> 148 | I27: F4 | J27: =IFERROR(__xludf.DUMMYFUNCTION("IMPORTRANGE(""https://docs.google.com/spreadsheets/d/1gvVcUWK0DrU9Prr-pNKoq3-2DQjDQ1i9v2BBpB5lu8o/edit?gid=1105689284#gid=1105689284"",""F1 vs F4!T24"")"),160.0) -> 160 | K27: =IFERROR(__xludf.DUMMYFUNCTION("IMPORTRANGE(""https://docs.google.com/spreadsheets/d/1ZyVAgyLL_HCFyUsFR06BNJrd3d8klI6YuciQugxLR6o/edit?gid=1105689284#gid=1105689284"",""F2 vs F4!T24"")"),180.0) -> 180 | L27: =IFERROR(__xludf.DUMMYFUNCTION("IMPORTRANGE(""https://docs.google.com/spreadsheets/d/1Iv6yZlS3FQWzzgGpdJyYBvJdrkdMPqx_bl527u5CA1U/edit?gid=1105689284#gid=1105689284"",""F3 vs F4!T24"")"),114.0) -> 114 | N27: =IFERROR(__xludf.DUMMYFUNCTION("IMPORTRANGE(""https://docs.google.com/spreadsheets/d/1iErVLlc1_s37p2bIQGBV-ueQhrFErR8_rQgkEu4dw_A/edit?gid=1105689284#gid=1105689284"",""F4 vs F5!K24"")"),174.0) -> 174 | O27: =IFERROR(__xludf.DUMMYFUNCTION("IMPORTRANGE(""https://docs.google.com/spreadsheets/d/13_UcftIhRFc8Wdh5sQ-JghNmvplAeKYrOfyqerMoP4E/edit?gid=2010738230#gid=2010738230"",""F4 vs F6!K24"")"),220.0) -> 220
A28: E5 | B28: =IFERROR(__xludf.DUMMYFUNCTION("IMPORTRANGE(""https://docs.google.com/spreadsheets/d/1ZyVAgyLL_HCFyUsFR06BNJrd3d8klI6YuciQugxLR6o/edit?gid=1105689284#gid=1105689284"",""E1 vs E5!T24"")"),126.0) -> 126 | C28: =IFERROR(__xludf.DUMMYFUNCTION("IMPORTRANGE(""https://docs.google.com/spreadsheets/d/1Iv6yZlS3FQWzzgGpdJyYBvJdrkdMPqx_bl527u5CA1U/edit?gid=1105689284#gid=1105689284"",""E2 vs E5!T24"")"),106.0) -> 106 | D28: =IFERROR(__xludf.DUMMYFUNCTION("IMPORTRANGE(""https://docs.google.com/spreadsheets/d/13_UcftIhRFc8Wdh5sQ-JghNmvplAeKYrOfyqerMoP4E/edit?gid=2010738230#gid=2010738230"",""E3 vs E5!T24"")"),190.0) -> 190 | E28: =IFERROR(__xludf.DUMMYFUNCTION("IMPORTRANGE(""https://docs.google.com/spreadsheets/d/1iErVLlc1_s37p2bIQGBV-ueQhrFErR8_rQgkEu4dw_A/edit?gid=1105689284#gid=1105689284"",""E4 vs E5!T24"")"),152.0) -> 152 | G28: =IFERROR(__xludf.DUMMYFUNCTION("IMPORTRANGE(""https://docs.google.com/spreadsheets/d/1gvVcUWK0DrU9Prr-pNKoq3-2DQjDQ1i9v2BBpB5lu8o/edit?gid=1105689284#gid=1105689284"",""E5 vs E6!K24"")"),132.0) -> 132 | I28: F5 | J28: =IFERROR(__xludf.DUMMYFUNCTION("IMPORTRANGE(""https://docs.google.com/spreadsheets/d/1ZyVAgyLL_HCFyUsFR06BNJrd3d8klI6YuciQugxLR6o/edit?gid=1105689284#gid=1105689284"",""F1 vs F5!T24"")"),50.0) -> 50 | K28: =IFERROR(__xludf.DUMMYFUNCTION("IMPORTRANGE(""https://docs.google.com/spreadsheets/d/1Iv6yZlS3FQWzzgGpdJyYBvJdrkdMPqx_bl527u5CA1U/edit?gid=1105689284#gid=1105689284"",""F2 vs F5!T24"")"),46.0) -> 46 | L28: =IFERROR(__xludf.DUMMYFUNCTION("IMPORTRANGE(""https://docs.google.com/spreadsheets/d/13_UcftIhRFc8Wdh5sQ-JghNmvplAeKYrOfyqerMoP4E/edit?gid=2010738230#gid=2010738230"",""F3 vs F5!T24"")"),94.0) -> 94 | M28: =IFERROR(__xludf.DUMMYFUNCTION("IMPORTRANGE(""https://docs.google.com/spreadsheets/d/1iErVLlc1_s37p2bIQGBV-ueQhrFErR8_rQgkEu4dw_A/edit?gid=1105689284#gid=1105689284"",""F4 vs F5!T24"")"),66.0) -> 66 | O28: =IFERROR(__xludf.DUMMYFUNCTION("IMPORTRANGE(""https://docs.google.com/spreadsheets/d/1gvVcUWK0DrU9Prr-pNKoq3-2DQjDQ1i9v2BBpB5lu8o/edit?gid=1105689284#gid=1105689284"",""F5 vs F6!K24"")"),38.0) -> 38
A29: E6 | B29: =IFERROR(__xludf.DUMMYFUNCTION("IMPORTRANGE(""https://docs.google.com/spreadsheets/d/1Iv6yZlS3FQWzzgGpdJyYBvJdrkdMPqx_bl527u5CA1U/edit?gid=1105689284#gid=1105689284"",""E1 vs E6!T24"")"),44.0) -> 44 | C29: =IFERROR(__xludf.DUMMYFUNCTION("IMPORTRANGE(""https://docs.google.com/spreadsheets/d/1iErVLlc1_s37p2bIQGBV-ueQhrFErR8_rQgkEu4dw_A/edit?gid=1105689284#gid=1105689284"",""E2 vs E6!T24"")"),76.0) -> 76 | D29: =IFERROR(__xludf.DUMMYFUNCTION("IMPORTRANGE(""https://docs.google.com/spreadsheets/d/1ZyVAgyLL_HCFyUsFR06BNJrd3d8klI6YuciQugxLR6o/edit?gid=1105689284#gid=1105689284"",""E3 vs E6!T24"")"),42.0) -> 42 | E29: =IFERROR(__xludf.DUMMYFUNCTION("IMPORTRANGE(""https://docs.google.com/spreadsheets/d/13_UcftIhRFc8Wdh5sQ-JghNmvplAeKYrOfyqerMoP4E/edit?gid=2010738230#gid=2010738230"",""E4 vs E6!T24"")"),72.0) -> 72 | F29: =IFERROR(__xludf.DUMMYFUNCTION("IMPORTRANGE(""https://docs.google.com/spreadsheets/d/1gvVcUWK0DrU9Prr-pNKoq3-2DQjDQ1i9v2BBpB5lu8o/edit?gid=1105689284#gid=1105689284"",""E5 vs E6!T24"")"),40.0) -> 40 | I29: F6 | J29: =IFERROR(__xludf.DUMMYFUNCTION("IMPORTRANGE(""https://docs.google.com/spreadsheets/d/1Iv6yZlS3FQWzzgGpdJyYBvJdrkdMPqx_bl527u5CA1U/edit?gid=1105689284#gid=1105689284"",""F1 vs F6!T24"")"),114.0) -> 114 | K29: =IFERROR(__xludf.DUMMYFUNCTION("IMPORTRANGE(""https://docs.google.com/spreadsheets/d/1iErVLlc1_s37p2bIQGBV-ueQhrFErR8_rQgkEu4dw_A/edit?gid=1105689284#gid=1105689284"",""F2 vs F6!T24"")"),72.0) -> 72 | L29: =IFERROR(__xludf.DUMMYFUNCTION("IMPORTRANGE(""https://docs.google.com/spreadsheets/d/1ZyVAgyLL_HCFyUsFR06BNJrd3d8klI6YuciQugxLR6o/edit?gid=1105689284#gid=1105689284"",""F3 vs F6!T24"")"),50.0) -> 50 | M29: =IFERROR(__xludf.DUMMYFUNCTION("IMPORTRANGE(""https://docs.google.com/spreadsheets/d/13_UcftIhRFc8Wdh5sQ-JghNmvplAeKYrOfyqerMoP4E/edit?gid=2010738230#gid=2010738230"",""F4 vs F6!T24"")"),14.0) -> 14 | N29: =IFERROR(__xludf.DUMMYFUNCTION("IMPORTRANGE(""https://docs.google.com/spreadsheets/d/1gvVcUWK0DrU9Prr-pNKoq3-2DQjDQ1i9v2BBpB5lu8o/edit?gid=1105689284#gid=1105689284"",""F5 vs F6!T24"")"),80.0) -> 80
A31: Godwits
A32: =SUM(B33:G38) -> 2660 | B32: {=INDEX(A33,0)} -> G1 | C32: {=INDEX(A34,0)} -> G2 | D32: {=INDEX(A35,0)} -> G3 | E32: {=INDEX(A36,0)} -> G4 | F32: {=INDEX(A37,0)} -> G5 | G32: {=INDEX(A38,0)} -> G6
A33: G1 | C33: =IFERROR(__xludf.DUMMYFUNCTION("IMPORTRANGE(""https://docs.google.com/spreadsheets/d/13_UcftIhRFc8Wdh5sQ-JghNmvplAeKYrOfyqerMoP4E/edit?gid=2010738230#gid=2010738230"",""G1 vs G2!K24"")"),130.0) -> 130 | D33: =IFERROR(__xludf.DUMMYFUNCTION("IMPORTRANGE(""https://docs.google.com/spreadsheets/d/1iErVLlc1_s37p2bIQGBV-ueQhrFErR8_rQgkEu4dw_A/edit?gid=1105689284#gid=1105689284"",""G1 vs G3!K24"")"),146.0) -> 146 | E33: =IFERROR(__xludf.DUMMYFUNCTION("IMPORTRANGE(""https://docs.google.com/spreadsheets/d/1gvVcUWK0DrU9Prr-pNKoq3-2DQjDQ1i9v2BBpB5lu8o/edit?gid=1105689284#gid=1105689284"",""G1 vs G4!K24"")"),60.0) -> 60 | F33: =IFERROR(__xludf.DUMMYFUNCTION("IMPORTRANGE(""https://docs.google.com/spreadsheets/d/1ZyVAgyLL_HCFyUsFR06BNJrd3d8klI6YuciQugxLR6o/edit?gid=1105689284#gid=1105689284"",""G1 vs G5!K24"")"),36.0) -> 36 | G33: =IFERROR(__xludf.DUMMYFUNCTION("IMPORTRANGE(""https://docs.google.com/spreadsheets/d/1Iv6yZlS3FQWzzgGpdJyYBvJdrkdMPqx_bl527u5CA1U/edit?gid=1105689284#gid=1105689284"",""G1 vs G6!K24"")"),100.0) -> 100
A34: G2 | B34: =IFERROR(__xludf.DUMMYFUNCTION("IMPORTRANGE(""https://docs.google.com/spreadsheets/d/13_UcftIhRFc8Wdh5sQ-JghNmvplAeKYrOfyqerMoP4E/edit?gid=2010738230#gid=2010738230"",""G1 vs G2!T24"")"),138.0) -> 138 | D34: =IFERROR(__xludf.DUMMYFUNCTION("IMPORTRANGE(""https://docs.google.com/spreadsheets/d/1gvVcUWK0DrU9Prr-pNKoq3-2DQjDQ1i9v2BBpB5lu8o/edit?gid=1105689284#gid=1105689284"",""G2 vs G3!K24"")"),170.0) -> 170 | E34: =IFERROR(__xludf.DUMMYFUNCTION("IMPORTRANGE(""https://docs.google.com/spreadsheets/d/1ZyVAgyLL_HCFyUsFR06BNJrd3d8klI6YuciQugxLR6o/edit?gid=1105689284#gid=1105689284"",""G2 vs G4!K24"")"),194.0) -> 194 | F34: =IFERROR(__xludf.DUMMYFUNCTION("IMPORTRANGE(""https://docs.google.com/spreadsheets/d/1Iv6yZlS3FQWzzgGpdJyYBvJdrkdMPqx_bl527u5CA1U/edit?gid=1105689284#gid=1105689284"",""G2 vs G5!K24"")"),122.0) -> 122 | G34: =IFERROR(__xludf.DUMMYFUNCTION("IMPORTRANGE(""https://docs.google.com/spreadsheets/d/1iErVLlc1_s37p2bIQGBV-ueQhrFErR8_rQgkEu4dw_A/edit?gid=1105689284#gid=1105689284"",""G2 vs G6!K24"")"),122.0) -> 122
A35: G3 | B35: =IFERROR(__xludf.DUMMYFUNCTION("IMPORTRANGE(""https://docs.google.com/spreadsheets/d/1iErVLlc1_s37p2bIQGBV-ueQhrFErR8_rQgkEu4dw_A/edit?gid=1105689284#gid=1105689284"",""G1 vs G3!T24"")"),24.0) -> 24 | C35: =IFERROR(__xludf.DUMMYFUNCTION("IMPORTRANGE(""https://docs.google.com/spreadsheets/d/1gvVcUWK0DrU9Prr-pNKoq3-2DQjDQ1i9v2BBpB5lu8o/edit?gid=1105689284#gid=1105689284"",""G2 vs G3!T24"")"),26.0) -> 26 | E35: =IFERROR(__xludf.DUMMYFUNCTION("IMPORTRANGE(""https://docs.google.com/spreadsheets/d/1Iv6yZlS3FQWzzgGpdJyYBvJdrkdMPqx_bl527u5CA1U/edit?gid=1105689284#gid=1105689284"",""G3 vs G4!K24"")"),48.0) -> 48 | F35: =IFERROR(__xludf.DUMMYFUNCTION("IMPORTRANGE(""https://docs.google.com/spreadsheets/d/13_UcftIhRFc8Wdh5sQ-JghNmvplAeKYrOfyqerMoP4E/edit?gid=2010738230#gid=2010738230"",""G3 vs G5!K24"")"),36.0) -> 36 | G35: =IFERROR(__xludf.DUMMYFUNCTION("IMPORTRANGE(""https://docs.google.com/spreadsheets/d/1ZyVAgyLL_HCFyUsFR06BNJrd3d8klI6YuciQugxLR6o/edit?gid=1105689284#gid=1105689284"",""G3 vs G6!K24"")"),18.0) -> 18
A36: G4 | B36: =IFERROR(__xludf.DUMMYFUNCTION("IMPORTRANGE(""https://docs.google.com/spreadsheets/d/1gvVcUWK0DrU9Prr-pNKoq3-2DQjDQ1i9v2BBpB5lu8o/edit?gid=1105689284#gid=1105689284"",""G1 vs G4!T24"")"),80.0) -> 80 | C36: =IFERROR(__xludf.DUMMYFUNCTION("IMPORTRANGE(""https://docs.google.com/spreadsheets/d/1ZyVAgyLL_HCFyUsFR06BNJrd3d8klI6YuciQugxLR6o/edit?gid=1105689284#gid=1105689284"",""G2 vs G4!T24"")"),46.0) -> 46 | D36: =IFERROR(__xludf.DUMMYFUNCTION("IMPORTRANGE(""https://docs.google.com/spreadsheets/d/1Iv6yZlS3FQWzzgGpdJyYBvJdrkdMPqx_bl527u5CA1U/edit?gid=1105689284#gid=1105689284"",""G3 vs G4!T24"")"),72.0) -> 72 | F36: =IFERROR(__xludf.DUMMYFUNCTION("IMPORTRANGE(""https://docs.google.com/spreadsheets/d/1iErVLlc1_s37p2bIQGBV-ueQhrFErR8_rQgkEu4dw_A/edit?gid=1105689284#gid=1105689284"",""G4 vs G5!K24"")"),76.0) -> 76 | G36: =IFERROR(__xludf.DUMMYFUNCTION("IMPORTRANGE(""https://docs.google.com/spreadsheets/d/13_UcftIhRFc8Wdh5sQ-JghNmvplAeKYrOfyqerMoP4E/edit?gid=2010738230#gid=2010738230"",""G4 vs G6!K24"")"),88.0) -> 88
A37: G5 | B37: =IFERROR(__xludf.DUMMYFUNCTION("IMPORTRANGE(""https://docs.google.com/spreadsheets/d/1ZyVAgyLL_HCFyUsFR06BNJrd3d8klI6YuciQugxLR6o/edit?gid=1105689284#gid=1105689284"",""G1 vs G5!T24"")"),138.0) -> 138 | C37: =IFERROR(__xludf.DUMMYFUNCTION("IMPORTRANGE(""https://docs.google.com/spreadsheets/d/1Iv6yZlS3FQWzzgGpdJyYBvJdrkdMPqx_bl527u5CA1U/edit?gid=1105689284#gid=1105689284"",""G2 vs G5!T24"")"),64.0) -> 64 | D37: =IFERROR(__xludf.DUMMYFUNCTION("IMPORTRANGE(""https://docs.google.com/spreadsheets/d/13_UcftIhRFc8Wdh5sQ-JghNmvplAeKYrOfyqerMoP4E/edit?gid=2010738230#gid=2010738230"",""G3 vs G5!T24"")"),140.0) -> 140 | E37: =IFERROR(__xludf.DUMMYFUNCTION("IMPORTRANGE(""https://docs.google.com/spreadsheets/d/1iErVLlc1_s37p2bIQGBV-ueQhrFErR8_rQgkEu4dw_A/edit?gid=1105689284#gid=1105689284"",""G4 vs G5!T24"")"),126.0) -> 126 | G37: =IFERROR(__xludf.DUMMYFUNCTION("IMPORTRANGE(""https://docs.google.com/spreadsheets/d/1gvVcUWK0DrU9Prr-pNKoq3-2DQjDQ1i9v2BBpB5lu8o/edit?gid=1105689284#gid=1105689284"",""G5 vs G6!K24"")"),76.0) -> 76
A38: G6 | B38: =IFERROR(__xludf.DUMMYFUNCTION("IMPORTRANGE(""https://docs.google.com/spreadsheets/d/1Iv6yZlS3FQWzzgGpdJyYBvJdrkdMPqx_bl527u5CA1U/edit?gid=1105689284#gid=1105689284"",""G1 vs G6!T24"")"),58.0) -> 58 | C38: =IFERROR(__xludf.DUMMYFUNCTION("IMPORTRANGE(""https://docs.google.com/spreadsheets/d/1iErVLlc1_s37p2bIQGBV-ueQhrFErR8_rQgkEu4dw_A/edit?gid=1105689284#gid=1105689284"",""G2 vs G6!T24"")"),60.0) -> 60 | D38: =IFERROR(__xludf.DUMMYFUNCTION("IMPORTRANGE(""https://docs.google.com/spreadsheets/d/1ZyVAgyLL_HCFyUsFR06BNJrd3d8klI6YuciQugxLR6o/edit?gid=1105689284#gid=1105689284"",""G3 vs G6!T24"")"),102.0) -> 102 | E38: =IFERROR(__xludf.DUMMYFUNCTION("IMPORTRANGE(""https://docs.google.com/spreadsheets/d/13_UcftIhRFc8Wdh5sQ-JghNmvplAeKYrOfyqerMoP4E/edit?gid=2010738230#gid=2010738230"",""G4 vs G6!T24"")"),92.0) -> 92 | F38: =IFERROR(__xludf.DUMMYFUNCTION("IMPORTRANGE(""https://docs.google.com/spreadsheets/d/1gvVcUWK0DrU9Prr-pNKoq3-2DQjDQ1i9v2BBpB5lu8o/edit?gid=1105689284#gid=1105689284"",""G5 vs G6!T24"")"),72.0) -> 72

Sheet DE Seeding
A1: DE Seeding
A2: Code | B2: School | C2: DE Score | D2: Total Points | E2: Games Won
A3: D3 | B3: Montgomery Blair | C3: =SUM(LiveScoresheet!J17:O17) +LiveScoresheet!I14*0.0211+IF(LiveScoresheet!J17>LiveScoresheet!L15, 100, MAX(LiveScoresheet!J17-LiveScoresheet!L15+50,0))+IF(LiveScoresheet!K17>LiveScoresheet!L16, 100, MAX(LiveScoresheet!K17-LiveScoresheet!L16+50,0))+IF(LiveScoresheet!M17>LiveScoresheet!L18, 100, MAX(LiveScoresheet!M17-LiveScoresheet!L18+50,0))+IF(LiveScoresheet!N17>LiveScoresheet!L19, 100, MAX(LiveScoresheet!N17-LiveScoresheet!L19+50,0))+IF(LiveScoresheet!O17>LiveScoresheet!L20, 100, MAX(LiveScoresheet!O17-LiveScoresheet!L20+50,0)) -> 1473.7718 | D3: =SUM(LiveScoresheet!J17:O17) -> 916 | E3: =0+IF(LiveScoresheet!J17>LiveScoresheet!L15, 1, 0)+IF(LiveScoresheet!K17>LiveScoresheet!L16, 1, 0)+IF(LiveScoresheet!M17>LiveScoresheet!L18, 1, 0)+IF(LiveScoresheet!N17>LiveScoresheet!L19, 1, 0)+IF(LiveScoresheet!O17>LiveScoresheet!L20, 1, 0) -> 5
A4: A2 | B4: Lynbrook 1 | C4: =SUM(LiveScoresheet!B7:G7) +LiveScoresheet!A5*0.0211+IF(LiveScoresheet!B7>LiveScoresheet!C6, 100, MAX(LiveScoresheet!B7-LiveScoresheet!C6+50,0))+IF(LiveScoresheet!D7>LiveScoresheet!C8, 100, MAX(LiveScoresheet!D7-LiveScoresheet!C8+50,0))+IF(LiveScoresheet!E7>LiveScoresheet!C9, 100, MAX(LiveScoresheet!E7-LiveScoresheet!C9+50,0))+IF(LiveScoresheet!F7>LiveScoresheet!C10, 100, MAX(LiveScoresheet!F7-LiveScoresheet!C10+50,0))+IF(LiveScoresheet!G7>LiveScoresheet!C11, 100, MAX(LiveScoresheet!G7-LiveScoresheet!C11+50,0)) -> 1416.4546 | D4: =SUM(LiveScoresheet!B7:G7) -> 864 | E4: =0+IF(LiveScoresheet!B7>LiveScoresheet!C6, 1, 0)+IF(LiveScoresheet!D7>LiveScoresheet!C8, 1, 0)+IF(LiveScoresheet!E7>LiveScoresheet!C9, 1, 0)+IF(LiveScoresheet!F7>LiveScoresheet!C10, 1, 0)+IF(LiveScoresheet!G7>LiveScoresheet!C11, 1, 0) -> 5
A5: F4 | B5: North Hollywood 1 | C5: =SUM(LiveScoresheet!J27:O27) +LiveScoresheet!I23*0.0211+IF(LiveScoresheet!J27>LiveScoresheet!M24, 100, MAX(LiveScoresheet!J27-LiveScoresheet!M24+50,0))+IF(LiveScoresheet!K27>LiveScoresheet!M25, 100, MAX(LiveScoresheet!K27-LiveScoresheet!M25+50,0))+IF(LiveScoresheet!L27>LiveScoresheet!M26, 100, MAX(LiveScoresheet!L27-LiveScoresheet!M26+50,0))+IF(LiveScoresheet!N27>LiveScoresheet!M28, 100, MAX(LiveScoresheet!N27-LiveScoresheet!M28+50,0))+IF(LiveScoresheet!O27>LiveScoresheet!M29, 100, MAX(LiveScoresheet!O27-LiveScoresheet!M29+50,0)) -> 1348.7258 | D5: =SUM(LiveScoresheet!J27:O27) -> 848 | E5: =0+IF(LiveScoresheet!J27>LiveScoresheet!M24, 1, 0)+IF(LiveScoresheet!K27>LiveScoresheet!M25, 1, 0)+IF(LiveScoresheet!L27>LiveScoresheet!M26, 1, 0)+IF(LiveScoresheet!N27>LiveScoresheet!M28, 1, 0)+IF(LiveScoresheet!O27>LiveScoresheet!M29, 1, 0) -> 4
A6: B5 | B6: The Frazer School 1 | C6: =SUM(LiveScoresheet!J10:O10) +LiveScoresheet!I5*0.0211+IF(LiveScoresheet!J10>LiveScoresheet!N6, 100, MAX(LiveScoresheet!J10-LiveScoresheet!N6+50,0))+IF(LiveScoresheet!K10>LiveScoresheet!N7, 100, MAX(LiveScoresheet!K10-LiveScoresheet!N7+50,0))+IF(LiveScoresheet!L10>LiveScoresheet!N8, 100, MAX(LiveScoresheet!L10-LiveScoresheet!N8+50,0))+IF(LiveScoresheet!M10>LiveScoresheet!N9, 100, MAX(LiveScoresheet!M10-LiveScoresheet!N9+50,0))+IF(LiveScoresheet!O10>LiveScoresheet!N11, 100, MAX(LiveScoresheet!O10-LiveScoresheet!N11+50,0)) -> 1347.8984 | D6: =SUM(LiveScoresheet!J10:O10) -> 862 | E6: =0+IF(LiveScoresheet!J10>LiveScoresheet!N6, 1, 0)+IF(LiveScoresheet!K10>LiveScoresheet!N7, 1, 0)+IF(LiveScoresheet!L10>LiveScoresheet!N8, 1, 0)+IF(LiveScoresheet!M10>LiveScoresheet!N9, 1, 0)+IF(LiveScoresheet!O10>LiveScoresheet!N11, 1, 0) -> 4
A7: F3 | B7: Mission San Jose 1 | C7: =SUM(LiveScoresheet!J26:O26) +LiveScoresheet!I23*0.0211+IF(LiveScoresheet!J26>LiveScoresheet!L24, 100, MAX(LiveScoresheet!J26-LiveScoresheet!L24+50,0))+IF(LiveScoresheet!K26>LiveScoresheet!L25, 100, MAX(LiveScoresheet!K26-LiveScoresheet!L25+50,0))+IF(LiveScoresheet!M26>LiveScoresheet!L27, 100, MAX(LiveScoresheet!M26-LiveScoresheet!L27+50,0))+IF(LiveScoresheet!N26>LiveScoresheet!L28, 100, MAX(LiveScoresheet!N26-LiveScoresheet!L28+50,0))+IF(LiveScoresheet!O26>LiveScoresheet!L29, 100, MAX(LiveScoresheet!O26-LiveScoresheet!L29+50,0)) -> 1310.7258 | D7: =SUM(LiveScoresheet!J26:O26) -> 750 | E7: =0+IF(LiveScoresheet!J26>LiveScoresheet!L24, 1, 0)+IF(LiveScoresheet!K26>LiveScoresheet!L25, 1, 0)+IF(LiveScoresheet!M26>LiveScoresheet!L27, 1, 0)+IF(LiveScoresheet!N26>LiveScoresheet!L28, 1, 0)+IF(LiveScoresheet!O26>LiveScoresheet!L29, 1, 0) -> 5
A8: G2 | B8: Lakeside | C8: =SUM(LiveScoresheet!B34:G34) +LiveScoresheet!A32*0.0211+IF(LiveScoresheet!B34>LiveScoresheet!C33, 100, MAX(LiveScoresheet!B34-LiveScoresheet!C33+50,0))+IF(LiveScoresheet!D34>LiveScoresheet!C35, 100, MAX(LiveScoresheet!D34-LiveScoresheet!C35+50,0))+IF(LiveScoresheet!E34>LiveScoresheet!C36, 100, MAX(LiveScoresheet!E34-LiveScoresheet!C36+50,0))+IF(LiveScoresheet!F34>LiveScoresheet!C37, 100, MAX(LiveScoresheet!F34-LiveScoresheet!C37+50,0))+IF(LiveScoresheet!G34>LiveScoresheet!C38, 100, MAX(LiveScoresheet!G34-LiveScoresheet!C38+50,0)) -> 1302.126 | D8: =SUM(LiveScoresheet!B34:G34) -> 746 | E8: =0+IF(LiveScoresheet!B34>LiveScoresheet!C33, 1, 0)+IF(LiveScoresheet!D34>LiveScoresheet!C35, 1, 0)+IF(LiveScoresheet!E34>LiveScoresheet!C36, 1, 0)+IF(LiveScoresheet!F34>LiveScoresheet!C37, 1, 0)+IF(LiveScoresheet!G34>LiveScoresheet!C38, 1, 0) -> 5
A9: E5 | B9: TJHSST | C9: =SUM(LiveScoresheet!B28:G28) +LiveScoresheet!A23*0.0211+IF(LiveScoresheet!B28>LiveScoresheet!F24, 100, MAX(LiveScoresheet!B28-LiveScoresheet!F24+50,0))+IF(LiveScoresheet!C28>LiveScoresheet!F25, 100, MAX(LiveScoresheet!C28-LiveScoresheet!F25+50,0))+IF(LiveScoresheet!D28>LiveScoresheet!F16, 100, MAX(LiveScoresheet!D28-LiveScoresheet!F16+50,0))+IF(LiveScoresheet!E28>LiveScoresheet!F27, 100, MAX(LiveScoresheet!E28-LiveScoresheet!F27+50,0))+IF(LiveScoresheet!G28>LiveScoresheet!F29, 100, MAX(LiveScoresheet!G28-LiveScoresheet!F29+50,0)) -> 1263.5186 | D9: =SUM(LiveScoresheet!B28:G28) -> 706 | E9: =0+IF(LiveScoresheet!B28>LiveScoresheet!F24, 1, 0)+IF(LiveScoresheet!C28>LiveScoresheet!F25, 1, 0)+IF(LiveScoresheet!D28>LiveScoresheet!F26, 1, 0)+IF(LiveScoresheet!E28>LiveScoresheet!F27, 1, 0)+IF(LiveScoresheet!G28>LiveScoresheet!F29, 1, 0) -> 5
A10: E2 | B10: Iolani High School 1 | C10: =SUM(LiveScoresheet!B25:G25) +LiveScoresheet!A23*0.0211+IF(LiveScoresheet!B25>LiveScoresheet!C24, 100, MAX(LiveScoresheet!B25-LiveScoresheet!C24+50,0))+IF(LiveScoresheet!D25>LiveScoresheet!C16, 100, MAX(LiveScoresheet!D25-LiveScoresheet!C16+50,0))+IF(LiveScoresheet!E25>LiveScoresheet!C27, 100, MAX(LiveScoresheet!E25-LiveScoresheet!C27+50,0))+IF(LiveScoresheet!F25>LiveScoresheet!C28, 100, MAX(LiveScoresheet!F25-LiveScoresheet!C28+50,0))+IF(LiveScoresheet!G25>LiveScoresheet!C29, 100, MAX(LiveScoresheet!G25-LiveScoresheet!C29+50,0)) -> 1133.5186 | D10: =SUM(LiveScoresheet!B25:G25) -> 660 | E10: =0+IF(LiveScoresheet!B25>LiveScoresheet!C24, 1, 0)+IF(LiveScoresheet!D25>LiveScoresheet!C26, 1, 0)+IF(LiveScoresheet!E25>LiveScoresheet!C27, 1, 0)+IF(LiveScoresheet!F25>LiveScoresheet!C28, 1, 0)+IF(LiveScoresheet!G25>LiveScoresheet!C29, 1, 0) -> 4
A11: A6 | B11: Middleton | C11: =SUM(LiveScoresheet!B11:G11) +LiveScoresheet!A5*0.0211+IF(LiveScoresheet!B11>LiveScoresheet!G6, 100, MAX(LiveScoresheet!B11-LiveScoresheet!G6+50,0))+IF(LiveScoresheet!C11>LiveScoresheet!G7, 100, MAX(LiveScoresheet!C11-LiveScoresheet!G7+50,0))+IF(LiveScoresheet!D11>LiveScoresheet!G8, 100, MAX(LiveScoresheet!D11-LiveScoresheet!G8+50,0))+IF(LiveScoresheet!E11>LiveScoresheet!G9, 100, MAX(LiveScoresheet!E11-LiveScoresheet!G9+50,0))+IF(LiveScoresheet!F11>LiveScoresheet!G10, 100, MAX(LiveScoresheet!F11-LiveScoresheet!G10+50,0)) -> 1096.4546 | D11: =SUM(LiveScoresheet!B11:G11) -> 644 | E11: =0+IF(LiveScoresheet!B11>LiveScoresheet!G6, 1, 0)+IF(LiveScoresheet!C11>LiveScoresheet!G7, 1, 0)+IF(LiveScoresheet!D11>LiveScoresheet!G8, 1, 0)+IF(LiveScoresheet!E11>LiveScoresheet!G9, 1, 0)+IF(LiveScoresheet!F11>LiveScoresheet!G10, 1, 0) -> 4
A12: C2 | B12: West Windsor-Plainsboro NORTH 1 | C12: =SUM(LiveScoresheet!B16:G16) +LiveScoresheet!A14*0.0211+IF(LiveScoresheet!B16>LiveScoresheet!C15, 100, MAX(LiveScoresheet!B16-LiveScoresheet!C15+50,0))+IF(LiveScoresheet!D16>LiveScoresheet!C17, 100, MAX(LiveScoresheet!D16-LiveScoresheet!C17+50,0))+IF(LiveScoresheet!E16>LiveScoresheet!C18, 100, MAX(LiveScoresheet!E16-LiveScoresheet!C18+50,0))+IF(LiveScoresheet!F16>LiveScoresheet!C19, 100, MAX(LiveScoresheet!F16-LiveScoresheet!C19+50,0))+IF(LiveScoresheet!G16>LiveScoresheet!C20, 100, MAX(LiveScoresheet!G16-LiveScoresheet!C20+50,0)) -> 1077.594 | D12: =SUM(LiveScoresheet!B16:G16) -> 574 | E12: =0.5+IF(LiveScoresheet!B16>LiveScoresheet!C15, 1, 0)+IF(LiveScoresheet!D16>LiveScoresheet!C17, 1, 0)+IF(LiveScoresheet!E16>LiveScoresheet!C18, 1, 0)+IF(LiveScoresheet!F16>LiveScoresheet!C19, 1, 0)+IF(LiveScoresheet!G16>LiveScoresheet!C20, 1, 0) -> 4.5
A13: D4 | B13: Canyon Crest Academy 1 | C13: =SUM(LiveScoresheet!J18:O18) +LiveScoresheet!I14*0.0211+IF(LiveScoresheet!J18>LiveScoresheet!M15, 100, MAX(LiveScoresheet!J18-LiveScoresheet!M15+50,0))+IF(LiveScoresheet!K18>LiveScoresheet!M16, 100, MAX(LiveScoresheet!K18-LiveScoresheet!M16+50,0))+IF(LiveScoresheet!L18>LiveScoresheet!M17, 100, MAX(LiveScoresheet!L18-LiveScoresheet!M17+50,0))+IF(LiveScoresheet!N18>LiveScoresheet!M19, 100, MAX(LiveScoresheet!N18-LiveScoresheet!M19+50,0))+IF(LiveScoresheet!O18>LiveScoresheet!M20, 100, MAX(LiveScoresheet!O18-LiveScoresheet!M20+50,0)) -> 1073.7718 | D13: =SUM(LiveScoresheet!J18:O18) -> 616 | E13: =0+IF(LiveScoresheet!J18>LiveScoresheet!M15, 1, 0)+IF(LiveScoresheet!K18>LiveScoresheet!M16, 1, 0)+IF(LiveScoresheet!L18>LiveScoresheet!M17, 1, 0)+IF(LiveScoresheet!N18>LiveScoresheet!M19, 1, 0)+IF(LiveScoresheet!O18>LiveScoresheet!M20, 1, 0) -> 4
A14: B1 | B14: Niskayuna | C14: =SUM(LiveScoresheet!J6:O6) +LiveScoresheet!I5*0.0211+IF(LiveScoresheet!K6>LiveScoresheet!J7, 100, MAX(LiveScoresheet!K6-LiveScoresheet!J7+50,0))+IF(LiveScoresheet!L6>LiveScoresheet!J8, 100, MAX(LiveScoresheet!L6-LiveScoresheet!J8+50,0))+IF(LiveScoresheet!M6>LiveScoresheet!J9, 100, MAX(LiveScoresheet!M6-LiveScoresheet!J9+50,0))+IF(LiveScoresheet!N6>LiveScoresheet!J10, 100, MAX(LiveScoresheet!N6-LiveScoresheet!J10+50,0))+IF(LiveScoresheet!O6>LiveScoresheet!J11, 100, MAX(LiveScoresheet!O6-LiveScoresheet!J11+50,0)) -> 1059.8984 | D14: =SUM(LiveScoresheet!J6:O6) -> 560 | E14: =0+IF(LiveScoresheet!K6>LiveScoresheet!J7, 1, 0)+IF(LiveScoresheet!L6>LiveScoresheet!J8, 1, 0)+IF(LiveScoresheet!M6>LiveScoresheet!J9, 1, 0)+IF(LiveScoresheet!N6>LiveScoresheet!J10, 1, 0)+IF(LiveScoresheet!O6>LiveScoresheet!J11, 1, 0) -> 4
A15: B2 | B15: Interlake 1 | C15: =SUM(LiveScoresheet!J7:O7) +LiveScoresheet!I5*0.0211+IF(LiveScoresheet!J7>LiveScoresheet!K6, 100, MAX(LiveScoresheet!J7-LiveScoresheet!K6+50,0))+IF(LiveScoresheet!L7>LiveScoresheet!K8, 100, MAX(LiveScoresheet!L7-LiveScoresheet!K8+50,0))+IF(LiveScoresheet!M7>LiveScoresheet!K9, 100, MAX(LiveScoresheet!M7-LiveScoresheet!K9+50,0))+IF(LiveScoresheet!N7>LiveScoresheet!K10, 100, MAX(LiveScoresheet!N7-LiveScoresheet!K10+50,0))+IF(LiveScoresheet!O7>LiveScoresheet!K11, 100, MAX(LiveScoresheet!O7-LiveScoresheet!K11+50,0)) -> 1039.8984 | D15: =SUM(LiveScoresheet!J7:O7) -> 582 | E15: =0+IF(LiveScoresheet!J7>LiveScoresheet!K6, 1, 0)+IF(LiveScoresheet!L7>LiveScoresheet!K8, 1, 0)+IF(LiveScoresheet!M7>LiveScoresheet!K9, 1, 0)+IF(LiveScoresheet!N7>LiveScoresheet!K10, 1, 0)+IF(LiveScoresheet!O7>LiveScoresheet!K11, 1, 0) -> 4
A16: C6 | B16: Alabama School of Fine Arts 1 | C16: =SUM(LiveScoresheet!B20:G20) +LiveScoresheet!A14*0.0211+IF(LiveScoresheet!B20>LiveScoresheet!G15, 100, MAX(LiveScoresheet!B20-LiveScoresheet!G15+50,0))+IF(LiveScoresheet!C20>LiveScoresheet!G16, 100, MAX(LiveScoresheet!C20-LiveScoresheet!G16+50,0))+IF(LiveScoresheet!D20>LiveScoresheet!G17, 100, MAX(LiveScoresheet!D20-LiveScoresheet!G17+50,0))+IF(LiveScoresheet!E20>LiveScoresheet!G18, 100, MAX(LiveScoresheet!E20-LiveScoresheet!G18+50,0))+IF(LiveScoresheet!F20>LiveScoresheet!G19, 100, MAX(LiveScoresheet!F20-LiveScoresheet!G19+50,0)) -> 1035.594 | D16: =SUM(LiveScoresheet!B20:G20) -> 632 | E16: =0.5+IF(LiveScoresheet!B20>LiveScoresheet!G15, 1, 0)+IF(LiveScoresheet!C20>LiveScoresheet!G16, 1, 0)+IF(LiveScoresheet!D20>LiveScoresheet!G17, 1, 0)+IF(LiveScoresheet!E20>LiveScoresheet!G18, 1, 0)+IF(LiveScoresheet!F20>LiveScoresheet!G19, 1, 0) -> 3.5
A17: G5 | B17: Palo Alto 1 | C17: =SUM(LiveScoresheet!B37:G37) +LiveScoresheet!A32*0.0211+IF(LiveScoresheet!B37>LiveScoresheet!F33, 100, MAX(LiveScoresheet!B37-LiveScoresheet!F33+50,0))+IF(LiveScoresheet!C37>LiveScoresheet!F34, 100, MAX(LiveScoresheet!C37-LiveScoresheet!F34+50,0))+IF(LiveScoresheet!D37>LiveScoresheet!F35, 100, MAX(LiveScoresheet!D37-LiveScoresheet!F35+50,0))+IF(LiveScoresheet!E37>LiveScoresheet!F36, 100, MAX(LiveScoresheet!E37-LiveScoresheet!F36+50,0))+IF(LiveScoresheet!G37>LiveScoresheet!F38, 100, MAX(LiveScoresheet!G37-LiveScoresheet!F38+50,0)) -> 1000.126 | D17: =SUM(LiveScoresheet!B37:G37) -> 544 | E17: =0+IF(LiveScoresheet!B37>LiveScoresheet!F33, 1, 0)+IF(LiveScoresheet!C37>LiveScoresheet!F34, 1, 0)+IF(LiveScoresheet!D37>LiveScoresheet!F35, 1, 0)+IF(LiveScoresheet!E37>LiveScoresheet!F36, 1, 0)+IF(LiveScoresheet!G37>LiveScoresheet!F38, 1, 0) -> 4
A18: E3 | B18: Troy High School | C18: =SUM(LiveScoresheet!B26:G26) +LiveScoresheet!A23*0.0211+IF(LiveScoresheet!B26>LiveScoresheet!D24, 100, MAX(LiveScoresheet!B26-LiveScoresheet!D24+50,0))+IF(LiveScoresheet!C26>LiveScoresheet!D25, 100, MAX(LiveScoresheet!C26-LiveScoresheet!D25+50,0))+IF(LiveScoresheet!E26>LiveScoresheet!D27, 100, MAX(LiveScoresheet!E26-LiveScoresheet!D27+50,0))+IF(LiveScoresheet!F26>LiveScoresheet!D28, 100, MAX(LiveScoresheet!F26-LiveScoresheet!D28+50,0))+IF(LiveScoresheet!G26>LiveScoresheet!D29, 100, MAX(LiveScoresheet!G26-LiveScoresheet!D29+50,0)) -> 987.5186 | D18: =SUM(LiveScoresheet!B26:G26) -> 584 | E18: =0+IF(LiveScoresheet!B26>LiveScoresheet!D24, 1, 0)+IF(LiveScoresheet!C26>LiveScoresheet!D25, 1, 0)+IF(LiveScoresheet!E26>LiveScoresheet!D27, 1, 0)+IF(LiveScoresheet!F26>LiveScoresheet!D28, 1, 0)+IF(LiveScoresheet!G26>LiveScoresheet!D29, 1, 0) -> 3
A19: C3 | B19: Mission San Jose 2 | C19: =SUM(LiveScoresheet!B17:G17) +LiveScoresheet!A14*0.0211+IF(LiveScoresheet!B17>LiveScoresheet!D15, 100, MAX(LiveScoresheet!B17-LiveScoresheet!D15+50,0))+IF(LiveScoresheet!C17>LiveScoresheet!D16, 100, MAX(LiveScoresheet!C17-LiveScoresheet!D16+50,0))+IF(LiveScoresheet!E17>LiveScoresheet!D18, 100, MAX(LiveScoresheet!E17-LiveScoresheet!D18+50,0))+IF(LiveScoresheet!F17>LiveScoresheet!D19, 100, MAX(LiveScoresheet!F17-LiveScoresheet!D19+50,0))+IF(LiveScoresheet!G17>LiveScoresheet!D20, 100, MAX(LiveScoresheet!G17-LiveScoresheet!D20+50,0)) -> 889.594 | D19: =SUM(LiveScoresheet!B17:G17) -> 490 | E19: =0+IF(LiveScoresheet!B17>LiveScoresheet!D15, 1, 0)+IF(LiveScoresheet!C17>LiveScoresheet!D16, 1, 0)+IF(LiveScoresheet!E17>LiveScoresheet!D18, 1, 0)+IF(LiveScoresheet!F17>LiveScoresheet!D19, 1, 0)+IF(LiveScoresheet!G17>LiveScoresheet!D20, 1, 0) -> 3
A20: D5 | B20: Foothill 1 | C20: =SUM(LiveScoresheet!J19:O19) +LiveScoresheet!I14*0.0211+IF(LiveScoresheet!J19>LiveScoresheet!N15, 100, MAX(LiveScoresheet!J19-LiveScoresheet!N15+50,0))+IF(LiveScoresheet!K19>LiveScoresheet!N16, 100, MAX(LiveScoresheet!K19-LiveScoresheet!N16+50,0))+IF(LiveScoresheet!L19>LiveScoresheet!N17, 100, MAX(LiveScoresheet!L19-LiveScoresheet!N17+50,0))+IF(LiveScoresheet!M19>LiveScoresheet!N18, 100, MAX(LiveScoresheet!M19-LiveScoresheet!N18+50,0))+IF(LiveScoresheet!O19>LiveScoresheet!N20, 100, MAX(LiveScoresheet!O19-LiveScoresheet!N20+50,0)) -> 819.7718 | D20: =SUM(LiveScoresheet!J19:O19) -> 460 | E20: =0+IF(LiveScoresheet!J19>LiveScoresheet!N15, 1, 0)+IF(LiveScoresheet!K19>LiveScoresheet!N16, 1, 0)+IF(LiveScoresheet!L19>LiveScoresheet!N17, 1, 0)+IF(LiveScoresheet!M19>LiveScoresheet!N18, 1, 0)+IF(LiveScoresheet!O19>LiveScoresheet!N20, 1, 0) -> 3
A21: G1 | B21: Rickards | C21: =SUM(LiveScoresheet!B33:G33) +LiveScoresheet!A32*0.0211+IF(LiveScoresheet!C33>LiveScoresheet!B34, 100, MAX(LiveScoresheet!C33-LiveScoresheet!B34+50,0))+IF(LiveScoresheet!D33>LiveScoresheet!B35, 100, MAX(LiveScoresheet!D33-LiveScoresheet!B35+50,0))+IF(LiveScoresheet!E33>LiveScoresheet!B36, 100, MAX(LiveScoresheet!E33-LiveScoresheet!B36+50,0))+IF(LiveScoresheet!F33>LiveScoresheet!B37, 100, MAX(LiveScoresheet!F33-LiveScoresheet!B37+50,0))+IF(LiveScoresheet!G33>LiveScoresheet!B38, 100, MAX(LiveScoresheet!G33-LiveScoresheet!B38+50,0)) -> 800.126 | D21: =SUM(LiveScoresheet!B33:G33) -> 472 | E21: =0+IF(LiveScoresheet!C33>LiveScoresheet!B34, 1, 0)+IF(LiveScoresheet!D33>LiveScoresheet!B35, 1, 0)+IF(LiveScoresheet!E33>LiveScoresheet!B36, 1, 0)+IF(LiveScoresheet!F33>LiveScoresheet!B37, 1, 0)+IF(LiveScoresheet!G33>LiveScoresheet!B38, 1, 0) -> 2
A22: E4 | B22: BASIS Chandler 1 | C22: =SUM(LiveScoresheet!B27:G27) +LiveScoresheet!A23*0.0211+IF(LiveScoresheet!B27>LiveScoresheet!E24, 100, MAX(LiveScoresheet!B27-LiveScoresheet!E24+50,0))+IF(LiveScoresheet!C27>LiveScoresheet!E25, 100, MAX(LiveScoresheet!C27-LiveScoresheet!E25+50,0))+IF(LiveScoresheet!D27>LiveScoresheet!E16, 100, MAX(LiveScoresheet!D27-LiveScoresheet!E16+50,0))+IF(LiveScoresheet!F27>LiveScoresheet!E28, 100, MAX(LiveScoresheet!F27-LiveScoresheet!E28+50,0))+IF(LiveScoresheet!G27>LiveScoresheet!E29, 100, MAX(LiveScoresheet!G27-LiveScoresheet!E29+50,0)) -> 709.5186 | D22: =SUM(LiveScoresheet!B27:G27) -> 436 | E22: =0+IF(LiveScoresheet!B27>LiveScoresheet!E24, 1, 0)+IF(LiveScoresheet!C27>LiveScoresheet!E25, 1, 0)+IF(LiveScoresheet!D27>LiveScoresheet!E26, 1, 0)+IF(LiveScoresheet!F27>LiveScoresheet!E28, 1, 0)+IF(LiveScoresheet!G27>LiveScoresheet!E29, 1, 0) -> 2
A23: G6 | B23: Lynbrook 2 | C23: =SUM(LiveScoresheet!B38:G38) +LiveScoresheet!A32*0.0211+IF(LiveScoresheet!B38>LiveScoresheet!G33, 100, MAX(LiveScoresheet!B38-LiveScoresheet!G33+50,0))+IF(LiveScoresheet!C38>LiveScoresheet!G34, 100, MAX(LiveScoresheet!C38-LiveScoresheet!G34+50,0))+IF(LiveScoresheet!D38>LiveScoresheet!G35, 100, MAX(LiveScoresheet!D38-LiveScoresheet!G35+50,0))+IF(LiveScoresheet!E38>LiveScoresheet!G36, 100, MAX(LiveScoresheet!E38-LiveScoresheet!G36+50,0))+IF(LiveScoresheet!F38>LiveScoresheet!G37, 100, MAX(LiveScoresheet!F38-LiveScoresheet!G37+50,0)) -> 694.126 | D23: =SUM(LiveScoresheet!B38:G38) -> 384 | E23: =0+IF(LiveScoresheet!B38>LiveScoresheet!G33, 1, 0)+IF(LiveScoresheet!C38>LiveScoresheet!G34, 1, 0)+IF(LiveScoresheet!D38>LiveScoresheet!G35, 1, 0)+IF(LiveScoresheet!E38>LiveScoresheet!G36, 1, 0)+IF(LiveScoresheet!F38>LiveScoresheet!G37, 1, 0) -> 2
A24: A4 | B24: Canyon Crest Academy 2 | C24: =SUM(LiveScoresheet!B9:G9) +LiveScoresheet!A5*0.0211+IF(LiveScoresheet!B9>LiveScoresheet!E6, 100, MAX(LiveScoresheet!B9-LiveScoresheet!E6+50,0))+IF(LiveScoresheet!C9>LiveScoresheet!E7, 100, MAX(LiveScoresheet!C9-LiveScoresheet!E7+50,0))+IF(LiveScoresheet!D9>LiveScoresheet!E8, 100, MAX(LiveScoresheet!D9-LiveScoresheet!E8+50,0))+IF(LiveScoresheet!F9>LiveScoresheet!E10, 100, MAX(LiveScoresheet!F9-LiveScoresheet!E10+50,0))+IF(LiveScoresheet!G9>LiveScoresheet!E11, 100, MAX(LiveScoresheet!G9-LiveScoresheet!E11+50,0)) -> 690.4546 | D24: =SUM(LiveScoresheet!B9:G9) -> 318 | E24: =0+IF(LiveScoresheet!B9>LiveScoresheet!E6, 1, 0)+IF(LiveScoresheet!C9>LiveScoresheet!E7, 1, 0)+IF(LiveScoresheet!D9>LiveScoresheet!E8, 1, 0)+IF(LiveScoresheet!F9>LiveScoresheet!E10, 1, 0)+IF(LiveScoresheet!G9>LiveScoresheet!E11, 1, 0) -> 3
A25: C1 | B25: Ward Melville Senior High 1 | C25: =SUM(LiveScoresheet!B15:G15) +LiveScoresheet!A14*0.0211+IF(LiveScoresheet!C15>LiveScoresheet!B16, 100, MAX(LiveScoresheet!C15-LiveScoresheet!B16+50,0))+IF(LiveScoresheet!D15>LiveScoresheet!B17, 100, MAX(LiveScoresheet!D15-LiveScoresheet!B17+50,0))+IF(LiveScoresheet!E15>LiveScoresheet!B18, 100, MAX(LiveScoresheet!E15-LiveScoresheet!B18+50,0))+IF(LiveScoresheet!F15>LiveScoresheet!B19, 100, MAX(LiveScoresheet!F15-LiveScoresheet!B19+50,0))+IF(LiveScoresheet!G15>LiveScoresheet!B20, 100, MAX(LiveScoresheet!G15-LiveScoresheet!B20+50,0)) -> 689.594 | D25: =SUM(LiveScoresheet!B15:G15) -> 416 | E25: =0+IF(LiveScoresheet!C15>LiveScoresheet!B16, 1, 0)+IF(LiveScoresheet!D15>LiveScoresheet!B17, 1, 0)+IF(LiveScoresheet!E15>LiveScoresheet!B18, 1, 0)+IF(LiveScoresheet!F15>LiveScoresheet!B19, 1, 0)+IF(LiveScoresheet!G15>LiveScoresheet!B20, 1, 0) -> 2
A26: F2 | B26: Arcadia 1 | C26: =SUM(LiveScoresheet!J25:O25) +LiveScoresheet!I23*0.0211+IF(LiveScoresheet!J25>LiveScoresheet!K24, 100, MAX(LiveScoresheet!J25-LiveScoresheet!K24+50,0))+IF(LiveScoresheet!L25>LiveScoresheet!K26, 100, MAX(LiveScoresheet!L25-LiveScoresheet!K26+50,0))+IF(LiveScoresheet!M25>LiveScoresheet!K27, 100, MAX(LiveScoresheet!M25-LiveScoresheet!K27+50,0))+IF(LiveScoresheet!N25>LiveScoresheet!K28, 100, MAX(LiveScoresheet!N25-LiveScoresheet!K28+50,0))+IF(LiveScoresheet!O25>LiveScoresheet!K29, 100, MAX(LiveScoresheet!O25-LiveScoresheet!K29+50,0)) -> 664.7258 | D26: =SUM(LiveScoresheet!J25:O25) -> 354 | E26: =0.5+IF(LiveScoresheet!J25>LiveScoresheet!K24, 1, 0)+IF(LiveScoresheet!L25>LiveScoresheet!K26, 1, 0)+IF(LiveScoresheet!M25>LiveScoresheet!K27, 1, 0)+IF(LiveScoresheet!N25>LiveScoresheet!K28, 1, 0)+IF(LiveScoresheet!O25>LiveScoresheet!K29, 1, 0) -> 2.5
A27: G4 | B27: West Windsor-Plainsboro SOUTH 1 | C27: =SUM(LiveScoresheet!B36:G36) +LiveScoresheet!A32*0.0211+IF(LiveScoresheet!B36>LiveScoresheet!E33, 100, MAX(LiveScoresheet!B36-LiveScoresheet!E33+50,0))+IF(LiveScoresheet!C36>LiveScoresheet!E34, 100, MAX(LiveScoresheet!C36-LiveScoresheet!E34+50,0))+IF(LiveScoresheet!D36>LiveScoresheet!E35, 100, MAX(LiveScoresheet!D36-LiveScoresheet!E35+50,0))+IF(LiveScoresheet!F36>LiveScoresheet!E37, 100, MAX(LiveScoresheet!F36-LiveScoresheet!E37+50,0))+IF(LiveScoresheet!G36>LiveScoresheet!E38, 100, MAX(LiveScoresheet!G36-LiveScoresheet!E38+50,0)) -> 664.126 | D27: =SUM(LiveScoresheet!B36:G36) -> 362 | E27: =1+IF(LiveScoresheet!B36>LiveScoresheet!E33, 1, 0)+IF(LiveScoresheet!C36>LiveScoresheet!E34, 1, 0)+IF(LiveScoresheet!D36>LiveScoresheet!E35, 1, 0)+IF(LiveScoresheet!F36>LiveScoresheet!E37, 1, 0)+IF(LiveScoresheet!G36>LiveScoresheet!E38, 1, 0) -> 3
A28: F6 | B28: American High School | C28: =SUM(LiveScoresheet!J29:O29) +LiveScoresheet!I23*0.0211+IF(LiveScoresheet!J29>LiveScoresheet!O24, 100, MAX(LiveScoresheet!J29-LiveScoresheet!O24+50,0))+IF(LiveScoresheet!K29>LiveScoresheet!O25, 100, MAX(LiveScoresheet!K29-LiveScoresheet!O25+50,0))+IF(LiveScoresheet!L29>LiveScoresheet!O26, 100, MAX(LiveScoresheet!L29-LiveScoresheet!O26+50,0))+IF(LiveScoresheet!M29>LiveScoresheet!O27, 100, MAX(LiveScoresheet!M29-LiveScoresheet!O27+50,0))+IF(LiveScoresheet!N29>LiveScoresheet!O28, 100, MAX(LiveScoresheet!N29-LiveScoresheet!O28+50,0)) -> 618.7258 | D28: =SUM(LiveScoresheet!J29:O29) -> 330 | E28: =0+IF(LiveScoresheet!J29>LiveScoresheet!O24, 1, 0)+IF(LiveScoresheet!K29>LiveScoresheet!O25, 1, 0)+IF(LiveScoresheet!L29>LiveScoresheet!O26, 1, 0)+IF(LiveScoresheet!M29>LiveScoresheet!O27, 1, 0)+IF(LiveScoresheet!N29>LiveScoresheet!O28, 1, 0) -> 2
A29: B6 | B29: Clovis North | C29: =SUM(LiveScoresheet!J11:O11) +LiveScoresheet!I5*0.0211+IF(LiveScoresheet!J11>LiveScoresheet!O6, 100, MAX(LiveScoresheet!J11-LiveScoresheet!O6+50,0))+IF(LiveScoresheet!K11>LiveScoresheet!O7, 100, MAX(LiveScoresheet!K11-LiveScoresheet!O7+50,0))+IF(LiveScoresheet!L11>LiveScoresheet!O8, 100, MAX(LiveScoresheet!L11-LiveScoresheet!O8+50,0))+IF(LiveScoresheet!M11>LiveScoresheet!O9, 100, MAX(LiveScoresheet!M11-LiveScoresheet!O9+50,0))+IF(LiveScoresheet!N11>LiveScoresheet!O10, 100, MAX(LiveScoresheet!N11-LiveScoresheet!O10+50,0)) -> 589.8984 | D29: =SUM(LiveScoresheet!J11:O11) -> 326 | E29: =0+IF(LiveScoresheet!J11>LiveScoresheet!O6, 1, 0)+IF(LiveScoresheet!K11>LiveScoresheet!O7, 1, 0)+IF(LiveScoresheet!L11>LiveScoresheet!O8, 1, 0)+IF(LiveScoresheet!M11>LiveScoresheet!O9, 1, 0)+IF(LiveScoresheet!N11>LiveScoresheet!O10, 1, 0) -> 2
A30: D2 | B30: Princeton High School | C30: =SUM(LiveScoresheet!J16:O16) +LiveScoresheet!I14*0.0211+IF(LiveScoresheet!J16>LiveScoresheet!K15, 100, MAX(LiveScoresheet!J16-LiveScoresheet!K15+50,0))+IF(LiveScoresheet!L16>LiveScoresheet!K17, 100, MAX(LiveScoresheet!L16-LiveScoresheet!K17+50,0))+IF(LiveScoresheet!M16>LiveScoresheet!K18, 100, MAX(LiveScoresheet!M16-LiveScoresheet!K18+50,0))+IF(LiveScoresheet!N16>LiveScoresheet!K19, 100, MAX(LiveScoresheet!N16-LiveScoresheet!K19+50,0))+IF(LiveScoresheet!O16>LiveScoresheet!K20, 100, MAX(LiveScoresheet!O16-LiveScoresheet!K20+50,0)) -> 587.7718 | D30: =SUM(LiveScoresheet!J16:O16) -> 326 | E30: =0+IF(LiveScoresheet!J16>LiveScoresheet!K15, 1, 0)+IF(LiveScoresheet!L16>LiveScoresheet!K17, 1, 0)+IF(LiveScoresheet!M16>LiveScoresheet!K18, 1, 0)+IF(LiveScoresheet!N16>LiveScoresheet!K19, 1, 0)+IF(LiveScoresheet!O16>LiveScoresheet!K20, 1, 0) -> 2
A31: A1 | B31: Alabama School of Fine Arts 2 | C31: =SUM(LiveScoresheet!B6:G6) + IF(LiveScoresheet!C6>LiveScoresheet!B7, 100, MAX(LiveScoresheet!C6-LiveScoresheet!B7+50,0))+IF(LiveScoresheet!D6>LiveScoresheet!B8, 100, MAX(LiveScoresheet!D6-LiveScoresheet!B8+50,0))+IF(LiveScoresheet!E6>LiveScoresheet!B9, 100, MAX(LiveScoresheet!E6-LiveScoresheet!B9+50,0))+IF(LiveScoresheet!F6>LiveScoresheet!B10, 100, MAX(LiveScoresheet!F6-LiveScoresheet!B10+50,0))+IF(LiveScoresheet!G6>LiveScoresheet!B11, 100, MAX(LiveScoresheet!G6-LiveScoresheet!B11+50,0))+LiveScoresheet!A5*0.0211 -> 502.4546 | D31: =SUM(LiveScoresheet!B6:G6) -> 226 | E31: =0+IF(LiveScoresheet!C6>LiveScoresheet!B7, 1, 0)+IF(LiveScoresheet!D6>LiveScoresheet!B8, 1, 0)+IF(LiveScoresheet!E6>LiveScoresheet!B9, 1, 0)+IF(LiveScoresheet!F6>LiveScoresheet!B10, 1, 0)+IF(LiveScoresheet!G6>LiveScoresheet!B11, 1, 0) -> 2
A32: C5 | B32: North Hollywood 3 | C32: =SUM(LiveScoresheet!B19:G19) +LiveScoresheet!A14*0.0211+IF(LiveScoresheet!B19>LiveScoresheet!F15, 100, MAX(LiveScoresheet!B19-LiveScoresheet!F15+50,0))+IF(LiveScoresheet!C19>LiveScoresheet!F16, 100, MAX(LiveScoresheet!C19-LiveScoresheet!F16+50,0))+IF(LiveScoresheet!D19>LiveScoresheet!F17, 100, MAX(LiveScoresheet!D19-LiveScoresheet!F17+50,0))+IF(LiveScoresheet!E19>LiveScoresheet!F18, 100, MAX(LiveScoresheet!E19-LiveScoresheet!F18+50,0))+IF(LiveScoresheet!G19>LiveScoresheet!F20, 100, MAX(LiveScoresheet!G19-LiveScoresheet!F20+50,0)) -> 515.594 | D32: =SUM(LiveScoresheet!B19:G19) -> 262 | E32: =0+IF(LiveScoresheet!B19>LiveScoresheet!F15, 1, 0)+IF(LiveScoresheet!C19>LiveScoresheet!F16, 1, 0)+IF(LiveScoresheet!D19>LiveScoresheet!F17, 1, 0)+IF(LiveScoresheet!E19>LiveScoresheet!F18, 1, 0)+IF(LiveScoresheet!G19>LiveScoresheet!F20, 1, 0) -> 2
A33: B3 | B33: Iolani High School 2 | C33: =SUM(LiveScoresheet!J8:O8) +LiveScoresheet!I5*0.0211+IF(LiveScoresheet!J8>LiveScoresheet!L6, 100, MAX(LiveScoresheet!J8-LiveScoresheet!L6+50,0))+IF(LiveScoresheet!K8>LiveScoresheet!L7, 100, MAX(LiveScoresheet!K8-LiveScoresheet!L7+50,0))+IF(LiveScoresheet!M8>LiveScoresheet!L9, 100, MAX(LiveScoresheet!M8-LiveScoresheet!L9+50,0))+IF(LiveScoresheet!N8>LiveScoresheet!L10, 100, MAX(LiveScoresheet!N8-LiveScoresheet!L10+50,0))+IF(LiveScoresheet!O8>LiveScoresheet!L11, 100, MAX(LiveScoresheet!O8-LiveScoresheet!L11+50,0)) -> 489.8984 | D33: =SUM(LiveScoresheet!J8:O8) -> 284 | E33: =0+IF(LiveScoresheet!J8>LiveScoresheet!L6, 1, 0)+IF(LiveScoresheet!K8>LiveScoresheet!L7, 1, 0)+IF(LiveScoresheet!M8>LiveScoresheet!L9, 1, 0)+IF(LiveScoresheet!N8>LiveScoresheet!L10, 1, 0)+IF(LiveScoresheet!O8>LiveScoresheet!L11, 1, 0) -> 1
A34: F1 | B34: West Windsor-Plainsboro SOUTH 2 | C34: =SUM(LiveScoresheet!J24:O24) +LiveScoresheet!I23*0.0211+IF(LiveScoresheet!K24>LiveScoresheet!J25, 100, MAX(LiveScoresheet!K24-LiveScoresheet!J25+50,0))+IF(LiveScoresheet!L24>LiveScoresheet!J26, 100, MAX(LiveScoresheet!L24-LiveScoresheet!J26+50,0))+IF(LiveScoresheet!M24>LiveScoresheet!J27, 100, MAX(LiveScoresheet!M24-LiveScoresheet!J27+50,0))+IF(LiveScoresheet!N24>LiveScoresheet!J28, 100, MAX(LiveScoresheet!N24-LiveScoresheet!J28+50,0))+IF(LiveScoresheet!O24>LiveScoresheet!J29, 100, MAX(LiveScoresheet!O24-LiveScoresheet!J29+50,0)) -> 462.7258 | D34: =SUM(LiveScoresheet!J24:O24) -> 302 | E34: =0+IF(LiveScoresheet!K24>LiveScoresheet!J25, 1, 0)+IF(LiveScoresheet!L24>LiveScoresheet!J26, 1, 0)+IF(LiveScoresheet!M24>LiveScoresheet!J27, 1, 0)+IF(LiveScoresheet!N24>LiveScoresheet!J28, 1, 0)+IF(LiveScoresheet!O24>LiveScoresheet!J29, 1, 0) -> 0
A35: A5 | B35: North Hollywood 2 | C35: =SUM(LiveScoresheet!B10:G10) +LiveScoresheet!A5*0.0211+IF(LiveScoresheet!B10>LiveScoresheet!F6, 100, MAX(LiveScoresheet!B10-LiveScoresheet!F6+50,0))+IF(LiveScoresheet!C10>LiveScoresheet!F7, 100, MAX(LiveScoresheet!C10-LiveScoresheet!F7+50,0))+IF(LiveScoresheet!D10>LiveScoresheet!F8, 100, MAX(LiveScoresheet!D10-LiveScoresheet!F8+50,0))+IF(LiveScoresheet!E10>LiveScoresheet!F9, 100, MAX(LiveScoresheet!E10-LiveScoresheet!F9+50,0))+IF(LiveScoresheet!G10>LiveScoresheet!F11, 100, MAX(LiveScoresheet!G10-LiveScoresheet!F11+50,0)) -> 448.4546 | D35: =SUM(LiveScoresheet!B10:G10) -> 256 | E35: =0+IF(LiveScoresheet!B10>LiveScoresheet!F6, 1, 0)+IF(LiveScoresheet!C10>LiveScoresheet!F7, 1, 0)+IF(LiveScoresheet!D10>LiveScoresheet!F8, 1, 0)+IF(LiveScoresheet!E10>LiveScoresheet!F9, 1, 0)+IF(LiveScoresheet!G10>LiveScoresheet!F11, 1, 0) -> 1
A36: F5 | B36: Foothill 2 | C36: =SUM(LiveScoresheet!J28:O28) +LiveScoresheet!I23*0.0211+IF(LiveScoresheet!J28>LiveScoresheet!N24, 100, MAX(LiveScoresheet!J28-LiveScoresheet!N24+50,0))+IF(LiveScoresheet!K28>LiveScoresheet!N25, 100, MAX(LiveScoresheet!K28-LiveScoresheet!N25+50,0))+IF(LiveScoresheet!L28>LiveScoresheet!N26, 100, MAX(LiveScoresheet!L28-LiveScoresheet!N26+50,0))+IF(LiveScoresheet!M28>LiveScoresheet!N27, 100, MAX(LiveScoresheet!M28-LiveScoresheet!N27+50,0))+IF(LiveScoresheet!O28>LiveScoresheet!N29, 100, MAX(LiveScoresheet!O28-LiveScoresheet!N29+50,0)) -> 442.7258 | D36: =SUM(LiveScoresheet!J28:O28) -> 294 | E36: =0.5+IF(LiveScoresheet!J28>LiveScoresheet!N24, 1, 0)+IF(LiveScoresheet!K28>LiveScoresheet!N25, 1, 0)+IF(LiveScoresheet!L28>LiveScoresheet!N26, 1, 0)+IF(LiveScoresheet!M28>LiveScoresheet!N27, 1, 0)+IF(LiveScoresheet!O28>LiveScoresheet!N29, 1, 0) -> 0.5
A37: E6 | B37: The Frazer School 2 | C37: =SUM(LiveScoresheet!B29:G29) +LiveScoresheet!A23*0.0211+IF(LiveScoresheet!B29>LiveScoresheet!G24, 100, MAX(LiveScoresheet!B29-LiveScoresheet!G24+50,0))+IF(LiveScoresheet!C29>LiveScoresheet!G25, 100, MAX(LiveScoresheet!C29-LiveScoresheet!G25+50,0))+IF(LiveScoresheet!D29>LiveScoresheet!G16, 100, MAX(LiveScoresheet!D29-LiveScoresheet!G16+50,0))+IF(LiveScoresheet!E29>LiveScoresheet!G27, 100, MAX(LiveScoresheet!E29-LiveScoresheet!G27+50,0))+IF(LiveScoresheet!F29>LiveScoresheet!G28, 100, MAX(LiveScoresheet!F29-LiveScoresheet!G28+50,0)) -> 431.5186 | D37: =SUM(LiveScoresheet!B29:G29) -> 274 | E37: =0+IF(LiveScoresheet!B29>LiveScoresheet!G24, 1, 0)+IF(LiveScoresheet!C29>LiveScoresheet!G25, 1, 0)+IF(LiveScoresheet!D29>LiveScoresheet!G26, 1, 0)+IF(LiveScoresheet!E29>LiveScoresheet!G27, 1, 0)+IF(LiveScoresheet!F29>LiveScoresheet!G28, 1, 0) -> 1
A38: D1 | B38: Interlake 2 | C38: =SUM(LiveScoresheet!J15:O15) +LiveScoresheet!I14*0.0211+IF(LiveScoresheet!K15>LiveScoresheet!J16, 100, MAX(LiveScoresheet!K15-LiveScoresheet!J16+50,0))+IF(LiveScoresheet!L15>LiveScoresheet!J17, 100, MAX(LiveScoresheet!L15-LiveScoresheet!J17+50,0))+IF(LiveScoresheet!M15>LiveScoresheet!J18, 100, MAX(LiveScoresheet!M15-LiveScoresheet!J18+50,0))+IF(LiveScoresheet!N15>LiveScoresheet!J19, 100, MAX(LiveScoresheet!N15-LiveScoresheet!J19+50,0))+IF(LiveScoresheet!O15>LiveScoresheet!J20, 100, MAX(LiveScoresheet!O15-LiveScoresheet!J20+50,0)) -> 375.7718 | D38: =SUM(LiveScoresheet!J15:O15) -> 218 | E38: =0+IF(LiveScoresheet!K15>LiveScoresheet!J16, 1, 0)+IF(LiveScoresheet!L15>LiveScoresheet!J17, 1, 0)+IF(LiveScoresheet!M15>LiveScoresheet!J18, 1, 0)+IF(LiveScoresheet!N15>LiveScoresheet!J19, 1, 0)+IF(LiveScoresheet!O15>LiveScoresheet!J20, 1, 0) -> 1
A39: D6 | B39: Arcadia 2 | C39: =SUM(LiveScoresheet!J20:O20) +LiveScoresheet!I14*0.0211+IF(LiveScoresheet!J20>LiveScoresheet!O15, 100, MAX(LiveScoresheet!J20-LiveScoresheet!O15+50,0))+IF(LiveScoresheet!K20>LiveScoresheet!O16, 100, MAX(LiveScoresheet!K20-LiveScoresheet!O16+50,0))+IF(LiveScoresheet!L20>LiveScoresheet!O17, 100, MAX(LiveScoresheet!L20-LiveScoresheet!O17+50,0))+IF(LiveScoresheet!M20>LiveScoresheet!O18, 100, MAX(LiveScoresheet!M20-LiveScoresheet!O18+50,0))+IF(LiveScoresheet!N20>LiveScoresheet!O19, 100, MAX(LiveScoresheet!N20-LiveScoresheet!O19+50,0)) -> 281.7718 | D39: =SUM(LiveScoresheet!J20:O20) -> 202 | E39: =0+IF(LiveScoresheet!J20>LiveScoresheet!O15, 1, 0)+IF(LiveScoresheet!K20>LiveScoresheet!O16, 1, 0)+IF(LiveScoresheet!L20>LiveScoresheet!O17, 1, 0)+IF(LiveScoresheet!M20>LiveScoresheet!O18, 1, 0)+IF(LiveScoresheet!N20>LiveScoresheet!O19, 1, 0) -> 0
A40: A3 | B40: California HS | C40: =SUM(LiveScoresheet!B8:G8) +LiveScoresheet!A5*0.0211+IF(LiveScoresheet!B8>LiveScoresheet!D6, 100, MAX(LiveScoresheet!B8-LiveScoresheet!D6+50,0))+IF(LiveScoresheet!C8>LiveScoresheet!D7, 100, MAX(LiveScoresheet!C8-LiveScoresheet!D7+50,0))+IF(LiveScoresheet!E8>LiveScoresheet!D9, 100, MAX(LiveScoresheet!E8-LiveScoresheet!D9+50,0))+IF(LiveScoresheet!F8>LiveScoresheet!D10, 100, MAX(LiveScoresheet!F8-LiveScoresheet!D10+50,0))+IF(LiveScoresheet!G8>LiveScoresheet!D11, 100, MAX(LiveScoresheet!G8-LiveScoresheet!D11+50,0)) -> 272.4546 | D40: =SUM(LiveScoresheet!B8:G8) -> 178 | E40: =0+IF(LiveScoresheet!B8>LiveScoresheet!D6, 1, 0)+IF(LiveScoresheet!C8>LiveScoresheet!D7, 1, 0)+IF(LiveScoresheet!E8>LiveScoresheet!D9, 1, 0)+IF(LiveScoresheet!F8>LiveScoresheet!D10, 1, 0)+IF(LiveScoresheet!G8>LiveScoresheet!D11, 1, 0) -> 0
A41: C4 | B41: BASIS Chandler 2 | C41: =SUM(LiveScoresheet!B18:G18) +LiveScoresheet!A14*0.0211+IF(LiveScoresheet!B18>LiveScoresheet!E15, 100, MAX(LiveScoresheet!B18-LiveScoresheet!E15+50,0))+IF(LiveScoresheet!C18>LiveScoresheet!E16, 100, MAX(LiveScoresheet!C18-LiveScoresheet!E16+50,0))+IF(LiveScoresheet!D18>LiveScoresheet!E17, 100, MAX(LiveScoresheet!D18-LiveScoresheet!E17+50,0))+IF(LiveScoresheet!F18>LiveScoresheet!E19, 100, MAX(LiveScoresheet!F18-LiveScoresheet!E19+50,0))+IF(LiveScoresheet!G18>LiveScoresheet!E20, 100, MAX(LiveScoresheet!G18-LiveScoresheet!E20+50,0)) -> 259.594 | D41: =SUM(LiveScoresheet!B18:G18) -> 166 | E41: =0+IF(LiveScoresheet!B18>LiveScoresheet!E15, 1, 0)+IF(LiveScoresheet!C18>LiveScoresheet!E16, 1, 0)+IF(LiveScoresheet!D18>LiveScoresheet!E17, 1, 0)+IF(LiveScoresheet!F18>LiveScoresheet!E19, 1, 0)+IF(LiveScoresheet!G18>LiveScoresheet!E20, 1, 0) -> 0
A42: G3 | B42: East Brunswick | C42: =SUM(LiveScoresheet!B35:G35) +LiveScoresheet!A32*0.0211+IF(LiveScoresheet!B35>LiveScoresheet!D33, 100, MAX(LiveScoresheet!B35-LiveScoresheet!D33+50,0))+IF(LiveScoresheet!C35>LiveScoresheet!D34, 100, MAX(LiveScoresheet!C35-LiveScoresheet!D34+50,0))+IF(LiveScoresheet!E35>LiveScoresheet!D36, 100, MAX(LiveScoresheet!E35-LiveScoresheet!D36+50,0))+IF(LiveScoresheet!F35>LiveScoresheet!D37, 100, MAX(LiveScoresheet!F35-LiveScoresheet!D37+50,0))+IF(LiveScoresheet!G35>LiveScoresheet!D38, 100, MAX(LiveScoresheet!G35-LiveScoresheet!D38+50,0)) -> 234.126 | D42: =SUM(LiveScoresheet!B35:G35) -> 152 | E42: =0+IF(LiveScoresheet!B35>LiveScoresheet!D33, 1, 0)+IF(LiveScoresheet!C35>LiveScoresheet!D34, 1, 0)+IF(LiveScoresheet!E35>LiveScoresheet!D36, 1, 0)+IF(LiveScoresheet!F35>LiveScoresheet!D37, 1, 0)+IF(LiveScoresheet!G35>LiveScoresheet!D38, 1, 0) -> 0
A43: B4 | B43: Arnold O. Beckman High School | C43: =SUM(LiveScoresheet!J9:O9) +LiveScoresheet!I5*0.0211+IF(LiveScoresheet!J9>LiveScoresheet!M6, 100, MAX(LiveScoresheet!J9-LiveScoresheet!M6+50,0))+IF(LiveScoresheet!K9>LiveScoresheet!M7, 100, MAX(LiveScoresheet!K9-LiveScoresheet!M7+50,0))+IF(LiveScoresheet!L9>LiveScoresheet!M8, 100, MAX(LiveScoresheet!L9-LiveScoresheet!M8+50,0))+IF(LiveScoresheet!N9>LiveScoresheet!M10, 100, MAX(LiveScoresheet!N9-LiveScoresheet!M10+50,0))+IF(LiveScoresheet!O9>LiveScoresheet!M11, 100, MAX(LiveScoresheet!O9-LiveScoresheet!M11+50,0)) -> 213.8984 | D43: =SUM(LiveScoresheet!J9:O9) -> 130 | E43: =0+IF(LiveScoresheet!J9>LiveScoresheet!M6, 1, 0)+IF(LiveScoresheet!K9>LiveScoresheet!M7, 1, 0)+IF(LiveScoresheet!L9>LiveScoresheet!M8, 1, 0)+IF(LiveScoresheet!N9>LiveScoresheet!M10, 1, 0)+IF(LiveScoresheet!O9>LiveScoresheet!M11, 1, 0) -> 0
A44: E1 | B44: Ward Melville Senior High 2 | C44: =SUM(LiveScoresheet!B24:G24) +LiveScoresheet!A23*0.0211+IF(LiveScoresheet!C24>LiveScoresheet!B25, 100, MAX(LiveScoresheet!C24-LiveScoresheet!B25+50,0))+IF(LiveScoresheet!D24>LiveScoresheet!B16, 100, MAX(LiveScoresheet!D24-LiveScoresheet!B16+50,0))+IF(LiveScoresheet!E24>LiveScoresheet!B27, 100, MAX(LiveScoresheet!E24-LiveScoresheet!B27+50,0))+IF(LiveScoresheet!F24>LiveScoresheet!B28, 100, MAX(LiveScoresheet!F24-LiveScoresheet!B28+50,0))+IF(LiveScoresheet!G24>LiveScoresheet!B29, 100, MAX(LiveScoresheet!G24-LiveScoresheet!B29+50,0)) -> 141.5186 | D44: =SUM(LiveScoresheet!B24:G24) -> 66 | E44: =0+IF(LiveScoresheet!C24>LiveScoresheet!B25, 1, 0)+IF(LiveScoresheet!D24>LiveScoresheet!B26, 1, 0)+IF(LiveScoresheet!E24>LiveScoresheet!B27, 1, 0)+IF(LiveScoresheet!F24>LiveScoresheet!B28, 1, 0)+IF(LiveScoresheet!G24>LiveScoresheet!B29, 1, 0) -> 0

Sheet DE Bracket
A1: DE 1: 12:20 - 1:00 pm PDT | C1: DE 2: 1:00 - 1:40 p.m. PDT | E1: DE 3: 1:40 - 2:20 p.m. PDT | G1: DE 4: 2:20 - 2:50 p.m. PDT | I1: DE 5: 2:50 - 3:20 p.m. PDT | K1: Semis: 3:30 - 4:00 p.m. PDT | M1: Finals 1 & 2: 4:00 - 4:30 p.m. PDT + 4:30 - 5:00 p.m. PDT
A4: Montgomery Blair | B4: 104
A5: Avadavats-4 (Game 1) | C5: BYE | E5: Montgomery Blair | F5: 104
A6: Iolani High School 1 | B6: 48
E7: Avadavats-4 (Game 13) | G7: BYE | I7: Montgomery Blair | J7: 78
A8: The Frazer School 1 | B8: 88
A9: Bellbirds-4 (Game 2) | C9: BYE | E9: Mission San Jose 1 | F9: 86
A10: Mission San Jose 1 | B10: 128
I11: Game-1 stage (Game 19) | K11: BYE | M11: Montgomery Blair | N11: 66
A12: Lynbrook 1 | B12: 152
A13: Condors-4 (Game 3) | C13: BYE | E13: Lynbrook 1 | F13: 62
A14: TJHSST | B14: 18
E15: Bellbirds-4 (Game 14) | G15: BYE | I15: North Hollywood 1 | J15: 44
A16: North Hollywood 1 | B16: 122
A17: Dovekies-4 (Game 4) | C17: BYE | E17: North Hollywood 1 | F17: 66
A18: Lakeside | B18: 40 | K18: North Hollywood 1 | L18: 72 | M18: Game-1 stage (Game 22 & 23)
G22: Mission San Jose 1 | H22: 66
C24: Iolani High School 1 | D24: 40
C26: Avadavats-4 (Game 9) | E26: Middleton | F26: 42 | G26: Game-1 stage (Game 17) | I26: Mission San Jose 1 | J26: 56 | K26: Game-1 stage (Game 21) | M26: Mission San Jose 1 | N26: 24
A27: Middleton | B27: 56
A28: Egrets-4 (Game 5) | C28: Middleton | D28: 108
A29: Troy High School | B29: 52
E30: Condors-4 (Game 15) | G30: Interlake | H30: 30
C32: The Frazer School 1 | D32: 50
C34: Bellbirds-4 (Game 10) | E34: Interlake 1 | F34: 104 | I34: Game-2 stage (Game 20) | K34: Mission San Jose 1 | L34: 86
A35: Niskayuna | B35: 30
A36: Frigatebirds-4 (Game 6) | C36: Interlake 1 | D36: 138
A37: Interlake 1 | B37: 138
G38: Lynbrook 1 | H38: 44
C40: TJHSST | D40: 110
C42: Condors-4 (Game 11) | E42: TJHSST | F42: 28 | G42: Game-2 stage (Game 18) | I42: Lakeside | J42: 42
A43: West Windsor-Plainsboro NORTH 1 | B43: 62
A44: Godwits-4 (Game 7) | C44: West Windsor-Plainsboro NORTH 1 | D44: 16
A45: Palo Alto 1 | B45: 42
E46: Dovekies-4 (Game 16) | G46: Lakeside | H46: 56
C48: Lakeside | D48: 128
C50: Dovekies-4 (Game 12) | E50: Lakeside | F50: 56
A51: Canyon Crest Academy 1 | B51: 88
A52: Hornbills-4 (Game 8) | C52: Canyon Crest Academy 1 | D52: 50
A53: Alabama School of Fine Arts 1 | B53: 44

Sheet Important Links
A1: Important Links
A2: Name | B2: Link
A3: Discord | B3: https://discord.gg/ZJu46DnfUs
A4: Information Document | B4: https://docs.google.com/document/d/1fBPjaD-dok4lehYii5-8SFxsdCHK2atXiQrQJKdG9U8/edit
A6: Moderators Only:
A7: Moderator Assignments | B7: https://docs.google.com/spreadsheets/d/1FSaRT-7xWzb8B6Iho5j50towzhvuoikjyvC02klXpm4/edit?gid=0#gid=0

Sheet Individual PPG
B1: Name | C1: Qs Played | D1: PPG | E1: Math Qs Played | F1: Math PPG | G1: Biology Qs Played | H1: Biology PPG | I1: Physics Qs Played | J1: Physics PPG | K1: ESS Qs Played | L1: ESS PPG | M1: Chem Qs Played | N1: Chemistry PPG
A2: ForrestC 96 33.3 20 9.6 20 2.4 19 9.26 19 5.05 18 7.11 | B2: ForrestC | C2: 96 | D2: 33.3 | E2: 20 | F2: 9.6 | G2: 20 | H2: 2.4 | I2: 19 | J2: 9.26 | K2: 19 | L2: 5.05 | M2: 18 | N2: 7.11
A3: VishnuM 93 26.7 20 7.2 19 5.89 18 2.67 18 8.89 18 1.78 | B3: VishnuM | C3: 93 | D3: 26.7 | E3: 20 | F3: 7.2 | G3: 19 | H3: 5.89 | I3: 18 | J3: 2.67 | K3: 18 | L3: 8.89 | M3: 18 | N3: 1.78
A4: YunyiL 90 24 19 3.37 19 1.68 18 8.89 17 2.82 17 7.53 | B4: YunyiL | C4: 90 | D4: 24 | E4: 19 | F4: 3.37 | G4: 19 | H4: 1.68 | I4: 18 | J4: 8.89 | K4: 17 | L4: 2.82 | M4: 17 | N4: 7.53
A5: RyanE 100 24 20 2.4 20 3.2 20 7.2 20 6.4 20 4.8 | B5: RyanE | C5: 100 | D5: 24 | E5: 20 | F5: 2.4 | G5: 20 | H5: 3.2 | I5: 20 | J5: 7.2 | K5: 20 | L5: 6.4 | M5: 20 | N5: 4.8
A6: MichaelW 98 22.9 20 8 20 -0.8 20 4.8 19 7.58 19 3.37 | B6: MichaelW | C6: 98 | D6: 23.7 | E6: 20 | F6: 8 | G6: 20 | H6: 0 | I6: 20 | J6: 4.8 | K6: 19 | L6: 7.58 | M6: 19 | N6: 3.37
A7: SuzukoO 98 22.9 20 0 20 11.2 20 3.2 19 6.74 19 1.68 | B7: AldricB | C7: 97 | D7: 23.1 | E7: 20 | F7: 0 | G7: 20 | H7: 6.4 | I7: 20 | J7: 4 | K7: 19 | L7: 5.89 | M7: 18 | N7: 7.11
A8: ConnorZ 98 22 20 2.4 20 0 20 6.4 19 5.05 19 8.42 | B8: DanielL | C8: 94 | D8: 23 | E8: 20 | F8: 4 | G8: 19 | H8: 0 | I8: 19 | J8: 6.74 | K8: 18 | L8: 4.44 | M8: 18 | N8: 8
A9: HarryJ 95 21.1 20 2.4 20 0 19 3.37 18 8 18 8 | B9: SuzukoO | C9: 98 | D9: 22.9 | E9: 20 | F9: 0 | G9: 20 | H9: 11.2 | I9: 20 | J9: 3.2 | K9: 19 | L9: 6.74 | M9: 19 | N9: 1.68
A10: HarryG 91 21.1 19 5.89 19 2.53 18 8 18 0 17 4.71 | B10: ConnorZ | C10: 98 | D10: 22 | E10: 20 | F10: 2.4 | G10: 20 | H10: 0 | I10: 20 | J10: 6.4 | K10: 19 | L10: 5.05 | M10: 19 | N10: 8.42
A11: DanielL 90 20.4 20 3.2 18 0 18 5.33 17 4.71 17 7.53 | B11: HarryJ | C11: 95 | D11: 21.1 | E11: 20 | F11: 2.4 | G11: 20 | H11: 0 | I11: 19 | J11: 3.37 | K11: 18 | L11: 8 | M11: 18 | N11: 8
A12: AldricB 93 19.8 19 0.842 18 3.56 19 4.21 19 5.89 18 5.33 | B12: HarryG | C12: 91 | D12: 21.1 | E12: 19 | F12: 5.89 | G12: 19 | H12: 2.53 | I12: 18 | J12: 8 | K12: 18 | L12: 0 | M12: 17 | N12: 4.71
A13: MihirK 60 18.7 12 2.67 12 5.33 12 4 12 4 12 2.67 | B13: AaryanS | C13: 100 | D13: 20 | E13: 20 | F13: 0 | G13: 20 | H13: 4 | I13: 20 | J13: 4 | K13: 20 | L13: 6.4 | M13: 20 | N13: 5.6
... A192: ShreyasK 40 -4 8 0 8 0 8 0 8 -2 8 -2 | B192: AbhiramC | C192: 77 | D192: -1.04 | E192: 16 | F192: -1 | G192: 16 | H192: 0 | I192: 15 | J192: 0 | K192: 15 | L192: 0 | M192: 15 | N192: 0
B193: AarushI | C193: 58 | D193: -1.38 | E193: 12 | F193: -1.33 | G193: 12 | H193: 1.33 | I193: 12 | J193: -1.33 | K193: 11 | L193: 0 | M193: 11 | N193: 0
B194: JasonM | C194: 92 | D194: -1.74 | E194: 19 | F194: 0 | G194: 19 | H194: 0 | I194: 19 | J194: -1.68 | K194: 19 | L194: 0 | M194: 16 | N194: 0
B195: MatthewY | C195: 27 | D195: -2.96 | E195: 7 | F195: 0 | G195: 5 | H195: 0 | I195: 5 | J195: -3.2 | K195: 5 | L195: 0 | M195: 5 | N195: 0
B196: ShreyasK | C196: 40 | D196: -4 | E196: 8 | F196: 0 | G196: 8 | H196: 0 | I196: 8 | J196: 0 | K196: 8 | L196: -2 | M196: 8 | N196: -2

Sheet Individual Math PPG
B1: Name | C1: Qs Played | D1: PPG | E1: Math Qs Played | F1: Math PPG | G1: Biology Qs Played | H1: Biology PPG | I1: Physics Qs Played | J1: Physics PPG | K1: ESS Qs Played | L1: ESS PPG | M1: Chem Qs Played | N1: Chemistry PPG
A2: EvanZ 77 10.4 16 10 16 0 15 -1.07 15 1.07 15 0 | B2: EvanZ | C2: 77 | D2: 10.4 | E2: 16 | F2: 10 | G2: 16 | H2: 0 | I2: 15 | J2: -1.07 | K2: 15 | L2: 1.07 | M2: 15 | N2: 0
A3: ForrestC 96 33.3 20 9.6 20 2.4 19 9.26 19 5.05 18 7.11 | B3: ForrestC | C3: 96 | D3: 33.3 | E3: 20 | F3: 9.6 | G3: 20 | H3: 2.4 | I3: 19 | J3: 9.26 | K3: 19 | L3: 5.05 | M3: 18 | N3: 7.11
A4: KeisukeK 100 10.4 20 8.8 20 0 20 1.6 20 0 20 0 | B4: KeisukeK | C4: 100 | D4: 10.4 | E4: 20 | F4: 8.8 | G4: 20 | H4: 0 | I4: 20 | J4: 1.6 | K4: 20 | L4: 0 | M4: 20 | N4: 0
A5: MichaelW 98 22.9 20 8 20 -0.8 20 4.8 19 7.58 19 3.37 | B5: MichaelW | C5: 98 | D5: 23.7 | E5: 20 | F5: 8 | G5: 20 | H5: 0 | I5: 20 | J5: 4.8 | K5: 19 | L5: 7.58 | M5: 19 | N5: 3.37
A6: TonyL 100 16 20 8 20 0 20 4 20 1.6 20 2.4 | B6: TonyL | C6: 100 | D6: 16 | E6: 20 | F6: 8 | G6: 20 | H6: 0 | I6: 20 | J6: 4 | K6: 20 | L6: 1.6 | M6: 20 | N6: 2.4
A7: VishnuM 93 26.7 20 7.2 19 5.89 18 2.67 18 8.89 18 1.78 | B7: SohilR | C7: 98 | D7: 13.1 | E7: 20 | F7: 7.2 | G7: 20 | H7: 0 | I7: 20 | J7: 2.4 | K7: 19 | L7: 1.68 | M7: 19 | N7: 1.68
A8: SohilR 98 13.1 20 7.2 20 0 20 2.4 19 1.68 19 1.68 | B8: VishnuM | C8: 93 | D8: 26.7 | E8: 20 | F8: 7.2 | G8: 19 | H8: 5.89 | I8: 18 | J8: 2.67 | K8: 18 | L8: 8.89 | M8: 18 | N8: 1.78
A9: PatrickL 87 9.2 17 6.59 18 0 18 2.67 17 0 17 0 | B9: PatrickL | C9: 87 | D9: 9.2 | E9: 17 | F9: 6.59 | G9: 18 | H9: 0 | I9: 18 | J9: 2.67 | K9: 17 | L9: 0 | M9: 17 | N9: 0
A10: HarryG 91 21.1 19 5.89 19 2.53 18 8 18 0 17 4.71 | B10: AustinX | C10: 99 | D10: 13.7 | E10: 20 | F10: 6.4 | G10: 20 | H10: 2.4 | I10: 20 | J10: 3.2 | K10: 20 | L10: 0 | M10: 19 | N10: 1.68
A11: AthithanE 99 6.46 20 5.6 20 0 20 1.6 20 -0.8 19 0 | B11: RishabhK | C11: 100 | D11: 13.6 | E11: 20 | F11: 6.4 | G11: 20 | H11: 1.6 | I11: 20 | J11: 0.8 | K11: 20 | L11: 0.8 | M11: 20 | N11: 4
A12: AustinX 103 11.7 21 5.33 21 0.762 21 0.762 20 2.4 20 2.4 | B12: HarryG | C12: 91 | D12: 21.1 | E12: 19 | F12: 5.89 | G12: 19 | H12: 2.53 | I12: 18 | J12: 8 | K12: 18 | L12: 0 | M12: 17 | N12: 4.71
A13: AaronW 56 10 12 5.33 12 0 12 2.67 10 0 10 1.6 | B13: AthithanE | C13: 99 | D13: 6.46 | E13: 20 | F13: 5.6 | G13: 20 | H13: 0 | I13: 20 | J13: 1.6 | K13: 20 | L13: -0.8 | M13: 19 | N13: 0
... A192: AarushI 58 -1.38 12 -1.33 12 1.33 12 -1.33 11 0 11 0 | B192: DivitM | C192: 92 | D192: 0 | E192: 19 | F192: -0.842 | G192: 19 | H192: 0 | I192: 19 | J192: 0.842 | K192: 19 | L192: 0 | M192: 16 | N192: 0
B193: AbhiramP | C193: 82 | D193: 6.83 | E193: 17 | F193: -0.941 | G193: 17 | H193: 1.88 | I193: 16 | J193: 1 | K193: 16 | L193: 5 | M193: 16 | N193: 0
B194: JeremyY | C194: 79 | D194: 1.01 | E194: 17 | F194: -0.941 | G194: 16 | H194: 1 | I194: 15 | J194: 0 | K194: 16 | L194: 1 | M194: 15 | N194: 0
B195: AbhiramC | C195: 77 | D195: -1.04 | E195: 16 | F195: -1 | G195: 16 | H195: 0 | I195: 15 | J195: 0 | K195: 15 | L195: 0 | M195: 15 | N195: 0
B196: AarushI | C196: 58 | D196: -1.38 | E196: 12 | F196: -1.33 | G196: 12 | H196: 1.33 | I196: 12 | J196: -1.33 | K196: 11 | L196: 0 | M196: 11 | N196: 0

Sheet Individual Biology PPG
B1: Name | C1: Qs Played | D1: PPG | E1: Math Qs Played | F1: Math PPG | G1: Biology Qs Played | H1: Biology PPG | I1: Physics Qs Played | J1: Physics PPG | K1: ESS Qs Played | L1: ESS PPG | M1: Chem Qs Played | N1: Chemistry PPG
A2: KrutharthV 35 13.7 8 2 7 11.4 7 0 6 0 7 0 | B2: KrutharthV | C2: 20 | D2: 16 | E2: 4 | F2: 0 | G2: 4 | H2: 16 | I2: 4 | J2: 0 | K2: 4 | L2: 0 | M2: 4 | N2: 0
A3: DhairyaM 31 12.9 7 0 7 11.4 6 0 6 0 5 0 | B3: EvanW | C3: 94 | D3: 12.8 | E3: 20 | F3: 0 | G3: 19 | H3: 11.8 | I3: 19 | J3: 0.842 | K3: 18 | L3: 0 | M3: 18 | N3: 0
A4: SuzukoO 98 22.9 20 0 20 11.2 20 3.2 19 6.74 19 1.68 | B4: DhairyaM | C4: 31 | D4: 12.9 | E4: 7 | F4: 0 | G4: 7 | H4: 11.4 | I4: 6 | J4: 0 | K4: 6 | L4: 0 | M4: 5 | N4: 0
A5: SelenaY 98 16.3 20 1.6 20 11.2 20 0 19 3.37 19 0 | B5: SelenaY | C5: 98 | D5: 16.3 | E5: 20 | F5: 1.6 | G5: 20 | H5: 11.2 | I5: 20 | J5: 0 | K5: 19 | L5: 3.37 | M5: 19 | N5: 0
A6: ArjunD 64 12.5 12 1.33 13 11.1 14 0 14 0 11 0 | B6: SuzukoO | C6: 98 | D6: 22.9 | E6: 20 | F6: 0 | G6: 20 | H6: 11.2 | I6: 20 | J6: 3.2 | K6: 19 | L6: 6.74 | M6: 19 | N6: 1.68
A7: EvanW 90 13.3 20 1.6 18 10.7 18 0.889 17 0 17 0 | B7: ArjunD | C7: 64 | D7: 12.5 | E7: 12 | F7: 1.33 | G7: 13 | H7: 11.1 | I7: 14 | J7: 0 | K7: 14 | L7: 0 | M7: 11 | N7: 0
A8: TheenashS 99 17 20 0 20 9.6 20 1.6 20 -0.8 19 6.74 | B8: TheenashS | C8: 99 | D8: 17 | E8: 20 | F8: 0 | G8: 20 | H8: 9.6 | I8: 20 | J8: 1.6 | K8: 20 | L8: -0.8 | M8: 19 | N8: 6.74
A9: KianD 97 15.7 20 2.4 20 8.8 19 0.842 19 1.68 19 1.68 | B9: KianD | C9: 97 | D9: 15.7 | E9: 20 | F9: 2.4 | G9: 20 | H9: 8.8 | I9: 19 | J9: 0.842 | K9: 19 | L9: 1.68 | M9: 19 | N9: 1.68
A10: AjayS 98 13.9 20 0.8 20 8.8 20 0.8 19 0 19 3.37 | B10: OwenW | C10: 95 | D10: 10.9 | E10: 20 | F10: 0 | G10: 20 | H10: 8 | I10: 19 | J10: 0 | K10: 18 | L10: 0.889 | M10: 18 | N10: 1.78
A11: OwenW 95 10.9 20 0 20 8 19 0 18 0.889 18 1.78 | B11: AjayS | C11: 98 | D11: 13.1 | E11: 20 | F11: 0.8 | G11: 20 | H11: 8 | I11: 20 | J11: 0.8 | K11: 19 | L11: 0 | M11: 19 | N11: 3.37
A12: KarthikeyaK 100 12 20 1.6 20 7.2 20 1.6 20 0.8 20 0.8 | B12: SeanY | C12: 99 | D12: 12.1 | E12: 20 | F12: 0 | G12: 20 | H12: 8 | I12: 20 | J12: 0.8 | K12: 20 | L12: 0 | M12: 19 | N12: 3.37
A13: DanielY 98 7.35 20 0 20 7.2 20 0 19 0 19 0 | B13: DanielY | C13: 98 | D13: 7.35 | E13: 20 | F13: 0 | G13: 20 | H13: 7.2 | I13: 20 | J13: 0 | K13: 19 | L13: 0 | M13: 19 | N13: 0
... A192: AmelieH 52 0 12 0 11 -1.45 10 1.6 9 0 10 0 | B192: AvnithV | C192: 100 | D192: 2.4 | E192: 20 | F192: 1.6 | G192: 20 | H192: 0 | I192: 20 | J192: 0.8 | K192: 20 | L192: 0 | M192: 20 | N192: 0
B193: RezaH | C193: 98 | D193: -0.816 | E193: 20 | F193: 0 | G193: 20 | H193: -0.8 | I193: 20 | J193: -0.8 | K193: 19 | L193: 0 | M193: 19 | N193: 0.842
B194: GavinX | C194: 89 | D194: -0.899 | E194: 17 | F194: 0 | G194: 18 | H194: -0.889 | I194: 18 | J194: 0 | K194: 18 | L194: 0 | M194: 18 | N194: 0
B195: AryanN | C195: 80 | D195: 2 | E195: 16 | F195: 0 | G195: 16 | H195: -1 | I195: 16 | J195: 0 | K195: 16 | L195: 0 | M195: 16 | N195: 3
B196: AmelieH | C196: 52 | D196: 0 | E196: 12 | F196: 0 | G196: 11 | H196: -1.45 | I196: 10 | J196: 1.6 | K196: 9 | L196: 0 | M196: 10 | N196: 0

Sheet Individual Physics PPG
B1: Name | C1: Qs Played | D1: PPG | E1: Math Qs Played | F1: Math PPG | G1: Biology Qs Played | H1: Biology PPG | I1: Physics Qs Played | J1: Physics PPG | K1: ESS Qs Played | L1: ESS PPG | M1: Chem Qs Played | N1: Chemistry PPG
A2: ForrestC 96 33.3 20 9.6 20 2.4 19 9.26 19 5.05 18 7.11 | B2: ForrestC | C2: 96 | D2: 33.3 | E2: 20 | F2: 9.6 | G2: 20 | H2: 2.4 | I2: 19 | J2: 9.26 | K2: 19 | L2: 5.05 | M2: 18 | N2: 7.11
A3: YunyiL 90 24 19 3.37 19 1.68 18 8.89 17 2.82 17 7.53 | B3: YunyiL | C3: 90 | D3: 24 | E3: 19 | F3: 3.37 | G3: 19 | H3: 1.68 | I3: 18 | J3: 8.89 | K3: 17 | L3: 2.82 | M3: 17 | N3: 7.53
A4: HarryG 91 21.1 19 5.89 19 2.53 18 8 18 0 17 4.71 | B4: HarryG | C4: 91 | D4: 21.1 | E4: 19 | F4: 5.89 | G4: 19 | H4: 2.53 | I4: 18 | J4: 8 | K4: 18 | L4: 0 | M4: 17 | N4: 4.71
A5: RyanE 100 24 20 2.4 20 3.2 20 7.2 20 6.4 20 4.8 | B5: RyanE | C5: 100 | D5: 24 | E5: 20 | F5: 2.4 | G5: 20 | H5: 3.2 | I5: 20 | J5: 7.2 | K5: 20 | L5: 6.4 | M5: 20 | N5: 4.8
A6: ConnorZ 98 22 20 2.4 20 0 20 6.4 19 5.05 19 8.42 | B6: DanielL | C6: 94 | D6: 23 | E6: 20 | F6: 4 | G6: 19 | H6: 0 | I6: 19 | J6: 6.74 | K6: 18 | L6: 4.44 | M6: 18 | N6: 8
A7: DanielL 90 20.4 20 3.2 18 0 18 5.33 17 4.71 17 7.53 | B7: ConnorZ | C7: 98 | D7: 22 | E7: 20 | F7: 2.4 | G7: 20 | H7: 0 | I7: 20 | J7: 6.4 | K7: 19 | L7: 5.05 | M7: 19 | N7: 8.42
A8: RohanD 93 14.6 20 4 19 0.842 18 5.33 18 4.44 18 0 | B8: AnishP | C8: 26 | D8: 6.15 | E8: 5 | F8: 0 | G8: 5 | H8: 0 | I8: 6 | J8: 5.33 | K8: 5 | L8: 0 | M8: 5 | N8: 0
A9: AnishP 26 6.15 5 0 5 0 6 5.33 5 0 5 0 | B9: RohanD | C9: 93 | D9: 14.6 | E9: 20 | F9: 4 | G9: 19 | H9: 0.842 | I9: 18 | J9: 5.33 | K9: 18 | L9: 4.44 | M9: 18 | N9: 0
A10: MichaelW 98 22.9 20 8 20 -0.8 20 4.8 19 7.58 19 3.37 | B10: MichaelW | C10: 98 | D10: 23.7 | E10: 20 | F10: 8 | G10: 20 | H10: 0 | I10: 20 | J10: 4.8 | K10: 19 | L10: 7.58 | M10: 19 | N10: 3.37
A11: AkhilB 92 18.3 20 0 19 4.21 18 4.44 18 8 17 1.88 | B11: AkhilB | C11: 92 | D11: 18.3 | E11: 20 | F11: 0 | G11: 19 | H11: 4.21 | I11: 18 | J11: 4.44 | K11: 18 | L11: 8 | M11: 17 | N11: 1.88
A12: AnaghaR 76 13.7 16 3 15 2.13 15 4.27 15 1.07 15 3.2 | B12: AnaghaR | C12: 76 | D12: 13.7 | E12: 16 | F12: 3 | G12: 15 | H12: 2.13 | I12: 15 | J12: 4.27 | K12: 15 | L12: 1.07 | M12: 15 | N12: 3.2
A13: AldricB 93 19.8 19 0.842 18 3.56 19 4.21 19 5.89 18 5.33 | B13: SanjayO | C13: 92 | D13: 9.57 | E13: 19 | F13: 0 | G13: 19 | H13: 0 | I13: 19 | J13: 4.21 | K13: 19 | L13: 0 | M13: 16 | N13: 6
... A192: MatthewY 27 -2.96 7 0 5 0 5 -3.2 5 0 5 0 | B192: ArjunS | C192: 63 | D192: 2.54 | E192: 13 | F192: 3.69 | G192: 13 | H192: 0 | I192: 13 | J192: -1.23 | K192: 12 | L192: 0 | M192: 12 | N192: 0
B193: AarushI | C193: 58 | D193: -1.38 | E193: 12 | F193: -1.33 | G193: 12 | H193: 1.33 | I193: 12 | J193: -1.33 | K193: 11 | L193: 0 | M193: 11 | N193: 0
B194: AdvaithM | C194: 99 | D194: 0.808 | E194: 20 | F194: 2.4 | G194: 20 | H194: 0 | I194: 20 | J194: -1.6 | K194: 20 | L194: 0 | M194: 19 | N194: 0
B195: JasonM | C195: 92 | D195: -1.74 | E195: 19 | F195: 0 | G195: 19 | H195: 0 | I195: 19 | J195: -1.68 | K195: 19 | L195: 0 | M195: 16 | N195: 0
B196: MatthewY | C196: 27 | D196: -2.96 | E196: 7 | F196: 0 | G196: 5 | H196: 0 | I196: 5 | J196: -3.2 | K196: 5 | L196: 0 | M196: 5 | N196: 0

Sheet Individual ESS PPG
B1: Name | C1: Qs Played | D1: PPG | E1: Math Qs Played | F1: Math PPG | G1: Biology Qs Played | H1: Biology PPG | I1: Physics Qs Played | J1: Physics PPG | K1: ESS Qs Played | L1: ESS PPG | M1: Chem Qs Played | N1: Chemistry PPG
A2: AdvaiS 89 14.4 19 0 18 0.889 18 2.67 17 9.41 17 1.88 | B2: AdvaiS | C2: 89 | D2: 14.4 | E2: 19 | F2: 0 | G2: 18 | H2: 0.889 | I2: 18 | J2: 2.67 | K2: 17 | L2: 9.41 | M2: 17 | N2: 1.88
A3: VishnuM 93 26.7 20 7.2 19 5.89 18 2.67 18 8.89 18 1.78 | B3: VishnuM | C3: 93 | D3: 26.7 | E3: 20 | F3: 7.2 | G3: 19 | H3: 5.89 | I3: 18 | J3: 2.67 | K3: 18 | L3: 8.89 | M3: 18 | N3: 1.78
A4: HarryJ 95 21.1 20 2.4 20 0 19 3.37 18 8 18 8 | B4: HarryJ | C4: 95 | D4: 21.1 | E4: 20 | F4: 2.4 | G4: 20 | H4: 0 | I4: 19 | J4: 3.37 | K4: 18 | L4: 8 | M4: 18 | N4: 8
A5: AkhilB 92 18.3 20 0 19 4.21 18 4.44 18 8 17 1.88 | B5: AkhilB | C5: 92 | D5: 18.3 | E5: 20 | F5: 0 | G5: 19 | H5: 4.21 | I5: 18 | J5: 4.44 | K5: 18 | L5: 8 | M5: 17 | N5: 1.88
A6: MichaelW 98 22.9 20 8 20 -0.8 20 4.8 19 7.58 19 3.37 | B6: MichaelW | C6: 98 | D6: 23.7 | E6: 20 | F6: 8 | G6: 20 | H6: 0 | I6: 20 | J6: 4.8 | K6: 19 | L6: 7.58 | M6: 19 | N6: 3.37
A7: ChaasK 78 11.3 16 3 16 0 16 0 15 7.47 15 1.07 | B7: ChaasK | C7: 78 | D7: 11.3 | E7: 16 | F7: 3 | G7: 16 | H7: 0 | I7: 16 | J7: 0 | K7: 15 | L7: 7.47 | M7: 15 | N7: 1.07
A8: RoshanA 99 8.89 20 0 20 0.8 20 -0.8 20 7.2 19 1.68 | B8: FloraJ | C8: 99 | D8: 7.27 | E8: 20 | F8: 0 | G8: 20 | H8: 0 | I8: 20 | J8: 0 | K8: 20 | L8: 7.2 | M8: 19 | N8: 0
A9: JasonY[WM] 91 7.91 19 0.842 19 0 18 0 18 7.11 17 0 | B9: RoshanA | C9: 99 | D9: 8.89 | E9: 20 | F9: 0 | G9: 20 | H9: 0.8 | I9: 20 | J9: -0.8 | K9: 20 | L9: 7.2 | M9: 19 | N9: 1.68
A10: SuzukoO 98 22.9 20 0 20 11.2 20 3.2 19 6.74 19 1.68 | B10: JasonY | C10: 91 | D10: 7.91 | E10: 19 | F10: 0.842 | G10: 19 | H10: 0 | I10: 18 | J10: 0 | K10: 18 | L10: 7.11 | M10: 17 | N10: 0
A11: RyanE 100 24 20 2.4 20 3.2 20 7.2 20 6.4 20 4.8 | B11: SuzukoO | C11: 98 | D11: 22.9 | E11: 20 | F11: 0 | G11: 20 | H11: 11.2 | I11: 20 | J11: 3.2 | K11: 19 | L11: 6.74 | M11: 19 | N11: 1.68
A12: VaryanJ 100 18.4 20 0.8 20 4.8 20 1.6 20 6.4 20 4.8 | B12: RyanE | C12: 100 | D12: 24 | E12: 20 | F12: 2.4 | G12: 20 | H12: 3.2 | I12: 20 | J12: 7.2 | K12: 20 | L12: 6.4 | M12: 20 | N12: 4.8
A13: AldricB 93 19.8 19 0.842 18 3.56 19 4.21 19 5.89 18 5.33 | B13: AaryanS | C13: 100 | D13: 20 | E13: 20 | F13: 0 | G13: 20 | H13: 4 | I13: 20 | J13: 4 | K13: 20 | L13: 6.4 | M13: 20 | N13: 5.6
... A192: ShreyasK 40 -4 8 0 8 0 8 0 8 -2 8 -2 | B192: TheenashS | C192: 99 | D192: 17 | E192: 20 | F192: 0 | G192: 20 | H192: 9.6 | I192: 20 | J192: 1.6 | K192: 20 | L192: -0.8 | M192: 19 | N192: 6.74
B193: ShripriyaK | C193: 89 | D193: 8.99 | E193: 19 | F193: 2.53 | G193: 18 | H193: 5.33 | I193: 18 | J193: 0.889 | K193: 17 | L193: -0.941 | M193: 17 | N193: 0.941
B194: RowanW | C194: 78 | D194: 4.1 | E194: 18 | F194: 0.889 | G194: 16 | H194: 1 | I194: 15 | J194: 1.07 | K194: 15 | L194: -1.07 | M194: 14 | N194: 2.29
B195: JoshH | C195: 45 | D195: 3.56 | E195: 10 | F195: 0 | G195: 9 | H195: 5.33 | I195: 8 | J195: 0 | K195: 9 | L195: -1.78 | M195: 9 | N195: 0
B196: ShreyasK | C196: 40 | D196: -4 | E196: 8 | F196: 0 | G196: 8 | H196: 0 | I196: 8 | J196: 0 | K196: 8 | L196: -2 | M196: 8 | N196: -2

Sheet Individual Chemistry PPG
B1: Name | C1: Qs Played | D1: PPG | E1: Math Qs Played | F1: Math PPG | G1: Biology Qs Played | H1: Biology PPG | I1: Physics Qs Played | J1: Physics PPG | K1: ESS Qs Played | L1: ESS PPG | M1: Chem Qs Played | N1: Chemistry PPG
A2: ConnorZ 98 22 20 2.4 20 0 20 6.4 19 5.05 19 8.42 | B2: ConnorZ | C2: 98 | D2: 22 | E2: 20 | F2: 2.4 | G2: 20 | H2: 0 | I2: 20 | J2: 6.4 | K2: 19 | L2: 5.05 | M2: 19 | N2: 8.42
A3: HarryJ 95 21.1 20 2.4 20 0 19 3.37 18 8 18 8 | B3: HarryJ | C3: 95 | D3: 21.1 | E3: 20 | F3: 2.4 | G3: 20 | H3: 0 | I3: 19 | J3: 3.37 | K3: 18 | L3: 8 | M3: 18 | N3: 8
A4: ShireenA 12 13.3 3 0 3 5.33 2 0 2 0 2 8 | B4: DanielL | C4: 94 | D4: 23 | E4: 20 | F4: 4 | G4: 19 | H4: 0 | I4: 19 | J4: 6.74 | K4: 18 | L4: 4.44 | M4: 18 | N4: 8
A5: JustinD 96 13.3 20 3.2 19 2.53 19 0 19 0 19 7.58 | B5: JustinD | C5: 96 | D5: 13.3 | E5: 20 | F5: 3.2 | G5: 19 | H5: 2.53 | I5: 19 | J5: 0 | K5: 19 | L5: 0 | M5: 19 | N5: 7.58
A6: YunyiL 90 24 19 3.37 19 1.68 18 8.89 17 2.82 17 7.53 | B6: YunyiL | C6: 90 | D6: 24 | E6: 19 | F6: 3.37 | G6: 19 | H6: 1.68 | I6: 18 | J6: 8.89 | K6: 17 | L6: 2.82 | M6: 17 | N6: 7.53
A7: DanielL 90 20.4 20 3.2 18 0 18 5.33 17 4.71 17 7.53 | B7: JakeN | C7: 77 | D7: 8.31 | E7: 15 | F7: 0 | G7: 15 | H7: 0 | I7: 16 | J7: 1 | K7: 16 | L7: 0 | M7: 15 | N7: 7.47
A8: JakeN 77 8.31 15 0 15 0 16 1 16 0 15 7.47 | B8: WilliamW | C8: 76 | D8: 7.37 | E8: 16 | F8: 0 | G8: 15 | H8: 0 | I8: 15 | J8: 0 | K8: 15 | L8: 0 | M8: 15 | N8: 7.47
A9: WilliamW 76 7.37 16 0 15 0 15 0 15 0 15 7.47 | B9: AldricB | C9: 97 | D9: 23.1 | E9: 20 | F9: 0 | G9: 20 | H9: 6.4 | I9: 20 | J9: 4 | K9: 19 | L9: 5.89 | M9: 18 | N9: 7.11
A10: ForrestC 96 33.3 20 9.6 20 2.4 19 9.26 19 5.05 18 7.11 | B10: ForrestC | C10: 96 | D10: 33.3 | E10: 20 | F10: 9.6 | G10: 20 | H10: 2.4 | I10: 19 | J10: 9.26 | K10: 19 | L10: 5.05 | M10: 18 | N10: 7.11
A11: TheenashS 99 17 20 0 20 9.6 20 1.6 20 -0.8 19 6.74 | B11: JianyuW | C11: 98 | D11: 14.7 | E11: 20 | F11: 0 | G11: 20 | H11: 0 | I11: 20 | J11: 4 | K11: 19 | L11: 4.21 | M11: 19 | N11: 6.74
A12: JianyuW 98 14.7 20 0 20 0 20 4 19 4.21 19 6.74 | B12: TheenashS | C12: 99 | D12: 17 | E12: 20 | F12: 0 | G12: 20 | H12: 9.6 | I12: 20 | J12: 1.6 | K12: 20 | L12: -0.8 | M12: 19 | N12: 6.74
A13: JamesJ 88 6.36 18 0 18 0 18 0 17 0 17 6.59 | B13: JamesJ | C13: 88 | D13: 6.36 | E13: 18 | F13: 0 | G13: 18 | H13: 0 | I13: 18 | J13: 0 | K13: 17 | L13: 0 | M13: 17 | N13: 6.59
... A192: ShreyasK 40 -4 8 0 8 0 8 0 8 -2 8 -2 | B192: AvnithV | C192: 100 | D192: 2.4 | E192: 20 | F192: 1.6 | G192: 20 | H192: 0 | I192: 20 | J192: 0.8 | K192: 20 | L192: 0 | M192: 20 | N192: 0
B193: CharlotteC | C193: 98 | D193: 8.98 | E193: 20 | F193: 0.8 | G193: 20 | H193: 1.6 | I193: 20 | J193: 1.6 | K193: 19 | L193: 5.89 | M193: 19 | N193: -0.842
B194: BhagirathB | C194: 99 | D194: 2.42 | E194: 20 | F194: 0 | G194: 20 | H194: 3.2 | I194: 20 | J194: 0 | K194: 20 | L194: 0 | M194: 19 | N194: -0.842
B195: VeerS | C195: 79 | D195: 1.01 | E195: 16 | F195: 1 | G195: 16 | H195: 0 | I195: 16 | J195: 0 | K195: 16 | L195: 1 | M195: 15 | N195: -1.07
B196: ShreyasK | C196: 40 | D196: -4 | E196: 8 | F196: 0 | G196: 8 | H196: 0 | I196: 8 | J196: 0 | K196: 8 | L196: -2 | M196: 8 | N196: -2
