Workbook

Sheet TUHStand
A1: Username | B1: Team | C1: Round 1 | D1: Round 2 | E1: Round 3 | F1: Round 4 | G1: Round 5 | H1: Round 6 | I1: Round 7 | J1: Round 8 | K1: Round 9 | L1: Round 10 | M1: Round 11 | N1: Round 12 | O1: Round 13 | P1: Round 14 | Q1: Round 15 | R1: TUH
A2: Daniel Z | B2: ASFA B | C2: 23 | D2: 23 | E2: 23 | F2: 23 | G2: 23 | H2: =IFERROR(__xludf.DUMMYFUNCTION("HLOOKUP($A2,IMPORTRANGE(""https://docs.google.com/spreadsheets/d/16J5ie7OD1E99qGO9lMDm8w5Yls-v190B7DTolJ5TmFc/edit#gid=0"",""'Game 3'!$B$2:$Q$31""),30,False)"),23.0) -> 23 | I2: 23 | J2: =IFERROR(__xludf.DUMMYFUNCTION("IFERROR(HLOOKUP($A2,IMPORTRANGE(""https://docs.google.com/spreadsheets/d/1CTYfdyRk_RFGM3I2iN9bKeD9zUPzEm1ajzml6VgwfIU/edit#gid=0"",""'Game 1'!$B$2:$Q$31""),30,False),0)"),23.0) -> 23 | K2: =IFERROR(__xludf.DUMMYFUNCTION("IFERROR(HLOOKUP($A2,IMPORTRANGE(""https://docs.google.com/spreadsheets/d/11NFkzOdQyW-OtxSDuGslNCgNjx7HUb2FU7KnlNnPMgY/edit#gid=0"",""'Game 12'!$B$2:$Q$31""),30,False),0)"),23.0) -> 23 | L2: =IFERROR(__xludf.DUMMYFUNCTION("IFERROR(HLOOKUP($A2,IMPORTRANGE(""https://docs.google.com/spreadsheets/d/1CLg5-jaE4ta0-u4oE1qbBplQ5Mf3Oj9ONFgL0zJ7Ol4/edit#gid=0"",""'Game 13'!$B$2:$Q$31""),30,False),1)"),23.0) -> 23 | M2: =IFERROR(__xludf.DUMMYFUNCTION("IFERROR(HLOOKUP($A2,IMPORTRANGE(""https://docs.google.com/spreadsheets/d/1CeexgK4KxWj3k_7nql_k8-RPxXMwTJyB4Q3vAASeDlA/edit#gid=0"",""'Game 13'!$B$2:$Q$31""),30,False),1)"),23.0) -> 23 | N2: =IFERROR(__xludf.DUMMYFUNCTION("IFERROR(HLOOKUP($A2,IMPORTRANGE(""https://docs.google.com/spreadsheets/d/1MNwUNMjcwK6bEgCXwB73jpbK5gJAXS8ZMpbEMLJEP3E/edit#gid=0"",""'Game 8'!$B$2:$Q$31""),30,False),1)"),23.0) -> 23 | O2: =IFERROR(__xludf.DUMMYFUNCTION("IFERROR(HLOOKUP($A2,IMPORTRANGE(""https://docs.google.com/spreadsheets/d/1UrzyxmT40kDZwVrLMf1yyXfP-pyczRAw9Y8Rw-uXG3c/edit#gid=0"",""'Game 13'!$B$2:$Q$31""),30,False),1)"),23.0) -> 23 | P2: =IFERROR(__xludf.DUMMYFUNCTION("IFERROR(HLOOKUP($A2,IMPORTRANGE(""https://docs.google.com/spreadsheets/d/1iyMhSYWifw-KGFtyeBpNxVZr4BhcV9hVZuShgJ9Ia0E/edit#gid=0"",""'Game 6'!$B$2:$Q$31""),30,False),1)"),23.0) -> 23 | Q2: =IFERROR(__xludf.DUMMYFUNCTION("IFERROR(HLOOKUP($A2,IMPORTRANGE(""https://docs.google.com/spreadsheets/d/1sSbIK-vvHsSY0LghLJ9gcnW8Hec_ITI2tFmpeqI999A/edit#gid=0"",""'Game 9'!$B$2:$Q$31""),30,False),1)"),23.0) -> 23 | R2: =SUM(C2:Q2) -> 345
A3: Henna | B3: ASFA B | C3: 23 | D3: 23 | E3: 12 | F3: 23 | G3: 12 | H3: =IFERROR(__xludf.DUMMYFUNCTION("HLOOKUP($A3,IMPORTRANGE(""https://docs.google.com/spreadsheets/d/16J5ie7OD1E99qGO9lMDm8w5Yls-v190B7DTolJ5TmFc/edit#gid=0"",""'Game 3'!$B$2:$Q$31""),30,False)"),23.0) -> 23 | I3: 23 | J3: =IFERROR(__xludf.DUMMYFUNCTION("IFERROR(HLOOKUP($A3,IMPORTRANGE(""https://docs.google.com/spreadsheets/d/1CTYfdyRk_RFGM3I2iN9bKeD9zUPzEm1ajzml6VgwfIU/edit#gid=0"",""'Game 1'!$B$2:$Q$31""),30,False),0)"),23.0) -> 23 | K3: =IFERROR(__xludf.DUMMYFUNCTION("IFERROR(HLOOKUP($A3,IMPORTRANGE(""https://docs.google.com/spreadsheets/d/11NFkzOdQyW-OtxSDuGslNCgNjx7HUb2FU7KnlNnPMgY/edit#gid=0"",""'Game 12'!$B$2:$Q$31""),30,False),0)"),23.0) -> 23 | L3: =IFERROR(__xludf.DUMMYFUNCTION("IFERROR(HLOOKUP($A3,IMPORTRANGE(""https://docs.google.com/spreadsheets/d/1CLg5-jaE4ta0-u4oE1qbBplQ5Mf3Oj9ONFgL0zJ7Ol4/edit#gid=0"",""'Game 13'!$B$2:$Q$31""),30,False),1)"),12.0) -> 12 | M3: =IFERROR(__xludf.DUMMYFUNCTION("IFERROR(HLOOKUP($A3,IMPORTRANGE(""https://docs.google.com/spreadsheets/d/1CeexgK4KxWj3k_7nql_k8-RPxXMwTJyB4Q3vAASeDlA/edit#gid=0"",""'Game 13'!$B$2:$Q$31""),30,False),1)"),23.0) -> 23 | N3: =IFERROR(__xludf.DUMMYFUNCTION("IFERROR(HLOOKUP($A3,IMPORTRANGE(""https://docs.google.com/spreadsheets/d/1MNwUNMjcwK6bEgCXwB73jpbK5gJAXS8ZMpbEMLJEP3E/edit#gid=0"",""'Game 8'!$B$2:$Q$31""),30,False),1)"),0.0) -> 0 | O3: =IFERROR(__xludf.DUMMYFUNCTION("IFERROR(HLOOKUP($A3,IMPORTRANGE(""https://docs.google.com/spreadsheets/d/1UrzyxmT40kDZwVrLMf1yyXfP-pyczRAw9Y8Rw-uXG3c/edit#gid=0"",""'Game 13'!$B$2:$Q$31""),30,False),1)"),23.0) -> 23 | P3: =IFERROR(__xludf.DUMMYFUNCTION("IFERROR(HLOOKUP($A3,IMPORTRANGE(""https://docs.google.com/spreadsheets/d/1iyMhSYWifw-KGFtyeBpNxVZr4BhcV9hVZuShgJ9Ia0E/edit#gid=0"",""'Game 6'!$B$2:$Q$31""),30,False),1)"),23.0) -> 23 | Q3: =IFERROR(__xludf.DUMMYFUNCTION("IFERROR(HLOOKUP($A3,IMPORTRANGE(""https://docs.google.com/spreadsheets/d/1sSbIK-vvHsSY0LghLJ9gcnW8Hec_ITI2tFmpeqI999A/edit#gid=0"",""'Game 9'!$B$2:$Q$31""),30,False),1)"),11.0) -> 11 | R3: =SUM(C3:Q3) -> 277
A4: Sofia | B4: ASFA B | C4: 23 | D4: 23 | E4: 23 | F4: 23 | G4: 23 | H4: =IFERROR(__xludf.DUMMYFUNCTION("HLOOKUP($A4,IMPORTRANGE(""https://docs.google.com/spreadsheets/d/16J5ie7OD1E99qGO9lMDm8w5Yls-v190B7DTolJ5TmFc/edit#gid=0"",""'Game 3'!$B$2:$Q$31""),30,False)"),23.0) -> 23 | I4: 0 | J4: =IFERROR(__xludf.DUMMYFUNCTION("IFERROR(HLOOKUP($A4,IMPORTRANGE(""https://docs.google.com/spreadsheets/d/1CTYfdyRk_RFGM3I2iN9bKeD9zUPzEm1ajzml6VgwfIU/edit#gid=0"",""'Game 1'!$B$2:$Q$31""),30,False),0)"),23.0) -> 23 | K4: =IFERROR(__xludf.DUMMYFUNCTION("IFERROR(HLOOKUP($A4,IMPORTRANGE(""https://docs.google.com/spreadsheets/d/11NFkzOdQyW-OtxSDuGslNCgNjx7HUb2FU7KnlNnPMgY/edit#gid=0"",""'Game 12'!$B$2:$Q$31""),30,False),0)"),23.0) -> 23 | L4: =IFERROR(__xludf.DUMMYFUNCTION("IFERROR(HLOOKUP($A4,IMPORTRANGE(""https://docs.google.com/spreadsheets/d/1CLg5-jaE4ta0-u4oE1qbBplQ5Mf3Oj9ONFgL0zJ7Ol4/edit#gid=0"",""'Game 13'!$B$2:$Q$31""),30,False),1)"),23.0) -> 23 | M4: =IFERROR(__xludf.DUMMYFUNCTION("IFERROR(HLOOKUP($A4,IMPORTRANGE(""https://docs.google.com/spreadsheets/d/1CeexgK4KxWj3k_7nql_k8-RPxXMwTJyB4Q3vAASeDlA/edit#gid=0"",""'Game 13'!$B$2:$Q$31""),30,False),1)"),23.0) -> 23 | N4: =IFERROR(__xludf.DUMMYFUNCTION("IFERROR(HLOOKUP($A4,IMPORTRANGE(""https://docs.google.com/spreadsheets/d/1MNwUNMjcwK6bEgCXwB73jpbK5gJAXS8ZMpbEMLJEP3E/edit#gid=0"",""'Game 8'!$B$2:$Q$31""),30,False),1)"),0.0) -> 0 | O4: =IFERROR(__xludf.DUMMYFUNCTION("IFERROR(HLOOKUP($A4,IMPORTRANGE(""https://docs.google.com/spreadsheets/d/1UrzyxmT40kDZwVrLMf1yyXfP-pyczRAw9Y8Rw-uXG3c/edit#gid=0"",""'Game 13'!$B$2:$Q$31""),30,False),1)"),23.0) -> 23 | P4: =IFERROR(__xludf.DUMMYFUNCTION("IFERROR(HLOOKUP($A4,IMPORTRANGE(""https://docs.google.com/spreadsheets/d/1iyMhSYWifw-KGFtyeBpNxVZr4BhcV9hVZuShgJ9Ia0E/edit#gid=0"",""'Game 6'!$B$2:$Q$31""),30,False),1)"),0.0) -> 0 | Q4: =IFERROR(__xludf.DUMMYFUNCTION("IFERROR(HLOOKUP($A4,IMPORTRANGE(""https://docs.google.com/spreadsheets/d/1sSbIK-vvHsSY0LghLJ9gcnW8Hec_ITI2tFmpeqI999A/edit#gid=0"",""'Game 9'!$B$2:$Q$31""),30,False),1)"),23.0) -> 23 | R4: =SUM(C4:Q4) -> 276
A5: Trisha | B5: ASFA B | C5: 0 | D5: 0 | E5: 23 | F5: 23 | G5: 23 | H5: =IFERROR(__xludf.DUMMYFUNCTION("HLOOKUP($A5,IMPORTRANGE(""https://docs.google.com/spreadsheets/d/16J5ie7OD1E99qGO9lMDm8w5Yls-v190B7DTolJ5TmFc/edit#gid=0"",""'Game 3'!$B$2:$Q$31""),30,False)"),12.0) -> 12 | I5: 23 | J5: =IFERROR(__xludf.DUMMYFUNCTION("IFERROR(HLOOKUP($A5,IMPORTRANGE(""https://docs.google.com/spreadsheets/d/1CTYfdyRk_RFGM3I2iN9bKeD9zUPzEm1ajzml6VgwfIU/edit#gid=0"",""'Game 1'!$B$2:$Q$31""),30,False),0)"),23.0) -> 23 | K5: =IFERROR(__xludf.DUMMYFUNCTION("IFERROR(HLOOKUP($A5,IMPORTRANGE(""https://docs.google.com/spreadsheets/d/11NFkzOdQyW-OtxSDuGslNCgNjx7HUb2FU7KnlNnPMgY/edit#gid=0"",""'Game 12'!$B$2:$Q$31""),30,False),0)"),0.0) -> 0 | L5: =IFERROR(__xludf.DUMMYFUNCTION("IFERROR(HLOOKUP($A5,IMPORTRANGE(""https://docs.google.com/spreadsheets/d/1CLg5-jaE4ta0-u4oE1qbBplQ5Mf3Oj9ONFgL0zJ7Ol4/edit#gid=0"",""'Game 13'!$B$2:$Q$31""),30,False),1)"),11.0) -> 11 | M5: =IFERROR(__xludf.DUMMYFUNCTION("IFERROR(HLOOKUP($A5,IMPORTRANGE(""https://docs.google.com/spreadsheets/d/1CeexgK4KxWj3k_7nql_k8-RPxXMwTJyB4Q3vAASeDlA/edit#gid=0"",""'Game 13'!$B$2:$Q$31""),30,False),1)"),12.0) -> 12 | N5: =IFERROR(__xludf.DUMMYFUNCTION("IFERROR(HLOOKUP($A5,IMPORTRANGE(""https://docs.google.com/spreadsheets/d/1MNwUNMjcwK6bEgCXwB73jpbK5gJAXS8ZMpbEMLJEP3E/edit#gid=0"",""'Game 8'!$B$2:$Q$31""),30,False),1)"),23.0) -> 23 | O5: =IFERROR(__xludf.DUMMYFUNCTION("IFERROR(HLOOKUP($A5,IMPORTRANGE(""https://docs.google.com/spreadsheets/d/1UrzyxmT40kDZwVrLMf1yyXfP-pyczRAw9Y8Rw-uXG3c/edit#gid=0"",""'Game 13'!$B$2:$Q$31""),30,False),1)"),12.0) -> 12 | P5: =IFERROR(__xludf.DUMMYFUNCTION("IFERROR(HLOOKUP($A5,IMPORTRANGE(""https://docs.google.com/spreadsheets/d/1iyMhSYWifw-KGFtyeBpNxVZr4BhcV9hVZuShgJ9Ia0E/edit#gid=0"",""'Game 6'!$B$2:$Q$31""),30,False),1)"),23.0) -> 23 | Q5: =IFERROR(__xludf.DUMMYFUNCTION("IFERROR(HLOOKUP($A5,IMPORTRANGE(""https://docs.google.com/spreadsheets/d/1sSbIK-vvHsSY0LghLJ9gcnW8Hec_ITI2tFmpeqI999A/edit#gid=0"",""'Game 9'!$B$2:$Q$31""),30,False),1)"),12.0) -> 12 | R5: =SUM(C5:Q5) -> 220
A6: William | B6: ASFA B | C6: 23 | D6: 23 | E6: 11 | F6: 0 | G6: 11 | H6: =IFERROR(__xludf.DUMMYFUNCTION("HLOOKUP($A6,IMPORTRANGE(""https://docs.google.com/spreadsheets/d/16J5ie7OD1E99qGO9lMDm8w5Yls-v190B7DTolJ5TmFc/edit#gid=0"",""'Game 3'!$B$2:$Q$31""),30,False)"),11.0) -> 11 | I6: 23 | J6: =IFERROR(__xludf.DUMMYFUNCTION("IFERROR(HLOOKUP($A6,IMPORTRANGE(""https://docs.google.com/spreadsheets/d/1CTYfdyRk_RFGM3I2iN9bKeD9zUPzEm1ajzml6VgwfIU/edit#gid=0"",""'Game 1'!$B$2:$Q$31""),30,False),0)"),0.0) -> 0 | K6: =IFERROR(__xludf.DUMMYFUNCTION("IFERROR(HLOOKUP($A6,IMPORTRANGE(""https://docs.google.com/spreadsheets/d/11NFkzOdQyW-OtxSDuGslNCgNjx7HUb2FU7KnlNnPMgY/edit#gid=0"",""'Game 12'!$B$2:$Q$31""),30,False),0)"),23.0) -> 23 | L6: =IFERROR(__xludf.DUMMYFUNCTION("IFERROR(HLOOKUP($A6,IMPORTRANGE(""https://docs.google.com/spreadsheets/d/1CLg5-jaE4ta0-u4oE1qbBplQ5Mf3Oj9ONFgL0zJ7Ol4/edit#gid=0"",""'Game 13'!$B$2:$Q$31""),30,False),1)"),23.0) -> 23 | M6: =IFERROR(__xludf.DUMMYFUNCTION("IFERROR(HLOOKUP($A6,IMPORTRANGE(""https://docs.google.com/spreadsheets/d/1CeexgK4KxWj3k_7nql_k8-RPxXMwTJyB4Q3vAASeDlA/edit#gid=0"",""'Game 13'!$B$2:$Q$31""),30,False),1)"),11.0) -> 11 | N6: =IFERROR(__xludf.DUMMYFUNCTION("IFERROR(HLOOKUP($A6,IMPORTRANGE(""https://docs.google.com/spreadsheets/d/1MNwUNMjcwK6bEgCXwB73jpbK5gJAXS8ZMpbEMLJEP3E/edit#gid=0"",""'Game 8'!$B$2:$Q$31""),30,False),1)"),23.0) -> 23 | O6: =IFERROR(__xludf.DUMMYFUNCTION("IFERROR(HLOOKUP($A6,IMPORTRANGE(""https://docs.google.com/spreadsheets/d/1UrzyxmT40kDZwVrLMf1yyXfP-pyczRAw9Y8Rw-uXG3c/edit#gid=0"",""'Game 13'!$B$2:$Q$31""),30,False),1)"),11.0) -> 11 | P6: =IFERROR(__xludf.DUMMYFUNCTION("IFERROR(HLOOKUP($A6,IMPORTRANGE(""https://docs.google.com/spreadsheets/d/1iyMhSYWifw-KGFtyeBpNxVZr4BhcV9hVZuShgJ9Ia0E/edit#gid=0"",""'Game 6'!$B$2:$Q$31""),30,False),1)"),23.0) -> 23 | Q6: =IFERROR(__xludf.DUMMYFUNCTION("IFERROR(HLOOKUP($A6,IMPORTRANGE(""https://docs.google.com/spreadsheets/d/1sSbIK-vvHsSY0LghLJ9gcnW8Hec_ITI2tFmpeqI999A/edit#gid=0"",""'Game 9'!$B$2:$Q$31""),30,False),1)"),23.0) -> 23 | R6: =SUM(C6:Q6) -> 239
A7: Albert H | B7: Beltway Blazers B | C7: 23 | D7: 12 | E7: 23 | F7: 23 | G7: 23 | H7: =IFERROR(__xludf.DUMMYFUNCTION("HLOOKUP($A7,IMPORTRANGE(""https://docs.google.com/spreadsheets/d/16J5ie7OD1E99qGO9lMDm8w5Yls-v190B7DTolJ5TmFc/edit#gid=0"",""'Game 5'!$B$2:$Q$31""),30,False)"),23.0) -> 23 | I7: 23 | J7: =IFERROR(__xludf.DUMMYFUNCTION("IFERROR(HLOOKUP($A7,IMPORTRANGE(""https://docs.google.com/spreadsheets/d/1CTYfdyRk_RFGM3I2iN9bKeD9zUPzEm1ajzml6VgwfIU/edit#gid=0"",""'Game 12'!$B$2:$Q$31""),30,False),0)"),23.0) -> 23 | K7: =IFERROR(__xludf.DUMMYFUNCTION("IFERROR(HLOOKUP($A7,IMPORTRANGE(""https://docs.google.com/spreadsheets/d/11NFkzOdQyW-OtxSDuGslNCgNjx7HUb2FU7KnlNnPMgY/edit#gid=0"",""'Game 3'!$B$2:$Q$31""),30,False),0)"),12.0) -> 12 | L7: =IFERROR(__xludf.DUMMYFUNCTION("IFERROR(HLOOKUP($A7,IMPORTRANGE(""https://docs.google.com/spreadsheets/d/1CLg5-jaE4ta0-u4oE1qbBplQ5Mf3Oj9ONFgL0zJ7Ol4/edit#gid=0"",""'Game 11'!$B$2:$Q$31""),30,False),1)"),23.0) -> 23 | M7: =IFERROR(__xludf.DUMMYFUNCTION("IFERROR(HLOOKUP($A7,IMPORTRANGE(""https://docs.google.com/spreadsheets/d/1CeexgK4KxWj3k_7nql_k8-RPxXMwTJyB4Q3vAASeDlA/edit#gid=0"",""'Game 10'!$B$2:$Q$31""),30,False),1)"),11.0) -> 11 | N7: =IFERROR(__xludf.DUMMYFUNCTION("IFERROR(HLOOKUP($A7,IMPORTRANGE(""https://docs.google.com/spreadsheets/d/1MNwUNMjcwK6bEgCXwB73jpbK5gJAXS8ZMpbEMLJEP3E/edit#gid=0"",""'Game 10'!$B$2:$Q$31""),30,False),1)"),23.0) -> 23 | O7: =IFERROR(__xludf.DUMMYFUNCTION("IFERROR(HLOOKUP($A7,IMPORTRANGE(""https://docs.google.com/spreadsheets/d/1UrzyxmT40kDZwVrLMf1yyXfP-pyczRAw9Y8Rw-uXG3c/edit#gid=0"",""'Game 4'!$B$2:$Q$31""),30,False),1)"),23.0) -> 23 | P7: =IFERROR(__xludf.DUMMYFUNCTION("IFERROR(HLOOKUP($A7,IMPORTRANGE(""https://docs.google.com/spreadsheets/d/1iyMhSYWifw-KGFtyeBpNxVZr4BhcV9hVZuShgJ9Ia0E/edit#gid=0"",""'Game 11'!$B$2:$Q$31""),30,False),1)"),23.0) -> 23 | Q7: =IFERROR(__xludf.DUMMYFUNCTION("IFERROR(HLOOKUP($A7,IMPORTRANGE(""https://docs.google.com/spreadsheets/d/1sSbIK-vvHsSY0LghLJ9gcnW8Hec_ITI2tFmpeqI999A/edit#gid=0"",""'Game 9'!$B$2:$Q$31""),30,False),1)"),23.0) -> 23 | R7: =SUM(C7:Q7) -> 311
A8: Ashley | B8: Beltway Blazers B | C8: 12 | D8: 23 | E8: 0 | F8: 23 | G8: 23 | H8: =IFERROR(__xludf.DUMMYFUNCTION("HLOOKUP($A8,IMPORTRANGE(""https://docs.google.com/spreadsheets/d/16J5ie7OD1E99qGO9lMDm8w5Yls-v190B7DTolJ5TmFc/edit#gid=0"",""'Game 5'!$B$2:$Q$31""),30,False)"),0.0) -> 0 | I8: 23 | J8: =IFERROR(__xludf.DUMMYFUNCTION("IFERROR(HLOOKUP($A8,IMPORTRANGE(""https://docs.google.com/spreadsheets/d/1CTYfdyRk_RFGM3I2iN9bKeD9zUPzEm1ajzml6VgwfIU/edit#gid=0"",""'Game 12'!$B$2:$Q$31""),30,False),0)"),23.0) -> 23 | K8: =IFERROR(__xludf.DUMMYFUNCTION("IFERROR(HLOOKUP($A8,IMPORTRANGE(""https://docs.google.com/spreadsheets/d/11NFkzOdQyW-OtxSDuGslNCgNjx7HUb2FU7KnlNnPMgY/edit#gid=0"",""'Game 3'!$B$2:$Q$31""),30,False),0)"),23.0) -> 23 | L8: =IFERROR(__xludf.DUMMYFUNCTION("IFERROR(HLOOKUP($A8,IMPORTRANGE(""https://docs.google.com/spreadsheets/d/1CLg5-jaE4ta0-u4oE1qbBplQ5Mf3Oj9ONFgL0zJ7Ol4/edit#gid=0"",""'Game 11'!$B$2:$Q$31""),30,False),1)"),23.0) -> 23 | M8: =IFERROR(__xludf.DUMMYFUNCTION("IFERROR(HLOOKUP($A8,IMPORTRANGE(""https://docs.google.com/spreadsheets/d/1CeexgK4KxWj3k_7nql_k8-RPxXMwTJyB4Q3vAASeDlA/edit#gid=0"",""'Game 10'!$B$2:$Q$31""),30,False),1)"),23.0) -> 23 | N8: =IFERROR(__xludf.DUMMYFUNCTION("IFERROR(HLOOKUP($A8,IMPORTRANGE(""https://docs.google.com/spreadsheets/d/1MNwUNMjcwK6bEgCXwB73jpbK5gJAXS8ZMpbEMLJEP3E/edit#gid=0"",""'Game 10'!$B$2:$Q$31""),30,False),1)"),23.0) -> 23 | O8: =IFERROR(__xludf.DUMMYFUNCTION("IFERROR(HLOOKUP($A8,IMPORTRANGE(""https://docs.google.com/spreadsheets/d/1UrzyxmT40kDZwVrLMf1yyXfP-pyczRAw9Y8Rw-uXG3c/edit#gid=0"",""'Game 4'!$B$2:$Q$31""),30,False),1)"),23.0) -> 23 | P8: =IFERROR(__xludf.DUMMYFUNCTION("IFERROR(HLOOKUP($A8,IMPORTRANGE(""https://docs.google.com/spreadsheets/d/1iyMhSYWifw-KGFtyeBpNxVZr4BhcV9hVZuShgJ9Ia0E/edit#gid=0"",""'Game 11'!$B$2:$Q$31""),30,False),1)"),23.0) -> 23 | Q8: =IFERROR(__xludf.DUMMYFUNCTION("IFERROR(HLOOKUP($A8,IMPORTRANGE(""https://docs.google.com/spreadsheets/d/1sSbIK-vvHsSY0LghLJ9gcnW8Hec_ITI2tFmpeqI999A/edit#gid=0"",""'Game 9'!$B$2:$Q$31""),30,False),1)"),23.0) -> 23 | R8: =SUM(C8:Q8) -> 288
A9: Daniel Y | B9: Beltway Blazers B | C9: 23 | D9: 23 | E9: 23 | F9: 11 | G9: 0 | H9: =IFERROR(__xludf.DUMMYFUNCTION("HLOOKUP($A9,IMPORTRANGE(""https://docs.google.com/spreadsheets/d/16J5ie7OD1E99qGO9lMDm8w5Yls-v190B7DTolJ5TmFc/edit#gid=0"",""'Game 5'!$B$2:$Q$31""),30,False)"),23.0) -> 23 | I9: 0 | J9: =IFERROR(__xludf.DUMMYFUNCTION("IFERROR(HLOOKUP($A9,IMPORTRANGE(""https://docs.google.com/spreadsheets/d/1CTYfdyRk_RFGM3I2iN9bKeD9zUPzEm1ajzml6VgwfIU/edit#gid=0"",""'Game 12'!$B$2:$Q$31""),30,False),0)"),0.0) -> 0 | K9: =IFERROR(__xludf.DUMMYFUNCTION("IFERROR(HLOOKUP($A9,IMPORTRANGE(""https://docs.google.com/spreadsheets/d/11NFkzOdQyW-OtxSDuGslNCgNjx7HUb2FU7KnlNnPMgY/edit#gid=0"",""'Game 3'!$B$2:$Q$31""),30,False),0)"),23.0) -> 23 | L9: =IFERROR(__xludf.DUMMYFUNCTION("IFERROR(HLOOKUP($A9,IMPORTRANGE(""https://docs.google.com/spreadsheets/d/1CLg5-jaE4ta0-u4oE1qbBplQ5Mf3Oj9ONFgL0zJ7Ol4/edit#gid=0"",""'Game 11'!$B$2:$Q$31""),30,False),1)"),0.0) -> 0 | M9: =IFERROR(__xludf.DUMMYFUNCTION("IFERROR(HLOOKUP($A9,IMPORTRANGE(""https://docs.google.com/spreadsheets/d/1CeexgK4KxWj3k_7nql_k8-RPxXMwTJyB4Q3vAASeDlA/edit#gid=0"",""'Game 10'!$B$2:$Q$31""),30,False),1)"),23.0) -> 23 | N9: =IFERROR(__xludf.DUMMYFUNCTION("IFERROR(HLOOKUP($A9,IMPORTRANGE(""https://docs.google.com/spreadsheets/d/1MNwUNMjcwK6bEgCXwB73jpbK5gJAXS8ZMpbEMLJEP3E/edit#gid=0"",""'Game 10'!$B$2:$Q$31""),30,False),1)"),0.0) -> 0 | O9: =IFERROR(__xludf.DUMMYFUNCTION("IFERROR(HLOOKUP($A9,IMPORTRANGE(""https://docs.google.com/spreadsheets/d/1UrzyxmT40kDZwVrLMf1yyXfP-pyczRAw9Y8Rw-uXG3c/edit#gid=0"",""'Game 4'!$B$2:$Q$31""),30,False),1)"),0.0) -> 0 | P9: =IFERROR(__xludf.DUMMYFUNCTION("IFERROR(HLOOKUP($A9,IMPORTRANGE(""https://docs.google.com/spreadsheets/d/1iyMhSYWifw-KGFtyeBpNxVZr4BhcV9hVZuShgJ9Ia0E/edit#gid=0"",""'Game 11'!$B$2:$Q$31""),30,False),1)"),0.0) -> 0 | Q9: =IFERROR(__xludf.DUMMYFUNCTION("IFERROR(HLOOKUP($A9,IMPORTRANGE(""https://docs.google.com/spreadsheets/d/1sSbIK-vvHsSY0LghLJ9gcnW8Hec_ITI2tFmpeqI999A/edit#gid=0"",""'Game 9'!$B$2:$Q$31""),30,False),1)"),0.0) -> 0 | R9: =SUM(C9:Q9) -> 149
A10: Leela | B10: Beltway Blazers B | C10: 23 | D10: 11 | E10: 23 | F10: 12 | G10: 23 | H10: =IFERROR(__xludf.DUMMYFUNCTION("HLOOKUP($A10,IMPORTRANGE(""https://docs.google.com/spreadsheets/d/16J5ie7OD1E99qGO9lMDm8w5Yls-v190B7DTolJ5TmFc/edit#gid=0"",""'Game 5'!$B$2:$Q$31""),30,False)"),23.0) -> 23 | I10: 0 | J10: =IFERROR(__xludf.DUMMYFUNCTION("IFERROR(HLOOKUP($A10,IMPORTRANGE(""https://docs.google.com/spreadsheets/d/1CTYfdyRk_RFGM3I2iN9bKeD9zUPzEm1ajzml6VgwfIU/edit#gid=0"",""'Game 12'!$B$2:$Q$31""),30,False),0)"),23.0) -> 23 | K10: =IFERROR(__xludf.DUMMYFUNCTION("IFERROR(HLOOKUP($A10,IMPORTRANGE(""https://docs.google.com/spreadsheets/d/11NFkzOdQyW-OtxSDuGslNCgNjx7HUb2FU7KnlNnPMgY/edit#gid=0"",""'Game 3'!$B$2:$Q$31""),30,False),0)"),23.0) -> 23 | L10: =IFERROR(__xludf.DUMMYFUNCTION("IFERROR(HLOOKUP($A10,IMPORTRANGE(""https://docs.google.com/spreadsheets/d/1CLg5-jaE4ta0-u4oE1qbBplQ5Mf3Oj9ONFgL0zJ7Ol4/edit#gid=0"",""'Game 11'!$B$2:$Q$31""),30,False),1)"),23.0) -> 23 | M10: =IFERROR(__xludf.DUMMYFUNCTION("IFERROR(HLOOKUP($A10,IMPORTRANGE(""https://docs.google.com/spreadsheets/d/1CeexgK4KxWj3k_7nql_k8-RPxXMwTJyB4Q3vAASeDlA/edit#gid=0"",""'Game 10'!$B$2:$Q$31""),30,False),1)"),12.0) -> 12 | N10: =IFERROR(__xludf.DUMMYFUNCTION("IFERROR(HLOOKUP($A10,IMPORTRANGE(""https://docs.google.com/spreadsheets/d/1MNwUNMjcwK6bEgCXwB73jpbK5gJAXS8ZMpbEMLJEP3E/edit#gid=0"",""'Game 10'!$B$2:$Q$31""),30,False),1)"),23.0) -> 23 | O10: =IFERROR(__xludf.DUMMYFUNCTION("IFERROR(HLOOKUP($A10,IMPORTRANGE(""https://docs.google.com/spreadsheets/d/1UrzyxmT40kDZwVrLMf1yyXfP-pyczRAw9Y8Rw-uXG3c/edit#gid=0"",""'Game 4'!$B$2:$Q$31""),30,False),1)"),0.0) -> 0 | P10: =IFERROR(__xludf.DUMMYFUNCTION("IFERROR(HLOOKUP($A10,IMPORTRANGE(""https://docs.google.com/spreadsheets/d/1iyMhSYWifw-KGFtyeBpNxVZr4BhcV9hVZuShgJ9Ia0E/edit#gid=0"",""'Game 11'!$B$2:$Q$31""),30,False),1)"),0.0) -> 0 | Q10: =IFERROR(__xludf.DUMMYFUNCTION("IFERROR(HLOOKUP($A10,IMPORTRANGE(""https://docs.google.com/spreadsheets/d/1sSbIK-vvHsSY0LghLJ9gcnW8Hec_ITI2tFmpeqI999A/edit#gid=0"",""'Game 9'!$B$2:$Q$31""),30,False),1)"),23.0) -> 23 | R10: =SUM(C10:Q10) -> 242
A11: Stephen | B11: Beltway Blazers B | C11: 11 | D11: 23 | E11: 23 | F11: 23 | G11: 23 | H11: =IFERROR(__xludf.DUMMYFUNCTION("HLOOKUP($A11,IMPORTRANGE(""https://docs.google.com/spreadsheets/d/16J5ie7OD1E99qGO9lMDm8w5Yls-v190B7DTolJ5TmFc/edit#gid=0"",""'Game 5'!$B$2:$Q$31""),30,False)"),23.0) -> 23 | I11: 23 | J11: =IFERROR(__xludf.DUMMYFUNCTION("IFERROR(HLOOKUP($A11,IMPORTRANGE(""https://docs.google.com/spreadsheets/d/1CTYfdyRk_RFGM3I2iN9bKeD9zUPzEm1ajzml6VgwfIU/edit#gid=0"",""'Game 12'!$B$2:$Q$31""),30,False),0)"),23.0) -> 23 | K11: =IFERROR(__xludf.DUMMYFUNCTION("IFERROR(HLOOKUP($A11,IMPORTRANGE(""https://docs.google.com/spreadsheets/d/11NFkzOdQyW-OtxSDuGslNCgNjx7HUb2FU7KnlNnPMgY/edit#gid=0"",""'Game 3'!$B$2:$Q$31""),30,False),0)"),11.0) -> 11 | L11: =IFERROR(__xludf.DUMMYFUNCTION("IFERROR(HLOOKUP($A11,IMPORTRANGE(""https://docs.google.com/spreadsheets/d/1CLg5-jaE4ta0-u4oE1qbBplQ5Mf3Oj9ONFgL0zJ7Ol4/edit#gid=0"",""'Game 11'!$B$2:$Q$31""),30,False),1)"),23.0) -> 23 | M11: =IFERROR(__xludf.DUMMYFUNCTION("IFERROR(HLOOKUP($A11,IMPORTRANGE(""https://docs.google.com/spreadsheets/d/1CeexgK4KxWj3k_7nql_k8-RPxXMwTJyB4Q3vAASeDlA/edit#gid=0"",""'Game 10'!$B$2:$Q$31""),30,False),1)"),23.0) -> 23 | N11: =IFERROR(__xludf.DUMMYFUNCTION("IFERROR(HLOOKUP($A11,IMPORTRANGE(""https://docs.google.com/spreadsheets/d/1MNwUNMjcwK6bEgCXwB73jpbK5gJAXS8ZMpbEMLJEP3E/edit#gid=0"",""'Game 10'!$B$2:$Q$31""),30,False),1)"),23.0) -> 23 | O11: =IFERROR(__xludf.DUMMYFUNCTION("IFERROR(HLOOKUP($A11,IMPORTRANGE(""https://docs.google.com/spreadsheets/d/1UrzyxmT40kDZwVrLMf1yyXfP-pyczRAw9Y8Rw-uXG3c/edit#gid=0"",""'Game 4'!$B$2:$Q$31""),30,False),1)"),23.0) -> 23 | P11: =IFERROR(__xludf.DUMMYFUNCTION("IFERROR(HLOOKUP($A11,IMPORTRANGE(""https://docs.google.com/spreadsheets/d/1iyMhSYWifw-KGFtyeBpNxVZr4BhcV9hVZuShgJ9Ia0E/edit#gid=0"",""'Game 11'!$B$2:$Q$31""),30,False),1)"),23.0) -> 23 | Q11: =IFERROR(__xludf.DUMMYFUNCTION("IFERROR(HLOOKUP($A11,IMPORTRANGE(""https://docs.google.com/spreadsheets/d/1sSbIK-vvHsSY0LghLJ9gcnW8Hec_ITI2tFmpeqI999A/edit#gid=0"",""'Game 9'!$B$2:$Q$31""),30,False),1)"),23.0) -> 23 | R11: =SUM(C11:Q11) -> 321
A12: Aaron | B12: BOW B | C12: 23 | D12: 23 | E12: 23 | F12: 23 | G12: 23 | H12: =IFERROR(__xludf.DUMMYFUNCTION("HLOOKUP($A12,IMPORTRANGE(""https://docs.google.com/spreadsheets/d/16J5ie7OD1E99qGO9lMDm8w5Yls-v190B7DTolJ5TmFc/edit#gid=0"",""'Game 11'!$B$2:$Q$31""),30,False)"),23.0) -> 23 | I12: 23 | J12: =IFERROR(__xludf.DUMMYFUNCTION("IFERROR(HLOOKUP($A12,IMPORTRANGE(""https://docs.google.com/spreadsheets/d/1CTYfdyRk_RFGM3I2iN9bKeD9zUPzEm1ajzml6VgwfIU/edit#gid=0"",""'Game 4'!$B$2:$Q$31""),30,False),0)"),23.0) -> 23 | K12: =IFERROR(__xludf.DUMMYFUNCTION("IFERROR(HLOOKUP($A12,IMPORTRANGE(""https://docs.google.com/spreadsheets/d/11NFkzOdQyW-OtxSDuGslNCgNjx7HUb2FU7KnlNnPMgY/edit#gid=0"",""'Game 4'!$B$2:$Q$31""),30,False),0)"),23.0) -> 23 | L12: =IFERROR(__xludf.DUMMYFUNCTION("IFERROR(HLOOKUP($A12,IMPORTRANGE(""https://docs.google.com/spreadsheets/d/1CLg5-jaE4ta0-u4oE1qbBplQ5Mf3Oj9ONFgL0zJ7Ol4/edit#gid=0"",""'Game 4'!$B$2:$Q$31""),30,False),1)"),23.0) -> 23 | M12: =IFERROR(__xludf.DUMMYFUNCTION("IFERROR(HLOOKUP($A12,IMPORTRANGE(""https://docs.google.com/spreadsheets/d/1CeexgK4KxWj3k_7nql_k8-RPxXMwTJyB4Q3vAASeDlA/edit#gid=0"",""'Game 4'!$B$2:$Q$31""),30,False),1)"),23.0) -> 23 | N12: =IFERROR(__xludf.DUMMYFUNCTION("IFERROR(HLOOKUP($A12,IMPORTRANGE(""https://docs.google.com/spreadsheets/d/1MNwUNMjcwK6bEgCXwB73jpbK5gJAXS8ZMpbEMLJEP3E/edit#gid=0"",""'Game 4'!$B$2:$Q$31""),30,False),1)"),23.0) -> 23 | O12: =IFERROR(__xludf.DUMMYFUNCTION("IFERROR(HLOOKUP($A12,IMPORTRANGE(""https://docs.google.com/spreadsheets/d/1UrzyxmT40kDZwVrLMf1yyXfP-pyczRAw9Y8Rw-uXG3c/edit#gid=0"",""'Game 4'!$B$2:$Q$31""),30,False),1)"),23.0) -> 23 | P12: =IFERROR(__xludf.DUMMYFUNCTION("IFERROR(HLOOKUP($A12,IMPORTRANGE(""https://docs.google.com/spreadsheets/d/1iyMhSYWifw-KGFtyeBpNxVZr4BhcV9hVZuShgJ9Ia0E/edit#gid=0"",""'Game 4'!$B$2:$Q$31""),30,False),1)"),23.0) -> 23 | Q12: =IFERROR(__xludf.DUMMYFUNCTION("IFERROR(HLOOKUP($A12,IMPORTRANGE(""https://docs.google.com/spreadsheets/d/1sSbIK-vvHsSY0LghLJ9gcnW8Hec_ITI2tFmpeqI999A/edit#gid=0"",""'Game 3'!$B$2:$Q$31""),30,False),1)"),23.0) -> 23 | R12: =SUM(C12:Q12) -> 345
A13: Jonathan F | B13: BOW B | C13: 0 | D13: 23 | E13: 0 | F13: 0 | G13: 23 | H13: =IFERROR(__xludf.DUMMYFUNCTION("HLOOKUP($A13,IMPORTRANGE(""https://docs.google.com/spreadsheets/d/16J5ie7OD1E99qGO9lMDm8w5Yls-v190B7DTolJ5TmFc/edit#gid=0"",""'Game 11'!$B$2:$Q$31""),30,False)"),0.0) -> 0 | I13: 23 | J13: =IFERROR(__xludf.DUMMYFUNCTION("IFERROR(HLOOKUP($A13,IMPORTRANGE(""https://docs.google.com/spreadsheets/d/1CTYfdyRk_RFGM3I2iN9bKeD9zUPzEm1ajzml6VgwfIU/edit#gid=0"",""'Game 4'!$B$2:$Q$31""),30,False),0)"),0.0) -> 0 | K13: =IFERROR(__xludf.DUMMYFUNCTION("IFERROR(HLOOKUP($A13,IMPORTRANGE(""https://docs.google.com/spreadsheets/d/11NFkzOdQyW-OtxSDuGslNCgNjx7HUb2FU7KnlNnPMgY/edit#gid=0"",""'Game 4'!$B$2:$Q$31""),30,False),0)"),0.0) -> 0 | L13: =IFERROR(__xludf.DUMMYFUNCTION("IFERROR(HLOOKUP($A13,IMPORTRANGE(""https://docs.google.com/spreadsheets/d/1CLg5-jaE4ta0-u4oE1qbBplQ5Mf3Oj9ONFgL0zJ7Ol4/edit#gid=0"",""'Game 4'!$B$2:$Q$31""),30,False),1)"),0.0) -> 0 | M13: =IFERROR(__xludf.DUMMYFUNCTION("IFERROR(HLOOKUP($A13,IMPORTRANGE(""https://docs.google.com/spreadsheets/d/1CeexgK4KxWj3k_7nql_k8-RPxXMwTJyB4Q3vAASeDlA/edit#gid=0"",""'Game 4'!$B$2:$Q$31""),30,False),1)"),0.0) -> 0 | N13: =IFERROR(__xludf.DUMMYFUNCTION("IFERROR(HLOOKUP($A13,IMPORTRANGE(""https://docs.google.com/spreadsheets/d/1MNwUNMjcwK6bEgCXwB73jpbK5gJAXS8ZMpbEMLJEP3E/edit#gid=0"",""'Game 4'!$B$2:$Q$31""),30,False),1)"),0.0) -> 0 | O13: =IFERROR(__xludf.DUMMYFUNCTION("IFERROR(HLOOKUP($A13,IMPORTRANGE(""https://docs.google.com/spreadsheets/d/1UrzyxmT40kDZwVrLMf1yyXfP-pyczRAw9Y8Rw-uXG3c/edit#gid=0"",""'Game 4'!$B$2:$Q$31""),30,False),1)"),0.0) -> 0 | P13: =IFERROR(__xludf.DUMMYFUNCTION("IFERROR(HLOOKUP($A13,IMPORTRANGE(""https://docs.google.com/spreadsheets/d/1iyMhSYWifw-KGFtyeBpNxVZr4BhcV9hVZuShgJ9Ia0E/edit#gid=0"",""'Game 4'!$B$2:$Q$31""),30,False),1)"),0.0) -> 0 | Q13: =IFERROR(__xludf.DUMMYFUNCTION("IFERROR(HLOOKUP($A13,IMPORTRANGE(""https://docs.google.com/spreadsheets/d/1sSbIK-vvHsSY0LghLJ9gcnW8Hec_ITI2tFmpeqI999A/edit#gid=0"",""'Game 3'!$B$2:$Q$31""),30,False),1)"),0.0) -> 0 | R13: =SUM(C13:Q13) -> 69
A14: Margaret L | B14: BOW B | C14: 23 | D14: 23 | E14: 0 | F14: 23 | G14: 0 | H14: =IFERROR(__xludf.DUMMYFUNCTION("HLOOKUP($A14,IMPORTRANGE(""https://docs.google.com/spreadsheets/d/16J5ie7OD1E99qGO9lMDm8w5Yls-v190B7DTolJ5TmFc/edit#gid=0"",""'Game 11'!$B$2:$Q$31""),30,False)"),23.0) -> 23 | I14: 0 | J14: =IFERROR(__xludf.DUMMYFUNCTION("IFERROR(HLOOKUP($A14,IMPORTRANGE(""https://docs.google.com/spreadsheets/d/1CTYfdyRk_RFGM3I2iN9bKeD9zUPzEm1ajzml6VgwfIU/edit#gid=0"",""'Game 4'!$B$2:$Q$31""),30,False),0)"),0.0) -> 0 | K14: =IFERROR(__xludf.DUMMYFUNCTION("IFERROR(HLOOKUP($A14,IMPORTRANGE(""https://docs.google.com/spreadsheets/d/11NFkzOdQyW-OtxSDuGslNCgNjx7HUb2FU7KnlNnPMgY/edit#gid=0"",""'Game 4'!$B$2:$Q$31""),30,False),0)"),23.0) -> 23 | L14: =IFERROR(__xludf.DUMMYFUNCTION("IFERROR(HLOOKUP($A14,IMPORTRANGE(""https://docs.google.com/spreadsheets/d/1CLg5-jaE4ta0-u4oE1qbBplQ5Mf3Oj9ONFgL0zJ7Ol4/edit#gid=0"",""'Game 4'!$B$2:$Q$31""),30,False),1)"),0.0) -> 0 | M14: =IFERROR(__xludf.DUMMYFUNCTION("IFERROR(HLOOKUP($A14,IMPORTRANGE(""https://docs.google.com/spreadsheets/d/1CeexgK4KxWj3k_7nql_k8-RPxXMwTJyB4Q3vAASeDlA/edit#gid=0"",""'Game 4'!$B$2:$Q$31""),30,False),1)"),0.0) -> 0 | N14: =IFERROR(__xludf.DUMMYFUNCTION("IFERROR(HLOOKUP($A14,IMPORTRANGE(""https://docs.google.com/spreadsheets/d/1MNwUNMjcwK6bEgCXwB73jpbK5gJAXS8ZMpbEMLJEP3E/edit#gid=0"",""'Game 4'!$B$2:$Q$31""),30,False),1)"),0.0) -> 0 | O14: =IFERROR(__xludf.DUMMYFUNCTION("IFERROR(HLOOKUP($A14,IMPORTRANGE(""https://docs.google.com/spreadsheets/d/1UrzyxmT40kDZwVrLMf1yyXfP-pyczRAw9Y8Rw-uXG3c/edit#gid=0"",""'Game 4'!$B$2:$Q$31""),30,False),1)"),23.0) -> 23 | P14: =IFERROR(__xludf.DUMMYFUNCTION("IFERROR(HLOOKUP($A14,IMPORTRANGE(""https://docs.google.com/spreadsheets/d/1iyMhSYWifw-KGFtyeBpNxVZr4BhcV9hVZuShgJ9Ia0E/edit#gid=0"",""'Game 4'!$B$2:$Q$31""),30,False),1)"),0.0) -> 0 | Q14: =IFERROR(__xludf.DUMMYFUNCTION("IFERROR(HLOOKUP($A14,IMPORTRANGE(""https://docs.google.com/spreadsheets/d/1sSbIK-vvHsSY0LghLJ9gcnW8Hec_ITI2tFmpeqI999A/edit#gid=0"",""'Game 3'!$B$2:$Q$31""),30,False),1)"),0.0) -> 0 | R14: =SUM(C14:Q14) -> 138
A15: Piyush | B15: BOW B | C15: 23 | D15: 23 | E15: 23 | F15: 0 | G15: 23 | H15: =IFERROR(__xludf.DUMMYFUNCTION("HLOOKUP($A15,IMPORTRANGE(""https://docs.google.com/spreadsheets/d/16J5ie7OD1E99qGO9lMDm8w5Yls-v190B7DTolJ5TmFc/edit#gid=0"",""'Game 11'!$B$2:$Q$31""),30,False)"),0.0) -> 0 | I15: 23 | J15: =IFERROR(__xludf.DUMMYFUNCTION("IFERROR(HLOOKUP($A15,IMPORTRANGE(""https://docs.google.com/spreadsheets/d/1CTYfdyRk_RFGM3I2iN9bKeD9zUPzEm1ajzml6VgwfIU/edit#gid=0"",""'Game 4'!$B$2:$Q$31""),30,False),0)"),23.0) -> 23 | K15: =IFERROR(__xludf.DUMMYFUNCTION("IFERROR(HLOOKUP($A15,IMPORTRANGE(""https://docs.google.com/spreadsheets/d/11NFkzOdQyW-OtxSDuGslNCgNjx7HUb2FU7KnlNnPMgY/edit#gid=0"",""'Game 4'!$B$2:$Q$31""),30,False),0)"),0.0) -> 0 | L15: =IFERROR(__xludf.DUMMYFUNCTION("IFERROR(HLOOKUP($A15,IMPORTRANGE(""https://docs.google.com/spreadsheets/d/1CLg5-jaE4ta0-u4oE1qbBplQ5Mf3Oj9ONFgL0zJ7Ol4/edit#gid=0"",""'Game 4'!$B$2:$Q$31""),30,False),1)"),0.0) -> 0 | M15: =IFERROR(__xludf.DUMMYFUNCTION("IFERROR(HLOOKUP($A15,IMPORTRANGE(""https://docs.google.com/spreadsheets/d/1CeexgK4KxWj3k_7nql_k8-RPxXMwTJyB4Q3vAASeDlA/edit#gid=0"",""'Game 4'!$B$2:$Q$31""),30,False),1)"),0.0) -> 0 | N15: =IFERROR(__xludf.DUMMYFUNCTION("IFERROR(HLOOKUP($A15,IMPORTRANGE(""https://docs.google.com/spreadsheets/d/1MNwUNMjcwK6bEgCXwB73jpbK5gJAXS8ZMpbEMLJEP3E/edit#gid=0"",""'Game 4'!$B$2:$Q$31""),30,False),1)"),23.0) -> 23 | O15: =IFERROR(__xludf.DUMMYFUNCTION("IFERROR(HLOOKUP($A15,IMPORTRANGE(""https://docs.google.com/spreadsheets/d/1UrzyxmT40kDZwVrLMf1yyXfP-pyczRAw9Y8Rw-uXG3c/edit#gid=0"",""'Game 4'!$B$2:$Q$31""),30,False),1)"),0.0) -> 0 | P15: =IFERROR(__xludf.DUMMYFUNCTION("IFERROR(HLOOKUP($A15,IMPORTRANGE(""https://docs.google.com/spreadsheets/d/1iyMhSYWifw-KGFtyeBpNxVZr4BhcV9hVZuShgJ9Ia0E/edit#gid=0"",""'Game 4'!$B$2:$Q$31""),30,False),1)"),0.0) -> 0 | Q15: =IFERROR(__xludf.DUMMYFUNCTION("IFERROR(HLOOKUP($A15,IMPORTRANGE(""https://docs.google.com/spreadsheets/d/1sSbIK-vvHsSY0LghLJ9gcnW8Hec_ITI2tFmpeqI999A/edit#gid=0"",""'Game 3'!$B$2:$Q$31""),30,False),1)"),23.0) -> 23 | R15: =SUM(C15:Q15) -> 184
A16: Wardell | B16: BOW B | C16: 23 | D16: 0 | E16: 0 | F16: 0 | G16: 23 | H16: =IFERROR(__xludf.DUMMYFUNCTION("HLOOKUP($A16,IMPORTRANGE(""https://docs.google.com/spreadsheets/d/16J5ie7OD1E99qGO9lMDm8w5Yls-v190B7DTolJ5TmFc/edit#gid=0"",""'Game 11'!$B$2:$Q$31""),30,False)"),0.0) -> 0 | I16: 0 | J16: =IFERROR(__xludf.DUMMYFUNCTION("IFERROR(HLOOKUP($A16,IMPORTRANGE(""https://docs.google.com/spreadsheets/d/1CTYfdyRk_RFGM3I2iN9bKeD9zUPzEm1ajzml6VgwfIU/edit#gid=0"",""'Game 4'!$B$2:$Q$31""),30,False),0)"),0.0) -> 0 | K16: =IFERROR(__xludf.DUMMYFUNCTION("IFERROR(HLOOKUP($A16,IMPORTRANGE(""https://docs.google.com/spreadsheets/d/11NFkzOdQyW-OtxSDuGslNCgNjx7HUb2FU7KnlNnPMgY/edit#gid=0"",""'Game 4'!$B$2:$Q$31""),30,False),0)"),23.0) -> 23 | L16: =IFERROR(__xludf.DUMMYFUNCTION("IFERROR(HLOOKUP($A16,IMPORTRANGE(""https://docs.google.com/spreadsheets/d/1CLg5-jaE4ta0-u4oE1qbBplQ5Mf3Oj9ONFgL0zJ7Ol4/edit#gid=0"",""'Game 4'!$B$2:$Q$31""),30,False),1)"),0.0) -> 0 | M16: =IFERROR(__xludf.DUMMYFUNCTION("IFERROR(HLOOKUP($A16,IMPORTRANGE(""https://docs.google.com/spreadsheets/d/1CeexgK4KxWj3k_7nql_k8-RPxXMwTJyB4Q3vAASeDlA/edit#gid=0"",""'Game 4'!$B$2:$Q$31""),30,False),1)"),23.0) -> 23 | N16: =IFERROR(__xludf.DUMMYFUNCTION("IFERROR(HLOOKUP($A16,IMPORTRANGE(""https://docs.google.com/spreadsheets/d/1MNwUNMjcwK6bEgCXwB73jpbK5gJAXS8ZMpbEMLJEP3E/edit#gid=0"",""'Game 4'!$B$2:$Q$31""),30,False),1)"),0.0) -> 0 | O16: =IFERROR(__xludf.DUMMYFUNCTION("IFERROR(HLOOKUP($A16,IMPORTRANGE(""https://docs.google.com/spreadsheets/d/1UrzyxmT40kDZwVrLMf1yyXfP-pyczRAw9Y8Rw-uXG3c/edit#gid=0"",""'Game 4'!$B$2:$Q$31""),30,False),1)"),0.0) -> 0 | P16: =IFERROR(__xludf.DUMMYFUNCTION("IFERROR(HLOOKUP($A16,IMPORTRANGE(""https://docs.google.com/spreadsheets/d/1iyMhSYWifw-KGFtyeBpNxVZr4BhcV9hVZuShgJ9Ia0E/edit#gid=0"",""'Game 4'!$B$2:$Q$31""),30,False),1)"),23.0) -> 23 | Q16: =IFERROR(__xludf.DUMMYFUNCTION("IFERROR(HLOOKUP($A16,IMPORTRANGE(""https://docs.google.com/spreadsheets/d/1sSbIK-vvHsSY0LghLJ9gcnW8Hec_ITI2tFmpeqI999A/edit#gid=0"",""'Game 3'!$B$2:$Q$31""),30,False),1)"),0.0) -> 0 | R16: =SUM(C16:Q16) -> 115
A17: Adarsh | B17: CCA B | C17: 23 | D17: 23 | E17: 23 | F17: 23 | G17: 23 | H17: =IFERROR(__xludf.DUMMYFUNCTION("HLOOKUP($A17,IMPORTRANGE(""https://docs.google.com/spreadsheets/d/16J5ie7OD1E99qGO9lMDm8w5Yls-v190B7DTolJ5TmFc/edit#gid=0"",""'Game 5'!$B$2:$Q$31""),30,False)"),23.0) -> 23 | I17: 23 | J17: =IFERROR(__xludf.DUMMYFUNCTION("IFERROR(HLOOKUP($A17,IMPORTRANGE(""https://docs.google.com/spreadsheets/d/1CTYfdyRk_RFGM3I2iN9bKeD9zUPzEm1ajzml6VgwfIU/edit#gid=0"",""'Game 7'!$B$2:$Q$31""),30,False),0)"),23.0) -> 23 | K17: =IFERROR(__xludf.DUMMYFUNCTION("IFERROR(HLOOKUP($A17,IMPORTRANGE(""https://docs.google.com/spreadsheets/d/11NFkzOdQyW-OtxSDuGslNCgNjx7HUb2FU7KnlNnPMgY/edit#gid=0"",""'Game 11'!$B$2:$Q$31""),30,False),0)"),23.0) -> 23 | L17: =IFERROR(__xludf.DUMMYFUNCTION("IFERROR(HLOOKUP($A17,IMPORTRANGE(""https://docs.google.com/spreadsheets/d/1CLg5-jaE4ta0-u4oE1qbBplQ5Mf3Oj9ONFgL0zJ7Ol4/edit#gid=0"",""'Game 1'!$B$2:$Q$31""),30,False),1)"),23.0) -> 23 | M17: =IFERROR(__xludf.DUMMYFUNCTION("IFERROR(HLOOKUP($A17,IMPORTRANGE(""https://docs.google.com/spreadsheets/d/1CeexgK4KxWj3k_7nql_k8-RPxXMwTJyB4Q3vAASeDlA/edit#gid=0"",""'Game 12'!$B$2:$Q$31""),30,False),1)"),23.0) -> 23 | N17: =IFERROR(__xludf.DUMMYFUNCTION("IFERROR(HLOOKUP($A17,IMPORTRANGE(""https://docs.google.com/spreadsheets/d/1MNwUNMjcwK6bEgCXwB73jpbK5gJAXS8ZMpbEMLJEP3E/edit#gid=0"",""'Game 11'!$B$2:$Q$31""),30,False),1)"),23.0) -> 23 | O17: =IFERROR(__xludf.DUMMYFUNCTION("IFERROR(HLOOKUP($A17,IMPORTRANGE(""https://docs.google.com/spreadsheets/d/1UrzyxmT40kDZwVrLMf1yyXfP-pyczRAw9Y8Rw-uXG3c/edit#gid=0"",""'Game 8'!$B$2:$Q$31""),30,False),1)"),23.0) -> 23 | P17: =IFERROR(__xludf.DUMMYFUNCTION("IFERROR(HLOOKUP($A17,IMPORTRANGE(""https://docs.google.com/spreadsheets/d/1iyMhSYWifw-KGFtyeBpNxVZr4BhcV9hVZuShgJ9Ia0E/edit#gid=0"",""'Game 5'!$B$2:$Q$31""),30,False),1)"),23.0) -> 23 | Q17: =IFERROR(__xludf.DUMMYFUNCTION("IFERROR(HLOOKUP($A17,IMPORTRANGE(""https://docs.google.com/spreadsheets/d/1sSbIK-vvHsSY0LghLJ9gcnW8Hec_ITI2tFmpeqI999A/edit#gid=0"",""'Game 11'!$B$2:$Q$31""),30,False),1)"),23.0) -> 23 | R17: =SUM(C17:Q17) -> 345
A18: Andrew S | B18: CCA B | C18: 23 | D18: 23 | E18: 23 | F18: 23 | G18: 23 | H18: =IFERROR(__xludf.DUMMYFUNCTION("HLOOKUP($A18,IMPORTRANGE(""https://docs.google.com/spreadsheets/d/16J5ie7OD1E99qGO9lMDm8w5Yls-v190B7DTolJ5TmFc/edit#gid=0"",""'Game 5'!$B$2:$Q$31""),30,False)"),23.0) -> 23 | I18: 23 | J18: =IFERROR(__xludf.DUMMYFUNCTION("IFERROR(HLOOKUP($A18,IMPORTRANGE(""https://docs.google.com/spreadsheets/d/1CTYfdyRk_RFGM3I2iN9bKeD9zUPzEm1ajzml6VgwfIU/edit#gid=0"",""'Game 7'!$B$2:$Q$31""),30,False),0)"),23.0) -> 23 | K18: =IFERROR(__xludf.DUMMYFUNCTION("IFERROR(HLOOKUP($A18,IMPORTRANGE(""https://docs.google.com/spreadsheets/d/11NFkzOdQyW-OtxSDuGslNCgNjx7HUb2FU7KnlNnPMgY/edit#gid=0"",""'Game 11'!$B$2:$Q$31""),30,False),0)"),23.0) -> 23 | L18: =IFERROR(__xludf.DUMMYFUNCTION("IFERROR(HLOOKUP($A18,IMPORTRANGE(""https://docs.google.com/spreadsheets/d/1CLg5-jaE4ta0-u4oE1qbBplQ5Mf3Oj9ONFgL0zJ7Ol4/edit#gid=0"",""'Game 1'!$B$2:$Q$31""),30,False),1)"),23.0) -> 23 | M18: =IFERROR(__xludf.DUMMYFUNCTION("IFERROR(HLOOKUP($A18,IMPORTRANGE(""https://docs.google.com/spreadsheets/d/1CeexgK4KxWj3k_7nql_k8-RPxXMwTJyB4Q3vAASeDlA/edit#gid=0"",""'Game 12'!$B$2:$Q$31""),30,False),1)"),23.0) -> 23 | N18: =IFERROR(__xludf.DUMMYFUNCTION("IFERROR(HLOOKUP($A18,IMPORTRANGE(""https://docs.google.com/spreadsheets/d/1MNwUNMjcwK6bEgCXwB73jpbK5gJAXS8ZMpbEMLJEP3E/edit#gid=0"",""'Game 11'!$B$2:$Q$31""),30,False),1)"),23.0) -> 23 | O18: =IFERROR(__xludf.DUMMYFUNCTION("IFERROR(HLOOKUP($A18,IMPORTRANGE(""https://docs.google.com/spreadsheets/d/1UrzyxmT40kDZwVrLMf1yyXfP-pyczRAw9Y8Rw-uXG3c/edit#gid=0"",""'Game 8'!$B$2:$Q$31""),30,False),1)"),23.0) -> 23 | P18: =IFERROR(__xludf.DUMMYFUNCTION("IFERROR(HLOOKUP($A18,IMPORTRANGE(""https://docs.google.com/spreadsheets/d/1iyMhSYWifw-KGFtyeBpNxVZr4BhcV9hVZuShgJ9Ia0E/edit#gid=0"",""'Game 5'!$B$2:$Q$31""),30,False),1)"),23.0) -> 23 | Q18: =IFERROR(__xludf.DUMMYFUNCTION("IFERROR(HLOOKUP($A18,IMPORTRANGE(""https://docs.google.com/spreadsheets/d/1sSbIK-vvHsSY0LghLJ9gcnW8Hec_ITI2tFmpeqI999A/edit#gid=0"",""'Game 11'!$B$2:$Q$31""),30,False),1)"),23.0) -> 23 | R18: =SUM(C18:Q18) -> 345
A19: Arnav V | B19: CCA B | C19: 23 | D19: 23 | E19: 23 | F19: 23 | G19: 23 | H19: =IFERROR(__xludf.DUMMYFUNCTION("HLOOKUP($A19,IMPORTRANGE(""https://docs.google.com/spreadsheets/d/16J5ie7OD1E99qGO9lMDm8w5Yls-v190B7DTolJ5TmFc/edit#gid=0"",""'Game 5'!$B$2:$Q$31""),30,False)"),23.0) -> 23 | I19: 23 | J19: =IFERROR(__xludf.DUMMYFUNCTION("IFERROR(HLOOKUP($A19,IMPORTRANGE(""https://docs.google.com/spreadsheets/d/1CTYfdyRk_RFGM3I2iN9bKeD9zUPzEm1ajzml6VgwfIU/edit#gid=0"",""'Game 7'!$B$2:$Q$31""),30,False),0)"),23.0) -> 23 | K19: =IFERROR(__xludf.DUMMYFUNCTION("IFERROR(HLOOKUP($A19,IMPORTRANGE(""https://docs.google.com/spreadsheets/d/11NFkzOdQyW-OtxSDuGslNCgNjx7HUb2FU7KnlNnPMgY/edit#gid=0"",""'Game 11'!$B$2:$Q$31""),30,False),0)"),23.0) -> 23 | L19: =IFERROR(__xludf.DUMMYFUNCTION("IFERROR(HLOOKUP($A19,IMPORTRANGE(""https://docs.google.com/spreadsheets/d/1CLg5-jaE4ta0-u4oE1qbBplQ5Mf3Oj9ONFgL0zJ7Ol4/edit#gid=0"",""'Game 1'!$B$2:$Q$31""),30,False),1)"),23.0) -> 23 | M19: =IFERROR(__xludf.DUMMYFUNCTION("IFERROR(HLOOKUP($A19,IMPORTRANGE(""https://docs.google.com/spreadsheets/d/1CeexgK4KxWj3k_7nql_k8-RPxXMwTJyB4Q3vAASeDlA/edit#gid=0"",""'Game 12'!$B$2:$Q$31""),30,False),1)"),23.0) -> 23 | N19: =IFERROR(__xludf.DUMMYFUNCTION("IFERROR(HLOOKUP($A19,IMPORTRANGE(""https://docs.google.com/spreadsheets/d/1MNwUNMjcwK6bEgCXwB73jpbK5gJAXS8ZMpbEMLJEP3E/edit#gid=0"",""'Game 11'!$B$2:$Q$31""),30,False),1)"),23.0) -> 23 | O19: =IFERROR(__xludf.DUMMYFUNCTION("IFERROR(HLOOKUP($A19,IMPORTRANGE(""https://docs.google.com/spreadsheets/d/1UrzyxmT40kDZwVrLMf1yyXfP-pyczRAw9Y8Rw-uXG3c/edit#gid=0"",""'Game 8'!$B$2:$Q$31""),30,False),1)"),23.0) -> 23 | P19: =IFERROR(__xludf.DUMMYFUNCTION("IFERROR(HLOOKUP($A19,IMPORTRANGE(""https://docs.google.com/spreadsheets/d/1iyMhSYWifw-KGFtyeBpNxVZr4BhcV9hVZuShgJ9Ia0E/edit#gid=0"",""'Game 5'!$B$2:$Q$31""),30,False),1)"),23.0) -> 23 | Q19: =IFERROR(__xludf.DUMMYFUNCTION("IFERROR(HLOOKUP($A19,IMPORTRANGE(""https://docs.google.com/spreadsheets/d/1sSbIK-vvHsSY0LghLJ9gcnW8Hec_ITI2tFmpeqI999A/edit#gid=0"",""'Game 11'!$B$2:$Q$31""),30,False),1)"),23.0) -> 23 | R19: =SUM(C19:Q19) -> 345
A20: Chris J | B20: CCA B | C20: 23 | D20: 23 | E20: 23 | F20: 23 | G20: 23 | H20: =IFERROR(__xludf.DUMMYFUNCTION("HLOOKUP($A20,IMPORTRANGE(""https://docs.google.com/spreadsheets/d/16J5ie7OD1E99qGO9lMDm8w5Yls-v190B7DTolJ5TmFc/edit#gid=0"",""'Game 5'!$B$2:$Q$31""),30,False)"),23.0) -> 23 | I20: 23 | J20: =IFERROR(__xludf.DUMMYFUNCTION("IFERROR(HLOOKUP($A20,IMPORTRANGE(""https://docs.google.com/spreadsheets/d/1CTYfdyRk_RFGM3I2iN9bKeD9zUPzEm1ajzml6VgwfIU/edit#gid=0"",""'Game 7'!$B$2:$Q$31""),30,False),0)"),23.0) -> 23 | K20: =IFERROR(__xludf.DUMMYFUNCTION("IFERROR(HLOOKUP($A20,IMPORTRANGE(""https://docs.google.com/spreadsheets/d/11NFkzOdQyW-OtxSDuGslNCgNjx7HUb2FU7KnlNnPMgY/edit#gid=0"",""'Game 11'!$B$2:$Q$31""),30,False),0)"),23.0) -> 23 | L20: =IFERROR(__xludf.DUMMYFUNCTION("IFERROR(HLOOKUP($A20,IMPORTRANGE(""https://docs.google.com/spreadsheets/d/1CLg5-jaE4ta0-u4oE1qbBplQ5Mf3Oj9ONFgL0zJ7Ol4/edit#gid=0"",""'Game 1'!$B$2:$Q$31""),30,False),1)"),23.0) -> 23 | M20: =IFERROR(__xludf.DUMMYFUNCTION("IFERROR(HLOOKUP($A20,IMPORTRANGE(""https://docs.google.com/spreadsheets/d/1CeexgK4KxWj3k_7nql_k8-RPxXMwTJyB4Q3vAASeDlA/edit#gid=0"",""'Game 12'!$B$2:$Q$31""),30,False),1)"),23.0) -> 23 | N20: =IFERROR(__xludf.DUMMYFUNCTION("IFERROR(HLOOKUP($A20,IMPORTRANGE(""https://docs.google.com/spreadsheets/d/1MNwUNMjcwK6bEgCXwB73jpbK5gJAXS8ZMpbEMLJEP3E/edit#gid=0"",""'Game 11'!$B$2:$Q$31""),30,False),1)"),23.0) -> 23 | O20: =IFERROR(__xludf.DUMMYFUNCTION("IFERROR(HLOOKUP($A20,IMPORTRANGE(""https://docs.google.com/spreadsheets/d/1UrzyxmT40kDZwVrLMf1yyXfP-pyczRAw9Y8Rw-uXG3c/edit#gid=0"",""'Game 8'!$B$2:$Q$31""),30,False),1)"),0.0) -> 0 | P20: =IFERROR(__xludf.DUMMYFUNCTION("IFERROR(HLOOKUP($A20,IMPORTRANGE(""https://docs.google.com/spreadsheets/d/1iyMhSYWifw-KGFtyeBpNxVZr4BhcV9hVZuShgJ9Ia0E/edit#gid=0"",""'Game 5'!$B$2:$Q$31""),30,False),1)"),23.0) -> 23 | Q20: =IFERROR(__xludf.DUMMYFUNCTION("IFERROR(HLOOKUP($A20,IMPORTRANGE(""https://docs.google.com/spreadsheets/d/1sSbIK-vvHsSY0LghLJ9gcnW8Hec_ITI2tFmpeqI999A/edit#gid=0"",""'Game 11'!$B$2:$Q$31""),30,False),1)"),23.0) -> 23 | R20: =SUM(C20:Q20) -> 322
A21: Anurag | B21: Centennial | C21: 23 | D21: 23 | E21: 23 | F21: 23 | G21: 23 | H21: =IFERROR(__xludf.DUMMYFUNCTION("HLOOKUP($A21,IMPORTRANGE(""https://docs.google.com/spreadsheets/d/16J5ie7OD1E99qGO9lMDm8w5Yls-v190B7DTolJ5TmFc/edit#gid=0"",""'Game 7'!$B$2:$Q$31""),30,False)"),23.0) -> 23 | I21: 23 | J21: =IFERROR(__xludf.DUMMYFUNCTION("IFERROR(HLOOKUP($A21,IMPORTRANGE(""https://docs.google.com/spreadsheets/d/1CTYfdyRk_RFGM3I2iN9bKeD9zUPzEm1ajzml6VgwfIU/edit#gid=0"",""'Game 9'!$B$2:$Q$31""),30,False),0)"),23.0) -> 23 | K21: =IFERROR(__xludf.DUMMYFUNCTION("IFERROR(HLOOKUP($A21,IMPORTRANGE(""https://docs.google.com/spreadsheets/d/11NFkzOdQyW-OtxSDuGslNCgNjx7HUb2FU7KnlNnPMgY/edit#gid=0"",""'Game 9'!$B$2:$Q$31""),30,False),0)"),23.0) -> 23 | L21: =IFERROR(__xludf.DUMMYFUNCTION("IFERROR(HLOOKUP($A21,IMPORTRANGE(""https://docs.google.com/spreadsheets/d/1CLg5-jaE4ta0-u4oE1qbBplQ5Mf3Oj9ONFgL0zJ7Ol4/edit#gid=0"",""'Game 6'!$B$2:$Q$31""),30,False),1)"),23.0) -> 23 | M21: =IFERROR(__xludf.DUMMYFUNCTION("IFERROR(HLOOKUP($A21,IMPORTRANGE(""https://docs.google.com/spreadsheets/d/1CeexgK4KxWj3k_7nql_k8-RPxXMwTJyB4Q3vAASeDlA/edit#gid=0"",""'Game 4'!$B$2:$Q$31""),30,False),1)"),23.0) -> 23 | N21: =IFERROR(__xludf.DUMMYFUNCTION("IFERROR(HLOOKUP($A21,IMPORTRANGE(""https://docs.google.com/spreadsheets/d/1MNwUNMjcwK6bEgCXwB73jpbK5gJAXS8ZMpbEMLJEP3E/edit#gid=0"",""'Game 3'!$B$2:$Q$31""),30,False),1)"),23.0) -> 23 | O21: =IFERROR(__xludf.DUMMYFUNCTION("IFERROR(HLOOKUP($A21,IMPORTRANGE(""https://docs.google.com/spreadsheets/d/1UrzyxmT40kDZwVrLMf1yyXfP-pyczRAw9Y8Rw-uXG3c/edit#gid=0"",""'Game 9'!$B$2:$Q$31""),30,False),1)"),23.0) -> 23 | P21: =IFERROR(__xludf.DUMMYFUNCTION("IFERROR(HLOOKUP($A21,IMPORTRANGE(""https://docs.google.com/spreadsheets/d/1iyMhSYWifw-KGFtyeBpNxVZr4BhcV9hVZuShgJ9Ia0E/edit#gid=0"",""'Game 9'!$B$2:$Q$31""),30,False),1)"),23.0) -> 23 | Q21: =IFERROR(__xludf.DUMMYFUNCTION("IFERROR(HLOOKUP($A21,IMPORTRANGE(""https://docs.google.com/spreadsheets/d/1sSbIK-vvHsSY0LghLJ9gcnW8Hec_ITI2tFmpeqI999A/edit#gid=0"",""'Game 4'!$B$2:$Q$31""),30,False),1)"),23.0) -> 23 | R21: =SUM(C21:Q21) -> 345
A22: Brandon | B22: Centennial | C22: 0 | D22: 23 | E22: 0 | F22: 23 | G22: 0 | H22: =IFERROR(__xludf.DUMMYFUNCTION("HLOOKUP($A22,IMPORTRANGE(""https://docs.google.com/spreadsheets/d/16J5ie7OD1E99qGO9lMDm8w5Yls-v190B7DTolJ5TmFc/edit#gid=0"",""'Game 7'!$B$2:$Q$31""),30,False)"),23.0) -> 23 | I22: 23 | J22: =IFERROR(__xludf.DUMMYFUNCTION("IFERROR(HLOOKUP($A22,IMPORTRANGE(""https://docs.google.com/spreadsheets/d/1CTYfdyRk_RFGM3I2iN9bKeD9zUPzEm1ajzml6VgwfIU/edit#gid=0"",""'Game 9'!$B$2:$Q$31""),30,False),0)"),0.0) -> 0 | K22: =IFERROR(__xludf.DUMMYFUNCTION("IFERROR(HLOOKUP($A22,IMPORTRANGE(""https://docs.google.com/spreadsheets/d/11NFkzOdQyW-OtxSDuGslNCgNjx7HUb2FU7KnlNnPMgY/edit#gid=0"",""'Game 9'!$B$2:$Q$31""),30,False),0)"),0.0) -> 0 | L22: =IFERROR(__xludf.DUMMYFUNCTION("IFERROR(HLOOKUP($A22,IMPORTRANGE(""https://docs.google.com/spreadsheets/d/1CLg5-jaE4ta0-u4oE1qbBplQ5Mf3Oj9ONFgL0zJ7Ol4/edit#gid=0"",""'Game 6'!$B$2:$Q$31""),30,False),1)"),23.0) -> 23 | M22: =IFERROR(__xludf.DUMMYFUNCTION("IFERROR(HLOOKUP($A22,IMPORTRANGE(""https://docs.google.com/spreadsheets/d/1CeexgK4KxWj3k_7nql_k8-RPxXMwTJyB4Q3vAASeDlA/edit#gid=0"",""'Game 4'!$B$2:$Q$31""),30,False),1)"),23.0) -> 23 | N22: =IFERROR(__xludf.DUMMYFUNCTION("IFERROR(HLOOKUP($A22,IMPORTRANGE(""https://docs.google.com/spreadsheets/d/1MNwUNMjcwK6bEgCXwB73jpbK5gJAXS8ZMpbEMLJEP3E/edit#gid=0"",""'Game 3'!$B$2:$Q$31""),30,False),1)"),11.0) -> 11 | O22: =IFERROR(__xludf.DUMMYFUNCTION("IFERROR(HLOOKUP($A22,IMPORTRANGE(""https://docs.google.com/spreadsheets/d/1UrzyxmT40kDZwVrLMf1yyXfP-pyczRAw9Y8Rw-uXG3c/edit#gid=0"",""'Game 9'!$B$2:$Q$31""),30,False),1)"),23.0) -> 23 | P22: =IFERROR(__xludf.DUMMYFUNCTION("IFERROR(HLOOKUP($A22,IMPORTRANGE(""https://docs.google.com/spreadsheets/d/1iyMhSYWifw-KGFtyeBpNxVZr4BhcV9hVZuShgJ9Ia0E/edit#gid=0"",""'Game 9'!$B$2:$Q$31""),30,False),1)"),0.0) -> 0 | Q22: =IFERROR(__xludf.DUMMYFUNCTION("IFERROR(HLOOKUP($A22,IMPORTRANGE(""https://docs.google.com/spreadsheets/d/1sSbIK-vvHsSY0LghLJ9gcnW8Hec_ITI2tFmpeqI999A/edit#gid=0"",""'Game 4'!$B$2:$Q$31""),30,False),1)"),23.0) -> 23 | R22: =SUM(C22:Q22) -> 195
A23: Emily | B23: Centennial | C23: 23 | D23: 0 | E23: 12 | F23: 0 | G23: 0 | H23: =IFERROR(__xludf.DUMMYFUNCTION("HLOOKUP($A23,IMPORTRANGE(""https://docs.google.com/spreadsheets/d/16J5ie7OD1E99qGO9lMDm8w5Yls-v190B7DTolJ5TmFc/edit#gid=0"",""'Game 7'!$B$2:$Q$31""),30,False)"),0.0) -> 0 | I23: 23 | J23: =IFERROR(__xludf.DUMMYFUNCTION("IFERROR(HLOOKUP($A23,IMPORTRANGE(""https://docs.google.com/spreadsheets/d/1CTYfdyRk_RFGM3I2iN9bKeD9zUPzEm1ajzml6VgwfIU/edit#gid=0"",""'Game 9'!$B$2:$Q$31""),30,False),0)"),0.0) -> 0 | K23: =IFERROR(__xludf.DUMMYFUNCTION("IFERROR(HLOOKUP($A23,IMPORTRANGE(""https://docs.google.com/spreadsheets/d/11NFkzOdQyW-OtxSDuGslNCgNjx7HUb2FU7KnlNnPMgY/edit#gid=0"",""'Game 9'!$B$2:$Q$31""),30,False),0)"),23.0) -> 23 | L23: =IFERROR(__xludf.DUMMYFUNCTION("IFERROR(HLOOKUP($A23,IMPORTRANGE(""https://docs.google.com/spreadsheets/d/1CLg5-jaE4ta0-u4oE1qbBplQ5Mf3Oj9ONFgL0zJ7Ol4/edit#gid=0"",""'Game 6'!$B$2:$Q$31""),30,False),1)"),0.0) -> 0 | M23: =IFERROR(__xludf.DUMMYFUNCTION("IFERROR(HLOOKUP($A23,IMPORTRANGE(""https://docs.google.com/spreadsheets/d/1CeexgK4KxWj3k_7nql_k8-RPxXMwTJyB4Q3vAASeDlA/edit#gid=0"",""'Game 4'!$B$2:$Q$31""),30,False),1)"),12.0) -> 12 | N23: =IFERROR(__xludf.DUMMYFUNCTION("IFERROR(HLOOKUP($A23,IMPORTRANGE(""https://docs.google.com/spreadsheets/d/1MNwUNMjcwK6bEgCXwB73jpbK5gJAXS8ZMpbEMLJEP3E/edit#gid=0"",""'Game 3'!$B$2:$Q$31""),30,False),1)"),11.0) -> 11 | O23: =IFERROR(__xludf.DUMMYFUNCTION("IFERROR(HLOOKUP($A23,IMPORTRANGE(""https://docs.google.com/spreadsheets/d/1UrzyxmT40kDZwVrLMf1yyXfP-pyczRAw9Y8Rw-uXG3c/edit#gid=0"",""'Game 9'!$B$2:$Q$31""),30,False),1)"),0.0) -> 0 | P23: =IFERROR(__xludf.DUMMYFUNCTION("IFERROR(HLOOKUP($A23,IMPORTRANGE(""https://docs.google.com/spreadsheets/d/1iyMhSYWifw-KGFtyeBpNxVZr4BhcV9hVZuShgJ9Ia0E/edit#gid=0"",""'Game 9'!$B$2:$Q$31""),30,False),1)"),0.0) -> 0 | Q23: =IFERROR(__xludf.DUMMYFUNCTION("IFERROR(HLOOKUP($A23,IMPORTRANGE(""https://docs.google.com/spreadsheets/d/1sSbIK-vvHsSY0LghLJ9gcnW8Hec_ITI2tFmpeqI999A/edit#gid=0"",""'Game 4'!$B$2:$Q$31""),30,False),1)"),12.0) -> 12 | R23: =SUM(C23:Q23) -> 116
A24: Isaac | B24: Centennial | C24: 0 | D24: 23 | E24: 11 | F24: 23 | G24: 23 | H24: =IFERROR(__xludf.DUMMYFUNCTION("HLOOKUP($A24,IMPORTRANGE(""https://docs.google.com/spreadsheets/d/16J5ie7OD1E99qGO9lMDm8w5Yls-v190B7DTolJ5TmFc/edit#gid=0"",""'Game 7'!$B$2:$Q$31""),30,False)"),0.0) -> 0 | I24: 0 | J24: =IFERROR(__xludf.DUMMYFUNCTION("IFERROR(HLOOKUP($A24,IMPORTRANGE(""https://docs.google.com/spreadsheets/d/1CTYfdyRk_RFGM3I2iN9bKeD9zUPzEm1ajzml6VgwfIU/edit#gid=0"",""'Game 9'!$B$2:$Q$31""),30,False),0)"),23.0) -> 23 | K24: =IFERROR(__xludf.DUMMYFUNCTION("IFERROR(HLOOKUP($A24,IMPORTRANGE(""https://docs.google.com/spreadsheets/d/11NFkzOdQyW-OtxSDuGslNCgNjx7HUb2FU7KnlNnPMgY/edit#gid=0"",""'Game 9'!$B$2:$Q$31""),30,False),0)"),12.0) -> 12 | L24: =IFERROR(__xludf.DUMMYFUNCTION("IFERROR(HLOOKUP($A24,IMPORTRANGE(""https://docs.google.com/spreadsheets/d/1CLg5-jaE4ta0-u4oE1qbBplQ5Mf3Oj9ONFgL0zJ7Ol4/edit#gid=0"",""'Game 6'!$B$2:$Q$31""),30,False),1)"),23.0) -> 23 | M24: =IFERROR(__xludf.DUMMYFUNCTION("IFERROR(HLOOKUP($A24,IMPORTRANGE(""https://docs.google.com/spreadsheets/d/1CeexgK4KxWj3k_7nql_k8-RPxXMwTJyB4Q3vAASeDlA/edit#gid=0"",""'Game 4'!$B$2:$Q$31""),30,False),1)"),0.0) -> 0 | N24: =IFERROR(__xludf.DUMMYFUNCTION("IFERROR(HLOOKUP($A24,IMPORTRANGE(""https://docs.google.com/spreadsheets/d/1MNwUNMjcwK6bEgCXwB73jpbK5gJAXS8ZMpbEMLJEP3E/edit#gid=0"",""'Game 3'!$B$2:$Q$31""),30,False),1)"),12.0) -> 12 | O24: =IFERROR(__xludf.DUMMYFUNCTION("IFERROR(HLOOKUP($A24,IMPORTRANGE(""https://docs.google.com/spreadsheets/d/1UrzyxmT40kDZwVrLMf1yyXfP-pyczRAw9Y8Rw-uXG3c/edit#gid=0"",""'Game 9'!$B$2:$Q$31""),30,False),1)"),0.0) -> 0 | P24: =IFERROR(__xludf.DUMMYFUNCTION("IFERROR(HLOOKUP($A24,IMPORTRANGE(""https://docs.google.com/spreadsheets/d/1iyMhSYWifw-KGFtyeBpNxVZr4BhcV9hVZuShgJ9Ia0E/edit#gid=0"",""'Game 9'!$B$2:$Q$31""),30,False),1)"),23.0) -> 23 | Q24: =IFERROR(__xludf.DUMMYFUNCTION("IFERROR(HLOOKUP($A24,IMPORTRANGE(""https://docs.google.com/spreadsheets/d/1sSbIK-vvHsSY0LghLJ9gcnW8Hec_ITI2tFmpeqI999A/edit#gid=0"",""'Game 4'!$B$2:$Q$31""),30,False),1)"),11.0) -> 11 | R24: =SUM(C24:Q24) -> 184
A25: Larry | B25: Centennial | C25: 23 | D25: 0 | E25: 0 | F25: 0 | G25: 23 | H25: =IFERROR(__xludf.DUMMYFUNCTION("HLOOKUP($A25,IMPORTRANGE(""https://docs.google.com/spreadsheets/d/16J5ie7OD1E99qGO9lMDm8w5Yls-v190B7DTolJ5TmFc/edit#gid=0"",""'Game 7'!$B$2:$Q$31""),30,False)"),23.0) -> 23 | I25: 0 | J25: =IFERROR(__xludf.DUMMYFUNCTION("IFERROR(HLOOKUP($A25,IMPORTRANGE(""https://docs.google.com/spreadsheets/d/1CTYfdyRk_RFGM3I2iN9bKeD9zUPzEm1ajzml6VgwfIU/edit#gid=0"",""'Game 9'!$B$2:$Q$31""),30,False),0)"),23.0) -> 23 | K25: =IFERROR(__xludf.DUMMYFUNCTION("IFERROR(HLOOKUP($A25,IMPORTRANGE(""https://docs.google.com/spreadsheets/d/11NFkzOdQyW-OtxSDuGslNCgNjx7HUb2FU7KnlNnPMgY/edit#gid=0"",""'Game 9'!$B$2:$Q$31""),30,False),0)"),0.0) -> 0 | L25: =IFERROR(__xludf.DUMMYFUNCTION("IFERROR(HLOOKUP($A25,IMPORTRANGE(""https://docs.google.com/spreadsheets/d/1CLg5-jaE4ta0-u4oE1qbBplQ5Mf3Oj9ONFgL0zJ7Ol4/edit#gid=0"",""'Game 6'!$B$2:$Q$31""),30,False),1)"),23.0) -> 23 | M25: =IFERROR(__xludf.DUMMYFUNCTION("IFERROR(HLOOKUP($A25,IMPORTRANGE(""https://docs.google.com/spreadsheets/d/1CeexgK4KxWj3k_7nql_k8-RPxXMwTJyB4Q3vAASeDlA/edit#gid=0"",""'Game 4'!$B$2:$Q$31""),30,False),1)"),11.0) -> 11 | N25: =IFERROR(__xludf.DUMMYFUNCTION("IFERROR(HLOOKUP($A25,IMPORTRANGE(""https://docs.google.com/spreadsheets/d/1MNwUNMjcwK6bEgCXwB73jpbK5gJAXS8ZMpbEMLJEP3E/edit#gid=0"",""'Game 3'!$B$2:$Q$31""),30,False),1)"),12.0) -> 12 | O25: =IFERROR(__xludf.DUMMYFUNCTION("IFERROR(HLOOKUP($A25,IMPORTRANGE(""https://docs.google.com/spreadsheets/d/1UrzyxmT40kDZwVrLMf1yyXfP-pyczRAw9Y8Rw-uXG3c/edit#gid=0"",""'Game 9'!$B$2:$Q$31""),30,False),1)"),23.0) -> 23 | P25: =IFERROR(__xludf.DUMMYFUNCTION("IFERROR(HLOOKUP($A25,IMPORTRANGE(""https://docs.google.com/spreadsheets/d/1iyMhSYWifw-KGFtyeBpNxVZr4BhcV9hVZuShgJ9Ia0E/edit#gid=0"",""'Game 9'!$B$2:$Q$31""),30,False),1)"),23.0) -> 23 | Q25: =IFERROR(__xludf.DUMMYFUNCTION("IFERROR(HLOOKUP($A25,IMPORTRANGE(""https://docs.google.com/spreadsheets/d/1sSbIK-vvHsSY0LghLJ9gcnW8Hec_ITI2tFmpeqI999A/edit#gid=0"",""'Game 4'!$B$2:$Q$31""),30,False),1)"),0.0) -> 0 | R25: =SUM(C25:Q25) -> 184
A26: Mario BM | B26: Centennial | C26: 0 | D26: 0 | E26: 23 | F26: 0 | G26: 0 | H26: =IFERROR(__xludf.DUMMYFUNCTION("HLOOKUP($A26,IMPORTRANGE(""https://docs.google.com/spreadsheets/d/16J5ie7OD1E99qGO9lMDm8w5Yls-v190B7DTolJ5TmFc/edit#gid=0"",""'Game 7'!$B$2:$Q$31""),30,False)"),23.0) -> 23 | I26: 0 | J26: =IFERROR(__xludf.DUMMYFUNCTION("IFERROR(HLOOKUP($A26,IMPORTRANGE(""https://docs.google.com/spreadsheets/d/1CTYfdyRk_RFGM3I2iN9bKeD9zUPzEm1ajzml6VgwfIU/edit#gid=0"",""'Game 9'!$B$2:$Q$31""),30,False),0)"),23.0) -> 23 | K26: =IFERROR(__xludf.DUMMYFUNCTION("IFERROR(HLOOKUP($A26,IMPORTRANGE(""https://docs.google.com/spreadsheets/d/11NFkzOdQyW-OtxSDuGslNCgNjx7HUb2FU7KnlNnPMgY/edit#gid=0"",""'Game 9'!$B$2:$Q$31""),30,False),0)"),23.0) -> 23 | L26: =IFERROR(__xludf.DUMMYFUNCTION("IFERROR(HLOOKUP($A26,IMPORTRANGE(""https://docs.google.com/spreadsheets/d/1CLg5-jaE4ta0-u4oE1qbBplQ5Mf3Oj9ONFgL0zJ7Ol4/edit#gid=0"",""'Game 6'!$B$2:$Q$31""),30,False),1)"),0.0) -> 0 | M26: =IFERROR(__xludf.DUMMYFUNCTION("IFERROR(HLOOKUP($A26,IMPORTRANGE(""https://docs.google.com/spreadsheets/d/1CeexgK4KxWj3k_7nql_k8-RPxXMwTJyB4Q3vAASeDlA/edit#gid=0"",""'Game 4'!$B$2:$Q$31""),30,False),1)"),12.0) -> 12 | N26: =IFERROR(__xludf.DUMMYFUNCTION("IFERROR(HLOOKUP($A26,IMPORTRANGE(""https://docs.google.com/spreadsheets/d/1MNwUNMjcwK6bEgCXwB73jpbK5gJAXS8ZMpbEMLJEP3E/edit#gid=0"",""'Game 3'!$B$2:$Q$31""),30,False),1)"),0.0) -> 0 | O26: =IFERROR(__xludf.DUMMYFUNCTION("IFERROR(HLOOKUP($A26,IMPORTRANGE(""https://docs.google.com/spreadsheets/d/1UrzyxmT40kDZwVrLMf1yyXfP-pyczRAw9Y8Rw-uXG3c/edit#gid=0"",""'Game 9'!$B$2:$Q$31""),30,False),1)"),23.0) -> 23 | P26: =IFERROR(__xludf.DUMMYFUNCTION("IFERROR(HLOOKUP($A26,IMPORTRANGE(""https://docs.google.com/spreadsheets/d/1iyMhSYWifw-KGFtyeBpNxVZr4BhcV9hVZuShgJ9Ia0E/edit#gid=0"",""'Game 9'!$B$2:$Q$31""),30,False),1)"),0.0) -> 0 | Q26: =IFERROR(__xludf.DUMMYFUNCTION("IFERROR(HLOOKUP($A26,IMPORTRANGE(""https://docs.google.com/spreadsheets/d/1sSbIK-vvHsSY0LghLJ9gcnW8Hec_ITI2tFmpeqI999A/edit#gid=0"",""'Game 4'!$B$2:$Q$31""),30,False),1)"),12.0) -> 12 | R26: =SUM(C26:Q26) -> 139
A27: Tomas | B27: Centennial | C27: 23 | D27: 23 | E27: 23 | F27: 23 | G27: 23 | H27: =IFERROR(__xludf.DUMMYFUNCTION("HLOOKUP($A27,IMPORTRANGE(""https://docs.google.com/spreadsheets/d/16J5ie7OD1E99qGO9lMDm8w5Yls-v190B7DTolJ5TmFc/edit#gid=0"",""'Game 7'!$B$2:$Q$31""),30,False)"),0.0) -> 0 | I27: 23 | J27: =IFERROR(__xludf.DUMMYFUNCTION("IFERROR(HLOOKUP($A27,IMPORTRANGE(""https://docs.google.com/spreadsheets/d/1CTYfdyRk_RFGM3I2iN9bKeD9zUPzEm1ajzml6VgwfIU/edit#gid=0"",""'Game 9'!$B$2:$Q$31""),30,False),0)"),0.0) -> 0 | K27: =IFERROR(__xludf.DUMMYFUNCTION("IFERROR(HLOOKUP($A27,IMPORTRANGE(""https://docs.google.com/spreadsheets/d/11NFkzOdQyW-OtxSDuGslNCgNjx7HUb2FU7KnlNnPMgY/edit#gid=0"",""'Game 9'!$B$2:$Q$31""),30,False),0)"),11.0) -> 11 | L27: =IFERROR(__xludf.DUMMYFUNCTION("IFERROR(HLOOKUP($A27,IMPORTRANGE(""https://docs.google.com/spreadsheets/d/1CLg5-jaE4ta0-u4oE1qbBplQ5Mf3Oj9ONFgL0zJ7Ol4/edit#gid=0"",""'Game 6'!$B$2:$Q$31""),30,False),1)"),0.0) -> 0 | M27: =IFERROR(__xludf.DUMMYFUNCTION("IFERROR(HLOOKUP($A27,IMPORTRANGE(""https://docs.google.com/spreadsheets/d/1CeexgK4KxWj3k_7nql_k8-RPxXMwTJyB4Q3vAASeDlA/edit#gid=0"",""'Game 4'!$B$2:$Q$31""),30,False),1)"),11.0) -> 11 | N27: =IFERROR(__xludf.DUMMYFUNCTION("IFERROR(HLOOKUP($A27,IMPORTRANGE(""https://docs.google.com/spreadsheets/d/1MNwUNMjcwK6bEgCXwB73jpbK5gJAXS8ZMpbEMLJEP3E/edit#gid=0"",""'Game 3'!$B$2:$Q$31""),30,False),1)"),23.0) -> 23 | O27: =IFERROR(__xludf.DUMMYFUNCTION("IFERROR(HLOOKUP($A27,IMPORTRANGE(""https://docs.google.com/spreadsheets/d/1UrzyxmT40kDZwVrLMf1yyXfP-pyczRAw9Y8Rw-uXG3c/edit#gid=0"",""'Game 9'!$B$2:$Q$31""),30,False),1)"),0.0) -> 0 | P27: =IFERROR(__xludf.DUMMYFUNCTION("IFERROR(HLOOKUP($A27,IMPORTRANGE(""https://docs.google.com/spreadsheets/d/1iyMhSYWifw-KGFtyeBpNxVZr4BhcV9hVZuShgJ9Ia0E/edit#gid=0"",""'Game 9'!$B$2:$Q$31""),30,False),1)"),23.0) -> 23 | Q27: =IFERROR(__xludf.DUMMYFUNCTION("IFERROR(HLOOKUP($A27,IMPORTRANGE(""https://docs.google.com/spreadsheets/d/1sSbIK-vvHsSY0LghLJ9gcnW8Hec_ITI2tFmpeqI999A/edit#gid=0"",""'Game 4'!$B$2:$Q$31""),30,False),1)"),11.0) -> 11 | R27: =SUM(C27:Q27) -> 217
A28: Gabriel | B28: Fantastic Four | C28: 23 | D28: 23 | E28: 23 | F28: 0 | G28: 23 | H28: =IFERROR(__xludf.DUMMYFUNCTION("HLOOKUP($A28,IMPORTRANGE(""https://docs.google.com/spreadsheets/d/16J5ie7OD1E99qGO9lMDm8w5Yls-v190B7DTolJ5TmFc/edit#gid=0"",""'Game 7'!$B$2:$Q$31""),30,False)"),23.0) -> 23 | I28: 12 | J28: =IFERROR(__xludf.DUMMYFUNCTION("IFERROR(HLOOKUP($A28,IMPORTRANGE(""https://docs.google.com/spreadsheets/d/1CTYfdyRk_RFGM3I2iN9bKeD9zUPzEm1ajzml6VgwfIU/edit#gid=0"",""'Game 2'!$B$2:$Q$31""),30,False),0)"),23.0) -> 23 | K28: =IFERROR(__xludf.DUMMYFUNCTION("IFERROR(HLOOKUP($A28,IMPORTRANGE(""https://docs.google.com/spreadsheets/d/11NFkzOdQyW-OtxSDuGslNCgNjx7HUb2FU7KnlNnPMgY/edit#gid=0"",""'Game 10'!$B$2:$Q$31""),30,False),0)"),12.0) -> 12 | L28: =IFERROR(__xludf.DUMMYFUNCTION("IFERROR(HLOOKUP($A28,IMPORTRANGE(""https://docs.google.com/spreadsheets/d/1CLg5-jaE4ta0-u4oE1qbBplQ5Mf3Oj9ONFgL0zJ7Ol4/edit#gid=0"",""'Game 8'!$B$2:$Q$31""),30,False),1)"),23.0) -> 23 | M28: =IFERROR(__xludf.DUMMYFUNCTION("IFERROR(HLOOKUP($A28,IMPORTRANGE(""https://docs.google.com/spreadsheets/d/1CeexgK4KxWj3k_7nql_k8-RPxXMwTJyB4Q3vAASeDlA/edit#gid=0"",""'Game 8'!$B$2:$Q$31""),30,False),1)"),23.0) -> 23 | N28: =IFERROR(__xludf.DUMMYFUNCTION("IFERROR(HLOOKUP($A28,IMPORTRANGE(""https://docs.google.com/spreadsheets/d/1MNwUNMjcwK6bEgCXwB73jpbK5gJAXS8ZMpbEMLJEP3E/edit#gid=0"",""'Game 9'!$B$2:$Q$31""),30,False),1)"),23.0) -> 23 | O28: =IFERROR(__xludf.DUMMYFUNCTION("IFERROR(HLOOKUP($A28,IMPORTRANGE(""https://docs.google.com/spreadsheets/d/1UrzyxmT40kDZwVrLMf1yyXfP-pyczRAw9Y8Rw-uXG3c/edit#gid=0"",""'Game 10'!$B$2:$Q$31""),30,False),1)"),23.0) -> 23 | P28: =IFERROR(__xludf.DUMMYFUNCTION("IFERROR(HLOOKUP($A28,IMPORTRANGE(""https://docs.google.com/spreadsheets/d/1iyMhSYWifw-KGFtyeBpNxVZr4BhcV9hVZuShgJ9Ia0E/edit#gid=0"",""'Game 3'!$B$2:$Q$31""),30,False),1)"),23.0) -> 23 | Q28: =IFERROR(__xludf.DUMMYFUNCTION("IFERROR(HLOOKUP($A28,IMPORTRANGE(""https://docs.google.com/spreadsheets/d/1sSbIK-vvHsSY0LghLJ9gcnW8Hec_ITI2tFmpeqI999A/edit#gid=0"",""'Game 5'!$B$2:$Q$31""),30,False),1)"),0.0) -> 0 | R28: =SUM(C28:Q28) -> 277
A29: Ivan G | B29: Fantastic Four | C29: 23 | D29: 23 | E29: 0 | F29: 23 | G29: 23 | H29: =IFERROR(__xludf.DUMMYFUNCTION("HLOOKUP($A29,IMPORTRANGE(""https://docs.google.com/spreadsheets/d/16J5ie7OD1E99qGO9lMDm8w5Yls-v190B7DTolJ5TmFc/edit#gid=0"",""'Game 7'!$B$2:$Q$31""),30,False)"),23.0) -> 23 | I29: 23 | J29: =IFERROR(__xludf.DUMMYFUNCTION("IFERROR(HLOOKUP($A29,IMPORTRANGE(""https://docs.google.com/spreadsheets/d/1CTYfdyRk_RFGM3I2iN9bKeD9zUPzEm1ajzml6VgwfIU/edit#gid=0"",""'Game 2'!$B$2:$Q$31""),30,False),0)"),23.0) -> 23 | K29: =IFERROR(__xludf.DUMMYFUNCTION("IFERROR(HLOOKUP($A29,IMPORTRANGE(""https://docs.google.com/spreadsheets/d/11NFkzOdQyW-OtxSDuGslNCgNjx7HUb2FU7KnlNnPMgY/edit#gid=0"",""'Game 10'!$B$2:$Q$31""),30,False),0)"),23.0) -> 23 | L29: =IFERROR(__xludf.DUMMYFUNCTION("IFERROR(HLOOKUP($A29,IMPORTRANGE(""https://docs.google.com/spreadsheets/d/1CLg5-jaE4ta0-u4oE1qbBplQ5Mf3Oj9ONFgL0zJ7Ol4/edit#gid=0"",""'Game 8'!$B$2:$Q$31""),30,False),1)"),23.0) -> 23 | M29: =IFERROR(__xludf.DUMMYFUNCTION("IFERROR(HLOOKUP($A29,IMPORTRANGE(""https://docs.google.com/spreadsheets/d/1CeexgK4KxWj3k_7nql_k8-RPxXMwTJyB4Q3vAASeDlA/edit#gid=0"",""'Game 8'!$B$2:$Q$31""),30,False),1)"),23.0) -> 23 | N29: =IFERROR(__xludf.DUMMYFUNCTION("IFERROR(HLOOKUP($A29,IMPORTRANGE(""https://docs.google.com/spreadsheets/d/1MNwUNMjcwK6bEgCXwB73jpbK5gJAXS8ZMpbEMLJEP3E/edit#gid=0"",""'Game 9'!$B$2:$Q$31""),30,False),1)"),23.0) -> 23 | O29: =IFERROR(__xludf.DUMMYFUNCTION("IFERROR(HLOOKUP($A29,IMPORTRANGE(""https://docs.google.com/spreadsheets/d/1UrzyxmT40kDZwVrLMf1yyXfP-pyczRAw9Y8Rw-uXG3c/edit#gid=0"",""'Game 10'!$B$2:$Q$31""),30,False),1)"),23.0) -> 23 | P29: =IFERROR(__xludf.DUMMYFUNCTION("IFERROR(HLOOKUP($A29,IMPORTRANGE(""https://docs.google.com/spreadsheets/d/1iyMhSYWifw-KGFtyeBpNxVZr4BhcV9hVZuShgJ9Ia0E/edit#gid=0"",""'Game 3'!$B$2:$Q$31""),30,False),1)"),0.0) -> 0 | Q29: =IFERROR(__xludf.DUMMYFUNCTION("IFERROR(HLOOKUP($A29,IMPORTRANGE(""https://docs.google.com/spreadsheets/d/1sSbIK-vvHsSY0LghLJ9gcnW8Hec_ITI2tFmpeqI999A/edit#gid=0"",""'Game 5'!$B$2:$Q$31""),30,False),1)"),23.0) -> 23 | R29: =SUM(C29:Q29) -> 299
A30: Matthew C | B30: Fantastic Four | C30: 23 | D30: 23 | E30: 23 | F30: 23 | G30: 23 | H30: =IFERROR(__xludf.DUMMYFUNCTION("HLOOKUP($A30,IMPORTRANGE(""https://docs.google.com/spreadsheets/d/16J5ie7OD1E99qGO9lMDm8w5Yls-v190B7DTolJ5TmFc/edit#gid=0"",""'Game 7'!$B$2:$Q$31""),30,False)"),23.0) -> 23 | I30: 23 | J30: =IFERROR(__xludf.DUMMYFUNCTION("IFERROR(HLOOKUP($A30,IMPORTRANGE(""https://docs.google.com/spreadsheets/d/1CTYfdyRk_RFGM3I2iN9bKeD9zUPzEm1ajzml6VgwfIU/edit#gid=0"",""'Game 2'!$B$2:$Q$31""),30,False),0)"),23.0) -> 23 | K30: =IFERROR(__xludf.DUMMYFUNCTION("IFERROR(HLOOKUP($A30,IMPORTRANGE(""https://docs.google.com/spreadsheets/d/11NFkzOdQyW-OtxSDuGslNCgNjx7HUb2FU7KnlNnPMgY/edit#gid=0"",""'Game 10'!$B$2:$Q$31""),30,False),0)"),23.0) -> 23 | L30: =IFERROR(__xludf.DUMMYFUNCTION("IFERROR(HLOOKUP($A30,IMPORTRANGE(""https://docs.google.com/spreadsheets/d/1CLg5-jaE4ta0-u4oE1qbBplQ5Mf3Oj9ONFgL0zJ7Ol4/edit#gid=0"",""'Game 8'!$B$2:$Q$31""),30,False),1)"),23.0) -> 23 | M30: =IFERROR(__xludf.DUMMYFUNCTION("IFERROR(HLOOKUP($A30,IMPORTRANGE(""https://docs.google.com/spreadsheets/d/1CeexgK4KxWj3k_7nql_k8-RPxXMwTJyB4Q3vAASeDlA/edit#gid=0"",""'Game 8'!$B$2:$Q$31""),30,False),1)"),23.0) -> 23 | N30: =IFERROR(__xludf.DUMMYFUNCTION("IFERROR(HLOOKUP($A30,IMPORTRANGE(""https://docs.google.com/spreadsheets/d/1MNwUNMjcwK6bEgCXwB73jpbK5gJAXS8ZMpbEMLJEP3E/edit#gid=0"",""'Game 9'!$B$2:$Q$31""),30,False),1)"),23.0) -> 23 | O30: =IFERROR(__xludf.DUMMYFUNCTION("IFERROR(HLOOKUP($A30,IMPORTRANGE(""https://docs.google.com/spreadsheets/d/1UrzyxmT40kDZwVrLMf1yyXfP-pyczRAw9Y8Rw-uXG3c/edit#gid=0"",""'Game 10'!$B$2:$Q$31""),30,False),1)"),23.0) -> 23 | P30: =IFERROR(__xludf.DUMMYFUNCTION("IFERROR(HLOOKUP($A30,IMPORTRANGE(""https://docs.google.com/spreadsheets/d/1iyMhSYWifw-KGFtyeBpNxVZr4BhcV9hVZuShgJ9Ia0E/edit#gid=0"",""'Game 3'!$B$2:$Q$31""),30,False),1)"),23.0) -> 23 | Q30: =IFERROR(__xludf.DUMMYFUNCTION("IFERROR(HLOOKUP($A30,IMPORTRANGE(""https://docs.google.com/spreadsheets/d/1sSbIK-vvHsSY0LghLJ9gcnW8Hec_ITI2tFmpeqI999A/edit#gid=0"",""'Game 5'!$B$2:$Q$31""),30,False),1)"),23.0) -> 23 | R30: =SUM(C30:Q30) -> 345
A31: Neal | B31: Fantastic Four | C31: 23 | D31: 12 | E31: 23 | F31: 23 | G31: 23 | H31: =IFERROR(__xludf.DUMMYFUNCTION("HLOOKUP($A31,IMPORTRANGE(""https://docs.google.com/spreadsheets/d/16J5ie7OD1E99qGO9lMDm8w5Yls-v190B7DTolJ5TmFc/edit#gid=0"",""'Game 7'!$B$2:$Q$31""),30,False)"),23.0) -> 23 | I31: 23 | J31: =IFERROR(__xludf.DUMMYFUNCTION("IFERROR(HLOOKUP($A31,IMPORTRANGE(""https://docs.google.com/spreadsheets/d/1CTYfdyRk_RFGM3I2iN9bKeD9zUPzEm1ajzml6VgwfIU/edit#gid=0"",""'Game 2'!$B$2:$Q$31""),30,False),0)"),12.0) -> 12 | K31: =IFERROR(__xludf.DUMMYFUNCTION("IFERROR(HLOOKUP($A31,IMPORTRANGE(""https://docs.google.com/spreadsheets/d/11NFkzOdQyW-OtxSDuGslNCgNjx7HUb2FU7KnlNnPMgY/edit#gid=0"",""'Game 10'!$B$2:$Q$31""),30,False),0)"),23.0) -> 23 | L31: =IFERROR(__xludf.DUMMYFUNCTION("IFERROR(HLOOKUP($A31,IMPORTRANGE(""https://docs.google.com/spreadsheets/d/1CLg5-jaE4ta0-u4oE1qbBplQ5Mf3Oj9ONFgL0zJ7Ol4/edit#gid=0"",""'Game 8'!$B$2:$Q$31""),30,False),1)"),23.0) -> 23 | M31: =IFERROR(__xludf.DUMMYFUNCTION("IFERROR(HLOOKUP($A31,IMPORTRANGE(""https://docs.google.com/spreadsheets/d/1CeexgK4KxWj3k_7nql_k8-RPxXMwTJyB4Q3vAASeDlA/edit#gid=0"",""'Game 8'!$B$2:$Q$31""),30,False),1)"),23.0) -> 23 | N31: =IFERROR(__xludf.DUMMYFUNCTION("IFERROR(HLOOKUP($A31,IMPORTRANGE(""https://docs.google.com/spreadsheets/d/1MNwUNMjcwK6bEgCXwB73jpbK5gJAXS8ZMpbEMLJEP3E/edit#gid=0"",""'Game 9'!$B$2:$Q$31""),30,False),1)"),23.0) -> 23 | O31: =IFERROR(__xludf.DUMMYFUNCTION("IFERROR(HLOOKUP($A31,IMPORTRANGE(""https://docs.google.com/spreadsheets/d/1UrzyxmT40kDZwVrLMf1yyXfP-pyczRAw9Y8Rw-uXG3c/edit#gid=0"",""'Game 10'!$B$2:$Q$31""),30,False),1)"),23.0) -> 23 | P31: =IFERROR(__xludf.DUMMYFUNCTION("IFERROR(HLOOKUP($A31,IMPORTRANGE(""https://docs.google.com/spreadsheets/d/1iyMhSYWifw-KGFtyeBpNxVZr4BhcV9hVZuShgJ9Ia0E/edit#gid=0"",""'Game 3'!$B$2:$Q$31""),30,False),1)"),23.0) -> 23 | Q31: =IFERROR(__xludf.DUMMYFUNCTION("IFERROR(HLOOKUP($A31,IMPORTRANGE(""https://docs.google.com/spreadsheets/d/1sSbIK-vvHsSY0LghLJ9gcnW8Hec_ITI2tFmpeqI999A/edit#gid=0"",""'Game 5'!$B$2:$Q$31""),30,False),1)"),23.0) -> 23 | R31: =SUM(C31:Q31) -> 323
A32: Prisha | B32: Fantastic Four | C32: 0 | D32: 11 | E32: 23 | F32: 23 | G32: 0 | H32: =IFERROR(__xludf.DUMMYFUNCTION("HLOOKUP($A32,IMPORTRANGE(""https://docs.google.com/spreadsheets/d/16J5ie7OD1E99qGO9lMDm8w5Yls-v190B7DTolJ5TmFc/edit#gid=0"",""'Game 7'!$B$2:$Q$31""),30,False)"),0.0) -> 0 | I32: 11 | J32: =IFERROR(__xludf.DUMMYFUNCTION("IFERROR(HLOOKUP($A32,IMPORTRANGE(""https://docs.google.com/spreadsheets/d/1CTYfdyRk_RFGM3I2iN9bKeD9zUPzEm1ajzml6VgwfIU/edit#gid=0"",""'Game 2'!$B$2:$Q$31""),30,False),0)"),11.0) -> 11 | K32: =IFERROR(__xludf.DUMMYFUNCTION("IFERROR(HLOOKUP($A32,IMPORTRANGE(""https://docs.google.com/spreadsheets/d/11NFkzOdQyW-OtxSDuGslNCgNjx7HUb2FU7KnlNnPMgY/edit#gid=0"",""'Game 10'!$B$2:$Q$31""),30,False),0)"),11.0) -> 11 | L32: =IFERROR(__xludf.DUMMYFUNCTION("IFERROR(HLOOKUP($A32,IMPORTRANGE(""https://docs.google.com/spreadsheets/d/1CLg5-jaE4ta0-u4oE1qbBplQ5Mf3Oj9ONFgL0zJ7Ol4/edit#gid=0"",""'Game 8'!$B$2:$Q$31""),30,False),1)"),0.0) -> 0 | M32: =IFERROR(__xludf.DUMMYFUNCTION("IFERROR(HLOOKUP($A32,IMPORTRANGE(""https://docs.google.com/spreadsheets/d/1CeexgK4KxWj3k_7nql_k8-RPxXMwTJyB4Q3vAASeDlA/edit#gid=0"",""'Game 8'!$B$2:$Q$31""),30,False),1)"),0.0) -> 0 | N32: =IFERROR(__xludf.DUMMYFUNCTION("IFERROR(HLOOKUP($A32,IMPORTRANGE(""https://docs.google.com/spreadsheets/d/1MNwUNMjcwK6bEgCXwB73jpbK5gJAXS8ZMpbEMLJEP3E/edit#gid=0"",""'Game 9'!$B$2:$Q$31""),30,False),1)"),0.0) -> 0 | O32: =IFERROR(__xludf.DUMMYFUNCTION("IFERROR(HLOOKUP($A32,IMPORTRANGE(""https://docs.google.com/spreadsheets/d/1UrzyxmT40kDZwVrLMf1yyXfP-pyczRAw9Y8Rw-uXG3c/edit#gid=0"",""'Game 10'!$B$2:$Q$31""),30,False),1)"),0.0) -> 0 | P32: =IFERROR(__xludf.DUMMYFUNCTION("IFERROR(HLOOKUP($A32,IMPORTRANGE(""https://docs.google.com/spreadsheets/d/1iyMhSYWifw-KGFtyeBpNxVZr4BhcV9hVZuShgJ9Ia0E/edit#gid=0"",""'Game 3'!$B$2:$Q$31""),30,False),1)"),18.0) -> 18 | Q32: =IFERROR(__xludf.DUMMYFUNCTION("IFERROR(HLOOKUP($A32,IMPORTRANGE(""https://docs.google.com/spreadsheets/d/1sSbIK-vvHsSY0LghLJ9gcnW8Hec_ITI2tFmpeqI999A/edit#gid=0"",""'Game 5'!$B$2:$Q$31""),30,False),1)"),23.0) -> 23 | R32: =SUM(C32:Q32) -> 131
A33: Arin | B33: Hopkins A | C33: 23 | D33: 23 | E33: 23 | F33: 23 | G33: 23 | H33: =IFERROR(__xludf.DUMMYFUNCTION("HLOOKUP($A33,IMPORTRANGE(""https://docs.google.com/spreadsheets/d/16J5ie7OD1E99qGO9lMDm8w5Yls-v190B7DTolJ5TmFc/edit#gid=0"",""'Game 12'!$B$2:$Q$31""),30,False)"),23.0) -> 23 | I33: 23 | J33: =IFERROR(__xludf.DUMMYFUNCTION("IFERROR(HLOOKUP($A33,IMPORTRANGE(""https://docs.google.com/spreadsheets/d/1CTYfdyRk_RFGM3I2iN9bKeD9zUPzEm1ajzml6VgwfIU/edit#gid=0"",""'Game 2'!$B$2:$Q$31""),30,False),0)"),23.0) -> 23 | K33: =IFERROR(__xludf.DUMMYFUNCTION("IFERROR(HLOOKUP($A33,IMPORTRANGE(""https://docs.google.com/spreadsheets/d/11NFkzOdQyW-OtxSDuGslNCgNjx7HUb2FU7KnlNnPMgY/edit#gid=0"",""'Game 2'!$B$2:$Q$31""),30,False),0)"),23.0) -> 23 | L33: =IFERROR(__xludf.DUMMYFUNCTION("IFERROR(HLOOKUP($A33,IMPORTRANGE(""https://docs.google.com/spreadsheets/d/1CLg5-jaE4ta0-u4oE1qbBplQ5Mf3Oj9ONFgL0zJ7Ol4/edit#gid=0"",""'Game 2'!$B$2:$Q$31""),30,False),1)"),23.0) -> 23 | M33: =IFERROR(__xludf.DUMMYFUNCTION("IFERROR(HLOOKUP($A33,IMPORTRANGE(""https://docs.google.com/spreadsheets/d/1CeexgK4KxWj3k_7nql_k8-RPxXMwTJyB4Q3vAASeDlA/edit#gid=0"",""'Game 2'!$B$2:$Q$31""),30,False),1)"),23.0) -> 23 | N33: =IFERROR(__xludf.DUMMYFUNCTION("IFERROR(HLOOKUP($A33,IMPORTRANGE(""https://docs.google.com/spreadsheets/d/1MNwUNMjcwK6bEgCXwB73jpbK5gJAXS8ZMpbEMLJEP3E/edit#gid=0"",""'Game 2'!$B$2:$Q$31""),30,False),1)"),23.0) -> 23 | O33: =IFERROR(__xludf.DUMMYFUNCTION("IFERROR(HLOOKUP($A33,IMPORTRANGE(""https://docs.google.com/spreadsheets/d/1UrzyxmT40kDZwVrLMf1yyXfP-pyczRAw9Y8Rw-uXG3c/edit#gid=0"",""'Game 2'!$B$2:$Q$31""),30,False),1)"),23.0) -> 23 | P33: =IFERROR(__xludf.DUMMYFUNCTION("IFERROR(HLOOKUP($A33,IMPORTRANGE(""https://docs.google.com/spreadsheets/d/1iyMhSYWifw-KGFtyeBpNxVZr4BhcV9hVZuShgJ9Ia0E/edit#gid=0"",""'Game 2'!$B$2:$Q$31""),30,False),1)"),23.0) -> 23 | Q33: =IFERROR(__xludf.DUMMYFUNCTION("IFERROR(HLOOKUP($A33,IMPORTRANGE(""https://docs.google.com/spreadsheets/d/1sSbIK-vvHsSY0LghLJ9gcnW8Hec_ITI2tFmpeqI999A/edit#gid=0"",""'Game 2'!$B$2:$Q$31""),30,False),1)"),23.0) -> 23 | R33: =SUM(C33:Q33) -> 345
A34: Hannah | B34: Hopkins A | C34: 23 | D34: 23 | E34: 23 | F34: 23 | G34: 23 | H34: =IFERROR(__xludf.DUMMYFUNCTION("HLOOKUP($A34,IMPORTRANGE(""https://docs.google.com/spreadsheets/d/16J5ie7OD1E99qGO9lMDm8w5Yls-v190B7DTolJ5TmFc/edit#gid=0"",""'Game 12'!$B$2:$Q$31""),30,False)"),23.0) -> 23 | I34: 0 | J34: =IFERROR(__xludf.DUMMYFUNCTION("IFERROR(HLOOKUP($A34,IMPORTRANGE(""https://docs.google.com/spreadsheets/d/1CTYfdyRk_RFGM3I2iN9bKeD9zUPzEm1ajzml6VgwfIU/edit#gid=0"",""'Game 2'!$B$2:$Q$31""),30,False),0)"),23.0) -> 23 | K34: =IFERROR(__xludf.DUMMYFUNCTION("IFERROR(HLOOKUP($A34,IMPORTRANGE(""https://docs.google.com/spreadsheets/d/11NFkzOdQyW-OtxSDuGslNCgNjx7HUb2FU7KnlNnPMgY/edit#gid=0"",""'Game 2'!$B$2:$Q$31""),30,False),0)"),0.0) -> 0 | L34: =IFERROR(__xludf.DUMMYFUNCTION("IFERROR(HLOOKUP($A34,IMPORTRANGE(""https://docs.google.com/spreadsheets/d/1CLg5-jaE4ta0-u4oE1qbBplQ5Mf3Oj9ONFgL0zJ7Ol4/edit#gid=0"",""'Game 2'!$B$2:$Q$31""),30,False),1)"),23.0) -> 23 | M34: =IFERROR(__xludf.DUMMYFUNCTION("IFERROR(HLOOKUP($A34,IMPORTRANGE(""https://docs.google.com/spreadsheets/d/1CeexgK4KxWj3k_7nql_k8-RPxXMwTJyB4Q3vAASeDlA/edit#gid=0"",""'Game 2'!$B$2:$Q$31""),30,False),1)"),23.0) -> 23 | N34: =IFERROR(__xludf.DUMMYFUNCTION("IFERROR(HLOOKUP($A34,IMPORTRANGE(""https://docs.google.com/spreadsheets/d/1MNwUNMjcwK6bEgCXwB73jpbK5gJAXS8ZMpbEMLJEP3E/edit#gid=0"",""'Game 2'!$B$2:$Q$31""),30,False),1)"),23.0) -> 23 | O34: =IFERROR(__xludf.DUMMYFUNCTION("IFERROR(HLOOKUP($A34,IMPORTRANGE(""https://docs.google.com/spreadsheets/d/1UrzyxmT40kDZwVrLMf1yyXfP-pyczRAw9Y8Rw-uXG3c/edit#gid=0"",""'Game 2'!$B$2:$Q$31""),30,False),1)"),23.0) -> 23 | P34: =IFERROR(__xludf.DUMMYFUNCTION("IFERROR(HLOOKUP($A34,IMPORTRANGE(""https://docs.google.com/spreadsheets/d/1iyMhSYWifw-KGFtyeBpNxVZr4BhcV9hVZuShgJ9Ia0E/edit#gid=0"",""'Game 2'!$B$2:$Q$31""),30,False),1)"),23.0) -> 23 | Q34: =IFERROR(__xludf.DUMMYFUNCTION("IFERROR(HLOOKUP($A34,IMPORTRANGE(""https://docs.google.com/spreadsheets/d/1sSbIK-vvHsSY0LghLJ9gcnW8Hec_ITI2tFmpeqI999A/edit#gid=0"",""'Game 2'!$B$2:$Q$31""),30,False),1)"),23.0) -> 23 | R34: =SUM(C34:Q34) -> 299
A35: Joy | B35: Hopkins A | C35: 23 | D35: 23 | E35: 23 | F35: 23 | G35: 23 | H35: =IFERROR(__xludf.DUMMYFUNCTION("HLOOKUP($A35,IMPORTRANGE(""https://docs.google.com/spreadsheets/d/16J5ie7OD1E99qGO9lMDm8w5Yls-v190B7DTolJ5TmFc/edit#gid=0"",""'Game 12'!$B$2:$Q$31""),30,False)"),23.0) -> 23 | I35: 23 | J35: =IFERROR(__xludf.DUMMYFUNCTION("IFERROR(HLOOKUP($A35,IMPORTRANGE(""https://docs.google.com/spreadsheets/d/1CTYfdyRk_RFGM3I2iN9bKeD9zUPzEm1ajzml6VgwfIU/edit#gid=0"",""'Game 2'!$B$2:$Q$31""),30,False),0)"),23.0) -> 23 | K35: =IFERROR(__xludf.DUMMYFUNCTION("IFERROR(HLOOKUP($A35,IMPORTRANGE(""https://docs.google.com/spreadsheets/d/11NFkzOdQyW-OtxSDuGslNCgNjx7HUb2FU7KnlNnPMgY/edit#gid=0"",""'Game 2'!$B$2:$Q$31""),30,False),0)"),23.0) -> 23 | L35: =IFERROR(__xludf.DUMMYFUNCTION("IFERROR(HLOOKUP($A35,IMPORTRANGE(""https://docs.google.com/spreadsheets/d/1CLg5-jaE4ta0-u4oE1qbBplQ5Mf3Oj9ONFgL0zJ7Ol4/edit#gid=0"",""'Game 2'!$B$2:$Q$31""),30,False),1)"),23.0) -> 23 | M35: =IFERROR(__xludf.DUMMYFUNCTION("IFERROR(HLOOKUP($A35,IMPORTRANGE(""https://docs.google.com/spreadsheets/d/1CeexgK4KxWj3k_7nql_k8-RPxXMwTJyB4Q3vAASeDlA/edit#gid=0"",""'Game 2'!$B$2:$Q$31""),30,False),1)"),23.0) -> 23 | N35: =IFERROR(__xludf.DUMMYFUNCTION("IFERROR(HLOOKUP($A35,IMPORTRANGE(""https://docs.google.com/spreadsheets/d/1MNwUNMjcwK6bEgCXwB73jpbK5gJAXS8ZMpbEMLJEP3E/edit#gid=0"",""'Game 2'!$B$2:$Q$31""),30,False),1)"),23.0) -> 23 | O35: =IFERROR(__xludf.DUMMYFUNCTION("IFERROR(HLOOKUP($A35,IMPORTRANGE(""https://docs.google.com/spreadsheets/d/1UrzyxmT40kDZwVrLMf1yyXfP-pyczRAw9Y8Rw-uXG3c/edit#gid=0"",""'Game 2'!$B$2:$Q$31""),30,False),1)"),23.0) -> 23 | P35: =IFERROR(__xludf.DUMMYFUNCTION("IFERROR(HLOOKUP($A35,IMPORTRANGE(""https://docs.google.com/spreadsheets/d/1iyMhSYWifw-KGFtyeBpNxVZr4BhcV9hVZuShgJ9Ia0E/edit#gid=0"",""'Game 2'!$B$2:$Q$31""),30,False),1)"),23.0) -> 23 | Q35: =IFERROR(__xludf.DUMMYFUNCTION("IFERROR(HLOOKUP($A35,IMPORTRANGE(""https://docs.google.com/spreadsheets/d/1sSbIK-vvHsSY0LghLJ9gcnW8Hec_ITI2tFmpeqI999A/edit#gid=0"",""'Game 2'!$B$2:$Q$31""),30,False),1)"),23.0) -> 23 | R35: =SUM(C35:Q35) -> 345
A36: Kyle | B36: Hopkins A | C36: 23 | D36: 23 | E36: 23 | F36: 23 | G36: 23 | H36: =IFERROR(__xludf.DUMMYFUNCTION("HLOOKUP($A36,IMPORTRANGE(""https://docs.google.com/spreadsheets/d/16J5ie7OD1E99qGO9lMDm8w5Yls-v190B7DTolJ5TmFc/edit#gid=0"",""'Game 12'!$B$2:$Q$31""),30,False)"),23.0) -> 23 | I36: 23 | J36: =IFERROR(__xludf.DUMMYFUNCTION("IFERROR(HLOOKUP($A36,IMPORTRANGE(""https://docs.google.com/spreadsheets/d/1CTYfdyRk_RFGM3I2iN9bKeD9zUPzEm1ajzml6VgwfIU/edit#gid=0"",""'Game 2'!$B$2:$Q$31""),30,False),0)"),0.0) -> 0 | K36: =IFERROR(__xludf.DUMMYFUNCTION("IFERROR(HLOOKUP($A36,IMPORTRANGE(""https://docs.google.com/spreadsheets/d/11NFkzOdQyW-OtxSDuGslNCgNjx7HUb2FU7KnlNnPMgY/edit#gid=0"",""'Game 2'!$B$2:$Q$31""),30,False),0)"),0.0) -> 0 | L36: =IFERROR(__xludf.DUMMYFUNCTION("IFERROR(HLOOKUP($A36,IMPORTRANGE(""https://docs.google.com/spreadsheets/d/1CLg5-jaE4ta0-u4oE1qbBplQ5Mf3Oj9ONFgL0zJ7Ol4/edit#gid=0"",""'Game 2'!$B$2:$Q$31""),30,False),1)"),23.0) -> 23 | M36: =IFERROR(__xludf.DUMMYFUNCTION("IFERROR(HLOOKUP($A36,IMPORTRANGE(""https://docs.google.com/spreadsheets/d/1CeexgK4KxWj3k_7nql_k8-RPxXMwTJyB4Q3vAASeDlA/edit#gid=0"",""'Game 2'!$B$2:$Q$31""),30,False),1)"),23.0) -> 23 | N36: =IFERROR(__xludf.DUMMYFUNCTION("IFERROR(HLOOKUP($A36,IMPORTRANGE(""https://docs.google.com/spreadsheets/d/1MNwUNMjcwK6bEgCXwB73jpbK5gJAXS8ZMpbEMLJEP3E/edit#gid=0"",""'Game 2'!$B$2:$Q$31""),30,False),1)"),23.0) -> 23 | O36: =IFERROR(__xludf.DUMMYFUNCTION("IFERROR(HLOOKUP($A36,IMPORTRANGE(""https://docs.google.com/spreadsheets/d/1UrzyxmT40kDZwVrLMf1yyXfP-pyczRAw9Y8Rw-uXG3c/edit#gid=0"",""'Game 2'!$B$2:$Q$31""),30,False),1)"),23.0) -> 23 | P36: =IFERROR(__xludf.DUMMYFUNCTION("IFERROR(HLOOKUP($A36,IMPORTRANGE(""https://docs.google.com/spreadsheets/d/1iyMhSYWifw-KGFtyeBpNxVZr4BhcV9hVZuShgJ9Ia0E/edit#gid=0"",""'Game 2'!$B$2:$Q$31""),30,False),1)"),23.0) -> 23 | Q36: =IFERROR(__xludf.DUMMYFUNCTION("IFERROR(HLOOKUP($A36,IMPORTRANGE(""https://docs.google.com/spreadsheets/d/1sSbIK-vvHsSY0LghLJ9gcnW8Hec_ITI2tFmpeqI999A/edit#gid=0"",""'Game 2'!$B$2:$Q$31""),30,False),1)"),23.0) -> 23 | R36: =SUM(C36:Q36) -> 299
A37: Brendan | B37: Hopkins B | C37: 23 | D37: 0 | E37: 23 | F37: 8 | G37: 12 | H37: =IFERROR(__xludf.DUMMYFUNCTION("HLOOKUP($A37,IMPORTRANGE(""https://docs.google.com/spreadsheets/d/16J5ie7OD1E99qGO9lMDm8w5Yls-v190B7DTolJ5TmFc/edit#gid=0"",""'Game 13'!$B$2:$Q$31""),30,False)"),23.0) -> 23 | I37: 0 | J37: =IFERROR(__xludf.DUMMYFUNCTION("IFERROR(HLOOKUP($A37,IMPORTRANGE(""https://docs.google.com/spreadsheets/d/1CTYfdyRk_RFGM3I2iN9bKeD9zUPzEm1ajzml6VgwfIU/edit#gid=0"",""'Game 9'!$B$2:$Q$31""),30,False),0)"),23.0) -> 23 | K37: =IFERROR(__xludf.DUMMYFUNCTION("IFERROR(HLOOKUP($A37,IMPORTRANGE(""https://docs.google.com/spreadsheets/d/11NFkzOdQyW-OtxSDuGslNCgNjx7HUb2FU7KnlNnPMgY/edit#gid=0"",""'Game 12'!$B$2:$Q$31""),30,False),0)"),23.0) -> 23 | L37: =IFERROR(__xludf.DUMMYFUNCTION("IFERROR(HLOOKUP($A37,IMPORTRANGE(""https://docs.google.com/spreadsheets/d/1CLg5-jaE4ta0-u4oE1qbBplQ5Mf3Oj9ONFgL0zJ7Ol4/edit#gid=0"",""'Game 4'!$B$2:$Q$31""),30,False),1)"),11.0) -> 11 | M37: =IFERROR(__xludf.DUMMYFUNCTION("IFERROR(HLOOKUP($A37,IMPORTRANGE(""https://docs.google.com/spreadsheets/d/1CeexgK4KxWj3k_7nql_k8-RPxXMwTJyB4Q3vAASeDlA/edit#gid=0"",""'Game 10'!$B$2:$Q$31""),30,False),1)"),23.0) -> 23 | N37: =IFERROR(__xludf.DUMMYFUNCTION("IFERROR(HLOOKUP($A37,IMPORTRANGE(""https://docs.google.com/spreadsheets/d/1MNwUNMjcwK6bEgCXwB73jpbK5gJAXS8ZMpbEMLJEP3E/edit#gid=0"",""'Game 7'!$B$2:$Q$31""),30,False),1)"),23.0) -> 23 | O37: =IFERROR(__xludf.DUMMYFUNCTION("IFERROR(HLOOKUP($A37,IMPORTRANGE(""https://docs.google.com/spreadsheets/d/1UrzyxmT40kDZwVrLMf1yyXfP-pyczRAw9Y8Rw-uXG3c/edit#gid=0"",""'Game 11'!$B$2:$Q$31""),30,False),1)"),23.0) -> 23 | P37: =IFERROR(__xludf.DUMMYFUNCTION("IFERROR(HLOOKUP($A37,IMPORTRANGE(""https://docs.google.com/spreadsheets/d/1iyMhSYWifw-KGFtyeBpNxVZr4BhcV9hVZuShgJ9Ia0E/edit#gid=0"",""'Game 10'!$B$2:$Q$31""),30,False),1)"),0.0) -> 0 | Q37: =IFERROR(__xludf.DUMMYFUNCTION("IFERROR(HLOOKUP($A37,IMPORTRANGE(""https://docs.google.com/spreadsheets/d/1sSbIK-vvHsSY0LghLJ9gcnW8Hec_ITI2tFmpeqI999A/edit#gid=0"",""'Game 6'!$B$2:$Q$31""),30,False),1)"),23.0) -> 23 | R37: =SUM(C37:Q37) -> 238
A38: Jay M | B38: Hopkins B | C38: 11 | D38: 23 | E38: 23 | F38: 0 | G38: 23 | H38: =IFERROR(__xludf.DUMMYFUNCTION("HLOOKUP($A38,IMPORTRANGE(""https://docs.google.com/spreadsheets/d/16J5ie7OD1E99qGO9lMDm8w5Yls-v190B7DTolJ5TmFc/edit#gid=0"",""'Game 13'!$B$2:$Q$31""),30,False)"),0.0) -> 0 | I38: 0 | J38: =IFERROR(__xludf.DUMMYFUNCTION("IFERROR(HLOOKUP($A38,IMPORTRANGE(""https://docs.google.com/spreadsheets/d/1CTYfdyRk_RFGM3I2iN9bKeD9zUPzEm1ajzml6VgwfIU/edit#gid=0"",""'Game 9'!$B$2:$Q$31""),30,False),0)"),12.0) -> 12 | K38: =IFERROR(__xludf.DUMMYFUNCTION("IFERROR(HLOOKUP($A38,IMPORTRANGE(""https://docs.google.com/spreadsheets/d/11NFkzOdQyW-OtxSDuGslNCgNjx7HUb2FU7KnlNnPMgY/edit#gid=0"",""'Game 12'!$B$2:$Q$31""),30,False),0)"),11.0) -> 11 | L38: =IFERROR(__xludf.DUMMYFUNCTION("IFERROR(HLOOKUP($A38,IMPORTRANGE(""https://docs.google.com/spreadsheets/d/1CLg5-jaE4ta0-u4oE1qbBplQ5Mf3Oj9ONFgL0zJ7Ol4/edit#gid=0"",""'Game 4'!$B$2:$Q$31""),30,False),1)"),12.0) -> 12 | M38: =IFERROR(__xludf.DUMMYFUNCTION("IFERROR(HLOOKUP($A38,IMPORTRANGE(""https://docs.google.com/spreadsheets/d/1CeexgK4KxWj3k_7nql_k8-RPxXMwTJyB4Q3vAASeDlA/edit#gid=0"",""'Game 10'!$B$2:$Q$31""),30,False),1)"),23.0) -> 23 | N38: =IFERROR(__xludf.DUMMYFUNCTION("IFERROR(HLOOKUP($A38,IMPORTRANGE(""https://docs.google.com/spreadsheets/d/1MNwUNMjcwK6bEgCXwB73jpbK5gJAXS8ZMpbEMLJEP3E/edit#gid=0"",""'Game 7'!$B$2:$Q$31""),30,False),1)"),11.0) -> 11 | O38: =IFERROR(__xludf.DUMMYFUNCTION("IFERROR(HLOOKUP($A38,IMPORTRANGE(""https://docs.google.com/spreadsheets/d/1UrzyxmT40kDZwVrLMf1yyXfP-pyczRAw9Y8Rw-uXG3c/edit#gid=0"",""'Game 11'!$B$2:$Q$31""),30,False),1)"),11.0) -> 11 | P38: =IFERROR(__xludf.DUMMYFUNCTION("IFERROR(HLOOKUP($A38,IMPORTRANGE(""https://docs.google.com/spreadsheets/d/1iyMhSYWifw-KGFtyeBpNxVZr4BhcV9hVZuShgJ9Ia0E/edit#gid=0"",""'Game 10'!$B$2:$Q$31""),30,False),1)"),23.0) -> 23 | Q38: =IFERROR(__xludf.DUMMYFUNCTION("IFERROR(HLOOKUP($A38,IMPORTRANGE(""https://docs.google.com/spreadsheets/d/1sSbIK-vvHsSY0LghLJ9gcnW8Hec_ITI2tFmpeqI999A/edit#gid=0"",""'Game 6'!$B$2:$Q$31""),30,False),1)"),23.0) -> 23 | R38: =SUM(C38:Q38) -> 206
A39: Jeremy | B39: Hopkins B | C39: 23 | D39: 23 | E39: 23 | F39: 23 | G39: 11 | H39: =IFERROR(__xludf.DUMMYFUNCTION("HLOOKUP($A39,IMPORTRANGE(""https://docs.google.com/spreadsheets/d/16J5ie7OD1E99qGO9lMDm8w5Yls-v190B7DTolJ5TmFc/edit#gid=0"",""'Game 13'!$B$2:$Q$31""),30,False)"),23.0) -> 23 | I39: 23 | J39: =IFERROR(__xludf.DUMMYFUNCTION("IFERROR(HLOOKUP($A39,IMPORTRANGE(""https://docs.google.com/spreadsheets/d/1CTYfdyRk_RFGM3I2iN9bKeD9zUPzEm1ajzml6VgwfIU/edit#gid=0"",""'Game 9'!$B$2:$Q$31""),30,False),0)"),23.0) -> 23 | K39: =IFERROR(__xludf.DUMMYFUNCTION("IFERROR(HLOOKUP($A39,IMPORTRANGE(""https://docs.google.com/spreadsheets/d/11NFkzOdQyW-OtxSDuGslNCgNjx7HUb2FU7KnlNnPMgY/edit#gid=0"",""'Game 12'!$B$2:$Q$31""),30,False),0)"),23.0) -> 23 | L39: =IFERROR(__xludf.DUMMYFUNCTION("IFERROR(HLOOKUP($A39,IMPORTRANGE(""https://docs.google.com/spreadsheets/d/1CLg5-jaE4ta0-u4oE1qbBplQ5Mf3Oj9ONFgL0zJ7Ol4/edit#gid=0"",""'Game 4'!$B$2:$Q$31""),30,False),1)"),23.0) -> 23 | M39: =IFERROR(__xludf.DUMMYFUNCTION("IFERROR(HLOOKUP($A39,IMPORTRANGE(""https://docs.google.com/spreadsheets/d/1CeexgK4KxWj3k_7nql_k8-RPxXMwTJyB4Q3vAASeDlA/edit#gid=0"",""'Game 10'!$B$2:$Q$31""),30,False),1)"),23.0) -> 23 | N39: =IFERROR(__xludf.DUMMYFUNCTION("IFERROR(HLOOKUP($A39,IMPORTRANGE(""https://docs.google.com/spreadsheets/d/1MNwUNMjcwK6bEgCXwB73jpbK5gJAXS8ZMpbEMLJEP3E/edit#gid=0"",""'Game 7'!$B$2:$Q$31""),30,False),1)"),23.0) -> 23 | O39: =IFERROR(__xludf.DUMMYFUNCTION("IFERROR(HLOOKUP($A39,IMPORTRANGE(""https://docs.google.com/spreadsheets/d/1UrzyxmT40kDZwVrLMf1yyXfP-pyczRAw9Y8Rw-uXG3c/edit#gid=0"",""'Game 11'!$B$2:$Q$31""),30,False),1)"),23.0) -> 23 | P39: =IFERROR(__xludf.DUMMYFUNCTION("IFERROR(HLOOKUP($A39,IMPORTRANGE(""https://docs.google.com/spreadsheets/d/1iyMhSYWifw-KGFtyeBpNxVZr4BhcV9hVZuShgJ9Ia0E/edit#gid=0"",""'Game 10'!$B$2:$Q$31""),30,False),1)"),23.0) -> 23 | Q39: =IFERROR(__xludf.DUMMYFUNCTION("IFERROR(HLOOKUP($A39,IMPORTRANGE(""https://docs.google.com/spreadsheets/d/1sSbIK-vvHsSY0LghLJ9gcnW8Hec_ITI2tFmpeqI999A/edit#gid=0"",""'Game 6'!$B$2:$Q$31""),30,False),1)"),0.0) -> 0 | R39: =SUM(C39:Q39) -> 310
A40: Melody C | B40: Hopkins B | C40: 23 | D40: 23 | E40: 12 | F40: 23 | G40: 23 | H40: =IFERROR(__xludf.DUMMYFUNCTION("HLOOKUP($A40,IMPORTRANGE(""https://docs.google.com/spreadsheets/d/16J5ie7OD1E99qGO9lMDm8w5Yls-v190B7DTolJ5TmFc/edit#gid=0"",""'Game 13'!$B$2:$Q$31""),30,False)"),23.0) -> 23 | I40: 23 | J40: =IFERROR(__xludf.DUMMYFUNCTION("IFERROR(HLOOKUP($A40,IMPORTRANGE(""https://docs.google.com/spreadsheets/d/1CTYfdyRk_RFGM3I2iN9bKeD9zUPzEm1ajzml6VgwfIU/edit#gid=0"",""'Game 9'!$B$2:$Q$31""),30,False),0)"),11.0) -> 11 | K40: =IFERROR(__xludf.DUMMYFUNCTION("IFERROR(HLOOKUP($A40,IMPORTRANGE(""https://docs.google.com/spreadsheets/d/11NFkzOdQyW-OtxSDuGslNCgNjx7HUb2FU7KnlNnPMgY/edit#gid=0"",""'Game 12'!$B$2:$Q$31""),30,False),0)"),12.0) -> 12 | L40: =IFERROR(__xludf.DUMMYFUNCTION("IFERROR(HLOOKUP($A40,IMPORTRANGE(""https://docs.google.com/spreadsheets/d/1CLg5-jaE4ta0-u4oE1qbBplQ5Mf3Oj9ONFgL0zJ7Ol4/edit#gid=0"",""'Game 4'!$B$2:$Q$31""),30,False),1)"),23.0) -> 23 | M40: =IFERROR(__xludf.DUMMYFUNCTION("IFERROR(HLOOKUP($A40,IMPORTRANGE(""https://docs.google.com/spreadsheets/d/1CeexgK4KxWj3k_7nql_k8-RPxXMwTJyB4Q3vAASeDlA/edit#gid=0"",""'Game 10'!$B$2:$Q$31""),30,False),1)"),12.0) -> 12 | N40: =IFERROR(__xludf.DUMMYFUNCTION("IFERROR(HLOOKUP($A40,IMPORTRANGE(""https://docs.google.com/spreadsheets/d/1MNwUNMjcwK6bEgCXwB73jpbK5gJAXS8ZMpbEMLJEP3E/edit#gid=0"",""'Game 7'!$B$2:$Q$31""),30,False),1)"),23.0) -> 23 | O40: =IFERROR(__xludf.DUMMYFUNCTION("IFERROR(HLOOKUP($A40,IMPORTRANGE(""https://docs.google.com/spreadsheets/d/1UrzyxmT40kDZwVrLMf1yyXfP-pyczRAw9Y8Rw-uXG3c/edit#gid=0"",""'Game 11'!$B$2:$Q$31""),30,False),1)"),0.0) -> 0 | P40: =IFERROR(__xludf.DUMMYFUNCTION("IFERROR(HLOOKUP($A40,IMPORTRANGE(""https://docs.google.com/spreadsheets/d/1iyMhSYWifw-KGFtyeBpNxVZr4BhcV9hVZuShgJ9Ia0E/edit#gid=0"",""'Game 10'!$B$2:$Q$31""),30,False),1)"),23.0) -> 23 | Q40: =IFERROR(__xludf.DUMMYFUNCTION("IFERROR(HLOOKUP($A40,IMPORTRANGE(""https://docs.google.com/spreadsheets/d/1sSbIK-vvHsSY0LghLJ9gcnW8Hec_ITI2tFmpeqI999A/edit#gid=0"",""'Game 6'!$B$2:$Q$31""),30,False),1)"),23.0) -> 23 | R40: =SUM(C40:Q40) -> 277
A41: Sarvin | B41: Hopkins B | C41: 12 | D41: 0 | E41: 11 | F41: 0 | G41: 23 | H41: =IFERROR(__xludf.DUMMYFUNCTION("HLOOKUP($A41,IMPORTRANGE(""https://docs.google.com/spreadsheets/d/16J5ie7OD1E99qGO9lMDm8w5Yls-v190B7DTolJ5TmFc/edit#gid=0"",""'Game 13'!$B$2:$Q$31""),30,False)"),23.0) -> 23 | I41: 23 | J41: =IFERROR(__xludf.DUMMYFUNCTION("IFERROR(HLOOKUP($A41,IMPORTRANGE(""https://docs.google.com/spreadsheets/d/1CTYfdyRk_RFGM3I2iN9bKeD9zUPzEm1ajzml6VgwfIU/edit#gid=0"",""'Game 9'!$B$2:$Q$31""),30,False),0)"),23.0) -> 23 | K41: =IFERROR(__xludf.DUMMYFUNCTION("IFERROR(HLOOKUP($A41,IMPORTRANGE(""https://docs.google.com/spreadsheets/d/11NFkzOdQyW-OtxSDuGslNCgNjx7HUb2FU7KnlNnPMgY/edit#gid=0"",""'Game 12'!$B$2:$Q$31""),30,False),0)"),23.0) -> 23 | L41: =IFERROR(__xludf.DUMMYFUNCTION("IFERROR(HLOOKUP($A41,IMPORTRANGE(""https://docs.google.com/spreadsheets/d/1CLg5-jaE4ta0-u4oE1qbBplQ5Mf3Oj9ONFgL0zJ7Ol4/edit#gid=0"",""'Game 4'!$B$2:$Q$31""),30,False),1)"),23.0) -> 23 | M41: =IFERROR(__xludf.DUMMYFUNCTION("IFERROR(HLOOKUP($A41,IMPORTRANGE(""https://docs.google.com/spreadsheets/d/1CeexgK4KxWj3k_7nql_k8-RPxXMwTJyB4Q3vAASeDlA/edit#gid=0"",""'Game 10'!$B$2:$Q$31""),30,False),1)"),11.0) -> 11 | N41: =IFERROR(__xludf.DUMMYFUNCTION("IFERROR(HLOOKUP($A41,IMPORTRANGE(""https://docs.google.com/spreadsheets/d/1MNwUNMjcwK6bEgCXwB73jpbK5gJAXS8ZMpbEMLJEP3E/edit#gid=0"",""'Game 7'!$B$2:$Q$31""),30,False),1)"),12.0) -> 12 | O41: =IFERROR(__xludf.DUMMYFUNCTION("IFERROR(HLOOKUP($A41,IMPORTRANGE(""https://docs.google.com/spreadsheets/d/1UrzyxmT40kDZwVrLMf1yyXfP-pyczRAw9Y8Rw-uXG3c/edit#gid=0"",""'Game 11'!$B$2:$Q$31""),30,False),1)"),0.0) -> 0 | P41: =IFERROR(__xludf.DUMMYFUNCTION("IFERROR(HLOOKUP($A41,IMPORTRANGE(""https://docs.google.com/spreadsheets/d/1iyMhSYWifw-KGFtyeBpNxVZr4BhcV9hVZuShgJ9Ia0E/edit#gid=0"",""'Game 10'!$B$2:$Q$31""),30,False),1)"),22.0) -> 22 | Q41: =IFERROR(__xludf.DUMMYFUNCTION("IFERROR(HLOOKUP($A41,IMPORTRANGE(""https://docs.google.com/spreadsheets/d/1sSbIK-vvHsSY0LghLJ9gcnW8Hec_ITI2tFmpeqI999A/edit#gid=0"",""'Game 6'!$B$2:$Q$31""),30,False),1)"),23.0) -> 23 | R41: =SUM(C41:Q41) -> 229
A42: Allison | B42: Interlake B | C42: 23 | D42: 23 | E42: 23 | F42: 23 | G42: 23 | H42: =IFERROR(__xludf.DUMMYFUNCTION("HLOOKUP($A42,IMPORTRANGE(""https://docs.google.com/spreadsheets/d/16J5ie7OD1E99qGO9lMDm8w5Yls-v190B7DTolJ5TmFc/edit#gid=0"",""'Game 1'!$B$2:$Q$31""),30,False)"),23.0) -> 23 | I42: 23 | J42: =IFERROR(__xludf.DUMMYFUNCTION("IFERROR(HLOOKUP($A42,IMPORTRANGE(""https://docs.google.com/spreadsheets/d/1CTYfdyRk_RFGM3I2iN9bKeD9zUPzEm1ajzml6VgwfIU/edit#gid=0"",""'Game 1'!$B$2:$Q$31""),30,False),0)"),23.0) -> 23 | K42: =IFERROR(__xludf.DUMMYFUNCTION("IFERROR(HLOOKUP($A42,IMPORTRANGE(""https://docs.google.com/spreadsheets/d/11NFkzOdQyW-OtxSDuGslNCgNjx7HUb2FU7KnlNnPMgY/edit#gid=0"",""'Game 1'!$B$2:$Q$31""),30,False),0)"),23.0) -> 23 | L42: =IFERROR(__xludf.DUMMYFUNCTION("IFERROR(HLOOKUP($A42,IMPORTRANGE(""https://docs.google.com/spreadsheets/d/1CLg5-jaE4ta0-u4oE1qbBplQ5Mf3Oj9ONFgL0zJ7Ol4/edit#gid=0"",""'Game 1'!$B$2:$Q$31""),30,False),1)"),23.0) -> 23 | M42: =IFERROR(__xludf.DUMMYFUNCTION("IFERROR(HLOOKUP($A42,IMPORTRANGE(""https://docs.google.com/spreadsheets/d/1CeexgK4KxWj3k_7nql_k8-RPxXMwTJyB4Q3vAASeDlA/edit#gid=0"",""'Game 1'!$B$2:$Q$31""),30,False),1)"),23.0) -> 23 | N42: =IFERROR(__xludf.DUMMYFUNCTION("IFERROR(HLOOKUP($A42,IMPORTRANGE(""https://docs.google.com/spreadsheets/d/1MNwUNMjcwK6bEgCXwB73jpbK5gJAXS8ZMpbEMLJEP3E/edit#gid=0"",""'Game 1'!$B$2:$Q$31""),30,False),1)"),23.0) -> 23 | O42: =IFERROR(__xludf.DUMMYFUNCTION("IFERROR(HLOOKUP($A42,IMPORTRANGE(""https://docs.google.com/spreadsheets/d/1UrzyxmT40kDZwVrLMf1yyXfP-pyczRAw9Y8Rw-uXG3c/edit#gid=0"",""'Game 1'!$B$2:$Q$31""),30,False),1)"),23.0) -> 23 | P42: =IFERROR(__xludf.DUMMYFUNCTION("IFERROR(HLOOKUP($A42,IMPORTRANGE(""https://docs.google.com/spreadsheets/d/1iyMhSYWifw-KGFtyeBpNxVZr4BhcV9hVZuShgJ9Ia0E/edit#gid=0"",""'Game 1'!$B$2:$Q$31""),30,False),1)"),23.0) -> 23 | Q42: =IFERROR(__xludf.DUMMYFUNCTION("IFERROR(HLOOKUP($A42,IMPORTRANGE(""https://docs.google.com/spreadsheets/d/1sSbIK-vvHsSY0LghLJ9gcnW8Hec_ITI2tFmpeqI999A/edit#gid=0"",""'Game 1'!$B$2:$Q$31""),30,False),1)"),12.0) -> 12 | R42: =SUM(C42:Q42) -> 334
A43: Bryan | B43: Interlake B | C43: 23 | D43: 23 | E43: 23 | F43: 12 | G43: 23 | H43: =IFERROR(__xludf.DUMMYFUNCTION("HLOOKUP($A43,IMPORTRANGE(""https://docs.google.com/spreadsheets/d/16J5ie7OD1E99qGO9lMDm8w5Yls-v190B7DTolJ5TmFc/edit#gid=0"",""'Game 1'!$B$2:$Q$31""),30,False)"),23.0) -> 23 | I43: 23 | J43: =IFERROR(__xludf.DUMMYFUNCTION("IFERROR(HLOOKUP($A43,IMPORTRANGE(""https://docs.google.com/spreadsheets/d/1CTYfdyRk_RFGM3I2iN9bKeD9zUPzEm1ajzml6VgwfIU/edit#gid=0"",""'Game 1'!$B$2:$Q$31""),30,False),0)"),23.0) -> 23 | K43: =IFERROR(__xludf.DUMMYFUNCTION("IFERROR(HLOOKUP($A43,IMPORTRANGE(""https://docs.google.com/spreadsheets/d/11NFkzOdQyW-OtxSDuGslNCgNjx7HUb2FU7KnlNnPMgY/edit#gid=0"",""'Game 1'!$B$2:$Q$31""),30,False),0)"),23.0) -> 23 | L43: =IFERROR(__xludf.DUMMYFUNCTION("IFERROR(HLOOKUP($A43,IMPORTRANGE(""https://docs.google.com/spreadsheets/d/1CLg5-jaE4ta0-u4oE1qbBplQ5Mf3Oj9ONFgL0zJ7Ol4/edit#gid=0"",""'Game 1'!$B$2:$Q$31""),30,False),1)"),23.0) -> 23 | M43: =IFERROR(__xludf.DUMMYFUNCTION("IFERROR(HLOOKUP($A43,IMPORTRANGE(""https://docs.google.com/spreadsheets/d/1CeexgK4KxWj3k_7nql_k8-RPxXMwTJyB4Q3vAASeDlA/edit#gid=0"",""'Game 1'!$B$2:$Q$31""),30,False),1)"),12.0) -> 12 | N43: =IFERROR(__xludf.DUMMYFUNCTION("IFERROR(HLOOKUP($A43,IMPORTRANGE(""https://docs.google.com/spreadsheets/d/1MNwUNMjcwK6bEgCXwB73jpbK5gJAXS8ZMpbEMLJEP3E/edit#gid=0"",""'Game 1'!$B$2:$Q$31""),30,False),1)"),23.0) -> 23 | O43: =IFERROR(__xludf.DUMMYFUNCTION("IFERROR(HLOOKUP($A43,IMPORTRANGE(""https://docs.google.com/spreadsheets/d/1UrzyxmT40kDZwVrLMf1yyXfP-pyczRAw9Y8Rw-uXG3c/edit#gid=0"",""'Game 1'!$B$2:$Q$31""),30,False),1)"),11.0) -> 11 | P43: =IFERROR(__xludf.DUMMYFUNCTION("IFERROR(HLOOKUP($A43,IMPORTRANGE(""https://docs.google.com/spreadsheets/d/1iyMhSYWifw-KGFtyeBpNxVZr4BhcV9hVZuShgJ9Ia0E/edit#gid=0"",""'Game 1'!$B$2:$Q$31""),30,False),1)"),11.0) -> 11 | Q43: =IFERROR(__xludf.DUMMYFUNCTION("IFERROR(HLOOKUP($A43,IMPORTRANGE(""https://docs.google.com/spreadsheets/d/1sSbIK-vvHsSY0LghLJ9gcnW8Hec_ITI2tFmpeqI999A/edit#gid=0"",""'Game 1'!$B$2:$Q$31""),30,False),1)"),23.0) -> 23 | R43: =SUM(C43:Q43) -> 299
A44: David Lee | B44: Interlake B | C44: 23 | D44: 23 | E44: 23 | F44: 23 | G44: 0 | H44: =IFERROR(__xludf.DUMMYFUNCTION("HLOOKUP($A44,IMPORTRANGE(""https://docs.google.com/spreadsheets/d/16J5ie7OD1E99qGO9lMDm8w5Yls-v190B7DTolJ5TmFc/edit#gid=0"",""'Game 1'!$B$2:$Q$31""),30,False)"),0.0) -> 0 | I44: 0 | J44: =IFERROR(__xludf.DUMMYFUNCTION("IFERROR(HLOOKUP($A44,IMPORTRANGE(""https://docs.google.com/spreadsheets/d/1CTYfdyRk_RFGM3I2iN9bKeD9zUPzEm1ajzml6VgwfIU/edit#gid=0"",""'Game 1'!$B$2:$Q$31""),30,False),0)"),23.0) -> 23 | K44: =IFERROR(__xludf.DUMMYFUNCTION("IFERROR(HLOOKUP($A44,IMPORTRANGE(""https://docs.google.com/spreadsheets/d/11NFkzOdQyW-OtxSDuGslNCgNjx7HUb2FU7KnlNnPMgY/edit#gid=0"",""'Game 1'!$B$2:$Q$31""),30,False),0)"),0.0) -> 0 | L44: =IFERROR(__xludf.DUMMYFUNCTION("IFERROR(HLOOKUP($A44,IMPORTRANGE(""https://docs.google.com/spreadsheets/d/1CLg5-jaE4ta0-u4oE1qbBplQ5Mf3Oj9ONFgL0zJ7Ol4/edit#gid=0"",""'Game 1'!$B$2:$Q$31""),30,False),1)"),0.0) -> 0 | M44: =IFERROR(__xludf.DUMMYFUNCTION("IFERROR(HLOOKUP($A44,IMPORTRANGE(""https://docs.google.com/spreadsheets/d/1CeexgK4KxWj3k_7nql_k8-RPxXMwTJyB4Q3vAASeDlA/edit#gid=0"",""'Game 1'!$B$2:$Q$31""),30,False),1)"),23.0) -> 23 | N44: =IFERROR(__xludf.DUMMYFUNCTION("IFERROR(HLOOKUP($A44,IMPORTRANGE(""https://docs.google.com/spreadsheets/d/1MNwUNMjcwK6bEgCXwB73jpbK5gJAXS8ZMpbEMLJEP3E/edit#gid=0"",""'Game 1'!$B$2:$Q$31""),30,False),1)"),11.0) -> 11 | O44: =IFERROR(__xludf.DUMMYFUNCTION("IFERROR(HLOOKUP($A44,IMPORTRANGE(""https://docs.google.com/spreadsheets/d/1UrzyxmT40kDZwVrLMf1yyXfP-pyczRAw9Y8Rw-uXG3c/edit#gid=0"",""'Game 1'!$B$2:$Q$31""),30,False),1)"),23.0) -> 23 | P44: =IFERROR(__xludf.DUMMYFUNCTION("IFERROR(HLOOKUP($A44,IMPORTRANGE(""https://docs.google.com/spreadsheets/d/1iyMhSYWifw-KGFtyeBpNxVZr4BhcV9hVZuShgJ9Ia0E/edit#gid=0"",""'Game 1'!$B$2:$Q$31""),30,False),1)"),23.0) -> 23 | Q44: =IFERROR(__xludf.DUMMYFUNCTION("IFERROR(HLOOKUP($A44,IMPORTRANGE(""https://docs.google.com/spreadsheets/d/1sSbIK-vvHsSY0LghLJ9gcnW8Hec_ITI2tFmpeqI999A/edit#gid=0"",""'Game 1'!$B$2:$Q$31""),30,False),1)"),11.0) -> 11 | R44: =SUM(C44:Q44) -> 206
A45: Tia | B45: Interlake B | C45: 23 | D45: 23 | E45: 23 | F45: 11 | G45: 23 | H45: =IFERROR(__xludf.DUMMYFUNCTION("HLOOKUP($A45,IMPORTRANGE(""https://docs.google.com/spreadsheets/d/16J5ie7OD1E99qGO9lMDm8w5Yls-v190B7DTolJ5TmFc/edit#gid=0"",""'Game 1'!$B$2:$Q$31""),30,False)"),23.0) -> 23 | I45: 23 | J45: =IFERROR(__xludf.DUMMYFUNCTION("IFERROR(HLOOKUP($A45,IMPORTRANGE(""https://docs.google.com/spreadsheets/d/1CTYfdyRk_RFGM3I2iN9bKeD9zUPzEm1ajzml6VgwfIU/edit#gid=0"",""'Game 1'!$B$2:$Q$31""),30,False),0)"),12.0) -> 12 | K45: =IFERROR(__xludf.DUMMYFUNCTION("IFERROR(HLOOKUP($A45,IMPORTRANGE(""https://docs.google.com/spreadsheets/d/11NFkzOdQyW-OtxSDuGslNCgNjx7HUb2FU7KnlNnPMgY/edit#gid=0"",""'Game 1'!$B$2:$Q$31""),30,False),0)"),23.0) -> 23 | L45: =IFERROR(__xludf.DUMMYFUNCTION("IFERROR(HLOOKUP($A45,IMPORTRANGE(""https://docs.google.com/spreadsheets/d/1CLg5-jaE4ta0-u4oE1qbBplQ5Mf3Oj9ONFgL0zJ7Ol4/edit#gid=0"",""'Game 1'!$B$2:$Q$31""),30,False),1)"),23.0) -> 23 | M45: =IFERROR(__xludf.DUMMYFUNCTION("IFERROR(HLOOKUP($A45,IMPORTRANGE(""https://docs.google.com/spreadsheets/d/1CeexgK4KxWj3k_7nql_k8-RPxXMwTJyB4Q3vAASeDlA/edit#gid=0"",""'Game 1'!$B$2:$Q$31""),30,False),1)"),23.0) -> 23 | N45: =IFERROR(__xludf.DUMMYFUNCTION("IFERROR(HLOOKUP($A45,IMPORTRANGE(""https://docs.google.com/spreadsheets/d/1MNwUNMjcwK6bEgCXwB73jpbK5gJAXS8ZMpbEMLJEP3E/edit#gid=0"",""'Game 1'!$B$2:$Q$31""),30,False),1)"),23.0) -> 23 | O45: =IFERROR(__xludf.DUMMYFUNCTION("IFERROR(HLOOKUP($A45,IMPORTRANGE(""https://docs.google.com/spreadsheets/d/1UrzyxmT40kDZwVrLMf1yyXfP-pyczRAw9Y8Rw-uXG3c/edit#gid=0"",""'Game 1'!$B$2:$Q$31""),30,False),1)"),12.0) -> 12 | P45: =IFERROR(__xludf.DUMMYFUNCTION("IFERROR(HLOOKUP($A45,IMPORTRANGE(""https://docs.google.com/spreadsheets/d/1iyMhSYWifw-KGFtyeBpNxVZr4BhcV9hVZuShgJ9Ia0E/edit#gid=0"",""'Game 1'!$B$2:$Q$31""),30,False),1)"),23.0) -> 23 | Q45: =IFERROR(__xludf.DUMMYFUNCTION("IFERROR(HLOOKUP($A45,IMPORTRANGE(""https://docs.google.com/spreadsheets/d/1sSbIK-vvHsSY0LghLJ9gcnW8Hec_ITI2tFmpeqI999A/edit#gid=0"",""'Game 1'!$B$2:$Q$31""),30,False),1)"),23.0) -> 23 | R45: =SUM(C45:Q45) -> 311
A46: Yash M | B46: Interlake B | C46: 0 | D46: 0 | E46: 0 | F46: 23 | G46: 23 | H46: =IFERROR(__xludf.DUMMYFUNCTION("HLOOKUP($A46,IMPORTRANGE(""https://docs.google.com/spreadsheets/d/16J5ie7OD1E99qGO9lMDm8w5Yls-v190B7DTolJ5TmFc/edit#gid=0"",""'Game 1'!$B$2:$Q$31""),30,False)"),23.0) -> 23 | I46: 23 | J46: =IFERROR(__xludf.DUMMYFUNCTION("IFERROR(HLOOKUP($A46,IMPORTRANGE(""https://docs.google.com/spreadsheets/d/1CTYfdyRk_RFGM3I2iN9bKeD9zUPzEm1ajzml6VgwfIU/edit#gid=0"",""'Game 1'!$B$2:$Q$31""),30,False),0)"),11.0) -> 11 | K46: =IFERROR(__xludf.DUMMYFUNCTION("IFERROR(HLOOKUP($A46,IMPORTRANGE(""https://docs.google.com/spreadsheets/d/11NFkzOdQyW-OtxSDuGslNCgNjx7HUb2FU7KnlNnPMgY/edit#gid=0"",""'Game 1'!$B$2:$Q$31""),30,False),0)"),23.0) -> 23 | L46: =IFERROR(__xludf.DUMMYFUNCTION("IFERROR(HLOOKUP($A46,IMPORTRANGE(""https://docs.google.com/spreadsheets/d/1CLg5-jaE4ta0-u4oE1qbBplQ5Mf3Oj9ONFgL0zJ7Ol4/edit#gid=0"",""'Game 1'!$B$2:$Q$31""),30,False),1)"),23.0) -> 23 | M46: =IFERROR(__xludf.DUMMYFUNCTION("IFERROR(HLOOKUP($A46,IMPORTRANGE(""https://docs.google.com/spreadsheets/d/1CeexgK4KxWj3k_7nql_k8-RPxXMwTJyB4Q3vAASeDlA/edit#gid=0"",""'Game 1'!$B$2:$Q$31""),30,False),1)"),11.0) -> 11 | N46: =IFERROR(__xludf.DUMMYFUNCTION("IFERROR(HLOOKUP($A46,IMPORTRANGE(""https://docs.google.com/spreadsheets/d/1MNwUNMjcwK6bEgCXwB73jpbK5gJAXS8ZMpbEMLJEP3E/edit#gid=0"",""'Game 1'!$B$2:$Q$31""),30,False),1)"),12.0) -> 12 | O46: =IFERROR(__xludf.DUMMYFUNCTION("IFERROR(HLOOKUP($A46,IMPORTRANGE(""https://docs.google.com/spreadsheets/d/1UrzyxmT40kDZwVrLMf1yyXfP-pyczRAw9Y8Rw-uXG3c/edit#gid=0"",""'Game 1'!$B$2:$Q$31""),30,False),1)"),23.0) -> 23 | P46: =IFERROR(__xludf.DUMMYFUNCTION("IFERROR(HLOOKUP($A46,IMPORTRANGE(""https://docs.google.com/spreadsheets/d/1iyMhSYWifw-KGFtyeBpNxVZr4BhcV9hVZuShgJ9Ia0E/edit#gid=0"",""'Game 1'!$B$2:$Q$31""),30,False),1)"),12.0) -> 12 | Q46: =IFERROR(__xludf.DUMMYFUNCTION("IFERROR(HLOOKUP($A46,IMPORTRANGE(""https://docs.google.com/spreadsheets/d/1sSbIK-vvHsSY0LghLJ9gcnW8Hec_ITI2tFmpeqI999A/edit#gid=0"",""'Game 1'!$B$2:$Q$31""),30,False),1)"),23.0) -> 23 | R46: =SUM(C46:Q46) -> 230
A47: Anna | B47: Interlake C | C47: 23 | D47: 23 | E47: 23 | F47: 23 | G47: 23 | H47: =IFERROR(__xludf.DUMMYFUNCTION("HLOOKUP($A47,IMPORTRANGE(""https://docs.google.com/spreadsheets/d/16J5ie7OD1E99qGO9lMDm8w5Yls-v190B7DTolJ5TmFc/edit#gid=0"",""'Game 6'!$B$2:$Q$31""),30,False)"),23.0) -> 23 | I47: 23 | J47: =IFERROR(__xludf.DUMMYFUNCTION("IFERROR(HLOOKUP($A47,IMPORTRANGE(""https://docs.google.com/spreadsheets/d/1CTYfdyRk_RFGM3I2iN9bKeD9zUPzEm1ajzml6VgwfIU/edit#gid=0"",""'Game 4'!$B$2:$Q$31""),30,False),0)"),23.0) -> 23 | K47: =IFERROR(__xludf.DUMMYFUNCTION("IFERROR(HLOOKUP($A47,IMPORTRANGE(""https://docs.google.com/spreadsheets/d/11NFkzOdQyW-OtxSDuGslNCgNjx7HUb2FU7KnlNnPMgY/edit#gid=0"",""'Game 7'!$B$2:$Q$31""),30,False),0)"),23.0) -> 23 | L47: =IFERROR(__xludf.DUMMYFUNCTION("IFERROR(HLOOKUP($A47,IMPORTRANGE(""https://docs.google.com/spreadsheets/d/1CLg5-jaE4ta0-u4oE1qbBplQ5Mf3Oj9ONFgL0zJ7Ol4/edit#gid=0"",""'Game 5'!$B$2:$Q$31""),30,False),1)"),23.0) -> 23 | M47: =IFERROR(__xludf.DUMMYFUNCTION("IFERROR(HLOOKUP($A47,IMPORTRANGE(""https://docs.google.com/spreadsheets/d/1CeexgK4KxWj3k_7nql_k8-RPxXMwTJyB4Q3vAASeDlA/edit#gid=0"",""'Game 13'!$B$2:$Q$31""),30,False),1)"),23.0) -> 23 | N47: =IFERROR(__xludf.DUMMYFUNCTION("IFERROR(HLOOKUP($A47,IMPORTRANGE(""https://docs.google.com/spreadsheets/d/1MNwUNMjcwK6bEgCXwB73jpbK5gJAXS8ZMpbEMLJEP3E/edit#gid=0"",""'Game 12'!$B$2:$Q$31""),30,False),1)"),23.0) -> 23 | O47: =IFERROR(__xludf.DUMMYFUNCTION("IFERROR(HLOOKUP($A47,IMPORTRANGE(""https://docs.google.com/spreadsheets/d/1UrzyxmT40kDZwVrLMf1yyXfP-pyczRAw9Y8Rw-uXG3c/edit#gid=0"",""'Game 1'!$B$2:$Q$31""),30,False),1)"),23.0) -> 23 | P47: =IFERROR(__xludf.DUMMYFUNCTION("IFERROR(HLOOKUP($A47,IMPORTRANGE(""https://docs.google.com/spreadsheets/d/1iyMhSYWifw-KGFtyeBpNxVZr4BhcV9hVZuShgJ9Ia0E/edit#gid=0"",""'Game 2'!$B$2:$Q$31""),30,False),1)"),23.0) -> 23 | Q47: =IFERROR(__xludf.DUMMYFUNCTION("IFERROR(HLOOKUP($A47,IMPORTRANGE(""https://docs.google.com/spreadsheets/d/1sSbIK-vvHsSY0LghLJ9gcnW8Hec_ITI2tFmpeqI999A/edit#gid=0"",""'Game 12'!$B$2:$Q$31""),30,False),1)"),23.0) -> 23 | R47: =SUM(C47:Q47) -> 345
A48: Allen W | B48: Interlake C | C48: 0 | D48: 0 | E48: 0 | F48: 0 | G48: 0 | H48: 0 | I48: 0 | J48: 0 | K48: 0 | L48: 0 | M48: 0 | N48: 0 | O48: 0 | P48: 0 | Q48: 11 | R48: 11
A49: Richard S | B49: Interlake C | C49: 23 | D49: 23 | E49: 23 | F49: 23 | G49: 23 | H49: =IFERROR(__xludf.DUMMYFUNCTION("HLOOKUP($A49,IMPORTRANGE(""https://docs.google.com/spreadsheets/d/16J5ie7OD1E99qGO9lMDm8w5Yls-v190B7DTolJ5TmFc/edit#gid=0"",""'Game 6'!$B$2:$Q$31""),30,False)"),23.0) -> 23 | I49: 23 | J49: =IFERROR(__xludf.DUMMYFUNCTION("IFERROR(HLOOKUP($A49,IMPORTRANGE(""https://docs.google.com/spreadsheets/d/1CTYfdyRk_RFGM3I2iN9bKeD9zUPzEm1ajzml6VgwfIU/edit#gid=0"",""'Game 4'!$B$2:$Q$31""),30,False),0)"),0.0) -> 0 | K49: =IFERROR(__xludf.DUMMYFUNCTION("IFERROR(HLOOKUP($A49,IMPORTRANGE(""https://docs.google.com/spreadsheets/d/11NFkzOdQyW-OtxSDuGslNCgNjx7HUb2FU7KnlNnPMgY/edit#gid=0"",""'Game 7'!$B$2:$Q$31""),30,False),0)"),23.0) -> 23 | L49: =IFERROR(__xludf.DUMMYFUNCTION("IFERROR(HLOOKUP($A49,IMPORTRANGE(""https://docs.google.com/spreadsheets/d/1CLg5-jaE4ta0-u4oE1qbBplQ5Mf3Oj9ONFgL0zJ7Ol4/edit#gid=0"",""'Game 5'!$B$2:$Q$31""),30,False),1)"),11.0) -> 11 | M49: =IFERROR(__xludf.DUMMYFUNCTION("IFERROR(HLOOKUP($A49,IMPORTRANGE(""https://docs.google.com/spreadsheets/d/1CeexgK4KxWj3k_7nql_k8-RPxXMwTJyB4Q3vAASeDlA/edit#gid=0"",""'Game 13'!$B$2:$Q$31""),30,False),1)"),23.0) -> 23 | N49: =IFERROR(__xludf.DUMMYFUNCTION("IFERROR(HLOOKUP($A49,IMPORTRANGE(""https://docs.google.com/spreadsheets/d/1MNwUNMjcwK6bEgCXwB73jpbK5gJAXS8ZMpbEMLJEP3E/edit#gid=0"",""'Game 12'!$B$2:$Q$31""),30,False),1)"),23.0) -> 23 | O49: =IFERROR(__xludf.DUMMYFUNCTION("IFERROR(HLOOKUP($A49,IMPORTRANGE(""https://docs.google.com/spreadsheets/d/1UrzyxmT40kDZwVrLMf1yyXfP-pyczRAw9Y8Rw-uXG3c/edit#gid=0"",""'Game 1'!$B$2:$Q$31""),30,False),1)"),23.0) -> 23 | P49: =IFERROR(__xludf.DUMMYFUNCTION("IFERROR(HLOOKUP($A49,IMPORTRANGE(""https://docs.google.com/spreadsheets/d/1iyMhSYWifw-KGFtyeBpNxVZr4BhcV9hVZuShgJ9Ia0E/edit#gid=0"",""'Game 2'!$B$2:$Q$31""),30,False),1)"),23.0) -> 23 | Q49: =IFERROR(__xludf.DUMMYFUNCTION("IFERROR(HLOOKUP($A49,IMPORTRANGE(""https://docs.google.com/spreadsheets/d/1sSbIK-vvHsSY0LghLJ9gcnW8Hec_ITI2tFmpeqI999A/edit#gid=0"",""'Game 12'!$B$2:$Q$31""),30,False),1)"),23.0) -> 23 | R49: =SUM(C49:Q49) -> 310
A50: Tristan | B50: Interlake C | C50: 23 | D50: 23 | E50: 23 | F50: 23 | G50: 0 | H50: =IFERROR(__xludf.DUMMYFUNCTION("HLOOKUP($A50,IMPORTRANGE(""https://docs.google.com/spreadsheets/d/16J5ie7OD1E99qGO9lMDm8w5Yls-v190B7DTolJ5TmFc/edit#gid=0"",""'Game 6'!$B$2:$Q$31""),30,False)"),23.0) -> 23 | I50: 23 | J50: =IFERROR(__xludf.DUMMYFUNCTION("IFERROR(HLOOKUP($A50,IMPORTRANGE(""https://docs.google.com/spreadsheets/d/1CTYfdyRk_RFGM3I2iN9bKeD9zUPzEm1ajzml6VgwfIU/edit#gid=0"",""'Game 4'!$B$2:$Q$31""),30,False),0)"),23.0) -> 23 | K50: =IFERROR(__xludf.DUMMYFUNCTION("IFERROR(HLOOKUP($A50,IMPORTRANGE(""https://docs.google.com/spreadsheets/d/11NFkzOdQyW-OtxSDuGslNCgNjx7HUb2FU7KnlNnPMgY/edit#gid=0"",""'Game 7'!$B$2:$Q$31""),30,False),0)"),23.0) -> 23 | L50: =IFERROR(__xludf.DUMMYFUNCTION("IFERROR(HLOOKUP($A50,IMPORTRANGE(""https://docs.google.com/spreadsheets/d/1CLg5-jaE4ta0-u4oE1qbBplQ5Mf3Oj9ONFgL0zJ7Ol4/edit#gid=0"",""'Game 5'!$B$2:$Q$31""),30,False),1)"),23.0) -> 23 | M50: =IFERROR(__xludf.DUMMYFUNCTION("IFERROR(HLOOKUP($A50,IMPORTRANGE(""https://docs.google.com/spreadsheets/d/1CeexgK4KxWj3k_7nql_k8-RPxXMwTJyB4Q3vAASeDlA/edit#gid=0"",""'Game 13'!$B$2:$Q$31""),30,False),1)"),23.0) -> 23 | N50: =IFERROR(__xludf.DUMMYFUNCTION("IFERROR(HLOOKUP($A50,IMPORTRANGE(""https://docs.google.com/spreadsheets/d/1MNwUNMjcwK6bEgCXwB73jpbK5gJAXS8ZMpbEMLJEP3E/edit#gid=0"",""'Game 12'!$B$2:$Q$31""),30,False),1)"),23.0) -> 23 | O50: =IFERROR(__xludf.DUMMYFUNCTION("IFERROR(HLOOKUP($A50,IMPORTRANGE(""https://docs.google.com/spreadsheets/d/1UrzyxmT40kDZwVrLMf1yyXfP-pyczRAw9Y8Rw-uXG3c/edit#gid=0"",""'Game 1'!$B$2:$Q$31""),30,False),1)"),23.0) -> 23 | P50: =IFERROR(__xludf.DUMMYFUNCTION("IFERROR(HLOOKUP($A50,IMPORTRANGE(""https://docs.google.com/spreadsheets/d/1iyMhSYWifw-KGFtyeBpNxVZr4BhcV9hVZuShgJ9Ia0E/edit#gid=0"",""'Game 2'!$B$2:$Q$31""),30,False),1)"),23.0) -> 23 | Q50: =IFERROR(__xludf.DUMMYFUNCTION("IFERROR(HLOOKUP($A50,IMPORTRANGE(""https://docs.google.com/spreadsheets/d/1sSbIK-vvHsSY0LghLJ9gcnW8Hec_ITI2tFmpeqI999A/edit#gid=0"",""'Game 12'!$B$2:$Q$31""),30,False),1)"),23.0) -> 23 | R50: =SUM(C50:Q50) -> 322
A51: Vishnu | B51: Interlake C | C51: 0 | D51: 0 | E51: 0 | F51: 0 | G51: 0 | H51: 0 | I51: 0 | J51: 0 | K51: 0 | L51: 0 | M51: 0 | N51: 0 | O51: 23 | P51: =IFERROR(__xludf.DUMMYFUNCTION("IFERROR(HLOOKUP($A51,IMPORTRANGE(""https://docs.google.com/spreadsheets/d/1iyMhSYWifw-KGFtyeBpNxVZr4BhcV9hVZuShgJ9Ia0E/edit#gid=0"",""'Game 2'!$B$2:$Q$31""),30,False),1)"),23.0) -> 23 | Q51: =IFERROR(__xludf.DUMMYFUNCTION("IFERROR(HLOOKUP($A51,IMPORTRANGE(""https://docs.google.com/spreadsheets/d/1sSbIK-vvHsSY0LghLJ9gcnW8Hec_ITI2tFmpeqI999A/edit#gid=0"",""'Game 12'!$B$2:$Q$31""),30,False),1)"),0.0) -> 0 | R51: =SUM(C51:Q51) -> 46
A52: Berkan | B52: La Cueva | C52: 23 | D52: 0 | E52: 23 | F52: 23 | G52: 11 | H52: =IFERROR(__xludf.DUMMYFUNCTION("HLOOKUP($A52,IMPORTRANGE(""https://docs.google.com/spreadsheets/d/16J5ie7OD1E99qGO9lMDm8w5Yls-v190B7DTolJ5TmFc/edit#gid=0"",""'Game 8'!$B$2:$Q$31""),30,False)"),23.0) -> 23 | I52: 0 | J52: =IFERROR(__xludf.DUMMYFUNCTION("IFERROR(HLOOKUP($A52,IMPORTRANGE(""https://docs.google.com/spreadsheets/d/1CTYfdyRk_RFGM3I2iN9bKeD9zUPzEm1ajzml6VgwfIU/edit#gid=0"",""'Game 8'!$B$2:$Q$31""),30,False),0)"),23.0) -> 23 | K52: =IFERROR(__xludf.DUMMYFUNCTION("IFERROR(HLOOKUP($A52,IMPORTRANGE(""https://docs.google.com/spreadsheets/d/11NFkzOdQyW-OtxSDuGslNCgNjx7HUb2FU7KnlNnPMgY/edit#gid=0"",""'Game 13'!$B$2:$Q$31""),30,False),0)"),23.0) -> 23 | L52: =IFERROR(__xludf.DUMMYFUNCTION("IFERROR(HLOOKUP($A52,IMPORTRANGE(""https://docs.google.com/spreadsheets/d/1CLg5-jaE4ta0-u4oE1qbBplQ5Mf3Oj9ONFgL0zJ7Ol4/edit#gid=0"",""'Game 7'!$B$2:$Q$31""),30,False),1)"),0.0) -> 0 | M52: =IFERROR(__xludf.DUMMYFUNCTION("IFERROR(HLOOKUP($A52,IMPORTRANGE(""https://docs.google.com/spreadsheets/d/1CeexgK4KxWj3k_7nql_k8-RPxXMwTJyB4Q3vAASeDlA/edit#gid=0"",""'Game 5'!$B$2:$Q$31""),30,False),1)"),23.0) -> 23 | N52: =IFERROR(__xludf.DUMMYFUNCTION("IFERROR(HLOOKUP($A52,IMPORTRANGE(""https://docs.google.com/spreadsheets/d/1MNwUNMjcwK6bEgCXwB73jpbK5gJAXS8ZMpbEMLJEP3E/edit#gid=0"",""'Game 1'!$B$2:$Q$31""),30,False),1)"),0.0) -> 0 | O52: =IFERROR(__xludf.DUMMYFUNCTION("IFERROR(HLOOKUP($A52,IMPORTRANGE(""https://docs.google.com/spreadsheets/d/1UrzyxmT40kDZwVrLMf1yyXfP-pyczRAw9Y8Rw-uXG3c/edit#gid=0"",""'Game 13'!$B$2:$Q$31""),30,False),1)"),0.0) -> 0 | P52: =IFERROR(__xludf.DUMMYFUNCTION("IFERROR(HLOOKUP($A52,IMPORTRANGE(""https://docs.google.com/spreadsheets/d/1iyMhSYWifw-KGFtyeBpNxVZr4BhcV9hVZuShgJ9Ia0E/edit#gid=0"",""'Game 4'!$B$2:$Q$31""),30,False),1)"),23.0) -> 23 | Q52: =IFERROR(__xludf.DUMMYFUNCTION("IFERROR(HLOOKUP($A52,IMPORTRANGE(""https://docs.google.com/spreadsheets/d/1sSbIK-vvHsSY0LghLJ9gcnW8Hec_ITI2tFmpeqI999A/edit#gid=0"",""'Game 2'!$B$2:$Q$31""),30,False),1)"),23.0) -> 23 | R52: =SUM(C52:Q52) -> 218
A53: Charlie | B53: La Cueva | C53: 0 | D53: 23 | E53: 12 | F53: 0 | G53: 23 | H53: =IFERROR(__xludf.DUMMYFUNCTION("HLOOKUP($A53,IMPORTRANGE(""https://docs.google.com/spreadsheets/d/16J5ie7OD1E99qGO9lMDm8w5Yls-v190B7DTolJ5TmFc/edit#gid=0"",""'Game 8'!$B$2:$Q$31""),30,False)"),23.0) -> 23 | I53: 23 | J53: =IFERROR(__xludf.DUMMYFUNCTION("IFERROR(HLOOKUP($A53,IMPORTRANGE(""https://docs.google.com/spreadsheets/d/1CTYfdyRk_RFGM3I2iN9bKeD9zUPzEm1ajzml6VgwfIU/edit#gid=0"",""'Game 8'!$B$2:$Q$31""),30,False),0)"),23.0) -> 23 | K53: =IFERROR(__xludf.DUMMYFUNCTION("IFERROR(HLOOKUP($A53,IMPORTRANGE(""https://docs.google.com/spreadsheets/d/11NFkzOdQyW-OtxSDuGslNCgNjx7HUb2FU7KnlNnPMgY/edit#gid=0"",""'Game 13'!$B$2:$Q$31""),30,False),0)"),0.0) -> 0 | L53: =IFERROR(__xludf.DUMMYFUNCTION("IFERROR(HLOOKUP($A53,IMPORTRANGE(""https://docs.google.com/spreadsheets/d/1CLg5-jaE4ta0-u4oE1qbBplQ5Mf3Oj9ONFgL0zJ7Ol4/edit#gid=0"",""'Game 7'!$B$2:$Q$31""),30,False),1)"),23.0) -> 23 | M53: =IFERROR(__xludf.DUMMYFUNCTION("IFERROR(HLOOKUP($A53,IMPORTRANGE(""https://docs.google.com/spreadsheets/d/1CeexgK4KxWj3k_7nql_k8-RPxXMwTJyB4Q3vAASeDlA/edit#gid=0"",""'Game 5'!$B$2:$Q$31""),30,False),1)"),23.0) -> 23 | N53: =IFERROR(__xludf.DUMMYFUNCTION("IFERROR(HLOOKUP($A53,IMPORTRANGE(""https://docs.google.com/spreadsheets/d/1MNwUNMjcwK6bEgCXwB73jpbK5gJAXS8ZMpbEMLJEP3E/edit#gid=0"",""'Game 1'!$B$2:$Q$31""),30,False),1)"),23.0) -> 23 | O53: =IFERROR(__xludf.DUMMYFUNCTION("IFERROR(HLOOKUP($A53,IMPORTRANGE(""https://docs.google.com/spreadsheets/d/1UrzyxmT40kDZwVrLMf1yyXfP-pyczRAw9Y8Rw-uXG3c/edit#gid=0"",""'Game 13'!$B$2:$Q$31""),30,False),1)"),23.0) -> 23 | P53: =IFERROR(__xludf.DUMMYFUNCTION("IFERROR(HLOOKUP($A53,IMPORTRANGE(""https://docs.google.com/spreadsheets/d/1iyMhSYWifw-KGFtyeBpNxVZr4BhcV9hVZuShgJ9Ia0E/edit#gid=0"",""'Game 4'!$B$2:$Q$31""),30,False),1)"),23.0) -> 23 | Q53: =IFERROR(__xludf.DUMMYFUNCTION("IFERROR(HLOOKUP($A53,IMPORTRANGE(""https://docs.google.com/spreadsheets/d/1sSbIK-vvHsSY0LghLJ9gcnW8Hec_ITI2tFmpeqI999A/edit#gid=0"",""'Game 2'!$B$2:$Q$31""),30,False),1)"),23.0) -> 23 | R53: =SUM(C53:Q53) -> 265
A54: Janie | B54: La Cueva | C54: 23 | D54: 23 | E54: 0 | F54: 23 | G54: 12 | H54: =IFERROR(__xludf.DUMMYFUNCTION("HLOOKUP($A54,IMPORTRANGE(""https://docs.google.com/spreadsheets/d/16J5ie7OD1E99qGO9lMDm8w5Yls-v190B7DTolJ5TmFc/edit#gid=0"",""'Game 8'!$B$2:$Q$31""),30,False)"),0.0) -> 0 | I54: 0 | J54: =IFERROR(__xludf.DUMMYFUNCTION("IFERROR(HLOOKUP($A54,IMPORTRANGE(""https://docs.google.com/spreadsheets/d/1CTYfdyRk_RFGM3I2iN9bKeD9zUPzEm1ajzml6VgwfIU/edit#gid=0"",""'Game 8'!$B$2:$Q$31""),30,False),0)"),23.0) -> 23 | K54: =IFERROR(__xludf.DUMMYFUNCTION("IFERROR(HLOOKUP($A54,IMPORTRANGE(""https://docs.google.com/spreadsheets/d/11NFkzOdQyW-OtxSDuGslNCgNjx7HUb2FU7KnlNnPMgY/edit#gid=0"",""'Game 13'!$B$2:$Q$31""),30,False),0)"),0.0) -> 0 | L54: =IFERROR(__xludf.DUMMYFUNCTION("IFERROR(HLOOKUP($A54,IMPORTRANGE(""https://docs.google.com/spreadsheets/d/1CLg5-jaE4ta0-u4oE1qbBplQ5Mf3Oj9ONFgL0zJ7Ol4/edit#gid=0"",""'Game 7'!$B$2:$Q$31""),30,False),1)"),23.0) -> 23 | M54: =IFERROR(__xludf.DUMMYFUNCTION("IFERROR(HLOOKUP($A54,IMPORTRANGE(""https://docs.google.com/spreadsheets/d/1CeexgK4KxWj3k_7nql_k8-RPxXMwTJyB4Q3vAASeDlA/edit#gid=0"",""'Game 5'!$B$2:$Q$31""),30,False),1)"),0.0) -> 0 | N54: =IFERROR(__xludf.DUMMYFUNCTION("IFERROR(HLOOKUP($A54,IMPORTRANGE(""https://docs.google.com/spreadsheets/d/1MNwUNMjcwK6bEgCXwB73jpbK5gJAXS8ZMpbEMLJEP3E/edit#gid=0"",""'Game 1'!$B$2:$Q$31""),30,False),1)"),0.0) -> 0 | O54: =IFERROR(__xludf.DUMMYFUNCTION("IFERROR(HLOOKUP($A54,IMPORTRANGE(""https://docs.google.com/spreadsheets/d/1UrzyxmT40kDZwVrLMf1yyXfP-pyczRAw9Y8Rw-uXG3c/edit#gid=0"",""'Game 13'!$B$2:$Q$31""),30,False),1)"),0.0) -> 0 | P54: =IFERROR(__xludf.DUMMYFUNCTION("IFERROR(HLOOKUP($A54,IMPORTRANGE(""https://docs.google.com/spreadsheets/d/1iyMhSYWifw-KGFtyeBpNxVZr4BhcV9hVZuShgJ9Ia0E/edit#gid=0"",""'Game 4'!$B$2:$Q$31""),30,False),1)"),0.0) -> 0 | Q54: =IFERROR(__xludf.DUMMYFUNCTION("IFERROR(HLOOKUP($A54,IMPORTRANGE(""https://docs.google.com/spreadsheets/d/1sSbIK-vvHsSY0LghLJ9gcnW8Hec_ITI2tFmpeqI999A/edit#gid=0"",""'Game 2'!$B$2:$Q$31""),30,False),1)"),0.0) -> 0 | R54: =SUM(C54:Q54) -> 127
A55: Jeffrey | B55: La Cueva | C55: 0 | D55: 23 | E55: 11 | F55: 23 | G55: 11 | H55: =IFERROR(__xludf.DUMMYFUNCTION("HLOOKUP($A55,IMPORTRANGE(""https://docs.google.com/spreadsheets/d/16J5ie7OD1E99qGO9lMDm8w5Yls-v190B7DTolJ5TmFc/edit#gid=0"",""'Game 8'!$B$2:$Q$31""),30,False)"),23.0) -> 23 | I55: 23 | J55: =IFERROR(__xludf.DUMMYFUNCTION("IFERROR(HLOOKUP($A55,IMPORTRANGE(""https://docs.google.com/spreadsheets/d/1CTYfdyRk_RFGM3I2iN9bKeD9zUPzEm1ajzml6VgwfIU/edit#gid=0"",""'Game 8'!$B$2:$Q$31""),30,False),0)"),23.0) -> 23 | K55: =IFERROR(__xludf.DUMMYFUNCTION("IFERROR(HLOOKUP($A55,IMPORTRANGE(""https://docs.google.com/spreadsheets/d/11NFkzOdQyW-OtxSDuGslNCgNjx7HUb2FU7KnlNnPMgY/edit#gid=0"",""'Game 13'!$B$2:$Q$31""),30,False),0)"),0.0) -> 0 | L55: =IFERROR(__xludf.DUMMYFUNCTION("IFERROR(HLOOKUP($A55,IMPORTRANGE(""https://docs.google.com/spreadsheets/d/1CLg5-jaE4ta0-u4oE1qbBplQ5Mf3Oj9ONFgL0zJ7Ol4/edit#gid=0"",""'Game 7'!$B$2:$Q$31""),30,False),1)"),0.0) -> 0 | M55: =IFERROR(__xludf.DUMMYFUNCTION("IFERROR(HLOOKUP($A55,IMPORTRANGE(""https://docs.google.com/spreadsheets/d/1CeexgK4KxWj3k_7nql_k8-RPxXMwTJyB4Q3vAASeDlA/edit#gid=0"",""'Game 5'!$B$2:$Q$31""),30,False),1)"),23.0) -> 23 | N55: =IFERROR(__xludf.DUMMYFUNCTION("IFERROR(HLOOKUP($A55,IMPORTRANGE(""https://docs.google.com/spreadsheets/d/1MNwUNMjcwK6bEgCXwB73jpbK5gJAXS8ZMpbEMLJEP3E/edit#gid=0"",""'Game 1'!$B$2:$Q$31""),30,False),1)"),23.0) -> 23 | O55: =IFERROR(__xludf.DUMMYFUNCTION("IFERROR(HLOOKUP($A55,IMPORTRANGE(""https://docs.google.com/spreadsheets/d/1UrzyxmT40kDZwVrLMf1yyXfP-pyczRAw9Y8Rw-uXG3c/edit#gid=0"",""'Game 13'!$B$2:$Q$31""),30,False),1)"),23.0) -> 23 | P55: =IFERROR(__xludf.DUMMYFUNCTION("IFERROR(HLOOKUP($A55,IMPORTRANGE(""https://docs.google.com/spreadsheets/d/1iyMhSYWifw-KGFtyeBpNxVZr4BhcV9hVZuShgJ9Ia0E/edit#gid=0"",""'Game 4'!$B$2:$Q$31""),30,False),1)"),23.0) -> 23 | Q55: =IFERROR(__xludf.DUMMYFUNCTION("IFERROR(HLOOKUP($A55,IMPORTRANGE(""https://docs.google.com/spreadsheets/d/1sSbIK-vvHsSY0LghLJ9gcnW8Hec_ITI2tFmpeqI999A/edit#gid=0"",""'Game 2'!$B$2:$Q$31""),30,False),1)"),23.0) -> 23 | R55: =SUM(C55:Q55) -> 252
A56: Jenny | B56: La Cueva | C56: 0 | D56: 23 | E56: 23 | F56: 0 | G56: 12 | H56: =IFERROR(__xludf.DUMMYFUNCTION("HLOOKUP($A56,IMPORTRANGE(""https://docs.google.com/spreadsheets/d/16J5ie7OD1E99qGO9lMDm8w5Yls-v190B7DTolJ5TmFc/edit#gid=0"",""'Game 8'!$B$2:$Q$31""),30,False)"),23.0) -> 23 | I56: 0 | J56: =IFERROR(__xludf.DUMMYFUNCTION("IFERROR(HLOOKUP($A56,IMPORTRANGE(""https://docs.google.com/spreadsheets/d/1CTYfdyRk_RFGM3I2iN9bKeD9zUPzEm1ajzml6VgwfIU/edit#gid=0"",""'Game 8'!$B$2:$Q$31""),30,False),0)"),0.0) -> 0 | K56: =IFERROR(__xludf.DUMMYFUNCTION("IFERROR(HLOOKUP($A56,IMPORTRANGE(""https://docs.google.com/spreadsheets/d/11NFkzOdQyW-OtxSDuGslNCgNjx7HUb2FU7KnlNnPMgY/edit#gid=0"",""'Game 13'!$B$2:$Q$31""),30,False),0)"),23.0) -> 23 | L56: =IFERROR(__xludf.DUMMYFUNCTION("IFERROR(HLOOKUP($A56,IMPORTRANGE(""https://docs.google.com/spreadsheets/d/1CLg5-jaE4ta0-u4oE1qbBplQ5Mf3Oj9ONFgL0zJ7Ol4/edit#gid=0"",""'Game 7'!$B$2:$Q$31""),30,False),1)"),23.0) -> 23 | M56: =IFERROR(__xludf.DUMMYFUNCTION("IFERROR(HLOOKUP($A56,IMPORTRANGE(""https://docs.google.com/spreadsheets/d/1CeexgK4KxWj3k_7nql_k8-RPxXMwTJyB4Q3vAASeDlA/edit#gid=0"",""'Game 5'!$B$2:$Q$31""),30,False),1)"),0.0) -> 0 | N56: =IFERROR(__xludf.DUMMYFUNCTION("IFERROR(HLOOKUP($A56,IMPORTRANGE(""https://docs.google.com/spreadsheets/d/1MNwUNMjcwK6bEgCXwB73jpbK5gJAXS8ZMpbEMLJEP3E/edit#gid=0"",""'Game 1'!$B$2:$Q$31""),30,False),1)"),0.0) -> 0 | O56: =IFERROR(__xludf.DUMMYFUNCTION("IFERROR(HLOOKUP($A56,IMPORTRANGE(""https://docs.google.com/spreadsheets/d/1UrzyxmT40kDZwVrLMf1yyXfP-pyczRAw9Y8Rw-uXG3c/edit#gid=0"",""'Game 13'!$B$2:$Q$31""),30,False),1)"),0.0) -> 0 | P56: =IFERROR(__xludf.DUMMYFUNCTION("IFERROR(HLOOKUP($A56,IMPORTRANGE(""https://docs.google.com/spreadsheets/d/1iyMhSYWifw-KGFtyeBpNxVZr4BhcV9hVZuShgJ9Ia0E/edit#gid=0"",""'Game 4'!$B$2:$Q$31""),30,False),1)"),0.0) -> 0 | Q56: =IFERROR(__xludf.DUMMYFUNCTION("IFERROR(HLOOKUP($A56,IMPORTRANGE(""https://docs.google.com/spreadsheets/d/1sSbIK-vvHsSY0LghLJ9gcnW8Hec_ITI2tFmpeqI999A/edit#gid=0"",""'Game 2'!$B$2:$Q$31""),30,False),1)"),0.0) -> 0 | R56: =SUM(C56:Q56) -> 127
A57: Mario S | B57: La Cueva | C57: 23 | D57: 0 | E57: 0 | F57: 0 | G57: 23 | H57: =IFERROR(__xludf.DUMMYFUNCTION("HLOOKUP($A57,IMPORTRANGE(""https://docs.google.com/spreadsheets/d/16J5ie7OD1E99qGO9lMDm8w5Yls-v190B7DTolJ5TmFc/edit#gid=0"",""'Game 8'!$B$2:$Q$31""),30,False)"),0.0) -> 0 | I57: 23 | J57: =IFERROR(__xludf.DUMMYFUNCTION("IFERROR(HLOOKUP($A57,IMPORTRANGE(""https://docs.google.com/spreadsheets/d/1CTYfdyRk_RFGM3I2iN9bKeD9zUPzEm1ajzml6VgwfIU/edit#gid=0"",""'Game 8'!$B$2:$Q$31""),30,False),0)"),0.0) -> 0 | K57: =IFERROR(__xludf.DUMMYFUNCTION("IFERROR(HLOOKUP($A57,IMPORTRANGE(""https://docs.google.com/spreadsheets/d/11NFkzOdQyW-OtxSDuGslNCgNjx7HUb2FU7KnlNnPMgY/edit#gid=0"",""'Game 13'!$B$2:$Q$31""),30,False),0)"),23.0) -> 23 | L57: =IFERROR(__xludf.DUMMYFUNCTION("IFERROR(HLOOKUP($A57,IMPORTRANGE(""https://docs.google.com/spreadsheets/d/1CLg5-jaE4ta0-u4oE1qbBplQ5Mf3Oj9ONFgL0zJ7Ol4/edit#gid=0"",""'Game 7'!$B$2:$Q$31""),30,False),1)"),23.0) -> 23 | M57: =IFERROR(__xludf.DUMMYFUNCTION("IFERROR(HLOOKUP($A57,IMPORTRANGE(""https://docs.google.com/spreadsheets/d/1CeexgK4KxWj3k_7nql_k8-RPxXMwTJyB4Q3vAASeDlA/edit#gid=0"",""'Game 5'!$B$2:$Q$31""),30,False),1)"),0.0) -> 0 | N57: =IFERROR(__xludf.DUMMYFUNCTION("IFERROR(HLOOKUP($A57,IMPORTRANGE(""https://docs.google.com/spreadsheets/d/1MNwUNMjcwK6bEgCXwB73jpbK5gJAXS8ZMpbEMLJEP3E/edit#gid=0"",""'Game 1'!$B$2:$Q$31""),30,False),1)"),23.0) -> 23 | O57: =IFERROR(__xludf.DUMMYFUNCTION("IFERROR(HLOOKUP($A57,IMPORTRANGE(""https://docs.google.com/spreadsheets/d/1UrzyxmT40kDZwVrLMf1yyXfP-pyczRAw9Y8Rw-uXG3c/edit#gid=0"",""'Game 13'!$B$2:$Q$31""),30,False),1)"),23.0) -> 23 | P57: =IFERROR(__xludf.DUMMYFUNCTION("IFERROR(HLOOKUP($A57,IMPORTRANGE(""https://docs.google.com/spreadsheets/d/1iyMhSYWifw-KGFtyeBpNxVZr4BhcV9hVZuShgJ9Ia0E/edit#gid=0"",""'Game 4'!$B$2:$Q$31""),30,False),1)"),0.0) -> 0 | Q57: =IFERROR(__xludf.DUMMYFUNCTION("IFERROR(HLOOKUP($A57,IMPORTRANGE(""https://docs.google.com/spreadsheets/d/1sSbIK-vvHsSY0LghLJ9gcnW8Hec_ITI2tFmpeqI999A/edit#gid=0"",""'Game 2'!$B$2:$Q$31""),30,False),1)"),23.0) -> 23 | R57: =SUM(C57:Q57) -> 184
A58: Melody Y | B58: La Cueva | C58: 23 | D58: 0 | E58: 23 | F58: 23 | G58: 0 | H58: =IFERROR(__xludf.DUMMYFUNCTION("HLOOKUP($A58,IMPORTRANGE(""https://docs.google.com/spreadsheets/d/16J5ie7OD1E99qGO9lMDm8w5Yls-v190B7DTolJ5TmFc/edit#gid=0"",""'Game 8'!$B$2:$Q$31""),30,False)"),0.0) -> 0 | I58: 23 | J58: =IFERROR(__xludf.DUMMYFUNCTION("IFERROR(HLOOKUP($A58,IMPORTRANGE(""https://docs.google.com/spreadsheets/d/1CTYfdyRk_RFGM3I2iN9bKeD9zUPzEm1ajzml6VgwfIU/edit#gid=0"",""'Game 8'!$B$2:$Q$31""),30,False),0)"),0.0) -> 0 | K58: =IFERROR(__xludf.DUMMYFUNCTION("IFERROR(HLOOKUP($A58,IMPORTRANGE(""https://docs.google.com/spreadsheets/d/11NFkzOdQyW-OtxSDuGslNCgNjx7HUb2FU7KnlNnPMgY/edit#gid=0"",""'Game 13'!$B$2:$Q$31""),30,False),0)"),23.0) -> 23 | L58: =IFERROR(__xludf.DUMMYFUNCTION("IFERROR(HLOOKUP($A58,IMPORTRANGE(""https://docs.google.com/spreadsheets/d/1CLg5-jaE4ta0-u4oE1qbBplQ5Mf3Oj9ONFgL0zJ7Ol4/edit#gid=0"",""'Game 7'!$B$2:$Q$31""),30,False),1)"),0.0) -> 0 | M58: =IFERROR(__xludf.DUMMYFUNCTION("IFERROR(HLOOKUP($A58,IMPORTRANGE(""https://docs.google.com/spreadsheets/d/1CeexgK4KxWj3k_7nql_k8-RPxXMwTJyB4Q3vAASeDlA/edit#gid=0"",""'Game 5'!$B$2:$Q$31""),30,False),1)"),23.0) -> 23 | N58: =IFERROR(__xludf.DUMMYFUNCTION("IFERROR(HLOOKUP($A58,IMPORTRANGE(""https://docs.google.com/spreadsheets/d/1MNwUNMjcwK6bEgCXwB73jpbK5gJAXS8ZMpbEMLJEP3E/edit#gid=0"",""'Game 1'!$B$2:$Q$31""),30,False),1)"),0.0) -> 0 | O58: =IFERROR(__xludf.DUMMYFUNCTION("IFERROR(HLOOKUP($A58,IMPORTRANGE(""https://docs.google.com/spreadsheets/d/1UrzyxmT40kDZwVrLMf1yyXfP-pyczRAw9Y8Rw-uXG3c/edit#gid=0"",""'Game 13'!$B$2:$Q$31""),30,False),1)"),23.0) -> 23 | P58: =IFERROR(__xludf.DUMMYFUNCTION("IFERROR(HLOOKUP($A58,IMPORTRANGE(""https://docs.google.com/spreadsheets/d/1iyMhSYWifw-KGFtyeBpNxVZr4BhcV9hVZuShgJ9Ia0E/edit#gid=0"",""'Game 4'!$B$2:$Q$31""),30,False),1)"),11.0) -> 11 | Q58: =IFERROR(__xludf.DUMMYFUNCTION("IFERROR(HLOOKUP($A58,IMPORTRANGE(""https://docs.google.com/spreadsheets/d/1sSbIK-vvHsSY0LghLJ9gcnW8Hec_ITI2tFmpeqI999A/edit#gid=0"",""'Game 2'!$B$2:$Q$31""),30,False),1)"),0.0) -> 0 | R58: =SUM(C58:Q58) -> 172
A59: Cinyoung | B59: Los Alamos B | C59: 23 | D59: 0 | E59: 0 | F59: 0 | G59: 0 | H59: =IFERROR(__xludf.DUMMYFUNCTION("HLOOKUP($A59,IMPORTRANGE(""https://docs.google.com/spreadsheets/d/16J5ie7OD1E99qGO9lMDm8w5Yls-v190B7DTolJ5TmFc/edit#gid=0"",""'Game 9'!$B$2:$Q$31""),30,False)"),0.0) -> 0 | I59: 0 | J59: =IFERROR(__xludf.DUMMYFUNCTION("IFERROR(HLOOKUP($A59,IMPORTRANGE(""https://docs.google.com/spreadsheets/d/1CTYfdyRk_RFGM3I2iN9bKeD9zUPzEm1ajzml6VgwfIU/edit#gid=0"",""'Game 12'!$B$2:$Q$31""),30,False),0)"),0.0) -> 0 | K59: =IFERROR(__xludf.DUMMYFUNCTION("IFERROR(HLOOKUP($A59,IMPORTRANGE(""https://docs.google.com/spreadsheets/d/11NFkzOdQyW-OtxSDuGslNCgNjx7HUb2FU7KnlNnPMgY/edit#gid=0"",""'Game 9'!$B$2:$Q$31""),30,False),0)"),0.0) -> 0 | L59: =IFERROR(__xludf.DUMMYFUNCTION("IFERROR(HLOOKUP($A59,IMPORTRANGE(""https://docs.google.com/spreadsheets/d/1CLg5-jaE4ta0-u4oE1qbBplQ5Mf3Oj9ONFgL0zJ7Ol4/edit#gid=0"",""'Game 12'!$B$2:$Q$31""),30,False),1)"),0.0) -> 0 | M59: =IFERROR(__xludf.DUMMYFUNCTION("IFERROR(HLOOKUP($A59,IMPORTRANGE(""https://docs.google.com/spreadsheets/d/1CeexgK4KxWj3k_7nql_k8-RPxXMwTJyB4Q3vAASeDlA/edit#gid=0"",""'Game 12'!$B$2:$Q$31""),30,False),1)"),0.0) -> 0 | N59: =IFERROR(__xludf.DUMMYFUNCTION("IFERROR(HLOOKUP($A59,IMPORTRANGE(""https://docs.google.com/spreadsheets/d/1MNwUNMjcwK6bEgCXwB73jpbK5gJAXS8ZMpbEMLJEP3E/edit#gid=0"",""'Game 13'!$B$2:$Q$31""),30,False),1)"),0.0) -> 0 | O59: =IFERROR(__xludf.DUMMYFUNCTION("IFERROR(HLOOKUP($A59,IMPORTRANGE(""https://docs.google.com/spreadsheets/d/1UrzyxmT40kDZwVrLMf1yyXfP-pyczRAw9Y8Rw-uXG3c/edit#gid=0"",""'Game 5'!$B$2:$Q$31""),30,False),1)"),0.0) -> 0 | P59: =IFERROR(__xludf.DUMMYFUNCTION("IFERROR(HLOOKUP($A59,IMPORTRANGE(""https://docs.google.com/spreadsheets/d/1iyMhSYWifw-KGFtyeBpNxVZr4BhcV9hVZuShgJ9Ia0E/edit#gid=0"",""'Game 7'!$B$2:$Q$31""),30,False),1)"),0.0) -> 0 | Q59: =IFERROR(__xludf.DUMMYFUNCTION("IFERROR(HLOOKUP($A59,IMPORTRANGE(""https://docs.google.com/spreadsheets/d/1sSbIK-vvHsSY0LghLJ9gcnW8Hec_ITI2tFmpeqI999A/edit#gid=0"",""'Game 12'!$B$2:$Q$31""),30,False),1)"),0.0) -> 0 | R59: =SUM(C59:Q59) -> 23
A60: Kon | B60: Los Alamos B | C60: 23 | D60: 0 | E60: 23 | F60: 0 | G60: 0 | H60: =IFERROR(__xludf.DUMMYFUNCTION("HLOOKUP($A60,IMPORTRANGE(""https://docs.google.com/spreadsheets/d/16J5ie7OD1E99qGO9lMDm8w5Yls-v190B7DTolJ5TmFc/edit#gid=0"",""'Game 9'!$B$2:$Q$31""),30,False)"),0.0) -> 0 | I60: 0 | J60: =IFERROR(__xludf.DUMMYFUNCTION("IFERROR(HLOOKUP($A60,IMPORTRANGE(""https://docs.google.com/spreadsheets/d/1CTYfdyRk_RFGM3I2iN9bKeD9zUPzEm1ajzml6VgwfIU/edit#gid=0"",""'Game 12'!$B$2:$Q$31""),30,False),0)"),0.0) -> 0 | K60: =IFERROR(__xludf.DUMMYFUNCTION("IFERROR(HLOOKUP($A60,IMPORTRANGE(""https://docs.google.com/spreadsheets/d/11NFkzOdQyW-OtxSDuGslNCgNjx7HUb2FU7KnlNnPMgY/edit#gid=0"",""'Game 9'!$B$2:$Q$31""),30,False),0)"),0.0) -> 0 | L60: =IFERROR(__xludf.DUMMYFUNCTION("IFERROR(HLOOKUP($A60,IMPORTRANGE(""https://docs.google.com/spreadsheets/d/1CLg5-jaE4ta0-u4oE1qbBplQ5Mf3Oj9ONFgL0zJ7Ol4/edit#gid=0"",""'Game 12'!$B$2:$Q$31""),30,False),1)"),23.0) -> 23 | M60: =IFERROR(__xludf.DUMMYFUNCTION("IFERROR(HLOOKUP($A60,IMPORTRANGE(""https://docs.google.com/spreadsheets/d/1CeexgK4KxWj3k_7nql_k8-RPxXMwTJyB4Q3vAASeDlA/edit#gid=0"",""'Game 12'!$B$2:$Q$31""),30,False),1)"),23.0) -> 23 | N60: =IFERROR(__xludf.DUMMYFUNCTION("IFERROR(HLOOKUP($A60,IMPORTRANGE(""https://docs.google.com/spreadsheets/d/1MNwUNMjcwK6bEgCXwB73jpbK5gJAXS8ZMpbEMLJEP3E/edit#gid=0"",""'Game 13'!$B$2:$Q$31""),30,False),1)"),23.0) -> 23 | O60: =IFERROR(__xludf.DUMMYFUNCTION("IFERROR(HLOOKUP($A60,IMPORTRANGE(""https://docs.google.com/spreadsheets/d/1UrzyxmT40kDZwVrLMf1yyXfP-pyczRAw9Y8Rw-uXG3c/edit#gid=0"",""'Game 5'!$B$2:$Q$31""),30,False),1)"),0.0) -> 0 | P60: =IFERROR(__xludf.DUMMYFUNCTION("IFERROR(HLOOKUP($A60,IMPORTRANGE(""https://docs.google.com/spreadsheets/d/1iyMhSYWifw-KGFtyeBpNxVZr4BhcV9hVZuShgJ9Ia0E/edit#gid=0"",""'Game 7'!$B$2:$Q$31""),30,False),1)"),23.0) -> 23 | Q60: =IFERROR(__xludf.DUMMYFUNCTION("IFERROR(HLOOKUP($A60,IMPORTRANGE(""https://docs.google.com/spreadsheets/d/1sSbIK-vvHsSY0LghLJ9gcnW8Hec_ITI2tFmpeqI999A/edit#gid=0"",""'Game 12'!$B$2:$Q$31""),30,False),1)"),0.0) -> 0 | R60: =SUM(C60:Q60) -> 138
A61: Linnhtet | B61: Los Alamos B | C61: 0 | D61: 23 | E61: 23 | F61: 23 | G61: 23 | H61: =IFERROR(__xludf.DUMMYFUNCTION("HLOOKUP($A61,IMPORTRANGE(""https://docs.google.com/spreadsheets/d/16J5ie7OD1E99qGO9lMDm8w5Yls-v190B7DTolJ5TmFc/edit#gid=0"",""'Game 9'!$B$2:$Q$31""),30,False)"),23.0) -> 23 | I61: 23 | J61: =IFERROR(__xludf.DUMMYFUNCTION("IFERROR(HLOOKUP($A61,IMPORTRANGE(""https://docs.google.com/spreadsheets/d/1CTYfdyRk_RFGM3I2iN9bKeD9zUPzEm1ajzml6VgwfIU/edit#gid=0"",""'Game 12'!$B$2:$Q$31""),30,False),0)"),23.0) -> 23 | K61: =IFERROR(__xludf.DUMMYFUNCTION("IFERROR(HLOOKUP($A61,IMPORTRANGE(""https://docs.google.com/spreadsheets/d/11NFkzOdQyW-OtxSDuGslNCgNjx7HUb2FU7KnlNnPMgY/edit#gid=0"",""'Game 9'!$B$2:$Q$31""),30,False),0)"),23.0) -> 23 | L61: =IFERROR(__xludf.DUMMYFUNCTION("IFERROR(HLOOKUP($A61,IMPORTRANGE(""https://docs.google.com/spreadsheets/d/1CLg5-jaE4ta0-u4oE1qbBplQ5Mf3Oj9ONFgL0zJ7Ol4/edit#gid=0"",""'Game 12'!$B$2:$Q$31""),30,False),1)"),23.0) -> 23 | M61: =IFERROR(__xludf.DUMMYFUNCTION("IFERROR(HLOOKUP($A61,IMPORTRANGE(""https://docs.google.com/spreadsheets/d/1CeexgK4KxWj3k_7nql_k8-RPxXMwTJyB4Q3vAASeDlA/edit#gid=0"",""'Game 12'!$B$2:$Q$31""),30,False),1)"),23.0) -> 23 | N61: =IFERROR(__xludf.DUMMYFUNCTION("IFERROR(HLOOKUP($A61,IMPORTRANGE(""https://docs.google.com/spreadsheets/d/1MNwUNMjcwK6bEgCXwB73jpbK5gJAXS8ZMpbEMLJEP3E/edit#gid=0"",""'Game 13'!$B$2:$Q$31""),30,False),1)"),23.0) -> 23 | O61: =IFERROR(__xludf.DUMMYFUNCTION("IFERROR(HLOOKUP($A61,IMPORTRANGE(""https://docs.google.com/spreadsheets/d/1UrzyxmT40kDZwVrLMf1yyXfP-pyczRAw9Y8Rw-uXG3c/edit#gid=0"",""'Game 5'!$B$2:$Q$31""),30,False),1)"),23.0) -> 23 | P61: =IFERROR(__xludf.DUMMYFUNCTION("IFERROR(HLOOKUP($A61,IMPORTRANGE(""https://docs.google.com/spreadsheets/d/1iyMhSYWifw-KGFtyeBpNxVZr4BhcV9hVZuShgJ9Ia0E/edit#gid=0"",""'Game 7'!$B$2:$Q$31""),30,False),1)"),23.0) -> 23 | Q61: =IFERROR(__xludf.DUMMYFUNCTION("IFERROR(HLOOKUP($A61,IMPORTRANGE(""https://docs.google.com/spreadsheets/d/1sSbIK-vvHsSY0LghLJ9gcnW8Hec_ITI2tFmpeqI999A/edit#gid=0"",""'Game 12'!$B$2:$Q$31""),30,False),1)"),23.0) -> 23 | R61: =SUM(C61:Q61) -> 322
A62: Ming | B62: Los Alamos B | C62: 0 | D62: 23 | E62: 0 | F62: 23 | G62: 11 | H62: =IFERROR(__xludf.DUMMYFUNCTION("HLOOKUP($A62,IMPORTRANGE(""https://docs.google.com/spreadsheets/d/16J5ie7OD1E99qGO9lMDm8w5Yls-v190B7DTolJ5TmFc/edit#gid=0"",""'Game 9'!$B$2:$Q$31""),30,False)"),23.0) -> 23 | I62: 23 | J62: =IFERROR(__xludf.DUMMYFUNCTION("IFERROR(HLOOKUP($A62,IMPORTRANGE(""https://docs.google.com/spreadsheets/d/1CTYfdyRk_RFGM3I2iN9bKeD9zUPzEm1ajzml6VgwfIU/edit#gid=0"",""'Game 12'!$B$2:$Q$31""),30,False),0)"),0.0) -> 0 | K62: =IFERROR(__xludf.DUMMYFUNCTION("IFERROR(HLOOKUP($A62,IMPORTRANGE(""https://docs.google.com/spreadsheets/d/11NFkzOdQyW-OtxSDuGslNCgNjx7HUb2FU7KnlNnPMgY/edit#gid=0"",""'Game 9'!$B$2:$Q$31""),30,False),0)"),23.0) -> 23 | L62: =IFERROR(__xludf.DUMMYFUNCTION("IFERROR(HLOOKUP($A62,IMPORTRANGE(""https://docs.google.com/spreadsheets/d/1CLg5-jaE4ta0-u4oE1qbBplQ5Mf3Oj9ONFgL0zJ7Ol4/edit#gid=0"",""'Game 12'!$B$2:$Q$31""),30,False),1)"),0.0) -> 0 | M62: =IFERROR(__xludf.DUMMYFUNCTION("IFERROR(HLOOKUP($A62,IMPORTRANGE(""https://docs.google.com/spreadsheets/d/1CeexgK4KxWj3k_7nql_k8-RPxXMwTJyB4Q3vAASeDlA/edit#gid=0"",""'Game 12'!$B$2:$Q$31""),30,False),1)"),0.0) -> 0 | N62: =IFERROR(__xludf.DUMMYFUNCTION("IFERROR(HLOOKUP($A62,IMPORTRANGE(""https://docs.google.com/spreadsheets/d/1MNwUNMjcwK6bEgCXwB73jpbK5gJAXS8ZMpbEMLJEP3E/edit#gid=0"",""'Game 13'!$B$2:$Q$31""),30,False),1)"),0.0) -> 0 | O62: =IFERROR(__xludf.DUMMYFUNCTION("IFERROR(HLOOKUP($A62,IMPORTRANGE(""https://docs.google.com/spreadsheets/d/1UrzyxmT40kDZwVrLMf1yyXfP-pyczRAw9Y8Rw-uXG3c/edit#gid=0"",""'Game 5'!$B$2:$Q$31""),30,False),1)"),23.0) -> 23 | P62: =IFERROR(__xludf.DUMMYFUNCTION("IFERROR(HLOOKUP($A62,IMPORTRANGE(""https://docs.google.com/spreadsheets/d/1iyMhSYWifw-KGFtyeBpNxVZr4BhcV9hVZuShgJ9Ia0E/edit#gid=0"",""'Game 7'!$B$2:$Q$31""),30,False),1)"),0.0) -> 0 | Q62: =IFERROR(__xludf.DUMMYFUNCTION("IFERROR(HLOOKUP($A62,IMPORTRANGE(""https://docs.google.com/spreadsheets/d/1sSbIK-vvHsSY0LghLJ9gcnW8Hec_ITI2tFmpeqI999A/edit#gid=0"",""'Game 12'!$B$2:$Q$31""),30,False),1)"),23.0) -> 23 | R62: =SUM(C62:Q62) -> 172
A63: Minty | B63: Los Alamos B | C63: 23 | D63: 23 | E63: 23 | F63: 23 | G63: 23 | H63: =IFERROR(__xludf.DUMMYFUNCTION("HLOOKUP($A63,IMPORTRANGE(""https://docs.google.com/spreadsheets/d/16J5ie7OD1E99qGO9lMDm8w5Yls-v190B7DTolJ5TmFc/edit#gid=0"",""'Game 9'!$B$2:$Q$31""),30,False)"),23.0) -> 23 | I63: 23 | J63: =IFERROR(__xludf.DUMMYFUNCTION("IFERROR(HLOOKUP($A63,IMPORTRANGE(""https://docs.google.com/spreadsheets/d/1CTYfdyRk_RFGM3I2iN9bKeD9zUPzEm1ajzml6VgwfIU/edit#gid=0"",""'Game 12'!$B$2:$Q$31""),30,False),0)"),23.0) -> 23 | K63: =IFERROR(__xludf.DUMMYFUNCTION("IFERROR(HLOOKUP($A63,IMPORTRANGE(""https://docs.google.com/spreadsheets/d/11NFkzOdQyW-OtxSDuGslNCgNjx7HUb2FU7KnlNnPMgY/edit#gid=0"",""'Game 9'!$B$2:$Q$31""),30,False),0)"),23.0) -> 23 | L63: =IFERROR(__xludf.DUMMYFUNCTION("IFERROR(HLOOKUP($A63,IMPORTRANGE(""https://docs.google.com/spreadsheets/d/1CLg5-jaE4ta0-u4oE1qbBplQ5Mf3Oj9ONFgL0zJ7Ol4/edit#gid=0"",""'Game 12'!$B$2:$Q$31""),30,False),1)"),23.0) -> 23 | M63: =IFERROR(__xludf.DUMMYFUNCTION("IFERROR(HLOOKUP($A63,IMPORTRANGE(""https://docs.google.com/spreadsheets/d/1CeexgK4KxWj3k_7nql_k8-RPxXMwTJyB4Q3vAASeDlA/edit#gid=0"",""'Game 12'!$B$2:$Q$31""),30,False),1)"),23.0) -> 23 | N63: =IFERROR(__xludf.DUMMYFUNCTION("IFERROR(HLOOKUP($A63,IMPORTRANGE(""https://docs.google.com/spreadsheets/d/1MNwUNMjcwK6bEgCXwB73jpbK5gJAXS8ZMpbEMLJEP3E/edit#gid=0"",""'Game 13'!$B$2:$Q$31""),30,False),1)"),23.0) -> 23 | O63: =IFERROR(__xludf.DUMMYFUNCTION("IFERROR(HLOOKUP($A63,IMPORTRANGE(""https://docs.google.com/spreadsheets/d/1UrzyxmT40kDZwVrLMf1yyXfP-pyczRAw9Y8Rw-uXG3c/edit#gid=0"",""'Game 5'!$B$2:$Q$31""),30,False),1)"),23.0) -> 23 | P63: =IFERROR(__xludf.DUMMYFUNCTION("IFERROR(HLOOKUP($A63,IMPORTRANGE(""https://docs.google.com/spreadsheets/d/1iyMhSYWifw-KGFtyeBpNxVZr4BhcV9hVZuShgJ9Ia0E/edit#gid=0"",""'Game 7'!$B$2:$Q$31""),30,False),1)"),23.0) -> 23 | Q63: =IFERROR(__xludf.DUMMYFUNCTION("IFERROR(HLOOKUP($A63,IMPORTRANGE(""https://docs.google.com/spreadsheets/d/1sSbIK-vvHsSY0LghLJ9gcnW8Hec_ITI2tFmpeqI999A/edit#gid=0"",""'Game 12'!$B$2:$Q$31""),30,False),1)"),23.0) -> 23 | R63: =SUM(C63:Q63) -> 345
A64: Quinton | B64: Los Alamos B | C64: 23 | D64: 23 | E64: 23 | F64: 23 | G64: 23 | H64: =IFERROR(__xludf.DUMMYFUNCTION("HLOOKUP($A64,IMPORTRANGE(""https://docs.google.com/spreadsheets/d/16J5ie7OD1E99qGO9lMDm8w5Yls-v190B7DTolJ5TmFc/edit#gid=0"",""'Game 9'!$B$2:$Q$31""),30,False)"),23.0) -> 23 | I64: 23 | J64: =IFERROR(__xludf.DUMMYFUNCTION("IFERROR(HLOOKUP($A64,IMPORTRANGE(""https://docs.google.com/spreadsheets/d/1CTYfdyRk_RFGM3I2iN9bKeD9zUPzEm1ajzml6VgwfIU/edit#gid=0"",""'Game 12'!$B$2:$Q$31""),30,False),0)"),23.0) -> 23 | K64: =IFERROR(__xludf.DUMMYFUNCTION("IFERROR(HLOOKUP($A64,IMPORTRANGE(""https://docs.google.com/spreadsheets/d/11NFkzOdQyW-OtxSDuGslNCgNjx7HUb2FU7KnlNnPMgY/edit#gid=0"",""'Game 9'!$B$2:$Q$31""),30,False),0)"),23.0) -> 23 | L64: =IFERROR(__xludf.DUMMYFUNCTION("IFERROR(HLOOKUP($A64,IMPORTRANGE(""https://docs.google.com/spreadsheets/d/1CLg5-jaE4ta0-u4oE1qbBplQ5Mf3Oj9ONFgL0zJ7Ol4/edit#gid=0"",""'Game 12'!$B$2:$Q$31""),30,False),1)"),23.0) -> 23 | M64: =IFERROR(__xludf.DUMMYFUNCTION("IFERROR(HLOOKUP($A64,IMPORTRANGE(""https://docs.google.com/spreadsheets/d/1CeexgK4KxWj3k_7nql_k8-RPxXMwTJyB4Q3vAASeDlA/edit#gid=0"",""'Game 12'!$B$2:$Q$31""),30,False),1)"),23.0) -> 23 | N64: =IFERROR(__xludf.DUMMYFUNCTION("IFERROR(HLOOKUP($A64,IMPORTRANGE(""https://docs.google.com/spreadsheets/d/1MNwUNMjcwK6bEgCXwB73jpbK5gJAXS8ZMpbEMLJEP3E/edit#gid=0"",""'Game 13'!$B$2:$Q$31""),30,False),1)"),23.0) -> 23 | O64: =IFERROR(__xludf.DUMMYFUNCTION("IFERROR(HLOOKUP($A64,IMPORTRANGE(""https://docs.google.com/spreadsheets/d/1UrzyxmT40kDZwVrLMf1yyXfP-pyczRAw9Y8Rw-uXG3c/edit#gid=0"",""'Game 5'!$B$2:$Q$31""),30,False),1)"),23.0) -> 23 | P64: =IFERROR(__xludf.DUMMYFUNCTION("IFERROR(HLOOKUP($A64,IMPORTRANGE(""https://docs.google.com/spreadsheets/d/1iyMhSYWifw-KGFtyeBpNxVZr4BhcV9hVZuShgJ9Ia0E/edit#gid=0"",""'Game 7'!$B$2:$Q$31""),30,False),1)"),23.0) -> 23 | Q64: =IFERROR(__xludf.DUMMYFUNCTION("IFERROR(HLOOKUP($A64,IMPORTRANGE(""https://docs.google.com/spreadsheets/d/1sSbIK-vvHsSY0LghLJ9gcnW8Hec_ITI2tFmpeqI999A/edit#gid=0"",""'Game 12'!$B$2:$Q$31""),30,False),1)"),0.0) -> 0 | R64: =SUM(C64:Q64) -> 322
A65: Adi | B65: Martin Luther King Jr | C65: 23 | D65: 23 | E65: 0 | F65: 23 | G65: 23 | H65: =IFERROR(__xludf.DUMMYFUNCTION("HLOOKUP($A65,IMPORTRANGE(""https://docs.google.com/spreadsheets/d/16J5ie7OD1E99qGO9lMDm8w5Yls-v190B7DTolJ5TmFc/edit#gid=0"",""'Game 9'!$B$2:$Q$31""),30,False)"),23.0) -> 23 | I65: 23 | J65: =IFERROR(__xludf.DUMMYFUNCTION("IFERROR(HLOOKUP($A65,IMPORTRANGE(""https://docs.google.com/spreadsheets/d/1CTYfdyRk_RFGM3I2iN9bKeD9zUPzEm1ajzml6VgwfIU/edit#gid=0"",""'Game 6'!$B$2:$Q$31""),30,False),0)"),23.0) -> 23 | K65: =IFERROR(__xludf.DUMMYFUNCTION("IFERROR(HLOOKUP($A65,IMPORTRANGE(""https://docs.google.com/spreadsheets/d/11NFkzOdQyW-OtxSDuGslNCgNjx7HUb2FU7KnlNnPMgY/edit#gid=0"",""'Game 1'!$B$2:$Q$31""),30,False),0)"),23.0) -> 23 | L65: =IFERROR(__xludf.DUMMYFUNCTION("IFERROR(HLOOKUP($A65,IMPORTRANGE(""https://docs.google.com/spreadsheets/d/1CLg5-jaE4ta0-u4oE1qbBplQ5Mf3Oj9ONFgL0zJ7Ol4/edit#gid=0"",""'Game 8'!$B$2:$Q$31""),30,False),1)"),23.0) -> 23 | M65: =IFERROR(__xludf.DUMMYFUNCTION("IFERROR(HLOOKUP($A65,IMPORTRANGE(""https://docs.google.com/spreadsheets/d/1CeexgK4KxWj3k_7nql_k8-RPxXMwTJyB4Q3vAASeDlA/edit#gid=0"",""'Game 3'!$B$2:$Q$31""),30,False),1)"),23.0) -> 23 | N65: =IFERROR(__xludf.DUMMYFUNCTION("IFERROR(HLOOKUP($A65,IMPORTRANGE(""https://docs.google.com/spreadsheets/d/1MNwUNMjcwK6bEgCXwB73jpbK5gJAXS8ZMpbEMLJEP3E/edit#gid=0"",""'Game 2'!$B$2:$Q$31""),30,False),1)"),23.0) -> 23 | O65: =IFERROR(__xludf.DUMMYFUNCTION("IFERROR(HLOOKUP($A65,IMPORTRANGE(""https://docs.google.com/spreadsheets/d/1UrzyxmT40kDZwVrLMf1yyXfP-pyczRAw9Y8Rw-uXG3c/edit#gid=0"",""'Game 7'!$B$2:$Q$31""),30,False),1)"),23.0) -> 23 | P65: =IFERROR(__xludf.DUMMYFUNCTION("IFERROR(HLOOKUP($A65,IMPORTRANGE(""https://docs.google.com/spreadsheets/d/1iyMhSYWifw-KGFtyeBpNxVZr4BhcV9hVZuShgJ9Ia0E/edit#gid=0"",""'Game 8'!$B$2:$Q$31""),30,False),1)"),23.0) -> 23 | Q65: =IFERROR(__xludf.DUMMYFUNCTION("IFERROR(HLOOKUP($A65,IMPORTRANGE(""https://docs.google.com/spreadsheets/d/1sSbIK-vvHsSY0LghLJ9gcnW8Hec_ITI2tFmpeqI999A/edit#gid=0"",""'Game 6'!$B$2:$Q$31""),30,False),1)"),23.0) -> 23 | R65: =SUM(C65:Q65) -> 322
A66: Curtis | B66: Martin Luther King Jr | C66: 23 | D66: 0 | E66: 23 | F66: 23 | G66: 23 | H66: =IFERROR(__xludf.DUMMYFUNCTION("HLOOKUP($A66,IMPORTRANGE(""https://docs.google.com/spreadsheets/d/16J5ie7OD1E99qGO9lMDm8w5Yls-v190B7DTolJ5TmFc/edit#gid=0"",""'Game 9'!$B$2:$Q$31""),30,False)"),0.0) -> 0 | I66: 23 | J66: =IFERROR(__xludf.DUMMYFUNCTION("IFERROR(HLOOKUP($A66,IMPORTRANGE(""https://docs.google.com/spreadsheets/d/1CTYfdyRk_RFGM3I2iN9bKeD9zUPzEm1ajzml6VgwfIU/edit#gid=0"",""'Game 6'!$B$2:$Q$31""),30,False),0)"),23.0) -> 23 | K66: =IFERROR(__xludf.DUMMYFUNCTION("IFERROR(HLOOKUP($A66,IMPORTRANGE(""https://docs.google.com/spreadsheets/d/11NFkzOdQyW-OtxSDuGslNCgNjx7HUb2FU7KnlNnPMgY/edit#gid=0"",""'Game 1'!$B$2:$Q$31""),30,False),0)"),0.0) -> 0 | L66: =IFERROR(__xludf.DUMMYFUNCTION("IFERROR(HLOOKUP($A66,IMPORTRANGE(""https://docs.google.com/spreadsheets/d/1CLg5-jaE4ta0-u4oE1qbBplQ5Mf3Oj9ONFgL0zJ7Ol4/edit#gid=0"",""'Game 8'!$B$2:$Q$31""),30,False),1)"),23.0) -> 23 | M66: =IFERROR(__xludf.DUMMYFUNCTION("IFERROR(HLOOKUP($A66,IMPORTRANGE(""https://docs.google.com/spreadsheets/d/1CeexgK4KxWj3k_7nql_k8-RPxXMwTJyB4Q3vAASeDlA/edit#gid=0"",""'Game 3'!$B$2:$Q$31""),30,False),1)"),0.0) -> 0 | N66: =IFERROR(__xludf.DUMMYFUNCTION("IFERROR(HLOOKUP($A66,IMPORTRANGE(""https://docs.google.com/spreadsheets/d/1MNwUNMjcwK6bEgCXwB73jpbK5gJAXS8ZMpbEMLJEP3E/edit#gid=0"",""'Game 2'!$B$2:$Q$31""),30,False),1)"),23.0) -> 23 | O66: =IFERROR(__xludf.DUMMYFUNCTION("IFERROR(HLOOKUP($A66,IMPORTRANGE(""https://docs.google.com/spreadsheets/d/1UrzyxmT40kDZwVrLMf1yyXfP-pyczRAw9Y8Rw-uXG3c/edit#gid=0"",""'Game 7'!$B$2:$Q$31""),30,False),1)"),0.0) -> 0 | P66: =IFERROR(__xludf.DUMMYFUNCTION("IFERROR(HLOOKUP($A66,IMPORTRANGE(""https://docs.google.com/spreadsheets/d/1iyMhSYWifw-KGFtyeBpNxVZr4BhcV9hVZuShgJ9Ia0E/edit#gid=0"",""'Game 8'!$B$2:$Q$31""),30,False),1)"),12.0) -> 12 | Q66: =IFERROR(__xludf.DUMMYFUNCTION("IFERROR(HLOOKUP($A66,IMPORTRANGE(""https://docs.google.com/spreadsheets/d/1sSbIK-vvHsSY0LghLJ9gcnW8Hec_ITI2tFmpeqI999A/edit#gid=0"",""'Game 6'!$B$2:$Q$31""),30,False),1)"),0.0) -> 0 | R66: =SUM(C66:Q66) -> 196
A67: Eric B | B67: Martin Luther King Jr | C67: 23 | D67: 23 | E67: 23 | F67: 0 | G67: 23 | H67: =IFERROR(__xludf.DUMMYFUNCTION("HLOOKUP($A67,IMPORTRANGE(""https://docs.google.com/spreadsheets/d/16J5ie7OD1E99qGO9lMDm8w5Yls-v190B7DTolJ5TmFc/edit#gid=0"",""'Game 9'!$B$2:$Q$31""),30,False)"),23.0) -> 23 | I67: 23 | J67: =IFERROR(__xludf.DUMMYFUNCTION("IFERROR(HLOOKUP($A67,IMPORTRANGE(""https://docs.google.com/spreadsheets/d/1CTYfdyRk_RFGM3I2iN9bKeD9zUPzEm1ajzml6VgwfIU/edit#gid=0"",""'Game 6'!$B$2:$Q$31""),30,False),0)"),0.0) -> 0 | K67: =IFERROR(__xludf.DUMMYFUNCTION("IFERROR(HLOOKUP($A67,IMPORTRANGE(""https://docs.google.com/spreadsheets/d/11NFkzOdQyW-OtxSDuGslNCgNjx7HUb2FU7KnlNnPMgY/edit#gid=0"",""'Game 1'!$B$2:$Q$31""),30,False),0)"),23.0) -> 23 | L67: =IFERROR(__xludf.DUMMYFUNCTION("IFERROR(HLOOKUP($A67,IMPORTRANGE(""https://docs.google.com/spreadsheets/d/1CLg5-jaE4ta0-u4oE1qbBplQ5Mf3Oj9ONFgL0zJ7Ol4/edit#gid=0"",""'Game 8'!$B$2:$Q$31""),30,False),1)"),23.0) -> 23 | M67: =IFERROR(__xludf.DUMMYFUNCTION("IFERROR(HLOOKUP($A67,IMPORTRANGE(""https://docs.google.com/spreadsheets/d/1CeexgK4KxWj3k_7nql_k8-RPxXMwTJyB4Q3vAASeDlA/edit#gid=0"",""'Game 3'!$B$2:$Q$31""),30,False),1)"),23.0) -> 23 | N67: =IFERROR(__xludf.DUMMYFUNCTION("IFERROR(HLOOKUP($A67,IMPORTRANGE(""https://docs.google.com/spreadsheets/d/1MNwUNMjcwK6bEgCXwB73jpbK5gJAXS8ZMpbEMLJEP3E/edit#gid=0"",""'Game 2'!$B$2:$Q$31""),30,False),1)"),23.0) -> 23 | O67: =IFERROR(__xludf.DUMMYFUNCTION("IFERROR(HLOOKUP($A67,IMPORTRANGE(""https://docs.google.com/spreadsheets/d/1UrzyxmT40kDZwVrLMf1yyXfP-pyczRAw9Y8Rw-uXG3c/edit#gid=0"",""'Game 7'!$B$2:$Q$31""),30,False),1)"),23.0) -> 23 | P67: =IFERROR(__xludf.DUMMYFUNCTION("IFERROR(HLOOKUP($A67,IMPORTRANGE(""https://docs.google.com/spreadsheets/d/1iyMhSYWifw-KGFtyeBpNxVZr4BhcV9hVZuShgJ9Ia0E/edit#gid=0"",""'Game 8'!$B$2:$Q$31""),30,False),1)"),23.0) -> 23 | Q67: =IFERROR(__xludf.DUMMYFUNCTION("IFERROR(HLOOKUP($A67,IMPORTRANGE(""https://docs.google.com/spreadsheets/d/1sSbIK-vvHsSY0LghLJ9gcnW8Hec_ITI2tFmpeqI999A/edit#gid=0"",""'Game 6'!$B$2:$Q$31""),30,False),1)"),23.0) -> 23 | R67: =SUM(C67:Q67) -> 299
A68: Gary | B68: Martin Luther King Jr | C68: 11 | D68: 23 | E68: 23 | F68: 23 | G68: 23 | H68: =IFERROR(__xludf.DUMMYFUNCTION("HLOOKUP($A68,IMPORTRANGE(""https://docs.google.com/spreadsheets/d/16J5ie7OD1E99qGO9lMDm8w5Yls-v190B7DTolJ5TmFc/edit#gid=0"",""'Game 9'!$B$2:$Q$31""),30,False)"),23.0) -> 23 | I68: 0 | J68: =IFERROR(__xludf.DUMMYFUNCTION("IFERROR(HLOOKUP($A68,IMPORTRANGE(""https://docs.google.com/spreadsheets/d/1CTYfdyRk_RFGM3I2iN9bKeD9zUPzEm1ajzml6VgwfIU/edit#gid=0"",""'Game 6'!$B$2:$Q$31""),30,False),0)"),23.0) -> 23 | K68: =IFERROR(__xludf.DUMMYFUNCTION("IFERROR(HLOOKUP($A68,IMPORTRANGE(""https://docs.google.com/spreadsheets/d/11NFkzOdQyW-OtxSDuGslNCgNjx7HUb2FU7KnlNnPMgY/edit#gid=0"",""'Game 1'!$B$2:$Q$31""),30,False),0)"),23.0) -> 23 | L68: =IFERROR(__xludf.DUMMYFUNCTION("IFERROR(HLOOKUP($A68,IMPORTRANGE(""https://docs.google.com/spreadsheets/d/1CLg5-jaE4ta0-u4oE1qbBplQ5Mf3Oj9ONFgL0zJ7Ol4/edit#gid=0"",""'Game 8'!$B$2:$Q$31""),30,False),1)"),23.0) -> 23 | M68: =IFERROR(__xludf.DUMMYFUNCTION("IFERROR(HLOOKUP($A68,IMPORTRANGE(""https://docs.google.com/spreadsheets/d/1CeexgK4KxWj3k_7nql_k8-RPxXMwTJyB4Q3vAASeDlA/edit#gid=0"",""'Game 3'!$B$2:$Q$31""),30,False),1)"),23.0) -> 23 | N68: =IFERROR(__xludf.DUMMYFUNCTION("IFERROR(HLOOKUP($A68,IMPORTRANGE(""https://docs.google.com/spreadsheets/d/1MNwUNMjcwK6bEgCXwB73jpbK5gJAXS8ZMpbEMLJEP3E/edit#gid=0"",""'Game 2'!$B$2:$Q$31""),30,False),1)"),23.0) -> 23 | O68: =IFERROR(__xludf.DUMMYFUNCTION("IFERROR(HLOOKUP($A68,IMPORTRANGE(""https://docs.google.com/spreadsheets/d/1UrzyxmT40kDZwVrLMf1yyXfP-pyczRAw9Y8Rw-uXG3c/edit#gid=0"",""'Game 7'!$B$2:$Q$31""),30,False),1)"),23.0) -> 23 | P68: =IFERROR(__xludf.DUMMYFUNCTION("IFERROR(HLOOKUP($A68,IMPORTRANGE(""https://docs.google.com/spreadsheets/d/1iyMhSYWifw-KGFtyeBpNxVZr4BhcV9hVZuShgJ9Ia0E/edit#gid=0"",""'Game 8'!$B$2:$Q$31""),30,False),1)"),23.0) -> 23 | Q68: =IFERROR(__xludf.DUMMYFUNCTION("IFERROR(HLOOKUP($A68,IMPORTRANGE(""https://docs.google.com/spreadsheets/d/1sSbIK-vvHsSY0LghLJ9gcnW8Hec_ITI2tFmpeqI999A/edit#gid=0"",""'Game 6'!$B$2:$Q$31""),30,False),1)"),23.0) -> 23 | R68: =SUM(C68:Q68) -> 310
A69: Rami | B69: Martin Luther King Jr | C69: 12 | D69: 23 | E69: 23 | F69: 23 | G69: 0 | H69: =IFERROR(__xludf.DUMMYFUNCTION("HLOOKUP($A69,IMPORTRANGE(""https://docs.google.com/spreadsheets/d/16J5ie7OD1E99qGO9lMDm8w5Yls-v190B7DTolJ5TmFc/edit#gid=0"",""'Game 9'!$B$2:$Q$31""),30,False)"),23.0) -> 23 | I69: 23 | J69: =IFERROR(__xludf.DUMMYFUNCTION("IFERROR(HLOOKUP($A69,IMPORTRANGE(""https://docs.google.com/spreadsheets/d/1CTYfdyRk_RFGM3I2iN9bKeD9zUPzEm1ajzml6VgwfIU/edit#gid=0"",""'Game 6'!$B$2:$Q$31""),30,False),0)"),23.0) -> 23 | K69: =IFERROR(__xludf.DUMMYFUNCTION("IFERROR(HLOOKUP($A69,IMPORTRANGE(""https://docs.google.com/spreadsheets/d/11NFkzOdQyW-OtxSDuGslNCgNjx7HUb2FU7KnlNnPMgY/edit#gid=0"",""'Game 1'!$B$2:$Q$31""),30,False),0)"),23.0) -> 23 | L69: =IFERROR(__xludf.DUMMYFUNCTION("IFERROR(HLOOKUP($A69,IMPORTRANGE(""https://docs.google.com/spreadsheets/d/1CLg5-jaE4ta0-u4oE1qbBplQ5Mf3Oj9ONFgL0zJ7Ol4/edit#gid=0"",""'Game 8'!$B$2:$Q$31""),30,False),1)"),0.0) -> 0 | M69: =IFERROR(__xludf.DUMMYFUNCTION("IFERROR(HLOOKUP($A69,IMPORTRANGE(""https://docs.google.com/spreadsheets/d/1CeexgK4KxWj3k_7nql_k8-RPxXMwTJyB4Q3vAASeDlA/edit#gid=0"",""'Game 3'!$B$2:$Q$31""),30,False),1)"),23.0) -> 23 | N69: =IFERROR(__xludf.DUMMYFUNCTION("IFERROR(HLOOKUP($A69,IMPORTRANGE(""https://docs.google.com/spreadsheets/d/1MNwUNMjcwK6bEgCXwB73jpbK5gJAXS8ZMpbEMLJEP3E/edit#gid=0"",""'Game 2'!$B$2:$Q$31""),30,False),1)"),0.0) -> 0 | O69: =IFERROR(__xludf.DUMMYFUNCTION("IFERROR(HLOOKUP($A69,IMPORTRANGE(""https://docs.google.com/spreadsheets/d/1UrzyxmT40kDZwVrLMf1yyXfP-pyczRAw9Y8Rw-uXG3c/edit#gid=0"",""'Game 7'!$B$2:$Q$31""),30,False),1)"),23.0) -> 23 | P69: =IFERROR(__xludf.DUMMYFUNCTION("IFERROR(HLOOKUP($A69,IMPORTRANGE(""https://docs.google.com/spreadsheets/d/1iyMhSYWifw-KGFtyeBpNxVZr4BhcV9hVZuShgJ9Ia0E/edit#gid=0"",""'Game 8'!$B$2:$Q$31""),30,False),1)"),11.0) -> 11 | Q69: =IFERROR(__xludf.DUMMYFUNCTION("IFERROR(HLOOKUP($A69,IMPORTRANGE(""https://docs.google.com/spreadsheets/d/1sSbIK-vvHsSY0LghLJ9gcnW8Hec_ITI2tFmpeqI999A/edit#gid=0"",""'Game 6'!$B$2:$Q$31""),30,False),1)"),23.0) -> 23 | R69: =SUM(C69:Q69) -> 253
A70: Aarush | B70: Middletong B | C70: 23 | D70: 23 | E70: 23 | F70: 23 | G70: 23 | H70: =IFERROR(__xludf.DUMMYFUNCTION("HLOOKUP($A70,IMPORTRANGE(""https://docs.google.com/spreadsheets/d/16J5ie7OD1E99qGO9lMDm8w5Yls-v190B7DTolJ5TmFc/edit#gid=0"",""'Game 10'!$B$2:$Q$31""),30,False)"),23.0) -> 23 | I70: 0 | J70: =IFERROR(__xludf.DUMMYFUNCTION("IFERROR(HLOOKUP($A70,IMPORTRANGE(""https://docs.google.com/spreadsheets/d/1CTYfdyRk_RFGM3I2iN9bKeD9zUPzEm1ajzml6VgwfIU/edit#gid=0"",""'Game 10'!$B$2:$Q$31""),30,False),0)"),23.0) -> 23 | K70: =IFERROR(__xludf.DUMMYFUNCTION("IFERROR(HLOOKUP($A70,IMPORTRANGE(""https://docs.google.com/spreadsheets/d/11NFkzOdQyW-OtxSDuGslNCgNjx7HUb2FU7KnlNnPMgY/edit#gid=0"",""'Game 8'!$B$2:$Q$31""),30,False),0)"),0.0) -> 0 | L70: =IFERROR(__xludf.DUMMYFUNCTION("IFERROR(HLOOKUP($A70,IMPORTRANGE(""https://docs.google.com/spreadsheets/d/1CLg5-jaE4ta0-u4oE1qbBplQ5Mf3Oj9ONFgL0zJ7Ol4/edit#gid=0"",""'Game 12'!$B$2:$Q$31""),30,False),1)"),23.0) -> 23 | M70: =IFERROR(__xludf.DUMMYFUNCTION("IFERROR(HLOOKUP($A70,IMPORTRANGE(""https://docs.google.com/spreadsheets/d/1CeexgK4KxWj3k_7nql_k8-RPxXMwTJyB4Q3vAASeDlA/edit#gid=0"",""'Game 11'!$B$2:$Q$31""),30,False),1)"),0.0) -> 0 | N70: =IFERROR(__xludf.DUMMYFUNCTION("IFERROR(HLOOKUP($A70,IMPORTRANGE(""https://docs.google.com/spreadsheets/d/1MNwUNMjcwK6bEgCXwB73jpbK5gJAXS8ZMpbEMLJEP3E/edit#gid=0"",""'Game 6'!$B$2:$Q$31""),30,False),1)"),23.0) -> 23 | O70: =IFERROR(__xludf.DUMMYFUNCTION("IFERROR(HLOOKUP($A70,IMPORTRANGE(""https://docs.google.com/spreadsheets/d/1UrzyxmT40kDZwVrLMf1yyXfP-pyczRAw9Y8Rw-uXG3c/edit#gid=0"",""'Game 11'!$B$2:$Q$31""),30,False),1)"),23.0) -> 23 | P70: =IFERROR(__xludf.DUMMYFUNCTION("IFERROR(HLOOKUP($A70,IMPORTRANGE(""https://docs.google.com/spreadsheets/d/1iyMhSYWifw-KGFtyeBpNxVZr4BhcV9hVZuShgJ9Ia0E/edit#gid=0"",""'Game 12'!$B$2:$Q$31""),30,False),1)"),0.0) -> 0 | Q70: =IFERROR(__xludf.DUMMYFUNCTION("IFERROR(HLOOKUP($A70,IMPORTRANGE(""https://docs.google.com/spreadsheets/d/1sSbIK-vvHsSY0LghLJ9gcnW8Hec_ITI2tFmpeqI999A/edit#gid=0"",""'Game 10'!$B$2:$Q$31""),30,False),1)"),23.0) -> 23 | R70: =SUM(C70:Q70) -> 253
A71: Aishani | B71: Middletong B | C71: 23 | D71: 23 | E71: 23 | F71: 0 | G71: 23 | H71: =IFERROR(__xludf.DUMMYFUNCTION("HLOOKUP($A71,IMPORTRANGE(""https://docs.google.com/spreadsheets/d/16J5ie7OD1E99qGO9lMDm8w5Yls-v190B7DTolJ5TmFc/edit#gid=0"",""'Game 10'!$B$2:$Q$31""),30,False)"),23.0) -> 23 | I71: 23 | J71: =IFERROR(__xludf.DUMMYFUNCTION("IFERROR(HLOOKUP($A71,IMPORTRANGE(""https://docs.google.com/spreadsheets/d/1CTYfdyRk_RFGM3I2iN9bKeD9zUPzEm1ajzml6VgwfIU/edit#gid=0"",""'Game 10'!$B$2:$Q$31""),30,False),0)"),23.0) -> 23 | K71: =IFERROR(__xludf.DUMMYFUNCTION("IFERROR(HLOOKUP($A71,IMPORTRANGE(""https://docs.google.com/spreadsheets/d/11NFkzOdQyW-OtxSDuGslNCgNjx7HUb2FU7KnlNnPMgY/edit#gid=0"",""'Game 8'!$B$2:$Q$31""),30,False),0)"),23.0) -> 23 | L71: =IFERROR(__xludf.DUMMYFUNCTION("IFERROR(HLOOKUP($A71,IMPORTRANGE(""https://docs.google.com/spreadsheets/d/1CLg5-jaE4ta0-u4oE1qbBplQ5Mf3Oj9ONFgL0zJ7Ol4/edit#gid=0"",""'Game 12'!$B$2:$Q$31""),30,False),1)"),23.0) -> 23 | M71: =IFERROR(__xludf.DUMMYFUNCTION("IFERROR(HLOOKUP($A71,IMPORTRANGE(""https://docs.google.com/spreadsheets/d/1CeexgK4KxWj3k_7nql_k8-RPxXMwTJyB4Q3vAASeDlA/edit#gid=0"",""'Game 11'!$B$2:$Q$31""),30,False),1)"),23.0) -> 23 | N71: =IFERROR(__xludf.DUMMYFUNCTION("IFERROR(HLOOKUP($A71,IMPORTRANGE(""https://docs.google.com/spreadsheets/d/1MNwUNMjcwK6bEgCXwB73jpbK5gJAXS8ZMpbEMLJEP3E/edit#gid=0"",""'Game 6'!$B$2:$Q$31""),30,False),1)"),23.0) -> 23 | O71: =IFERROR(__xludf.DUMMYFUNCTION("IFERROR(HLOOKUP($A71,IMPORTRANGE(""https://docs.google.com/spreadsheets/d/1UrzyxmT40kDZwVrLMf1yyXfP-pyczRAw9Y8Rw-uXG3c/edit#gid=0"",""'Game 11'!$B$2:$Q$31""),30,False),1)"),23.0) -> 23 | P71: =IFERROR(__xludf.DUMMYFUNCTION("IFERROR(HLOOKUP($A71,IMPORTRANGE(""https://docs.google.com/spreadsheets/d/1iyMhSYWifw-KGFtyeBpNxVZr4BhcV9hVZuShgJ9Ia0E/edit#gid=0"",""'Game 12'!$B$2:$Q$31""),30,False),1)"),23.0) -> 23 | Q71: =IFERROR(__xludf.DUMMYFUNCTION("IFERROR(HLOOKUP($A71,IMPORTRANGE(""https://docs.google.com/spreadsheets/d/1sSbIK-vvHsSY0LghLJ9gcnW8Hec_ITI2tFmpeqI999A/edit#gid=0"",""'Game 10'!$B$2:$Q$31""),30,False),1)"),23.0) -> 23 | R71: =SUM(C71:Q71) -> 322
A72: Hansen | B72: Middletong B | C72: 23 | D72: 23 | E72: 23 | F72: 23 | G72: 23 | H72: =IFERROR(__xludf.DUMMYFUNCTION("HLOOKUP($A72,IMPORTRANGE(""https://docs.google.com/spreadsheets/d/16J5ie7OD1E99qGO9lMDm8w5Yls-v190B7DTolJ5TmFc/edit#gid=0"",""'Game 10'!$B$2:$Q$31""),30,False)"),23.0) -> 23 | I72: 23 | J72: =IFERROR(__xludf.DUMMYFUNCTION("IFERROR(HLOOKUP($A72,IMPORTRANGE(""https://docs.google.com/spreadsheets/d/1CTYfdyRk_RFGM3I2iN9bKeD9zUPzEm1ajzml6VgwfIU/edit#gid=0"",""'Game 10'!$B$2:$Q$31""),30,False),0)"),23.0) -> 23 | K72: =IFERROR(__xludf.DUMMYFUNCTION("IFERROR(HLOOKUP($A72,IMPORTRANGE(""https://docs.google.com/spreadsheets/d/11NFkzOdQyW-OtxSDuGslNCgNjx7HUb2FU7KnlNnPMgY/edit#gid=0"",""'Game 8'!$B$2:$Q$31""),30,False),0)"),23.0) -> 23 | L72: =IFERROR(__xludf.DUMMYFUNCTION("IFERROR(HLOOKUP($A72,IMPORTRANGE(""https://docs.google.com/spreadsheets/d/1CLg5-jaE4ta0-u4oE1qbBplQ5Mf3Oj9ONFgL0zJ7Ol4/edit#gid=0"",""'Game 12'!$B$2:$Q$31""),30,False),1)"),23.0) -> 23 | M72: =IFERROR(__xludf.DUMMYFUNCTION("IFERROR(HLOOKUP($A72,IMPORTRANGE(""https://docs.google.com/spreadsheets/d/1CeexgK4KxWj3k_7nql_k8-RPxXMwTJyB4Q3vAASeDlA/edit#gid=0"",""'Game 11'!$B$2:$Q$31""),30,False),1)"),23.0) -> 23 | N72: =IFERROR(__xludf.DUMMYFUNCTION("IFERROR(HLOOKUP($A72,IMPORTRANGE(""https://docs.google.com/spreadsheets/d/1MNwUNMjcwK6bEgCXwB73jpbK5gJAXS8ZMpbEMLJEP3E/edit#gid=0"",""'Game 6'!$B$2:$Q$31""),30,False),1)"),23.0) -> 23 | O72: =IFERROR(__xludf.DUMMYFUNCTION("IFERROR(HLOOKUP($A72,IMPORTRANGE(""https://docs.google.com/spreadsheets/d/1UrzyxmT40kDZwVrLMf1yyXfP-pyczRAw9Y8Rw-uXG3c/edit#gid=0"",""'Game 11'!$B$2:$Q$31""),30,False),1)"),23.0) -> 23 | P72: =IFERROR(__xludf.DUMMYFUNCTION("IFERROR(HLOOKUP($A72,IMPORTRANGE(""https://docs.google.com/spreadsheets/d/1iyMhSYWifw-KGFtyeBpNxVZr4BhcV9hVZuShgJ9Ia0E/edit#gid=0"",""'Game 12'!$B$2:$Q$31""),30,False),1)"),23.0) -> 23 | Q72: =IFERROR(__xludf.DUMMYFUNCTION("IFERROR(HLOOKUP($A72,IMPORTRANGE(""https://docs.google.com/spreadsheets/d/1sSbIK-vvHsSY0LghLJ9gcnW8Hec_ITI2tFmpeqI999A/edit#gid=0"",""'Game 10'!$B$2:$Q$31""),30,False),1)"),23.0) -> 23 | R72: =SUM(C72:Q72) -> 345
A73: Jack | B73: Middletong B | C73: 0 | D73: 0 | E73: 0 | F73: 0 | G73: 0 | H73: =IFERROR(__xludf.DUMMYFUNCTION("HLOOKUP($A73,IMPORTRANGE(""https://docs.google.com/spreadsheets/d/16J5ie7OD1E99qGO9lMDm8w5Yls-v190B7DTolJ5TmFc/edit#gid=0"",""'Game 10'!$B$2:$Q$31""),30,False)"),0.0) -> 0 | I73: 23 | J73: =IFERROR(__xludf.DUMMYFUNCTION("IFERROR(HLOOKUP($A73,IMPORTRANGE(""https://docs.google.com/spreadsheets/d/1CTYfdyRk_RFGM3I2iN9bKeD9zUPzEm1ajzml6VgwfIU/edit#gid=0"",""'Game 10'!$B$2:$Q$31""),30,False),0)"),0.0) -> 0 | K73: =IFERROR(__xludf.DUMMYFUNCTION("IFERROR(HLOOKUP($A73,IMPORTRANGE(""https://docs.google.com/spreadsheets/d/11NFkzOdQyW-OtxSDuGslNCgNjx7HUb2FU7KnlNnPMgY/edit#gid=0"",""'Game 8'!$B$2:$Q$31""),30,False),0)"),23.0) -> 23 | L73: =IFERROR(__xludf.DUMMYFUNCTION("IFERROR(HLOOKUP($A73,IMPORTRANGE(""https://docs.google.com/spreadsheets/d/1CLg5-jaE4ta0-u4oE1qbBplQ5Mf3Oj9ONFgL0zJ7Ol4/edit#gid=0"",""'Game 12'!$B$2:$Q$31""),30,False),1)"),0.0) -> 0 | M73: =IFERROR(__xludf.DUMMYFUNCTION("IFERROR(HLOOKUP($A73,IMPORTRANGE(""https://docs.google.com/spreadsheets/d/1CeexgK4KxWj3k_7nql_k8-RPxXMwTJyB4Q3vAASeDlA/edit#gid=0"",""'Game 11'!$B$2:$Q$31""),30,False),1)"),23.0) -> 23 | N73: =IFERROR(__xludf.DUMMYFUNCTION("IFERROR(HLOOKUP($A73,IMPORTRANGE(""https://docs.google.com/spreadsheets/d/1MNwUNMjcwK6bEgCXwB73jpbK5gJAXS8ZMpbEMLJEP3E/edit#gid=0"",""'Game 6'!$B$2:$Q$31""),30,False),1)"),0.0) -> 0 | O73: =IFERROR(__xludf.DUMMYFUNCTION("IFERROR(HLOOKUP($A73,IMPORTRANGE(""https://docs.google.com/spreadsheets/d/1UrzyxmT40kDZwVrLMf1yyXfP-pyczRAw9Y8Rw-uXG3c/edit#gid=0"",""'Game 11'!$B$2:$Q$31""),30,False),1)"),0.0) -> 0 | P73: =IFERROR(__xludf.DUMMYFUNCTION("IFERROR(HLOOKUP($A73,IMPORTRANGE(""https://docs.google.com/spreadsheets/d/1iyMhSYWifw-KGFtyeBpNxVZr4BhcV9hVZuShgJ9Ia0E/edit#gid=0"",""'Game 12'!$B$2:$Q$31""),30,False),1)"),0.0) -> 0 | Q73: =IFERROR(__xludf.DUMMYFUNCTION("IFERROR(HLOOKUP($A73,IMPORTRANGE(""https://docs.google.com/spreadsheets/d/1sSbIK-vvHsSY0LghLJ9gcnW8Hec_ITI2tFmpeqI999A/edit#gid=0"",""'Game 10'!$B$2:$Q$31""),30,False),1)"),0.0) -> 0 | R73: =SUM(C73:Q73) -> 69
A74: Rohan K | B74: Middletong B | C74: 23 | D74: 23 | E74: 0 | F74: 23 | G74: 23 | H74: =IFERROR(__xludf.DUMMYFUNCTION("HLOOKUP($A74,IMPORTRANGE(""https://docs.google.com/spreadsheets/d/16J5ie7OD1E99qGO9lMDm8w5Yls-v190B7DTolJ5TmFc/edit#gid=0"",""'Game 10'!$B$2:$Q$31""),30,False)"),23.0) -> 23 | I74: 23 | J74: =IFERROR(__xludf.DUMMYFUNCTION("IFERROR(HLOOKUP($A74,IMPORTRANGE(""https://docs.google.com/spreadsheets/d/1CTYfdyRk_RFGM3I2iN9bKeD9zUPzEm1ajzml6VgwfIU/edit#gid=0"",""'Game 10'!$B$2:$Q$31""),30,False),0)"),23.0) -> 23 | K74: =IFERROR(__xludf.DUMMYFUNCTION("IFERROR(HLOOKUP($A74,IMPORTRANGE(""https://docs.google.com/spreadsheets/d/11NFkzOdQyW-OtxSDuGslNCgNjx7HUb2FU7KnlNnPMgY/edit#gid=0"",""'Game 8'!$B$2:$Q$31""),30,False),0)"),16.0) -> 16 | L74: =IFERROR(__xludf.DUMMYFUNCTION("IFERROR(HLOOKUP($A74,IMPORTRANGE(""https://docs.google.com/spreadsheets/d/1CLg5-jaE4ta0-u4oE1qbBplQ5Mf3Oj9ONFgL0zJ7Ol4/edit#gid=0"",""'Game 12'!$B$2:$Q$31""),30,False),1)"),11.0) -> 11 | M74: =IFERROR(__xludf.DUMMYFUNCTION("IFERROR(HLOOKUP($A74,IMPORTRANGE(""https://docs.google.com/spreadsheets/d/1CeexgK4KxWj3k_7nql_k8-RPxXMwTJyB4Q3vAASeDlA/edit#gid=0"",""'Game 11'!$B$2:$Q$31""),30,False),1)"),23.0) -> 23 | N74: =IFERROR(__xludf.DUMMYFUNCTION("IFERROR(HLOOKUP($A74,IMPORTRANGE(""https://docs.google.com/spreadsheets/d/1MNwUNMjcwK6bEgCXwB73jpbK5gJAXS8ZMpbEMLJEP3E/edit#gid=0"",""'Game 6'!$B$2:$Q$31""),30,False),1)"),23.0) -> 23 | O74: =IFERROR(__xludf.DUMMYFUNCTION("IFERROR(HLOOKUP($A74,IMPORTRANGE(""https://docs.google.com/spreadsheets/d/1UrzyxmT40kDZwVrLMf1yyXfP-pyczRAw9Y8Rw-uXG3c/edit#gid=0"",""'Game 11'!$B$2:$Q$31""),30,False),1)"),23.0) -> 23 | P74: =IFERROR(__xludf.DUMMYFUNCTION("IFERROR(HLOOKUP($A74,IMPORTRANGE(""https://docs.google.com/spreadsheets/d/1iyMhSYWifw-KGFtyeBpNxVZr4BhcV9hVZuShgJ9Ia0E/edit#gid=0"",""'Game 12'!$B$2:$Q$31""),30,False),1)"),0.0) -> 0 | Q74: =IFERROR(__xludf.DUMMYFUNCTION("IFERROR(HLOOKUP($A74,IMPORTRANGE(""https://docs.google.com/spreadsheets/d/1sSbIK-vvHsSY0LghLJ9gcnW8Hec_ITI2tFmpeqI999A/edit#gid=0"",""'Game 10'!$B$2:$Q$31""),30,False),1)"),23.0) -> 23 | R74: =SUM(C74:Q74) -> 280
A75: Danielle | B75: RMSST A | C75: 23 | D75: 12 | E75: 11 | F75: 0 | G75: 0 | H75: =IFERROR(__xludf.DUMMYFUNCTION("HLOOKUP($A75,IMPORTRANGE(""https://docs.google.com/spreadsheets/d/16J5ie7OD1E99qGO9lMDm8w5Yls-v190B7DTolJ5TmFc/edit#gid=0"",""'Game 12'!$B$2:$Q$31""),30,False)"),0.0) -> 0 | I75: 11 | J75: =IFERROR(__xludf.DUMMYFUNCTION("IFERROR(HLOOKUP($A75,IMPORTRANGE(""https://docs.google.com/spreadsheets/d/1CTYfdyRk_RFGM3I2iN9bKeD9zUPzEm1ajzml6VgwfIU/edit#gid=0"",""'Game 13'!$B$2:$Q$31""),30,False),0)"),11.0) -> 11 | K75: =IFERROR(__xludf.DUMMYFUNCTION("IFERROR(HLOOKUP($A75,IMPORTRANGE(""https://docs.google.com/spreadsheets/d/11NFkzOdQyW-OtxSDuGslNCgNjx7HUb2FU7KnlNnPMgY/edit#gid=0"",""'Game 10'!$B$2:$Q$31""),30,False),0)"),0.0) -> 0 | L75: =IFERROR(__xludf.DUMMYFUNCTION("IFERROR(HLOOKUP($A75,IMPORTRANGE(""https://docs.google.com/spreadsheets/d/1CLg5-jaE4ta0-u4oE1qbBplQ5Mf3Oj9ONFgL0zJ7Ol4/edit#gid=0"",""'Game 10'!$B$2:$Q$31""),30,False),1)"),0.0) -> 0 | M75: =IFERROR(__xludf.DUMMYFUNCTION("IFERROR(HLOOKUP($A75,IMPORTRANGE(""https://docs.google.com/spreadsheets/d/1CeexgK4KxWj3k_7nql_k8-RPxXMwTJyB4Q3vAASeDlA/edit#gid=0"",""'Game 9'!$B$2:$Q$31""),30,False),1)"),0.0) -> 0 | N75: =IFERROR(__xludf.DUMMYFUNCTION("IFERROR(HLOOKUP($A75,IMPORTRANGE(""https://docs.google.com/spreadsheets/d/1MNwUNMjcwK6bEgCXwB73jpbK5gJAXS8ZMpbEMLJEP3E/edit#gid=0"",""'Game 5'!$B$2:$Q$31""),30,False),1)"),0.0) -> 0 | O75: =IFERROR(__xludf.DUMMYFUNCTION("IFERROR(HLOOKUP($A75,IMPORTRANGE(""https://docs.google.com/spreadsheets/d/1UrzyxmT40kDZwVrLMf1yyXfP-pyczRAw9Y8Rw-uXG3c/edit#gid=0"",""'Game 3'!$B$2:$Q$31""),30,False),1)"),0.0) -> 0 | P75: =IFERROR(__xludf.DUMMYFUNCTION("IFERROR(HLOOKUP($A75,IMPORTRANGE(""https://docs.google.com/spreadsheets/d/1iyMhSYWifw-KGFtyeBpNxVZr4BhcV9hVZuShgJ9Ia0E/edit#gid=0"",""'Game 13'!$B$2:$Q$31""),30,False),1)"),0.0) -> 0 | Q75: =IFERROR(__xludf.DUMMYFUNCTION("IFERROR(HLOOKUP($A75,IMPORTRANGE(""https://docs.google.com/spreadsheets/d/1sSbIK-vvHsSY0LghLJ9gcnW8Hec_ITI2tFmpeqI999A/edit#gid=0"",""'Game 10'!$B$2:$Q$31""),30,False),1)"),23.0) -> 23 | R75: =SUM(C75:Q75) -> 91
A76: Jackson M | B76: RMSST A | C76: 23 | D76: 23 | E76: 23 | F76: 23 | G76: 23 | H76: =IFERROR(__xludf.DUMMYFUNCTION("HLOOKUP($A76,IMPORTRANGE(""https://docs.google.com/spreadsheets/d/16J5ie7OD1E99qGO9lMDm8w5Yls-v190B7DTolJ5TmFc/edit#gid=0"",""'Game 12'!$B$2:$Q$31""),30,False)"),23.0) -> 23 | I76: 23 | J76: =IFERROR(__xludf.DUMMYFUNCTION("IFERROR(HLOOKUP($A76,IMPORTRANGE(""https://docs.google.com/spreadsheets/d/1CTYfdyRk_RFGM3I2iN9bKeD9zUPzEm1ajzml6VgwfIU/edit#gid=0"",""'Game 13'!$B$2:$Q$31""),30,False),0)"),23.0) -> 23 | K76: =IFERROR(__xludf.DUMMYFUNCTION("IFERROR(HLOOKUP($A76,IMPORTRANGE(""https://docs.google.com/spreadsheets/d/11NFkzOdQyW-OtxSDuGslNCgNjx7HUb2FU7KnlNnPMgY/edit#gid=0"",""'Game 10'!$B$2:$Q$31""),30,False),0)"),23.0) -> 23 | L76: =IFERROR(__xludf.DUMMYFUNCTION("IFERROR(HLOOKUP($A76,IMPORTRANGE(""https://docs.google.com/spreadsheets/d/1CLg5-jaE4ta0-u4oE1qbBplQ5Mf3Oj9ONFgL0zJ7Ol4/edit#gid=0"",""'Game 10'!$B$2:$Q$31""),30,False),1)"),23.0) -> 23 | M76: =IFERROR(__xludf.DUMMYFUNCTION("IFERROR(HLOOKUP($A76,IMPORTRANGE(""https://docs.google.com/spreadsheets/d/1CeexgK4KxWj3k_7nql_k8-RPxXMwTJyB4Q3vAASeDlA/edit#gid=0"",""'Game 9'!$B$2:$Q$31""),30,False),1)"),23.0) -> 23 | N76: =IFERROR(__xludf.DUMMYFUNCTION("IFERROR(HLOOKUP($A76,IMPORTRANGE(""https://docs.google.com/spreadsheets/d/1MNwUNMjcwK6bEgCXwB73jpbK5gJAXS8ZMpbEMLJEP3E/edit#gid=0"",""'Game 5'!$B$2:$Q$31""),30,False),1)"),23.0) -> 23 | O76: =IFERROR(__xludf.DUMMYFUNCTION("IFERROR(HLOOKUP($A76,IMPORTRANGE(""https://docs.google.com/spreadsheets/d/1UrzyxmT40kDZwVrLMf1yyXfP-pyczRAw9Y8Rw-uXG3c/edit#gid=0"",""'Game 3'!$B$2:$Q$31""),30,False),1)"),23.0) -> 23 | P76: =IFERROR(__xludf.DUMMYFUNCTION("IFERROR(HLOOKUP($A76,IMPORTRANGE(""https://docs.google.com/spreadsheets/d/1iyMhSYWifw-KGFtyeBpNxVZr4BhcV9hVZuShgJ9Ia0E/edit#gid=0"",""'Game 13'!$B$2:$Q$31""),30,False),1)"),23.0) -> 23 | Q76: =IFERROR(__xludf.DUMMYFUNCTION("IFERROR(HLOOKUP($A76,IMPORTRANGE(""https://docs.google.com/spreadsheets/d/1sSbIK-vvHsSY0LghLJ9gcnW8Hec_ITI2tFmpeqI999A/edit#gid=0"",""'Game 10'!$B$2:$Q$31""),30,False),1)"),23.0) -> 23 | R76: =SUM(C76:Q76) -> 345
A77: Margaret H | B77: RMSST A | C77: 23 | D77: 23 | E77: 23 | F77: 23 | G77: 23 | H77: =IFERROR(__xludf.DUMMYFUNCTION("HLOOKUP($A77,IMPORTRANGE(""https://docs.google.com/spreadsheets/d/16J5ie7OD1E99qGO9lMDm8w5Yls-v190B7DTolJ5TmFc/edit#gid=0"",""'Game 12'!$B$2:$Q$31""),30,False)"),23.0) -> 23 | I77: 23 | J77: =IFERROR(__xludf.DUMMYFUNCTION("IFERROR(HLOOKUP($A77,IMPORTRANGE(""https://docs.google.com/spreadsheets/d/1CTYfdyRk_RFGM3I2iN9bKeD9zUPzEm1ajzml6VgwfIU/edit#gid=0"",""'Game 13'!$B$2:$Q$31""),30,False),0)"),23.0) -> 23 | K77: =IFERROR(__xludf.DUMMYFUNCTION("IFERROR(HLOOKUP($A77,IMPORTRANGE(""https://docs.google.com/spreadsheets/d/11NFkzOdQyW-OtxSDuGslNCgNjx7HUb2FU7KnlNnPMgY/edit#gid=0"",""'Game 10'!$B$2:$Q$31""),30,False),0)"),23.0) -> 23 | L77: =IFERROR(__xludf.DUMMYFUNCTION("IFERROR(HLOOKUP($A77,IMPORTRANGE(""https://docs.google.com/spreadsheets/d/1CLg5-jaE4ta0-u4oE1qbBplQ5Mf3Oj9ONFgL0zJ7Ol4/edit#gid=0"",""'Game 10'!$B$2:$Q$31""),30,False),1)"),23.0) -> 23 | M77: =IFERROR(__xludf.DUMMYFUNCTION("IFERROR(HLOOKUP($A77,IMPORTRANGE(""https://docs.google.com/spreadsheets/d/1CeexgK4KxWj3k_7nql_k8-RPxXMwTJyB4Q3vAASeDlA/edit#gid=0"",""'Game 9'!$B$2:$Q$31""),30,False),1)"),23.0) -> 23 | N77: =IFERROR(__xludf.DUMMYFUNCTION("IFERROR(HLOOKUP($A77,IMPORTRANGE(""https://docs.google.com/spreadsheets/d/1MNwUNMjcwK6bEgCXwB73jpbK5gJAXS8ZMpbEMLJEP3E/edit#gid=0"",""'Game 5'!$B$2:$Q$31""),30,False),1)"),23.0) -> 23 | O77: =IFERROR(__xludf.DUMMYFUNCTION("IFERROR(HLOOKUP($A77,IMPORTRANGE(""https://docs.google.com/spreadsheets/d/1UrzyxmT40kDZwVrLMf1yyXfP-pyczRAw9Y8Rw-uXG3c/edit#gid=0"",""'Game 3'!$B$2:$Q$31""),30,False),1)"),23.0) -> 23 | P77: =IFERROR(__xludf.DUMMYFUNCTION("IFERROR(HLOOKUP($A77,IMPORTRANGE(""https://docs.google.com/spreadsheets/d/1iyMhSYWifw-KGFtyeBpNxVZr4BhcV9hVZuShgJ9Ia0E/edit#gid=0"",""'Game 13'!$B$2:$Q$31""),30,False),1)"),23.0) -> 23 | Q77: =IFERROR(__xludf.DUMMYFUNCTION("IFERROR(HLOOKUP($A77,IMPORTRANGE(""https://docs.google.com/spreadsheets/d/1sSbIK-vvHsSY0LghLJ9gcnW8Hec_ITI2tFmpeqI999A/edit#gid=0"",""'Game 10'!$B$2:$Q$31""),30,False),1)"),23.0) -> 23 | R77: =SUM(C77:Q77) -> 345
A78: Maxwell | B78: RMSST A | C78: 23 | D78: 23 | E78: 23 | F78: 23 | G78: 23 | H78: =IFERROR(__xludf.DUMMYFUNCTION("HLOOKUP($A78,IMPORTRANGE(""https://docs.google.com/spreadsheets/d/16J5ie7OD1E99qGO9lMDm8w5Yls-v190B7DTolJ5TmFc/edit#gid=0"",""'Game 12'!$B$2:$Q$31""),30,False)"),23.0) -> 23 | I78: 23 | J78: =IFERROR(__xludf.DUMMYFUNCTION("IFERROR(HLOOKUP($A78,IMPORTRANGE(""https://docs.google.com/spreadsheets/d/1CTYfdyRk_RFGM3I2iN9bKeD9zUPzEm1ajzml6VgwfIU/edit#gid=0"",""'Game 13'!$B$2:$Q$31""),30,False),0)"),23.0) -> 23 | K78: =IFERROR(__xludf.DUMMYFUNCTION("IFERROR(HLOOKUP($A78,IMPORTRANGE(""https://docs.google.com/spreadsheets/d/11NFkzOdQyW-OtxSDuGslNCgNjx7HUb2FU7KnlNnPMgY/edit#gid=0"",""'Game 10'!$B$2:$Q$31""),30,False),0)"),23.0) -> 23 | L78: =IFERROR(__xludf.DUMMYFUNCTION("IFERROR(HLOOKUP($A78,IMPORTRANGE(""https://docs.google.com/spreadsheets/d/1CLg5-jaE4ta0-u4oE1qbBplQ5Mf3Oj9ONFgL0zJ7Ol4/edit#gid=0"",""'Game 10'!$B$2:$Q$31""),30,False),1)"),23.0) -> 23 | M78: =IFERROR(__xludf.DUMMYFUNCTION("IFERROR(HLOOKUP($A78,IMPORTRANGE(""https://docs.google.com/spreadsheets/d/1CeexgK4KxWj3k_7nql_k8-RPxXMwTJyB4Q3vAASeDlA/edit#gid=0"",""'Game 9'!$B$2:$Q$31""),30,False),1)"),23.0) -> 23 | N78: =IFERROR(__xludf.DUMMYFUNCTION("IFERROR(HLOOKUP($A78,IMPORTRANGE(""https://docs.google.com/spreadsheets/d/1MNwUNMjcwK6bEgCXwB73jpbK5gJAXS8ZMpbEMLJEP3E/edit#gid=0"",""'Game 5'!$B$2:$Q$31""),30,False),1)"),23.0) -> 23 | O78: =IFERROR(__xludf.DUMMYFUNCTION("IFERROR(HLOOKUP($A78,IMPORTRANGE(""https://docs.google.com/spreadsheets/d/1UrzyxmT40kDZwVrLMf1yyXfP-pyczRAw9Y8Rw-uXG3c/edit#gid=0"",""'Game 3'!$B$2:$Q$31""),30,False),1)"),23.0) -> 23 | P78: =IFERROR(__xludf.DUMMYFUNCTION("IFERROR(HLOOKUP($A78,IMPORTRANGE(""https://docs.google.com/spreadsheets/d/1iyMhSYWifw-KGFtyeBpNxVZr4BhcV9hVZuShgJ9Ia0E/edit#gid=0"",""'Game 13'!$B$2:$Q$31""),30,False),1)"),23.0) -> 23 | Q78: =IFERROR(__xludf.DUMMYFUNCTION("IFERROR(HLOOKUP($A78,IMPORTRANGE(""https://docs.google.com/spreadsheets/d/1sSbIK-vvHsSY0LghLJ9gcnW8Hec_ITI2tFmpeqI999A/edit#gid=0"",""'Game 10'!$B$2:$Q$31""),30,False),1)"),23.0) -> 23 | R78: =SUM(C78:Q78) -> 345
A79: Sydney | B79: RMSST A | C79: 0 | D79: 11 | E79: 12 | F79: 23 | G79: 23 | H79: =IFERROR(__xludf.DUMMYFUNCTION("HLOOKUP($A79,IMPORTRANGE(""https://docs.google.com/spreadsheets/d/16J5ie7OD1E99qGO9lMDm8w5Yls-v190B7DTolJ5TmFc/edit#gid=0"",""'Game 12'!$B$2:$Q$31""),30,False)"),23.0) -> 23 | I79: 12 | J79: =IFERROR(__xludf.DUMMYFUNCTION("IFERROR(HLOOKUP($A79,IMPORTRANGE(""https://docs.google.com/spreadsheets/d/1CTYfdyRk_RFGM3I2iN9bKeD9zUPzEm1ajzml6VgwfIU/edit#gid=0"",""'Game 13'!$B$2:$Q$31""),30,False),0)"),12.0) -> 12 | K79: =IFERROR(__xludf.DUMMYFUNCTION("IFERROR(HLOOKUP($A79,IMPORTRANGE(""https://docs.google.com/spreadsheets/d/11NFkzOdQyW-OtxSDuGslNCgNjx7HUb2FU7KnlNnPMgY/edit#gid=0"",""'Game 10'!$B$2:$Q$31""),30,False),0)"),23.0) -> 23 | L79: =IFERROR(__xludf.DUMMYFUNCTION("IFERROR(HLOOKUP($A79,IMPORTRANGE(""https://docs.google.com/spreadsheets/d/1CLg5-jaE4ta0-u4oE1qbBplQ5Mf3Oj9ONFgL0zJ7Ol4/edit#gid=0"",""'Game 10'!$B$2:$Q$31""),30,False),1)"),23.0) -> 23 | M79: =IFERROR(__xludf.DUMMYFUNCTION("IFERROR(HLOOKUP($A79,IMPORTRANGE(""https://docs.google.com/spreadsheets/d/1CeexgK4KxWj3k_7nql_k8-RPxXMwTJyB4Q3vAASeDlA/edit#gid=0"",""'Game 9'!$B$2:$Q$31""),30,False),1)"),23.0) -> 23 | N79: =IFERROR(__xludf.DUMMYFUNCTION("IFERROR(HLOOKUP($A79,IMPORTRANGE(""https://docs.google.com/spreadsheets/d/1MNwUNMjcwK6bEgCXwB73jpbK5gJAXS8ZMpbEMLJEP3E/edit#gid=0"",""'Game 5'!$B$2:$Q$31""),30,False),1)"),23.0) -> 23 | O79: =IFERROR(__xludf.DUMMYFUNCTION("IFERROR(HLOOKUP($A79,IMPORTRANGE(""https://docs.google.com/spreadsheets/d/1UrzyxmT40kDZwVrLMf1yyXfP-pyczRAw9Y8Rw-uXG3c/edit#gid=0"",""'Game 3'!$B$2:$Q$31""),30,False),1)"),23.0) -> 23 | P79: =IFERROR(__xludf.DUMMYFUNCTION("IFERROR(HLOOKUP($A79,IMPORTRANGE(""https://docs.google.com/spreadsheets/d/1iyMhSYWifw-KGFtyeBpNxVZr4BhcV9hVZuShgJ9Ia0E/edit#gid=0"",""'Game 13'!$B$2:$Q$31""),30,False),1)"),23.0) -> 23 | Q79: =IFERROR(__xludf.DUMMYFUNCTION("IFERROR(HLOOKUP($A79,IMPORTRANGE(""https://docs.google.com/spreadsheets/d/1sSbIK-vvHsSY0LghLJ9gcnW8Hec_ITI2tFmpeqI999A/edit#gid=0"",""'Game 10'!$B$2:$Q$31""),30,False),1)"),0.0) -> 0 | R79: =SUM(C79:Q79) -> 254
A80: Ava B | B80: RMSST B | C80: 23 | D80: 23 | E80: 23 | F80: 23 | G80: 0 | H80: =IFERROR(__xludf.DUMMYFUNCTION("HLOOKUP($A80,IMPORTRANGE(""https://docs.google.com/spreadsheets/d/16J5ie7OD1E99qGO9lMDm8w5Yls-v190B7DTolJ5TmFc/edit#gid=0"",""'Game 3'!$B$2:$Q$31""),30,False)"),23.0) -> 23 | I80: 0 | J80: =IFERROR(__xludf.DUMMYFUNCTION("IFERROR(HLOOKUP($A80,IMPORTRANGE(""https://docs.google.com/spreadsheets/d/1CTYfdyRk_RFGM3I2iN9bKeD9zUPzEm1ajzml6VgwfIU/edit#gid=0"",""'Game 5'!$B$2:$Q$31""),30,False),0)"),23.0) -> 23 | K80: =IFERROR(__xludf.DUMMYFUNCTION("IFERROR(HLOOKUP($A80,IMPORTRANGE(""https://docs.google.com/spreadsheets/d/11NFkzOdQyW-OtxSDuGslNCgNjx7HUb2FU7KnlNnPMgY/edit#gid=0"",""'Game 2'!$B$2:$Q$31""),30,False),0)"),23.0) -> 23 | L80: =IFERROR(__xludf.DUMMYFUNCTION("IFERROR(HLOOKUP($A80,IMPORTRANGE(""https://docs.google.com/spreadsheets/d/1CLg5-jaE4ta0-u4oE1qbBplQ5Mf3Oj9ONFgL0zJ7Ol4/edit#gid=0"",""'Game 3'!$B$2:$Q$31""),30,False),1)"),23.0) -> 23 | M80: =IFERROR(__xludf.DUMMYFUNCTION("IFERROR(HLOOKUP($A80,IMPORTRANGE(""https://docs.google.com/spreadsheets/d/1CeexgK4KxWj3k_7nql_k8-RPxXMwTJyB4Q3vAASeDlA/edit#gid=0"",""'Game 7'!$B$2:$Q$31""),30,False),1)"),0.0) -> 0 | N80: =IFERROR(__xludf.DUMMYFUNCTION("IFERROR(HLOOKUP($A80,IMPORTRANGE(""https://docs.google.com/spreadsheets/d/1MNwUNMjcwK6bEgCXwB73jpbK5gJAXS8ZMpbEMLJEP3E/edit#gid=0"",""'Game 4'!$B$2:$Q$31""),30,False),1)"),23.0) -> 23 | O80: =IFERROR(__xludf.DUMMYFUNCTION("IFERROR(HLOOKUP($A80,IMPORTRANGE(""https://docs.google.com/spreadsheets/d/1UrzyxmT40kDZwVrLMf1yyXfP-pyczRAw9Y8Rw-uXG3c/edit#gid=0"",""'Game 12'!$B$2:$Q$31""),30,False),1)"),23.0) -> 23 | P80: =IFERROR(__xludf.DUMMYFUNCTION("IFERROR(HLOOKUP($A80,IMPORTRANGE(""https://docs.google.com/spreadsheets/d/1iyMhSYWifw-KGFtyeBpNxVZr4BhcV9hVZuShgJ9Ia0E/edit#gid=0"",""'Game 13'!$B$2:$Q$31""),30,False),1)"),23.0) -> 23 | Q80: =IFERROR(__xludf.DUMMYFUNCTION("IFERROR(HLOOKUP($A80,IMPORTRANGE(""https://docs.google.com/spreadsheets/d/1sSbIK-vvHsSY0LghLJ9gcnW8Hec_ITI2tFmpeqI999A/edit#gid=0"",""'Game 7'!$B$2:$Q$31""),30,False),1)"),23.0) -> 23 | R80: =SUM(C80:Q80) -> 276
A81: Duc | B81: RMSST B | C81: 11 | D81: 11 | E81: 11 | F81: 11 | G81: 23 | H81: =IFERROR(__xludf.DUMMYFUNCTION("HLOOKUP($A81,IMPORTRANGE(""https://docs.google.com/spreadsheets/d/16J5ie7OD1E99qGO9lMDm8w5Yls-v190B7DTolJ5TmFc/edit#gid=0"",""'Game 3'!$B$2:$Q$31""),30,False)"),11.0) -> 11 | I81: 23 | J81: =IFERROR(__xludf.DUMMYFUNCTION("IFERROR(HLOOKUP($A81,IMPORTRANGE(""https://docs.google.com/spreadsheets/d/1CTYfdyRk_RFGM3I2iN9bKeD9zUPzEm1ajzml6VgwfIU/edit#gid=0"",""'Game 5'!$B$2:$Q$31""),30,False),0)"),12.0) -> 12 | K81: =IFERROR(__xludf.DUMMYFUNCTION("IFERROR(HLOOKUP($A81,IMPORTRANGE(""https://docs.google.com/spreadsheets/d/11NFkzOdQyW-OtxSDuGslNCgNjx7HUb2FU7KnlNnPMgY/edit#gid=0"",""'Game 2'!$B$2:$Q$31""),30,False),0)"),11.0) -> 11 | L81: =IFERROR(__xludf.DUMMYFUNCTION("IFERROR(HLOOKUP($A81,IMPORTRANGE(""https://docs.google.com/spreadsheets/d/1CLg5-jaE4ta0-u4oE1qbBplQ5Mf3Oj9ONFgL0zJ7Ol4/edit#gid=0"",""'Game 3'!$B$2:$Q$31""),30,False),1)"),11.0) -> 11 | M81: =IFERROR(__xludf.DUMMYFUNCTION("IFERROR(HLOOKUP($A81,IMPORTRANGE(""https://docs.google.com/spreadsheets/d/1CeexgK4KxWj3k_7nql_k8-RPxXMwTJyB4Q3vAASeDlA/edit#gid=0"",""'Game 7'!$B$2:$Q$31""),30,False),1)"),23.0) -> 23 | N81: =IFERROR(__xludf.DUMMYFUNCTION("IFERROR(HLOOKUP($A81,IMPORTRANGE(""https://docs.google.com/spreadsheets/d/1MNwUNMjcwK6bEgCXwB73jpbK5gJAXS8ZMpbEMLJEP3E/edit#gid=0"",""'Game 4'!$B$2:$Q$31""),30,False),1)"),23.0) -> 23 | O81: =IFERROR(__xludf.DUMMYFUNCTION("IFERROR(HLOOKUP($A81,IMPORTRANGE(""https://docs.google.com/spreadsheets/d/1UrzyxmT40kDZwVrLMf1yyXfP-pyczRAw9Y8Rw-uXG3c/edit#gid=0"",""'Game 12'!$B$2:$Q$31""),30,False),1)"),12.0) -> 12 | P81: =IFERROR(__xludf.DUMMYFUNCTION("IFERROR(HLOOKUP($A81,IMPORTRANGE(""https://docs.google.com/spreadsheets/d/1iyMhSYWifw-KGFtyeBpNxVZr4BhcV9hVZuShgJ9Ia0E/edit#gid=0"",""'Game 13'!$B$2:$Q$31""),30,False),1)"),12.0) -> 12 | Q81: =IFERROR(__xludf.DUMMYFUNCTION("IFERROR(HLOOKUP($A81,IMPORTRANGE(""https://docs.google.com/spreadsheets/d/1sSbIK-vvHsSY0LghLJ9gcnW8Hec_ITI2tFmpeqI999A/edit#gid=0"",""'Game 7'!$B$2:$Q$31""),30,False),1)"),23.0) -> 23 | R81: =SUM(C81:Q81) -> 228
A82: Elizabeth | B82: RMSST B | C82: 23 | D82: 23 | E82: 23 | F82: 23 | G82: 23 | H82: =IFERROR(__xludf.DUMMYFUNCTION("HLOOKUP($A82,IMPORTRANGE(""https://docs.google.com/spreadsheets/d/16J5ie7OD1E99qGO9lMDm8w5Yls-v190B7DTolJ5TmFc/edit#gid=0"",""'Game 3'!$B$2:$Q$31""),30,False)"),23.0) -> 23 | I82: 23 | J82: =IFERROR(__xludf.DUMMYFUNCTION("IFERROR(HLOOKUP($A82,IMPORTRANGE(""https://docs.google.com/spreadsheets/d/1CTYfdyRk_RFGM3I2iN9bKeD9zUPzEm1ajzml6VgwfIU/edit#gid=0"",""'Game 5'!$B$2:$Q$31""),30,False),0)"),23.0) -> 23 | K82: =IFERROR(__xludf.DUMMYFUNCTION("IFERROR(HLOOKUP($A82,IMPORTRANGE(""https://docs.google.com/spreadsheets/d/11NFkzOdQyW-OtxSDuGslNCgNjx7HUb2FU7KnlNnPMgY/edit#gid=0"",""'Game 2'!$B$2:$Q$31""),30,False),0)"),23.0) -> 23 | L82: =IFERROR(__xludf.DUMMYFUNCTION("IFERROR(HLOOKUP($A82,IMPORTRANGE(""https://docs.google.com/spreadsheets/d/1CLg5-jaE4ta0-u4oE1qbBplQ5Mf3Oj9ONFgL0zJ7Ol4/edit#gid=0"",""'Game 3'!$B$2:$Q$31""),30,False),1)"),23.0) -> 23 | M82: =IFERROR(__xludf.DUMMYFUNCTION("IFERROR(HLOOKUP($A82,IMPORTRANGE(""https://docs.google.com/spreadsheets/d/1CeexgK4KxWj3k_7nql_k8-RPxXMwTJyB4Q3vAASeDlA/edit#gid=0"",""'Game 7'!$B$2:$Q$31""),30,False),1)"),23.0) -> 23 | N82: =IFERROR(__xludf.DUMMYFUNCTION("IFERROR(HLOOKUP($A82,IMPORTRANGE(""https://docs.google.com/spreadsheets/d/1MNwUNMjcwK6bEgCXwB73jpbK5gJAXS8ZMpbEMLJEP3E/edit#gid=0"",""'Game 4'!$B$2:$Q$31""),30,False),1)"),23.0) -> 23 | O82: =IFERROR(__xludf.DUMMYFUNCTION("IFERROR(HLOOKUP($A82,IMPORTRANGE(""https://docs.google.com/spreadsheets/d/1UrzyxmT40kDZwVrLMf1yyXfP-pyczRAw9Y8Rw-uXG3c/edit#gid=0"",""'Game 12'!$B$2:$Q$31""),30,False),1)"),23.0) -> 23 | P82: =IFERROR(__xludf.DUMMYFUNCTION("IFERROR(HLOOKUP($A82,IMPORTRANGE(""https://docs.google.com/spreadsheets/d/1iyMhSYWifw-KGFtyeBpNxVZr4BhcV9hVZuShgJ9Ia0E/edit#gid=0"",""'Game 13'!$B$2:$Q$31""),30,False),1)"),23.0) -> 23 | Q82: =IFERROR(__xludf.DUMMYFUNCTION("IFERROR(HLOOKUP($A82,IMPORTRANGE(""https://docs.google.com/spreadsheets/d/1sSbIK-vvHsSY0LghLJ9gcnW8Hec_ITI2tFmpeqI999A/edit#gid=0"",""'Game 7'!$B$2:$Q$31""),30,False),1)"),23.0) -> 23 | R82: =SUM(C82:Q82) -> 345
A83: Hector | B83: RMSST B | C83: 0 | D83: 0 | E83: 0 | F83: 0 | G83: 0 | H83: 0 | I83: 23 | J83: =IFERROR(__xludf.DUMMYFUNCTION("IFERROR(HLOOKUP($A83,IMPORTRANGE(""https://docs.google.com/spreadsheets/d/1CTYfdyRk_RFGM3I2iN9bKeD9zUPzEm1ajzml6VgwfIU/edit#gid=0"",""'Game 5'!$B$2:$Q$31""),30,False),0)"),0.0) -> 0 | K83: =IFERROR(__xludf.DUMMYFUNCTION("IFERROR(HLOOKUP($A83,IMPORTRANGE(""https://docs.google.com/spreadsheets/d/11NFkzOdQyW-OtxSDuGslNCgNjx7HUb2FU7KnlNnPMgY/edit#gid=0"",""'Game 2'!$B$2:$Q$31""),30,False),0)"),0.0) -> 0 | L83: =IFERROR(__xludf.DUMMYFUNCTION("IFERROR(HLOOKUP($A83,IMPORTRANGE(""https://docs.google.com/spreadsheets/d/1CLg5-jaE4ta0-u4oE1qbBplQ5Mf3Oj9ONFgL0zJ7Ol4/edit#gid=0"",""'Game 3'!$B$2:$Q$31""),30,False),1)"),0.0) -> 0 | M83: =IFERROR(__xludf.DUMMYFUNCTION("IFERROR(HLOOKUP($A83,IMPORTRANGE(""https://docs.google.com/spreadsheets/d/1CeexgK4KxWj3k_7nql_k8-RPxXMwTJyB4Q3vAASeDlA/edit#gid=0"",""'Game 7'!$B$2:$Q$31""),30,False),1)"),0.0) -> 0 | N83: =IFERROR(__xludf.DUMMYFUNCTION("IFERROR(HLOOKUP($A83,IMPORTRANGE(""https://docs.google.com/spreadsheets/d/1MNwUNMjcwK6bEgCXwB73jpbK5gJAXS8ZMpbEMLJEP3E/edit#gid=0"",""'Game 4'!$B$2:$Q$31""),30,False),1)"),0.0) -> 0 | O83: =IFERROR(__xludf.DUMMYFUNCTION("IFERROR(HLOOKUP($A83,IMPORTRANGE(""https://docs.google.com/spreadsheets/d/1UrzyxmT40kDZwVrLMf1yyXfP-pyczRAw9Y8Rw-uXG3c/edit#gid=0"",""'Game 12'!$B$2:$Q$31""),30,False),1)"),0.0) -> 0 | P83: =IFERROR(__xludf.DUMMYFUNCTION("IFERROR(HLOOKUP($A83,IMPORTRANGE(""https://docs.google.com/spreadsheets/d/1iyMhSYWifw-KGFtyeBpNxVZr4BhcV9hVZuShgJ9Ia0E/edit#gid=0"",""'Game 13'!$B$2:$Q$31""),30,False),1)"),0.0) -> 0 | Q83: =IFERROR(__xludf.DUMMYFUNCTION("IFERROR(HLOOKUP($A83,IMPORTRANGE(""https://docs.google.com/spreadsheets/d/1sSbIK-vvHsSY0LghLJ9gcnW8Hec_ITI2tFmpeqI999A/edit#gid=0"",""'Game 7'!$B$2:$Q$31""),30,False),1)"),0.0) -> 0 | R83: =SUM(C83:Q83) -> 23
A84: Ryan | B84: RMSST B | C84: 12 | D84: 12 | E84: 12 | F84: 12 | G84: 23 | H84: =IFERROR(__xludf.DUMMYFUNCTION("HLOOKUP($A84,IMPORTRANGE(""https://docs.google.com/spreadsheets/d/16J5ie7OD1E99qGO9lMDm8w5Yls-v190B7DTolJ5TmFc/edit#gid=0"",""'Game 3'!$B$2:$Q$31""),30,False)"),12.0) -> 12 | I84: 23 | J84: =IFERROR(__xludf.DUMMYFUNCTION("IFERROR(HLOOKUP($A84,IMPORTRANGE(""https://docs.google.com/spreadsheets/d/1CTYfdyRk_RFGM3I2iN9bKeD9zUPzEm1ajzml6VgwfIU/edit#gid=0"",""'Game 5'!$B$2:$Q$31""),30,False),0)"),11.0) -> 11 | K84: =IFERROR(__xludf.DUMMYFUNCTION("IFERROR(HLOOKUP($A84,IMPORTRANGE(""https://docs.google.com/spreadsheets/d/11NFkzOdQyW-OtxSDuGslNCgNjx7HUb2FU7KnlNnPMgY/edit#gid=0"",""'Game 2'!$B$2:$Q$31""),30,False),0)"),12.0) -> 12 | L84: =IFERROR(__xludf.DUMMYFUNCTION("IFERROR(HLOOKUP($A84,IMPORTRANGE(""https://docs.google.com/spreadsheets/d/1CLg5-jaE4ta0-u4oE1qbBplQ5Mf3Oj9ONFgL0zJ7Ol4/edit#gid=0"",""'Game 3'!$B$2:$Q$31""),30,False),1)"),12.0) -> 12 | M84: =IFERROR(__xludf.DUMMYFUNCTION("IFERROR(HLOOKUP($A84,IMPORTRANGE(""https://docs.google.com/spreadsheets/d/1CeexgK4KxWj3k_7nql_k8-RPxXMwTJyB4Q3vAASeDlA/edit#gid=0"",""'Game 7'!$B$2:$Q$31""),30,False),1)"),23.0) -> 23 | N84: =IFERROR(__xludf.DUMMYFUNCTION("IFERROR(HLOOKUP($A84,IMPORTRANGE(""https://docs.google.com/spreadsheets/d/1MNwUNMjcwK6bEgCXwB73jpbK5gJAXS8ZMpbEMLJEP3E/edit#gid=0"",""'Game 4'!$B$2:$Q$31""),30,False),1)"),0.0) -> 0 | O84: =IFERROR(__xludf.DUMMYFUNCTION("IFERROR(HLOOKUP($A84,IMPORTRANGE(""https://docs.google.com/spreadsheets/d/1UrzyxmT40kDZwVrLMf1yyXfP-pyczRAw9Y8Rw-uXG3c/edit#gid=0"",""'Game 12'!$B$2:$Q$31""),30,False),1)"),11.0) -> 11 | P84: =IFERROR(__xludf.DUMMYFUNCTION("IFERROR(HLOOKUP($A84,IMPORTRANGE(""https://docs.google.com/spreadsheets/d/1iyMhSYWifw-KGFtyeBpNxVZr4BhcV9hVZuShgJ9Ia0E/edit#gid=0"",""'Game 13'!$B$2:$Q$31""),30,False),1)"),11.0) -> 11 | Q84: =IFERROR(__xludf.DUMMYFUNCTION("IFERROR(HLOOKUP($A84,IMPORTRANGE(""https://docs.google.com/spreadsheets/d/1sSbIK-vvHsSY0LghLJ9gcnW8Hec_ITI2tFmpeqI999A/edit#gid=0"",""'Game 7'!$B$2:$Q$31""),30,False),1)"),23.0) -> 23 | R84: =SUM(C84:Q84) -> 209
A85: Tyler | B85: RMSST B | C85: 23 | D85: 23 | E85: 23 | F85: 23 | G85: 23 | H85: =IFERROR(__xludf.DUMMYFUNCTION("HLOOKUP($A85,IMPORTRANGE(""https://docs.google.com/spreadsheets/d/16J5ie7OD1E99qGO9lMDm8w5Yls-v190B7DTolJ5TmFc/edit#gid=0"",""'Game 3'!$B$2:$Q$31""),30,False)"),23.0) -> 23 | I85: 0 | J85: =IFERROR(__xludf.DUMMYFUNCTION("IFERROR(HLOOKUP($A85,IMPORTRANGE(""https://docs.google.com/spreadsheets/d/1CTYfdyRk_RFGM3I2iN9bKeD9zUPzEm1ajzml6VgwfIU/edit#gid=0"",""'Game 5'!$B$2:$Q$31""),30,False),0)"),23.0) -> 23 | K85: =IFERROR(__xludf.DUMMYFUNCTION("IFERROR(HLOOKUP($A85,IMPORTRANGE(""https://docs.google.com/spreadsheets/d/11NFkzOdQyW-OtxSDuGslNCgNjx7HUb2FU7KnlNnPMgY/edit#gid=0"",""'Game 2'!$B$2:$Q$31""),30,False),0)"),23.0) -> 23 | L85: =IFERROR(__xludf.DUMMYFUNCTION("IFERROR(HLOOKUP($A85,IMPORTRANGE(""https://docs.google.com/spreadsheets/d/1CLg5-jaE4ta0-u4oE1qbBplQ5Mf3Oj9ONFgL0zJ7Ol4/edit#gid=0"",""'Game 3'!$B$2:$Q$31""),30,False),1)"),23.0) -> 23 | M85: =IFERROR(__xludf.DUMMYFUNCTION("IFERROR(HLOOKUP($A85,IMPORTRANGE(""https://docs.google.com/spreadsheets/d/1CeexgK4KxWj3k_7nql_k8-RPxXMwTJyB4Q3vAASeDlA/edit#gid=0"",""'Game 7'!$B$2:$Q$31""),30,False),1)"),23.0) -> 23 | N85: =IFERROR(__xludf.DUMMYFUNCTION("IFERROR(HLOOKUP($A85,IMPORTRANGE(""https://docs.google.com/spreadsheets/d/1MNwUNMjcwK6bEgCXwB73jpbK5gJAXS8ZMpbEMLJEP3E/edit#gid=0"",""'Game 4'!$B$2:$Q$31""),30,False),1)"),23.0) -> 23 | O85: =IFERROR(__xludf.DUMMYFUNCTION("IFERROR(HLOOKUP($A85,IMPORTRANGE(""https://docs.google.com/spreadsheets/d/1UrzyxmT40kDZwVrLMf1yyXfP-pyczRAw9Y8Rw-uXG3c/edit#gid=0"",""'Game 12'!$B$2:$Q$31""),30,False),1)"),23.0) -> 23 | P85: =IFERROR(__xludf.DUMMYFUNCTION("IFERROR(HLOOKUP($A85,IMPORTRANGE(""https://docs.google.com/spreadsheets/d/1iyMhSYWifw-KGFtyeBpNxVZr4BhcV9hVZuShgJ9Ia0E/edit#gid=0"",""'Game 13'!$B$2:$Q$31""),30,False),1)"),23.0) -> 23 | Q85: =IFERROR(__xludf.DUMMYFUNCTION("IFERROR(HLOOKUP($A85,IMPORTRANGE(""https://docs.google.com/spreadsheets/d/1sSbIK-vvHsSY0LghLJ9gcnW8Hec_ITI2tFmpeqI999A/edit#gid=0"",""'Game 7'!$B$2:$Q$31""),30,False),1)"),0.0) -> 0 | R85: =SUM(C85:Q85) -> 299
A86: Daniel S-F | B86: Roxbury Latin A | C86: 12 | D86: 11 | E86: 0 | F86: 0 | G86: 0 | H86: =IFERROR(__xludf.DUMMYFUNCTION("HLOOKUP($A86,IMPORTRANGE(""https://docs.google.com/spreadsheets/d/16J5ie7OD1E99qGO9lMDm8w5Yls-v190B7DTolJ5TmFc/edit#gid=0"",""'Game 4'!$B$2:$Q$31""),30,False)"),0.0) -> 0 | I86: 0 | J86: =IFERROR(__xludf.DUMMYFUNCTION("IFERROR(HLOOKUP($A86,IMPORTRANGE(""https://docs.google.com/spreadsheets/d/1CTYfdyRk_RFGM3I2iN9bKeD9zUPzEm1ajzml6VgwfIU/edit#gid=0"",""'Game 8'!$B$2:$Q$31""),30,False),0)"),0.0) -> 0 | K86: =IFERROR(__xludf.DUMMYFUNCTION("IFERROR(HLOOKUP($A86,IMPORTRANGE(""https://docs.google.com/spreadsheets/d/11NFkzOdQyW-OtxSDuGslNCgNjx7HUb2FU7KnlNnPMgY/edit#gid=0"",""'Game 8'!$B$2:$Q$31""),30,False),0)"),0.0) -> 0 | L86: =IFERROR(__xludf.DUMMYFUNCTION("IFERROR(HLOOKUP($A86,IMPORTRANGE(""https://docs.google.com/spreadsheets/d/1CLg5-jaE4ta0-u4oE1qbBplQ5Mf3Oj9ONFgL0zJ7Ol4/edit#gid=0"",""'Game 9'!$B$2:$Q$31""),30,False),1)"),0.0) -> 0 | M86: =IFERROR(__xludf.DUMMYFUNCTION("IFERROR(HLOOKUP($A86,IMPORTRANGE(""https://docs.google.com/spreadsheets/d/1CeexgK4KxWj3k_7nql_k8-RPxXMwTJyB4Q3vAASeDlA/edit#gid=0"",""'Game 2'!$B$2:$Q$31""),30,False),1)"),0.0) -> 0 | N86: =IFERROR(__xludf.DUMMYFUNCTION("IFERROR(HLOOKUP($A86,IMPORTRANGE(""https://docs.google.com/spreadsheets/d/1MNwUNMjcwK6bEgCXwB73jpbK5gJAXS8ZMpbEMLJEP3E/edit#gid=0"",""'Game 8'!$B$2:$Q$31""),30,False),1)"),0.0) -> 0 | O86: =IFERROR(__xludf.DUMMYFUNCTION("IFERROR(HLOOKUP($A86,IMPORTRANGE(""https://docs.google.com/spreadsheets/d/1UrzyxmT40kDZwVrLMf1yyXfP-pyczRAw9Y8Rw-uXG3c/edit#gid=0"",""'Game 8'!$B$2:$Q$31""),30,False),1)"),0.0) -> 0 | P86: =IFERROR(__xludf.DUMMYFUNCTION("IFERROR(HLOOKUP($A86,IMPORTRANGE(""https://docs.google.com/spreadsheets/d/1iyMhSYWifw-KGFtyeBpNxVZr4BhcV9hVZuShgJ9Ia0E/edit#gid=0"",""'Game 8'!$B$2:$Q$31""),30,False),1)"),0.0) -> 0 | Q86: =IFERROR(__xludf.DUMMYFUNCTION("IFERROR(HLOOKUP($A86,IMPORTRANGE(""https://docs.google.com/spreadsheets/d/1sSbIK-vvHsSY0LghLJ9gcnW8Hec_ITI2tFmpeqI999A/edit#gid=0"",""'Game 7'!$B$2:$Q$31""),30,False),1)"),23.0) -> 23 | R86: =SUM(C86:Q86) -> 46
A87: David S | B87: Roxbury Latin A | C87: 23 | D87: 23 | E87: 23 | F87: 23 | G87: 23 | H87: =IFERROR(__xludf.DUMMYFUNCTION("HLOOKUP($A87,IMPORTRANGE(""https://docs.google.com/spreadsheets/d/16J5ie7OD1E99qGO9lMDm8w5Yls-v190B7DTolJ5TmFc/edit#gid=0"",""'Game 4'!$B$2:$Q$31""),30,False)"),23.0) -> 23 | I87: 23 | J87: =IFERROR(__xludf.DUMMYFUNCTION("IFERROR(HLOOKUP($A87,IMPORTRANGE(""https://docs.google.com/spreadsheets/d/1CTYfdyRk_RFGM3I2iN9bKeD9zUPzEm1ajzml6VgwfIU/edit#gid=0"",""'Game 8'!$B$2:$Q$31""),30,False),0)"),23.0) -> 23 | K87: =IFERROR(__xludf.DUMMYFUNCTION("IFERROR(HLOOKUP($A87,IMPORTRANGE(""https://docs.google.com/spreadsheets/d/11NFkzOdQyW-OtxSDuGslNCgNjx7HUb2FU7KnlNnPMgY/edit#gid=0"",""'Game 8'!$B$2:$Q$31""),30,False),0)"),22.0) -> 22 | L87: =IFERROR(__xludf.DUMMYFUNCTION("IFERROR(HLOOKUP($A87,IMPORTRANGE(""https://docs.google.com/spreadsheets/d/1CLg5-jaE4ta0-u4oE1qbBplQ5Mf3Oj9ONFgL0zJ7Ol4/edit#gid=0"",""'Game 9'!$B$2:$Q$31""),30,False),1)"),23.0) -> 23 | M87: =IFERROR(__xludf.DUMMYFUNCTION("IFERROR(HLOOKUP($A87,IMPORTRANGE(""https://docs.google.com/spreadsheets/d/1CeexgK4KxWj3k_7nql_k8-RPxXMwTJyB4Q3vAASeDlA/edit#gid=0"",""'Game 2'!$B$2:$Q$31""),30,False),1)"),23.0) -> 23 | N87: =IFERROR(__xludf.DUMMYFUNCTION("IFERROR(HLOOKUP($A87,IMPORTRANGE(""https://docs.google.com/spreadsheets/d/1MNwUNMjcwK6bEgCXwB73jpbK5gJAXS8ZMpbEMLJEP3E/edit#gid=0"",""'Game 8'!$B$2:$Q$31""),30,False),1)"),23.0) -> 23 | O87: =IFERROR(__xludf.DUMMYFUNCTION("IFERROR(HLOOKUP($A87,IMPORTRANGE(""https://docs.google.com/spreadsheets/d/1UrzyxmT40kDZwVrLMf1yyXfP-pyczRAw9Y8Rw-uXG3c/edit#gid=0"",""'Game 8'!$B$2:$Q$31""),30,False),1)"),23.0) -> 23 | P87: =IFERROR(__xludf.DUMMYFUNCTION("IFERROR(HLOOKUP($A87,IMPORTRANGE(""https://docs.google.com/spreadsheets/d/1iyMhSYWifw-KGFtyeBpNxVZr4BhcV9hVZuShgJ9Ia0E/edit#gid=0"",""'Game 8'!$B$2:$Q$31""),30,False),1)"),23.0) -> 23 | Q87: =IFERROR(__xludf.DUMMYFUNCTION("IFERROR(HLOOKUP($A87,IMPORTRANGE(""https://docs.google.com/spreadsheets/d/1sSbIK-vvHsSY0LghLJ9gcnW8Hec_ITI2tFmpeqI999A/edit#gid=0"",""'Game 7'!$B$2:$Q$31""),30,False),1)"),23.0) -> 23 | R87: =SUM(C87:Q87) -> 344
A88: James M | B88: Roxbury Latin A | C88: 11 | D88: 0 | E88: 0 | F88: 0 | G88: 0 | H88: =IFERROR(__xludf.DUMMYFUNCTION("HLOOKUP($A88,IMPORTRANGE(""https://docs.google.com/spreadsheets/d/16J5ie7OD1E99qGO9lMDm8w5Yls-v190B7DTolJ5TmFc/edit#gid=0"",""'Game 4'!$B$2:$Q$31""),30,False)"),0.0) -> 0 | I88: 0 | J88: =IFERROR(__xludf.DUMMYFUNCTION("IFERROR(HLOOKUP($A88,IMPORTRANGE(""https://docs.google.com/spreadsheets/d/1CTYfdyRk_RFGM3I2iN9bKeD9zUPzEm1ajzml6VgwfIU/edit#gid=0"",""'Game 8'!$B$2:$Q$31""),30,False),0)"),0.0) -> 0 | K88: =IFERROR(__xludf.DUMMYFUNCTION("IFERROR(HLOOKUP($A88,IMPORTRANGE(""https://docs.google.com/spreadsheets/d/11NFkzOdQyW-OtxSDuGslNCgNjx7HUb2FU7KnlNnPMgY/edit#gid=0"",""'Game 8'!$B$2:$Q$31""),30,False),0)"),0.0) -> 0 | L88: =IFERROR(__xludf.DUMMYFUNCTION("IFERROR(HLOOKUP($A88,IMPORTRANGE(""https://docs.google.com/spreadsheets/d/1CLg5-jaE4ta0-u4oE1qbBplQ5Mf3Oj9ONFgL0zJ7Ol4/edit#gid=0"",""'Game 9'!$B$2:$Q$31""),30,False),1)"),0.0) -> 0 | M88: =IFERROR(__xludf.DUMMYFUNCTION("IFERROR(HLOOKUP($A88,IMPORTRANGE(""https://docs.google.com/spreadsheets/d/1CeexgK4KxWj3k_7nql_k8-RPxXMwTJyB4Q3vAASeDlA/edit#gid=0"",""'Game 2'!$B$2:$Q$31""),30,False),1)"),0.0) -> 0 | N88: =IFERROR(__xludf.DUMMYFUNCTION("IFERROR(HLOOKUP($A88,IMPORTRANGE(""https://docs.google.com/spreadsheets/d/1MNwUNMjcwK6bEgCXwB73jpbK5gJAXS8ZMpbEMLJEP3E/edit#gid=0"",""'Game 8'!$B$2:$Q$31""),30,False),1)"),0.0) -> 0 | O88: =IFERROR(__xludf.DUMMYFUNCTION("IFERROR(HLOOKUP($A88,IMPORTRANGE(""https://docs.google.com/spreadsheets/d/1UrzyxmT40kDZwVrLMf1yyXfP-pyczRAw9Y8Rw-uXG3c/edit#gid=0"",""'Game 8'!$B$2:$Q$31""),30,False),1)"),0.0) -> 0 | P88: =IFERROR(__xludf.DUMMYFUNCTION("IFERROR(HLOOKUP($A88,IMPORTRANGE(""https://docs.google.com/spreadsheets/d/1iyMhSYWifw-KGFtyeBpNxVZr4BhcV9hVZuShgJ9Ia0E/edit#gid=0"",""'Game 8'!$B$2:$Q$31""),30,False),1)"),0.0) -> 0 | Q88: =IFERROR(__xludf.DUMMYFUNCTION("IFERROR(HLOOKUP($A88,IMPORTRANGE(""https://docs.google.com/spreadsheets/d/1sSbIK-vvHsSY0LghLJ9gcnW8Hec_ITI2tFmpeqI999A/edit#gid=0"",""'Game 7'!$B$2:$Q$31""),30,False),1)"),0.0) -> 0 | R88: =SUM(C88:Q88) -> 11
A89: Rohil | B89: Roxbury Latin A | C89: 23 | D89: 23 | E89: 23 | F89: 23 | G89: 23 | H89: =IFERROR(__xludf.DUMMYFUNCTION("HLOOKUP($A89,IMPORTRANGE(""https://docs.google.com/spreadsheets/d/16J5ie7OD1E99qGO9lMDm8w5Yls-v190B7DTolJ5TmFc/edit#gid=0"",""'Game 4'!$B$2:$Q$31""),30,False)"),23.0) -> 23 | I89: 23 | J89: =IFERROR(__xludf.DUMMYFUNCTION("IFERROR(HLOOKUP($A89,IMPORTRANGE(""https://docs.google.com/spreadsheets/d/1CTYfdyRk_RFGM3I2iN9bKeD9zUPzEm1ajzml6VgwfIU/edit#gid=0"",""'Game 8'!$B$2:$Q$31""),30,False),0)"),23.0) -> 23 | K89: =IFERROR(__xludf.DUMMYFUNCTION("IFERROR(HLOOKUP($A89,IMPORTRANGE(""https://docs.google.com/spreadsheets/d/11NFkzOdQyW-OtxSDuGslNCgNjx7HUb2FU7KnlNnPMgY/edit#gid=0"",""'Game 8'!$B$2:$Q$31""),30,False),0)"),23.0) -> 23 | L89: =IFERROR(__xludf.DUMMYFUNCTION("IFERROR(HLOOKUP($A89,IMPORTRANGE(""https://docs.google.com/spreadsheets/d/1CLg5-jaE4ta0-u4oE1qbBplQ5Mf3Oj9ONFgL0zJ7Ol4/edit#gid=0"",""'Game 9'!$B$2:$Q$31""),30,False),1)"),0.0) -> 0 | M89: =IFERROR(__xludf.DUMMYFUNCTION("IFERROR(HLOOKUP($A89,IMPORTRANGE(""https://docs.google.com/spreadsheets/d/1CeexgK4KxWj3k_7nql_k8-RPxXMwTJyB4Q3vAASeDlA/edit#gid=0"",""'Game 2'!$B$2:$Q$31""),30,False),1)"),23.0) -> 23 | N89: =IFERROR(__xludf.DUMMYFUNCTION("IFERROR(HLOOKUP($A89,IMPORTRANGE(""https://docs.google.com/spreadsheets/d/1MNwUNMjcwK6bEgCXwB73jpbK5gJAXS8ZMpbEMLJEP3E/edit#gid=0"",""'Game 8'!$B$2:$Q$31""),30,False),1)"),23.0) -> 23 | O89: =IFERROR(__xludf.DUMMYFUNCTION("IFERROR(HLOOKUP($A89,IMPORTRANGE(""https://docs.google.com/spreadsheets/d/1UrzyxmT40kDZwVrLMf1yyXfP-pyczRAw9Y8Rw-uXG3c/edit#gid=0"",""'Game 8'!$B$2:$Q$31""),30,False),1)"),23.0) -> 23 | P89: =IFERROR(__xludf.DUMMYFUNCTION("IFERROR(HLOOKUP($A89,IMPORTRANGE(""https://docs.google.com/spreadsheets/d/1iyMhSYWifw-KGFtyeBpNxVZr4BhcV9hVZuShgJ9Ia0E/edit#gid=0"",""'Game 8'!$B$2:$Q$31""),30,False),1)"),23.0) -> 23 | Q89: =IFERROR(__xludf.DUMMYFUNCTION("IFERROR(HLOOKUP($A89,IMPORTRANGE(""https://docs.google.com/spreadsheets/d/1sSbIK-vvHsSY0LghLJ9gcnW8Hec_ITI2tFmpeqI999A/edit#gid=0"",""'Game 7'!$B$2:$Q$31""),30,False),1)"),23.0) -> 23 | R89: =SUM(C89:Q89) -> 322
A90: Teddy | B90: Roxbury Latin A | C90: 0 | D90: 12 | E90: 23 | F90: 23 | G90: 22 | H90: =IFERROR(__xludf.DUMMYFUNCTION("HLOOKUP($A90,IMPORTRANGE(""https://docs.google.com/spreadsheets/d/16J5ie7OD1E99qGO9lMDm8w5Yls-v190B7DTolJ5TmFc/edit#gid=0"",""'Game 4'!$B$2:$Q$31""),30,False)"),23.0) -> 23 | I90: 23 | J90: =IFERROR(__xludf.DUMMYFUNCTION("IFERROR(HLOOKUP($A90,IMPORTRANGE(""https://docs.google.com/spreadsheets/d/1CTYfdyRk_RFGM3I2iN9bKeD9zUPzEm1ajzml6VgwfIU/edit#gid=0"",""'Game 8'!$B$2:$Q$31""),30,False),0)"),23.0) -> 23 | K90: =IFERROR(__xludf.DUMMYFUNCTION("IFERROR(HLOOKUP($A90,IMPORTRANGE(""https://docs.google.com/spreadsheets/d/11NFkzOdQyW-OtxSDuGslNCgNjx7HUb2FU7KnlNnPMgY/edit#gid=0"",""'Game 8'!$B$2:$Q$31""),30,False),0)"),0.0) -> 0 | L90: =IFERROR(__xludf.DUMMYFUNCTION("IFERROR(HLOOKUP($A90,IMPORTRANGE(""https://docs.google.com/spreadsheets/d/1CLg5-jaE4ta0-u4oE1qbBplQ5Mf3Oj9ONFgL0zJ7Ol4/edit#gid=0"",""'Game 9'!$B$2:$Q$31""),30,False),1)"),23.0) -> 23 | M90: =IFERROR(__xludf.DUMMYFUNCTION("IFERROR(HLOOKUP($A90,IMPORTRANGE(""https://docs.google.com/spreadsheets/d/1CeexgK4KxWj3k_7nql_k8-RPxXMwTJyB4Q3vAASeDlA/edit#gid=0"",""'Game 2'!$B$2:$Q$31""),30,False),1)"),23.0) -> 23 | N90: =IFERROR(__xludf.DUMMYFUNCTION("IFERROR(HLOOKUP($A90,IMPORTRANGE(""https://docs.google.com/spreadsheets/d/1MNwUNMjcwK6bEgCXwB73jpbK5gJAXS8ZMpbEMLJEP3E/edit#gid=0"",""'Game 8'!$B$2:$Q$31""),30,False),1)"),0.0) -> 0 | O90: =IFERROR(__xludf.DUMMYFUNCTION("IFERROR(HLOOKUP($A90,IMPORTRANGE(""https://docs.google.com/spreadsheets/d/1UrzyxmT40kDZwVrLMf1yyXfP-pyczRAw9Y8Rw-uXG3c/edit#gid=0"",""'Game 8'!$B$2:$Q$31""),30,False),1)"),23.0) -> 23 | P90: =IFERROR(__xludf.DUMMYFUNCTION("IFERROR(HLOOKUP($A90,IMPORTRANGE(""https://docs.google.com/spreadsheets/d/1iyMhSYWifw-KGFtyeBpNxVZr4BhcV9hVZuShgJ9Ia0E/edit#gid=0"",""'Game 8'!$B$2:$Q$31""),30,False),1)"),23.0) -> 23 | Q90: =IFERROR(__xludf.DUMMYFUNCTION("IFERROR(HLOOKUP($A90,IMPORTRANGE(""https://docs.google.com/spreadsheets/d/1sSbIK-vvHsSY0LghLJ9gcnW8Hec_ITI2tFmpeqI999A/edit#gid=0"",""'Game 7'!$B$2:$Q$31""),30,False),1)"),0.0) -> 0 | R90: =SUM(C90:Q90) -> 241
A91: Vishnu | B91: Roxbury Latin A | C91: 23 | D91: 23 | E91: 23 | F91: 23 | G91: 23 | H91: =IFERROR(__xludf.DUMMYFUNCTION("HLOOKUP($A91,IMPORTRANGE(""https://docs.google.com/spreadsheets/d/16J5ie7OD1E99qGO9lMDm8w5Yls-v190B7DTolJ5TmFc/edit#gid=0"",""'Game 4'!$B$2:$Q$31""),30,False)"),23.0) -> 23 | I91: 23 | J91: =IFERROR(__xludf.DUMMYFUNCTION("IFERROR(HLOOKUP($A91,IMPORTRANGE(""https://docs.google.com/spreadsheets/d/1CTYfdyRk_RFGM3I2iN9bKeD9zUPzEm1ajzml6VgwfIU/edit#gid=0"",""'Game 8'!$B$2:$Q$31""),30,False),0)"),23.0) -> 23 | K91: =IFERROR(__xludf.DUMMYFUNCTION("IFERROR(HLOOKUP($A91,IMPORTRANGE(""https://docs.google.com/spreadsheets/d/11NFkzOdQyW-OtxSDuGslNCgNjx7HUb2FU7KnlNnPMgY/edit#gid=0"",""'Game 8'!$B$2:$Q$31""),30,False),0)"),23.0) -> 23 | L91: =IFERROR(__xludf.DUMMYFUNCTION("IFERROR(HLOOKUP($A91,IMPORTRANGE(""https://docs.google.com/spreadsheets/d/1CLg5-jaE4ta0-u4oE1qbBplQ5Mf3Oj9ONFgL0zJ7Ol4/edit#gid=0"",""'Game 9'!$B$2:$Q$31""),30,False),1)"),23.0) -> 23 | M91: =IFERROR(__xludf.DUMMYFUNCTION("IFERROR(HLOOKUP($A91,IMPORTRANGE(""https://docs.google.com/spreadsheets/d/1CeexgK4KxWj3k_7nql_k8-RPxXMwTJyB4Q3vAASeDlA/edit#gid=0"",""'Game 2'!$B$2:$Q$31""),30,False),1)"),23.0) -> 23 | N91: =IFERROR(__xludf.DUMMYFUNCTION("IFERROR(HLOOKUP($A91,IMPORTRANGE(""https://docs.google.com/spreadsheets/d/1MNwUNMjcwK6bEgCXwB73jpbK5gJAXS8ZMpbEMLJEP3E/edit#gid=0"",""'Game 8'!$B$2:$Q$31""),30,False),1)"),23.0) -> 23 | O91: =IFERROR(__xludf.DUMMYFUNCTION("IFERROR(HLOOKUP($A91,IMPORTRANGE(""https://docs.google.com/spreadsheets/d/1UrzyxmT40kDZwVrLMf1yyXfP-pyczRAw9Y8Rw-uXG3c/edit#gid=0"",""'Game 8'!$B$2:$Q$31""),30,False),1)"),23.0) -> 23 | P91: =IFERROR(__xludf.DUMMYFUNCTION("IFERROR(HLOOKUP($A91,IMPORTRANGE(""https://docs.google.com/spreadsheets/d/1iyMhSYWifw-KGFtyeBpNxVZr4BhcV9hVZuShgJ9Ia0E/edit#gid=0"",""'Game 8'!$B$2:$Q$31""),30,False),1)"),23.0) -> 23 | Q91: =IFERROR(__xludf.DUMMYFUNCTION("IFERROR(HLOOKUP($A91,IMPORTRANGE(""https://docs.google.com/spreadsheets/d/1sSbIK-vvHsSY0LghLJ9gcnW8Hec_ITI2tFmpeqI999A/edit#gid=0"",""'Game 7'!$B$2:$Q$31""),30,False),1)"),23.0) -> 23 | R91: =SUM(C91:Q91) -> 345
A92: Akhilsai | B92: Roxbury Latin B | C92: 23 | D92: 23 | E92: 23 | F92: 23 | G92: 23 | H92: =IFERROR(__xludf.DUMMYFUNCTION("HLOOKUP($A92,IMPORTRANGE(""https://docs.google.com/spreadsheets/d/16J5ie7OD1E99qGO9lMDm8w5Yls-v190B7DTolJ5TmFc/edit#gid=0"",""'Game 8'!$B$2:$Q$31""),30,False)"),23.0) -> 23 | I92: 23 | J92: =IFERROR(__xludf.DUMMYFUNCTION("IFERROR(HLOOKUP($A92,IMPORTRANGE(""https://docs.google.com/spreadsheets/d/1CTYfdyRk_RFGM3I2iN9bKeD9zUPzEm1ajzml6VgwfIU/edit#gid=0"",""'Game 13'!$B$2:$Q$31""),30,False),0)"),23.0) -> 23 | K92: =IFERROR(__xludf.DUMMYFUNCTION("IFERROR(HLOOKUP($A92,IMPORTRANGE(""https://docs.google.com/spreadsheets/d/11NFkzOdQyW-OtxSDuGslNCgNjx7HUb2FU7KnlNnPMgY/edit#gid=0"",""'Game 11'!$B$2:$Q$31""),30,False),0)"),23.0) -> 23 | L92: =IFERROR(__xludf.DUMMYFUNCTION("IFERROR(HLOOKUP($A92,IMPORTRANGE(""https://docs.google.com/spreadsheets/d/1CLg5-jaE4ta0-u4oE1qbBplQ5Mf3Oj9ONFgL0zJ7Ol4/edit#gid=0"",""'Game 11'!$B$2:$Q$31""),30,False),1)"),23.0) -> 23 | M92: =IFERROR(__xludf.DUMMYFUNCTION("IFERROR(HLOOKUP($A92,IMPORTRANGE(""https://docs.google.com/spreadsheets/d/1CeexgK4KxWj3k_7nql_k8-RPxXMwTJyB4Q3vAASeDlA/edit#gid=0"",""'Game 11'!$B$2:$Q$31""),30,False),1)"),23.0) -> 23 | N92: =IFERROR(__xludf.DUMMYFUNCTION("IFERROR(HLOOKUP($A92,IMPORTRANGE(""https://docs.google.com/spreadsheets/d/1MNwUNMjcwK6bEgCXwB73jpbK5gJAXS8ZMpbEMLJEP3E/edit#gid=0"",""'Game 12'!$B$2:$Q$31""),30,False),1)"),0.0) -> 0 | O92: =IFERROR(__xludf.DUMMYFUNCTION("IFERROR(HLOOKUP($A92,IMPORTRANGE(""https://docs.google.com/spreadsheets/d/1UrzyxmT40kDZwVrLMf1yyXfP-pyczRAw9Y8Rw-uXG3c/edit#gid=0"",""'Game 6'!$B$2:$Q$31""),30,False),1)"),23.0) -> 23 | P92: =IFERROR(__xludf.DUMMYFUNCTION("IFERROR(HLOOKUP($A92,IMPORTRANGE(""https://docs.google.com/spreadsheets/d/1iyMhSYWifw-KGFtyeBpNxVZr4BhcV9hVZuShgJ9Ia0E/edit#gid=0"",""'Game 1'!$B$2:$Q$31""),30,False),1)"),23.0) -> 23 | Q92: =IFERROR(__xludf.DUMMYFUNCTION("IFERROR(HLOOKUP($A92,IMPORTRANGE(""https://docs.google.com/spreadsheets/d/1sSbIK-vvHsSY0LghLJ9gcnW8Hec_ITI2tFmpeqI999A/edit#gid=0"",""'Game 13'!$B$2:$Q$31""),30,False),1)"),23.0) -> 23 | R92: =SUM(C92:Q92) -> 322
A93: Alex Y | B93: Roxbury Latin B | C93: 23 | D93: 0 | E93: 23 | F93: 23 | G93: 0 | H93: =IFERROR(__xludf.DUMMYFUNCTION("HLOOKUP($A93,IMPORTRANGE(""https://docs.google.com/spreadsheets/d/16J5ie7OD1E99qGO9lMDm8w5Yls-v190B7DTolJ5TmFc/edit#gid=0"",""'Game 8'!$B$2:$Q$31""),30,False)"),23.0) -> 23 | I93: 12 | J93: =IFERROR(__xludf.DUMMYFUNCTION("IFERROR(HLOOKUP($A93,IMPORTRANGE(""https://docs.google.com/spreadsheets/d/1CTYfdyRk_RFGM3I2iN9bKeD9zUPzEm1ajzml6VgwfIU/edit#gid=0"",""'Game 13'!$B$2:$Q$31""),30,False),0)"),0.0) -> 0 | K93: =IFERROR(__xludf.DUMMYFUNCTION("IFERROR(HLOOKUP($A93,IMPORTRANGE(""https://docs.google.com/spreadsheets/d/11NFkzOdQyW-OtxSDuGslNCgNjx7HUb2FU7KnlNnPMgY/edit#gid=0"",""'Game 11'!$B$2:$Q$31""),30,False),0)"),0.0) -> 0 | L93: =IFERROR(__xludf.DUMMYFUNCTION("IFERROR(HLOOKUP($A93,IMPORTRANGE(""https://docs.google.com/spreadsheets/d/1CLg5-jaE4ta0-u4oE1qbBplQ5Mf3Oj9ONFgL0zJ7Ol4/edit#gid=0"",""'Game 11'!$B$2:$Q$31""),30,False),1)"),23.0) -> 23 | M93: =IFERROR(__xludf.DUMMYFUNCTION("IFERROR(HLOOKUP($A93,IMPORTRANGE(""https://docs.google.com/spreadsheets/d/1CeexgK4KxWj3k_7nql_k8-RPxXMwTJyB4Q3vAASeDlA/edit#gid=0"",""'Game 11'!$B$2:$Q$31""),30,False),1)"),0.0) -> 0 | N93: =IFERROR(__xludf.DUMMYFUNCTION("IFERROR(HLOOKUP($A93,IMPORTRANGE(""https://docs.google.com/spreadsheets/d/1MNwUNMjcwK6bEgCXwB73jpbK5gJAXS8ZMpbEMLJEP3E/edit#gid=0"",""'Game 12'!$B$2:$Q$31""),30,False),1)"),23.0) -> 23 | O93: =IFERROR(__xludf.DUMMYFUNCTION("IFERROR(HLOOKUP($A93,IMPORTRANGE(""https://docs.google.com/spreadsheets/d/1UrzyxmT40kDZwVrLMf1yyXfP-pyczRAw9Y8Rw-uXG3c/edit#gid=0"",""'Game 6'!$B$2:$Q$31""),30,False),1)"),0.0) -> 0 | P93: =IFERROR(__xludf.DUMMYFUNCTION("IFERROR(HLOOKUP($A93,IMPORTRANGE(""https://docs.google.com/spreadsheets/d/1iyMhSYWifw-KGFtyeBpNxVZr4BhcV9hVZuShgJ9Ia0E/edit#gid=0"",""'Game 1'!$B$2:$Q$31""),30,False),1)"),0.0) -> 0 | Q93: =IFERROR(__xludf.DUMMYFUNCTION("IFERROR(HLOOKUP($A93,IMPORTRANGE(""https://docs.google.com/spreadsheets/d/1sSbIK-vvHsSY0LghLJ9gcnW8Hec_ITI2tFmpeqI999A/edit#gid=0"",""'Game 13'!$B$2:$Q$31""),30,False),1)"),23.0) -> 23 | R93: =SUM(C93:Q93) -> 173
A94: Dennis | B94: Roxbury Latin B | C94: 12 | D94: 12 | E94: 12 | F94: 12 | G94: 23 | H94: =IFERROR(__xludf.DUMMYFUNCTION("HLOOKUP($A94,IMPORTRANGE(""https://docs.google.com/spreadsheets/d/16J5ie7OD1E99qGO9lMDm8w5Yls-v190B7DTolJ5TmFc/edit#gid=0"",""'Game 8'!$B$2:$Q$31""),30,False)"),12.0) -> 12 | I94: 23 | J94: =IFERROR(__xludf.DUMMYFUNCTION("IFERROR(HLOOKUP($A94,IMPORTRANGE(""https://docs.google.com/spreadsheets/d/1CTYfdyRk_RFGM3I2iN9bKeD9zUPzEm1ajzml6VgwfIU/edit#gid=0"",""'Game 13'!$B$2:$Q$31""),30,False),0)"),23.0) -> 23 | K94: =IFERROR(__xludf.DUMMYFUNCTION("IFERROR(HLOOKUP($A94,IMPORTRANGE(""https://docs.google.com/spreadsheets/d/11NFkzOdQyW-OtxSDuGslNCgNjx7HUb2FU7KnlNnPMgY/edit#gid=0"",""'Game 11'!$B$2:$Q$31""),30,False),0)"),23.0) -> 23 | L94: =IFERROR(__xludf.DUMMYFUNCTION("IFERROR(HLOOKUP($A94,IMPORTRANGE(""https://docs.google.com/spreadsheets/d/1CLg5-jaE4ta0-u4oE1qbBplQ5Mf3Oj9ONFgL0zJ7Ol4/edit#gid=0"",""'Game 11'!$B$2:$Q$31""),30,False),1)"),12.0) -> 12 | M94: =IFERROR(__xludf.DUMMYFUNCTION("IFERROR(HLOOKUP($A94,IMPORTRANGE(""https://docs.google.com/spreadsheets/d/1CeexgK4KxWj3k_7nql_k8-RPxXMwTJyB4Q3vAASeDlA/edit#gid=0"",""'Game 11'!$B$2:$Q$31""),30,False),1)"),12.0) -> 12 | N94: =IFERROR(__xludf.DUMMYFUNCTION("IFERROR(HLOOKUP($A94,IMPORTRANGE(""https://docs.google.com/spreadsheets/d/1MNwUNMjcwK6bEgCXwB73jpbK5gJAXS8ZMpbEMLJEP3E/edit#gid=0"",""'Game 12'!$B$2:$Q$31""),30,False),1)"),23.0) -> 23 | O94: =IFERROR(__xludf.DUMMYFUNCTION("IFERROR(HLOOKUP($A94,IMPORTRANGE(""https://docs.google.com/spreadsheets/d/1UrzyxmT40kDZwVrLMf1yyXfP-pyczRAw9Y8Rw-uXG3c/edit#gid=0"",""'Game 6'!$B$2:$Q$31""),30,False),1)"),23.0) -> 23 | P94: =IFERROR(__xludf.DUMMYFUNCTION("IFERROR(HLOOKUP($A94,IMPORTRANGE(""https://docs.google.com/spreadsheets/d/1iyMhSYWifw-KGFtyeBpNxVZr4BhcV9hVZuShgJ9Ia0E/edit#gid=0"",""'Game 1'!$B$2:$Q$31""),30,False),1)"),23.0) -> 23 | Q94: =IFERROR(__xludf.DUMMYFUNCTION("IFERROR(HLOOKUP($A94,IMPORTRANGE(""https://docs.google.com/spreadsheets/d/1sSbIK-vvHsSY0LghLJ9gcnW8Hec_ITI2tFmpeqI999A/edit#gid=0"",""'Game 13'!$B$2:$Q$31""),30,False),1)"),23.0) -> 23 | R94: =SUM(C94:Q94) -> 268
A95: Eddy | B95: Roxbury Latin B | C95: 11 | D95: 23 | E95: 11 | F95: 0 | G95: 12 | H95: =IFERROR(__xludf.DUMMYFUNCTION("HLOOKUP($A95,IMPORTRANGE(""https://docs.google.com/spreadsheets/d/16J5ie7OD1E99qGO9lMDm8w5Yls-v190B7DTolJ5TmFc/edit#gid=0"",""'Game 8'!$B$2:$Q$31""),30,False)"),12.0) -> 12 | I95: 11 | J95: =IFERROR(__xludf.DUMMYFUNCTION("IFERROR(HLOOKUP($A95,IMPORTRANGE(""https://docs.google.com/spreadsheets/d/1CTYfdyRk_RFGM3I2iN9bKeD9zUPzEm1ajzml6VgwfIU/edit#gid=0"",""'Game 13'!$B$2:$Q$31""),30,False),0)"),11.0) -> 11 | K95: =IFERROR(__xludf.DUMMYFUNCTION("IFERROR(HLOOKUP($A95,IMPORTRANGE(""https://docs.google.com/spreadsheets/d/11NFkzOdQyW-OtxSDuGslNCgNjx7HUb2FU7KnlNnPMgY/edit#gid=0"",""'Game 11'!$B$2:$Q$31""),30,False),0)"),23.0) -> 23 | L95: =IFERROR(__xludf.DUMMYFUNCTION("IFERROR(HLOOKUP($A95,IMPORTRANGE(""https://docs.google.com/spreadsheets/d/1CLg5-jaE4ta0-u4oE1qbBplQ5Mf3Oj9ONFgL0zJ7Ol4/edit#gid=0"",""'Game 11'!$B$2:$Q$31""),30,False),1)"),11.0) -> 11 | M95: =IFERROR(__xludf.DUMMYFUNCTION("IFERROR(HLOOKUP($A95,IMPORTRANGE(""https://docs.google.com/spreadsheets/d/1CeexgK4KxWj3k_7nql_k8-RPxXMwTJyB4Q3vAASeDlA/edit#gid=0"",""'Game 11'!$B$2:$Q$31""),30,False),1)"),23.0) -> 23 | N95: =IFERROR(__xludf.DUMMYFUNCTION("IFERROR(HLOOKUP($A95,IMPORTRANGE(""https://docs.google.com/spreadsheets/d/1MNwUNMjcwK6bEgCXwB73jpbK5gJAXS8ZMpbEMLJEP3E/edit#gid=0"",""'Game 12'!$B$2:$Q$31""),30,False),1)"),0.0) -> 0 | O95: =IFERROR(__xludf.DUMMYFUNCTION("IFERROR(HLOOKUP($A95,IMPORTRANGE(""https://docs.google.com/spreadsheets/d/1UrzyxmT40kDZwVrLMf1yyXfP-pyczRAw9Y8Rw-uXG3c/edit#gid=0"",""'Game 6'!$B$2:$Q$31""),30,False),1)"),23.0) -> 23 | P95: =IFERROR(__xludf.DUMMYFUNCTION("IFERROR(HLOOKUP($A95,IMPORTRANGE(""https://docs.google.com/spreadsheets/d/1iyMhSYWifw-KGFtyeBpNxVZr4BhcV9hVZuShgJ9Ia0E/edit#gid=0"",""'Game 1'!$B$2:$Q$31""),30,False),1)"),0.0) -> 0 | Q95: =IFERROR(__xludf.DUMMYFUNCTION("IFERROR(HLOOKUP($A95,IMPORTRANGE(""https://docs.google.com/spreadsheets/d/1sSbIK-vvHsSY0LghLJ9gcnW8Hec_ITI2tFmpeqI999A/edit#gid=0"",""'Game 13'!$B$2:$Q$31""),30,False),1)"),11.0) -> 11 | R95: =SUM(C95:Q95) -> 182
A96: Ethan | B96: Roxbury Latin B | C96: 12 | D96: 12 | E96: 0 | F96: 12 | G96: 23 | H96: =IFERROR(__xludf.DUMMYFUNCTION("HLOOKUP($A96,IMPORTRANGE(""https://docs.google.com/spreadsheets/d/16J5ie7OD1E99qGO9lMDm8w5Yls-v190B7DTolJ5TmFc/edit#gid=0"",""'Game 8'!$B$2:$Q$31""),30,False)"),11.0) -> 11 | I96: 12 | J96: =IFERROR(__xludf.DUMMYFUNCTION("IFERROR(HLOOKUP($A96,IMPORTRANGE(""https://docs.google.com/spreadsheets/d/1CTYfdyRk_RFGM3I2iN9bKeD9zUPzEm1ajzml6VgwfIU/edit#gid=0"",""'Game 13'!$B$2:$Q$31""),30,False),0)"),12.0) -> 12 | K96: =IFERROR(__xludf.DUMMYFUNCTION("IFERROR(HLOOKUP($A96,IMPORTRANGE(""https://docs.google.com/spreadsheets/d/11NFkzOdQyW-OtxSDuGslNCgNjx7HUb2FU7KnlNnPMgY/edit#gid=0"",""'Game 11'!$B$2:$Q$31""),30,False),0)"),0.0) -> 0 | L96: =IFERROR(__xludf.DUMMYFUNCTION("IFERROR(HLOOKUP($A96,IMPORTRANGE(""https://docs.google.com/spreadsheets/d/1CLg5-jaE4ta0-u4oE1qbBplQ5Mf3Oj9ONFgL0zJ7Ol4/edit#gid=0"",""'Game 11'!$B$2:$Q$31""),30,False),1)"),12.0) -> 12 | M96: =IFERROR(__xludf.DUMMYFUNCTION("IFERROR(HLOOKUP($A96,IMPORTRANGE(""https://docs.google.com/spreadsheets/d/1CeexgK4KxWj3k_7nql_k8-RPxXMwTJyB4Q3vAASeDlA/edit#gid=0"",""'Game 11'!$B$2:$Q$31""),30,False),1)"),23.0) -> 23 | N96: =IFERROR(__xludf.DUMMYFUNCTION("IFERROR(HLOOKUP($A96,IMPORTRANGE(""https://docs.google.com/spreadsheets/d/1MNwUNMjcwK6bEgCXwB73jpbK5gJAXS8ZMpbEMLJEP3E/edit#gid=0"",""'Game 12'!$B$2:$Q$31""),30,False),1)"),0.0) -> 0 | O96: =IFERROR(__xludf.DUMMYFUNCTION("IFERROR(HLOOKUP($A96,IMPORTRANGE(""https://docs.google.com/spreadsheets/d/1UrzyxmT40kDZwVrLMf1yyXfP-pyczRAw9Y8Rw-uXG3c/edit#gid=0"",""'Game 6'!$B$2:$Q$31""),30,False),1)"),0.0) -> 0 | P96: =IFERROR(__xludf.DUMMYFUNCTION("IFERROR(HLOOKUP($A96,IMPORTRANGE(""https://docs.google.com/spreadsheets/d/1iyMhSYWifw-KGFtyeBpNxVZr4BhcV9hVZuShgJ9Ia0E/edit#gid=0"",""'Game 1'!$B$2:$Q$31""),30,False),1)"),23.0) -> 23 | Q96: =IFERROR(__xludf.DUMMYFUNCTION("IFERROR(HLOOKUP($A96,IMPORTRANGE(""https://docs.google.com/spreadsheets/d/1sSbIK-vvHsSY0LghLJ9gcnW8Hec_ITI2tFmpeqI999A/edit#gid=0"",""'Game 13'!$B$2:$Q$31""),30,False),1)"),0.0) -> 0 | R96: =SUM(C96:Q96) -> 152
A97: Michael | B97: Roxbury Latin B | C97: 0 | D97: 11 | E97: 11 | F97: 11 | G97: 11 | H97: =IFERROR(__xludf.DUMMYFUNCTION("HLOOKUP($A97,IMPORTRANGE(""https://docs.google.com/spreadsheets/d/16J5ie7OD1E99qGO9lMDm8w5Yls-v190B7DTolJ5TmFc/edit#gid=0"",""'Game 8'!$B$2:$Q$31""),30,False)"),11.0) -> 11 | I97: 11 | J97: =IFERROR(__xludf.DUMMYFUNCTION("IFERROR(HLOOKUP($A97,IMPORTRANGE(""https://docs.google.com/spreadsheets/d/1CTYfdyRk_RFGM3I2iN9bKeD9zUPzEm1ajzml6VgwfIU/edit#gid=0"",""'Game 13'!$B$2:$Q$31""),30,False),0)"),11.0) -> 11 | K97: =IFERROR(__xludf.DUMMYFUNCTION("IFERROR(HLOOKUP($A97,IMPORTRANGE(""https://docs.google.com/spreadsheets/d/11NFkzOdQyW-OtxSDuGslNCgNjx7HUb2FU7KnlNnPMgY/edit#gid=0"",""'Game 11'!$B$2:$Q$31""),30,False),0)"),23.0) -> 23 | L97: =IFERROR(__xludf.DUMMYFUNCTION("IFERROR(HLOOKUP($A97,IMPORTRANGE(""https://docs.google.com/spreadsheets/d/1CLg5-jaE4ta0-u4oE1qbBplQ5Mf3Oj9ONFgL0zJ7Ol4/edit#gid=0"",""'Game 11'!$B$2:$Q$31""),30,False),1)"),0.0) -> 0 | M97: =IFERROR(__xludf.DUMMYFUNCTION("IFERROR(HLOOKUP($A97,IMPORTRANGE(""https://docs.google.com/spreadsheets/d/1CeexgK4KxWj3k_7nql_k8-RPxXMwTJyB4Q3vAASeDlA/edit#gid=0"",""'Game 11'!$B$2:$Q$31""),30,False),1)"),11.0) -> 11 | N97: =IFERROR(__xludf.DUMMYFUNCTION("IFERROR(HLOOKUP($A97,IMPORTRANGE(""https://docs.google.com/spreadsheets/d/1MNwUNMjcwK6bEgCXwB73jpbK5gJAXS8ZMpbEMLJEP3E/edit#gid=0"",""'Game 12'!$B$2:$Q$31""),30,False),1)"),23.0) -> 23 | O97: =IFERROR(__xludf.DUMMYFUNCTION("IFERROR(HLOOKUP($A97,IMPORTRANGE(""https://docs.google.com/spreadsheets/d/1UrzyxmT40kDZwVrLMf1yyXfP-pyczRAw9Y8Rw-uXG3c/edit#gid=0"",""'Game 6'!$B$2:$Q$31""),30,False),1)"),21.0) -> 21 | P97: =IFERROR(__xludf.DUMMYFUNCTION("IFERROR(HLOOKUP($A97,IMPORTRANGE(""https://docs.google.com/spreadsheets/d/1iyMhSYWifw-KGFtyeBpNxVZr4BhcV9hVZuShgJ9Ia0E/edit#gid=0"",""'Game 1'!$B$2:$Q$31""),30,False),1)"),18.0) -> 18 | Q97: =IFERROR(__xludf.DUMMYFUNCTION("IFERROR(HLOOKUP($A97,IMPORTRANGE(""https://docs.google.com/spreadsheets/d/1sSbIK-vvHsSY0LghLJ9gcnW8Hec_ITI2tFmpeqI999A/edit#gid=0"",""'Game 13'!$B$2:$Q$31""),30,False),1)"),12.0) -> 12 | R97: =SUM(C97:Q97) -> 185
