Workbook

Sheet Round Robin
C2: Round Robin
B6: Index | T6: Middle | AL6: Drawing
D7: =C8 -> Eastlake NSB | F7: =C9 -> pain in the upper right quadrant of the abdomen | H7: =C10 -> Msj b wo chem and phys | J7: =C11 -> Aqil and Kyle | L7: =C12 -> Mmmmmmmeteorologyyyyyyyyyyyyyy | N7: =C13 -> 1 pound feesh | P7: P | Q7: W | R7: R | V7: =U8 -> Gamblers | X7: =U9 -> periodih table | Z7: =U10 -> Dynamic Planet Buddies | AB7: =U11 -> helicopter helicopter | AD7: =U12 -> dilli | AF7: =U13 -> Lebron james my almighty goat. Oh how glorius my king is | AH7: Pts | AI7: W | AJ7: R | AL7: Group | AM7: team # | AN7: team name
B8: 1 | C8: =AN8 -> Eastlake NSB | F8: W | G8: 36 | H8: L | I8: 10 | J8: T | K8: 16 | L8: L | M8: 8 | N8: L | O8: 10 | P8: =IFERROR(__xludf.DUMMYFUNCTION("IFERROR(SUM(FILTER(D8:O8,ISNUMBER(D8:O8))),"""")"),80.0) -> 80 | Q8: =COUNTIF(D8:O8,"W")*2+COUNTIF(D8:O8,"T") -> 3 | R8: 5 | T8: 1 | U8: =AN9 -> Gamblers | X8: L | Y8: 26 | Z8: W | AA8: 44 | AB8: L | AC8: 26 | AD8: W | AE8: 34 | AF8: L | AG8: 20 | AH8: =IFERROR(__xludf.DUMMYFUNCTION("IFERROR(SUM(FILTER(V8:AG8,ISNUMBER(V8:AG8))),"""")"),150.0) -> 150 | AI8: =COUNTIF(V8:AG8,"W")*2+COUNTIF(V8:AG8,"T") -> 4 | AJ8: 4 | AL8: Index | AM8: 21 | AN8: =IFERROR(VLOOKUP(AM8, Field!A:B,2,TRUE),"") -> Eastlake NSB
B9: 2 | C9: =AN13 -> pain in the upper right quadrant of the abdomen | D9: L | E9: 6 | H9: W | I9: 28 | J9: L | K9: 14 | L9: L | M9: 18 | N9: L | O9: 12 | P9: =IFERROR(__xludf.DUMMYFUNCTION("IFERROR(SUM(FILTER(D9:O9,ISNUMBER(D9:O9))),"""")"),78.0) -> 78 | Q9: =COUNTIF(D9:O9,"W")*2+COUNTIF(D9:O9,"T") -> 2 | R9: 6 | T9: 2 | U9: =AN14 -> periodih table | V9: W | W9: 28 | Z9: W | AA9: 34 | AB9: W | AC9: 30 | AD9: L | AE9: 14 | AF9: L | AG9: 14 | AH9: =IFERROR(__xludf.DUMMYFUNCTION("IFERROR(SUM(FILTER(V9:AG9,ISNUMBER(V9:AG9))),"""")"),120.0) -> 120 | AI9: =COUNTIF(V9:AG9,"W")*2+COUNTIF(V9:AG9,"T") -> 6 | AJ9: 2 | AL9: Middle | AM9: 1 | AN9: =IFERROR(VLOOKUP(AM9, Field!A:B,2,TRUE),"") -> Gamblers
B10: 3 | C10: =AN18 -> Msj b wo chem and phys | D10: W | E10: 26 | F10: L | G10: 8 | J10: W | K10: 24 | L10: L | M10: 10 | N10: L | O10: 28 | P10: =IFERROR(__xludf.DUMMYFUNCTION("IFERROR(SUM(FILTER(D10:O10,ISNUMBER(D10:O10))),"""")"),96.0) -> 96 | Q10: =COUNTIF(D10:O10,"W")*2+COUNTIF(D10:O10,"T") -> 4 | R10: 3 | T10: 3 | U10: =AN19 -> Dynamic Planet Buddies | V10: L | W10: 10 | X10: L | Y10: 12 | AB10: L | AC10: 24 | AD10: W | AE10: 6 | AF10: L | AG10: 8 | AH10: =IFERROR(__xludf.DUMMYFUNCTION("IFERROR(SUM(FILTER(V10:AG10,ISNUMBER(V10:AG10))),"""")"),60.0) -> 60 | AI10: =COUNTIF(V10:AG10,"W")*2+COUNTIF(V10:AG10,"T") -> 2 | AJ10: 5 | AL10: Ring | AM10: 11 | AN10: =IFERROR(VLOOKUP(AM10, Field!A:B,2,TRUE),"") -> Dulles Dolls
B11: 4 | C11: =AN23 -> Aqil and Kyle | D11: T | E11: 16 | F11: W | G11: 24 | H11: L | I11: 22 | L11: L | M11: 22 | N11: L | O11: 12 | P11: =IFERROR(__xludf.DUMMYFUNCTION("IFERROR(SUM(FILTER(D11:O11,ISNUMBER(D11:O11))),"""")"),96.0) -> 96 | Q11: =COUNTIF(D11:O11,"W")*2+COUNTIF(D11:O11,"T") -> 3 | R11: 4 | T11: 4 | U11: =AN24 -> helicopter helicopter | V11: W | W11: 28 | X11: L | Y11: 22 | Z11: W | AA11: 30 | AD11: W | AE11: 22 | AF11: L | AG11: 10 | AH11: =IFERROR(__xludf.DUMMYFUNCTION("IFERROR(SUM(FILTER(V11:AG11,ISNUMBER(V11:AG11))),"""")"),112.0) -> 112 | AI11: =COUNTIF(V11:AG11,"W")*2+COUNTIF(V11:AG11,"T") -> 6 | AJ11: 3 | AL11: Pinky | AM11: 3 | AN11: =IFERROR(VLOOKUP(AM11, Field!A:B,2,TRUE),"") -> sqrt(boneca-anurag)
B12: 5 | C12: =AN28 -> Mmmmmmmeteorologyyyyyyyyyyyyyy | D12: W | E12: 36 | F12: W | G12: 34 | H12: W | I12: 20 | J12: W | K12: 34 | N12: L | O12: 14 | P12: =IFERROR(__xludf.DUMMYFUNCTION("IFERROR(SUM(FILTER(D12:O12,ISNUMBER(D12:O12))),"""")"),138.0) -> 138 | Q12: =COUNTIF(D12:O12,"W")*2+COUNTIF(D12:O12,"T") -> 8 | R12: 2 | T12: 5 | U12: =AN29 -> dilli | V12: L | W12: 16 | X12: W | Y12: 26 | Z12: L | AA12: 0 | AB12: L | AC12: 18 | AF12: L | AG12: 0 | AH12: =IFERROR(__xludf.DUMMYFUNCTION("IFERROR(SUM(FILTER(V12:AG12,ISNUMBER(V12:AG12))),"""")"),60.0) -> 60 | AI12: =COUNTIF(V12:AG12,"W")*2+COUNTIF(V12:AG12,"T") -> 2 | AJ12: 6 | AL12: Knuckle | AM12: 4 | AN12: =IFERROR(VLOOKUP(AM12, Field!A:B,2,TRUE),"") -> Joe
B13: 6 | C13: =AN33 -> 1 pound feesh | D13: W | E13: 36 | F13: W | G13: 52 | H13: W | I13: 34 | J13: W | K13: 46 | L13: W | M13: 48 | P13: =IFERROR(__xludf.DUMMYFUNCTION("IFERROR(SUM(FILTER(D13:O13,ISNUMBER(D13:O13))),"""")"),216.0) -> 216 | Q13: =COUNTIF(D13:O13,"W")*2+COUNTIF(D13:O13,"T") -> 10 | R13: 1 | T13: 6 | U13: =AN34 -> Lebron james my almighty goat. Oh how glorius my king is | V13: W | W13: 26 | X13: W | Y13: 36 | Z13: W | AA13: 52 | AB13: W | AC13: 46 | AD13: W | AE13: 34 | AH13: =IFERROR(__xludf.DUMMYFUNCTION("IFERROR(SUM(FILTER(V13:AG13,ISNUMBER(V13:AG13))),"""")"),194.0) -> 194 | AI13: =COUNTIF(V13:AG13,"W")*2+COUNTIF(V13:AG13,"T") -> 10 | AJ13: 1 | AL13: Index | AM13: 18 | AN13: =IFERROR(VLOOKUP(AM13, Field!A:B,2,TRUE),"") -> pain in the upper right quadrant of the abdomen
P14: =SUM(P8:P13) -> 704 | AH14: =SUM(AH8:AH13) -> 696 | AL14: Middle | AM14: 22 | AN14: =IFERROR(VLOOKUP(AM14, Field!A:B,2,TRUE),"") -> periodih table
AL15: Ring | AM15: 14 | AN15: =IFERROR(VLOOKUP(AM15, Field!A:B,2,TRUE),"") -> Science Bowlers
B16: Ring | T16: Pinky | AL16: Pinky | AM16: 24 | AN16: =IFERROR(VLOOKUP(AM16, Field!A:B,2,TRUE),"") -> Mono Maestros
D17: =C18 -> Dulles Dolls | F17: =C19 -> Science Bowlers | H17: =C20 -> @khildanny92 | J17: =C21 -> in memorievan | L17: =C22 -> Orangeberries | N17: =C23 -> Galena Eatrs | P17: P | Q17: W | R17: R | V17: =U18 -> sqrt(boneca-anurag) | X17: =U19 -> Mono Maestros | Z17: =U20 -> law-abiding citizens | AB17: =U21 -> fission chips | AD17: =U22 -> Up Syndrome | AF17: =U23 -> big toe | AH17: Pts | AI17: W | AJ17: R | AL17: Knuckle | AM17: 19 | AN17: =IFERROR(VLOOKUP(AM17, Field!A:B,2,TRUE),"") -> Plezburgerchez
B18: 1 | C18: =AN10 -> Dulles Dolls | F18: W | G18: 34 | H18: L | I18: 10 | J18: L | K18: 6 | L18: L | M18: 30 | N18: T | O18: 20 | P18: =IFERROR(__xludf.DUMMYFUNCTION("IFERROR(SUM(FILTER(D18:O18,ISNUMBER(D18:O18))),"""")"),100.0) -> 100 | Q18: =COUNTIF(D18:O18,"W")*2+COUNTIF(D18:O18,"T") -> 3 | R18: 5 | T18: 1 | U18: =AN11 -> sqrt(boneca-anurag) | X18: W | Y18: 36 | Z18: L | AA18: 12 | AB18: L | AC18: 20 | AD18: W | AE18: 30 | AF18: W | AG18: 36 | AH18: =IFERROR(__xludf.DUMMYFUNCTION("IFERROR(SUM(FILTER(V18:AG18,ISNUMBER(V18:AG18))),"""")"),134.0) -> 134 | AI18: =COUNTIF(V18:AG18,"W")*2+COUNTIF(V18:AG18,"T") -> 6 | AJ18: 2 | AL18: Index | AM18: 9 | AN18: =IFERROR(VLOOKUP(AM18, Field!A:B,2,TRUE),"") -> Msj b wo chem and phys
B19: 2 | C19: =AN15 -> Science Bowlers | D19: L | E19: 16 | H19: L | I19: 4 | J19: L | K19: 2 | L19: L | M19: 16 | N19: L | O19: 46 | P19: =IFERROR(__xludf.DUMMYFUNCTION("IFERROR(SUM(FILTER(D19:O19,ISNUMBER(D19:O19))),"""")"),84.0) -> 84 | Q19: =COUNTIF(D19:O19,"W")*2+COUNTIF(D19:O19,"T") -> 0 | R19: 6 | T19: 2 | U19: =AN16 -> Mono Maestros | V19: L | W19: 30 | Z19: L | AA19: 6 | AB19: L | AC19: 18 | AD19: W | AE19: 24 | AF19: L | AG19: 4 | AH19: =IFERROR(__xludf.DUMMYFUNCTION("IFERROR(SUM(FILTER(V19:AG19,ISNUMBER(V19:AG19))),"""")"),82.0) -> 82 | AI19: =COUNTIF(V19:AG19,"W")*2+COUNTIF(V19:AG19,"T") -> 2 | AJ19: 5 | AL19: Middle | AM19: 17 | AN19: =IFERROR(VLOOKUP(AM19, Field!A:B,2,TRUE),"") -> Dynamic Planet Buddies
B20: 3 | C20: =AN20 -> @khildanny92 | D20: W | E20: 28 | F20: W | G20: 36 | J20: L | K20: 16 | L20: W | M20: 38 | N20: L | O20: 28 | P20: =IFERROR(__xludf.DUMMYFUNCTION("IFERROR(SUM(FILTER(D20:O20,ISNUMBER(D20:O20))),"""")"),146.0) -> 146 | Q20: =COUNTIF(D20:O20,"W")*2+COUNTIF(D20:O20,"T") -> 6 | R20: 3 | T20: 3 | U20: =AN21 -> law-abiding citizens | V20: W | W20: 34 | X20: W | Y20: 32 | AB20: W | AC20: 20 | AD20: W | AE20: 30 | AF20: W | AG20: 50 | AH20: =IFERROR(__xludf.DUMMYFUNCTION("IFERROR(SUM(FILTER(V20:AG20,ISNUMBER(V20:AG20))),"""")"),166.0) -> 166 | AI20: =COUNTIF(V20:AG20,"W")*2+COUNTIF(V20:AG20,"T") -> 10 | AJ20: 1 | AL20: Ring | AM20: 8 | AN20: =IFERROR(VLOOKUP(AM20, Field!A:B,2,TRUE),"") -> @khildanny92
B21: 4 | C21: =AN25 -> in memorievan | D21: W | E21: 44 | F21: W | G21: 54 | H21: W | I21: 38 | L21: W | M21: 52 | N21: W | O21: 48 | P21: =IFERROR(__xludf.DUMMYFUNCTION("IFERROR(SUM(FILTER(D21:O21,ISNUMBER(D21:O21))),"""")"),236.0) -> 236 | Q21: =COUNTIF(D21:O21,"W")*2+COUNTIF(D21:O21,"T") -> 10 | R21: 1 | T21: 4 | U21: =AN26 -> fission chips | V21: W | W21: 26 | X21: W | Y21: 24 | Z21: L | AA21: 16 | AD21: W | AE21: 20 | AF21: L | AG21: 8 | AH21: =IFERROR(__xludf.DUMMYFUNCTION("IFERROR(SUM(FILTER(V21:AG21,ISNUMBER(V21:AG21))),"""")"),94.0) -> 94 | AI21: =COUNTIF(V21:AG21,"W")*2+COUNTIF(V21:AG21,"T") -> 6 | AJ21: 3 | AL21: Pinky | AM21: 2 | AN21: =IFERROR(VLOOKUP(AM21, Field!A:B,2,TRUE),"") -> law-abiding citizens
B22: 5 | C22: =AN30 -> Orangeberries | D22: W | E22: 32 | F22: W | G22: 34 | H22: L | I22: 18 | J22: L | K22: 12 | N22: L | O22: 24 | P22: =IFERROR(__xludf.DUMMYFUNCTION("IFERROR(SUM(FILTER(D22:O22,ISNUMBER(D22:O22))),"""")"),120.0) -> 120 | Q22: =COUNTIF(D22:O22,"W")*2+COUNTIF(D22:O22,"T") -> 4 | R22: 4 | T22: 5 | U22: =AN31 -> Up Syndrome | V22: L | W22: 18 | X22: L | Y22: 18 | Z22: L | AA22: 4 | AB22: L | AC22: 18 | AF22: L | AG22: 8 | AH22: =IFERROR(__xludf.DUMMYFUNCTION("IFERROR(SUM(FILTER(V22:AG22,ISNUMBER(V22:AG22))),"""")"),66.0) -> 66 | AI22: =COUNTIF(V22:AG22,"W")*2+COUNTIF(V22:AG22,"T") -> 0 | AJ22: 6 | AL22: Knuckle | AM22: 5 | AN22: =IFERROR(VLOOKUP(AM22, Field!A:B,2,TRUE),"") -> the Index
B23: 6 | C23: =AN35 -> Galena Eatrs | D23: T | E23: 20 | F23: W | G23: 46 | H23: W | I23: 30 | J23: L | K23: 6 | L23: W | M23: 26 | P23: =IFERROR(__xludf.DUMMYFUNCTION("IFERROR(SUM(FILTER(D23:O23,ISNUMBER(D23:O23))),"""")"),128.0) -> 128 | Q23: =COUNTIF(D23:O23,"W")*2+COUNTIF(D23:O23,"T") -> 7 | R23: 2 | T23: 6 | U23: =AN36 -> big toe | V23: L | W23: 16 | X23: W | Y23: 26 | Z23: L | AA23: 12 | AB23: W | AC23: 16 | AD23: W | AE23: 16 | AH23: =IFERROR(__xludf.DUMMYFUNCTION("IFERROR(SUM(FILTER(V23:AG23,ISNUMBER(V23:AG23))),"""")"),86.0) -> 86 | AI23: =COUNTIF(V23:AG23,"W")*2+COUNTIF(V23:AG23,"T") -> 6 | AJ23: 4 | AL23: Index | AM23: 23 | AN23: =IFERROR(VLOOKUP(AM23, Field!A:B,2,TRUE),"") -> Aqil and Kyle
P24: =SUM(P18:P23) -> 814 | AH24: =SUM(AH17:AH23) -> 628 | AL24: Middle | AM24: 26 | AN24: =IFERROR(VLOOKUP(AM24, Field!A:B,2,TRUE),"") -> helicopter helicopter
AL25: Ring | AM25: 7 | AN25: =IFERROR(VLOOKUP(AM25, Field!A:B,2,TRUE),"") -> in memorievan
B26: Knuckle | AL26: Pinky | AM26: 20 | AN26: =IFERROR(VLOOKUP(AM26, Field!A:B,2,TRUE),"") -> fission chips
D27: =C28 -> Joe | F27: =C29 -> Plezburgerchez | H27: =C30 -> the Index | J27: =C31 -> phylogenetichemistree | L27: =C32 -> duckschist | N27: =C33 | P27: P | Q27: W | R27: R | V27: Schedule | AL27: Knuckle | AM27: 6 | AN27: =IFERROR(VLOOKUP(AM27, Field!A:B,2,TRUE),"") -> phylogenetichemistree
B28: 1 | C28: =AN12 -> Joe | F28: W | G28: 42 | H28: W | I28: 20 | J28: L | K28: 20 | L28: W | M28: 44 | P28: =IFERROR(__xludf.DUMMYFUNCTION("IFERROR(SUM(FILTER(D28:O28,ISNUMBER(D28:O28)))*5/4,"""")"),157.5) -> 157.5 | Q28: =COUNTIF(D28:O28,"W")*2+COUNTIF(D28:O28,"T") -> 6 | R28: 2 | V28: Round | X28: 1 | Z28: 2 | AB28: 3 | AD28: 4 | AF28: 5 | AL28: Index | AM28: 27 | AN28: =IFERROR(VLOOKUP(AM28, Field!A:B,2,TRUE),"") -> Mmmmmmmeteorologyyyyyyyyyyyyyy
B29: 2 | C29: =AN17 -> Plezburgerchez | D29: L | E29: 12 | H29: W | I29: 26 | J29: L | K29: 2 | L29: T | M29: 22 | P29: =IFERROR(__xludf.DUMMYFUNCTION("IFERROR(SUM(FILTER(D29:O29,ISNUMBER(D29:O29)))*5/4,"""")"),77.5) -> 77.5 | Q29: =COUNTIF(D29:O29,"W")*2+COUNTIF(D29:O29,"T") -> 3 | R29: 3 | V29: PDT | X29: 9:00-9:20 | Z29: 9:20-9:40 | AB29: 9:40-10:00 | AD29: 10:00-10:20 | AF29: 10:20-10:40 | AL29: Middle | AM29: 28 | AN29: =IFERROR(VLOOKUP(AM29, Field!A:B,2,TRUE),"") -> dilli
B30: 3 | C30: =AN22 -> the Index | D30: L | E30: 14 | F30: L | G30: 12 | J30: L | K30: 4 | L30: L | M30: 4 | P30: =IFERROR(__xludf.DUMMYFUNCTION("IFERROR(SUM(FILTER(D30:O30,ISNUMBER(D30:O30)))*5/4,"""")"),42.5) -> 42.5 | Q30: =COUNTIF(D30:O30,"W")*2+COUNTIF(D30:O30,"T") -> 0 | R30: 5 | V30: Room 1 | X30: 1v2 | Z30: 3v4 | AB30: 4v6 | AD30: 1v4 | AF30: 5v6 | AL30: Ring | AM30: 29 | AN30: =IFERROR(VLOOKUP(AM30, Field!A:B,2,TRUE),"") -> Orangeberries
B31: 4 | C31: =AN27 -> phylogenetichemistree | D31: W | E31: 38 | F31: W | G31: 32 | H31: W | I31: 48 | L31: W | M31: 52 | P31: =IFERROR(__xludf.DUMMYFUNCTION("IFERROR(SUM(FILTER(D31:O31,ISNUMBER(D31:O31)))*5/4,"""")"),212.5) -> 212.5 | Q31: =COUNTIF(D31:O31,"W")*2+COUNTIF(D31:O31,"T") -> 8 | R31: 1 | V31: Room 2 | X31: 3v6 | Z31: 1v6 | AB31: 2v3 | AD31: 3v5 | AF31: 1v3 | AL31: Pinky | AM31: 10 | AN31: =IFERROR(VLOOKUP(AM31, Field!A:B,2,TRUE),"") -> Up Syndrome
B32: 5 | C32: =AN32 -> duckschist | D32: L | E32: 14 | F32: T | G32: 22 | H32: W | I32: 16 | J32: L | K32: 4 | P32: =IFERROR(__xludf.DUMMYFUNCTION("IFERROR(SUM(FILTER(D32:O32,ISNUMBER(D32:O32)))*5/4,"""")"),70.0) -> 70 | Q32: =COUNTIF(D32:O32,"W")*2+COUNTIF(D32:O32,"T") -> 3 | R32: 4 | V32: Room 3 | X32: 4v5 | Z32: 2v5 | AB32: 1v5 | AD32: 2v6 | AF32: 2v4 | AL32: Knuckle | AM32: 16 | AN32: =IFERROR(VLOOKUP(AM32, Field!A:B,2,TRUE),"") -> duckschist
B33: 6 | C33: =AN37 | P33: =IFERROR(__xludf.DUMMYFUNCTION("IFERROR(SUM(FILTER(D33:O33,ISNUMBER(D33:O33))),"""")"),"") | Q33: =COUNTIF(D33:O33,"W")*2+COUNTIF(D33:O33,"T") -> 0 | AL33: Index | AM33: 25 | AN33: =IFERROR(VLOOKUP(AM33, Field!A:B,2,TRUE),"") -> 1 pound feesh
P34: =SUM(P27:P33)*5/4 -> 700 | AL34: Middle | AM34: 15 | AN34: =IFERROR(VLOOKUP(AM34, Field!A:B,2,TRUE),"") -> Lebron james my almighty goat. Oh how glorius my king is
AL35: Ring | AM35: 12 | AN35: =IFERROR(VLOOKUP(AM35, Field!A:B,2,TRUE),"") -> Galena Eatrs
AL36: Pinky | AM36: 13 | AN36: =IFERROR(VLOOKUP(AM36, Field!A:B,2,TRUE),"") -> big toe
AL37: Knuckle | AN37: =IFERROR(VLOOKUP(AM37, Field!A:B,2,TRUE),"")

Sheet Single Elimination
A2: Single Elimination
A4: PDT | B4: SE 1 (11:30 - 11:55) | D4: SE 2 (11:55 - 12:20) | G4: SE 3 (12:20-12:45) | J4: SE 4 (12:45-1:15) | M4: Closing Ceremony (1:20)
B6: in memorievan | C6: 36
C7: S1 | E7: in memorievan | F7: 44
B8: Gamblers | F8: S1
C9: 30 | H9: in memorievan | I9: 0
B10: sqrt(boneca-anurag) | C10: 18 | I10: S1
C11: S2 | E11: Galena Eatrs
B12: Galena Eatrs | F12: 34
C13: 28 | K13: law-abiding citizens | L13: 38
B14: law-abiding citizens | C14: 38 | L14: S1
C15: S3 | E15: law-abiding citizens | F15: 52
B16: helicopter helicopter | F16: S2
C17: 12 | H17: law-abiding citizens
B18: Lebron james my almighty goat. Oh how glorius my king is | C18: 48 | I18: 36
C19: S4 | E19: Lebron james my almighty goat. Oh how glorius my king is
B20: Msj b wo chem and phys | F20: 16
C21: 12 | N21: law-abiding citizens
B22: Joe | C22: 22
C23: S5 | E23: @khildanny92 | F23: 52
B24: @khildanny92 | F24: S3
C25: 50 | H25: @khildanny92 | I25: 22
B26: phylogenetichemistree | C26: 20 | I26: S2
C27: S6 | E27: fission chips
B28: fission chips | F28: -8
C29: 22 | K29: 1 pound feesh
B30: Mmmmmmmeteorologyyyyyyyyyyyyyy | C30: 20 | L30: 22
C31: S7 | E31: Mmmmmmmeteorologyyyyyyyyyyyyyy | F31: 20
B32: periodih table | F32: S4
C33: 18 | H33: 1 pound feesh
B34: 1 pound feesh | C34: 48 | I34: 26
C35: S8 | E35: 1 pound feesh
B36: Plezburgerchez | F36: 60
C37: 8

Sheet SE Seeding
B2: # | C2: Group | D2: Name | E2: Rank | F2: Points | G2: SE Seed
B3: 7 | C3: Ring | D3: in memorievan | E3: 1 | F3: 236 | G3: 1
B4: 25 | C4: Index | D4: 1 pound feesh | E4: 1 | F4: 216 | G4: 2
B5: 6 | C5: Knuckle | D5: phylogenetichemistree | E5: 1 | F5: 212.5 | G5: 3
B6: 15 | C6: Middle | D6: Lebron james my almighty goat. Oh how glorius my king is | E6: 1 | F6: 194 | G6: 4
B7: 2 | C7: Pinky | D7: law-abiding citizens | E7: 1 | F7: 166 | G7: 5
B8: 4 | C8: Knuckle | D8: Joe | E8: 2 | F8: 157.5 | G8: 6
B9: 27 | C9: Index | D9: Mmmmmmmeteorologyyyyyyyyyyyyyy | E9: 2 | F9: 138 | G9: 7
B10: 3 | C10: Pinky | D10: sqrt(boneca-anurag) | E10: 2 | F10: 134 | G10: 8
B11: 12 | C11: Ring | D11: Galena Eatrs | E11: 2 | F11: 128 | G11: 9
B12: 22 | C12: Middle | D12: periodih table | E12: 2 | F12: 120 | G12: 10
B13: 8 | C13: Ring | D13: @khildanny92 | E13: 3 | F13: 146 | G13: 11
B14: 26 | C14: Middle | D14: helicopter helicopter | E14: 3 | F14: 112 | G14: 12
... B31: 28 | C31: Middle | D31: dilli | E31: 6 | F31: 60 | G31: 29
B32: #N/A | C32: Knuckle | G32: 30

Sheet Field
A1: # | B1: Team Name | C1: Teammate 1 (A) | E1: Teammate 2 (B)
A2: 1 | B2: Gamblers | C2: Alexander W | D2: goldenorbweaver | E2: Yajur C | F2: abstractpotato | H2: green = confirmed
A3: 2 | B3: law-abiding citizens | C3: Edwin H | D3: draoethar | E3: Anurag S | F3: a.new.rag | H3: yellow = waitlist
A4: 3 | B4: sqrt(boneca-anurag) | C4: Praneel A | D4: GRB5128 | E4: Arjun D | F4: Random11
A5: 4 | B5: Joe | C5: Rohit H | D5: bomjoe | E5: Kaiwen Y | F5: __lockheedmartin
A6: 5 | B6: the Index | C6: Santhosh B | D6: santhosh_b | E6: Josh R | F6: fishyseaweed
A7: 6 | B7: phylogenetichemistree | C7: Ryan K | D7: aaronjudgeisgoat | E7: Shannon I | F7: shamp0
A8: 7 | B8: in memorievan | C8: Kian D | D8: pine2359 | E8: Ryan E | F8: stitch2506
A9: 8 | B9: @khildanny92 | C9: Daniel L | D9: dannyridel44 | E9: Akhil B | F9: abat48
A10: 9 | B10: Msj b wo chem and phys | C10: Ishaan K | D10: hellcat4024 | E10: Aravind M | F10: phospholipase_c
A11: 10 | B11: Up Syndrome | C11: Akshay R | D11: ajrspeculator_30045 | E11: Charles W | F11: ethylene09
A12: 11 | B12: Dulles Dolls | C12: Ronuk G | D12: r0nster | E12: Mahith G | F12: krimson4
A13: 12 | B13: Galena Eatrs | C13: Advai S | D13: dwaii | E13: Roshan A | F13: monoionic
A14: 13 | B14: big toe | C14: Ayden L | D14: hi_person | E14: Evan W | F14: karzinisierung
A15: 14 | B15: Science Bowlers | C15: Soham P | D15: sp9987 | E15: Hanish M | F15: 8rystal
... A30: 29 | B30: Orangeberries | C30: Sohil R | D30: pi_is_3.14 | E30: Jianyu W | F30: cloudicloud
A31: 30
