Workbook

Sheet Tournament Schedule
B2: SMH League Cup - January 4, 2025
B4: Schedule | F4: Playoff Pairings
B5: all listed times are in pacific time (PT) | F5: all listed times are in pacific time (PT)
B7: Start Time | C7: End Time | D7: Description | G7: Start Time | I7: Room 1 | J7: Room 2 | K7: Bye
B8: 0.36458333 | C8: 0.39583333 | D8: Opening Ceremony + League Match 1 | G8: 0.55208333 | H8: PO1 | I8: 45293 | J8: 45355 | K8: 5
B9: 0.39583333 | C9: 0.41666667 | D9: League Match 2 | G9: 0.57291667 | H9: PO2 | I9: 45327 | J9: 45295 | K9: 3
B10: 0.41666667 | C10: 0.4375 | D10: League Match 3 | G10: 0.59375 | H10: PO3 | I10: 45294 | J10: 45387 | K10: 2
G11: 0.61458333 | H11: PO4 | I11: 45326 | J11: 45356 | K11: 1
B12: 0.4375 | C12: 0.45833333 | D12: Break | G12: 0.63541667 | H12: PO5 | I12: 45296 | J12: 45325 | K12: 4
B14: 0.45833333 | C14: 0.47916667 | D14: League Match 4 | G14: For example, in RR3, the fourth team in each division (e.g. Albatross-4) would play in Room 2 against the fifth team in each division (e.g. Albatross-5).
B15: 0.47916667 | C15: 0.5 | D15: League Match 5
B16: 0.5 | C16: 0.52083333 | D16: League Match 6
B18: 0.52083333 | C18: 0.54166667 | D18: Break | F18: Important Links
B19: 0.54166667 | C19: 0.55208333 | D19: Halftime Show
B21: 0.55208333 | C21: 0.57291667 | D21: Playoff Match 1
B22: 0.57291667 | C22: 0.59375 | D22: Playoff Match 2 | G22: Discord server: | I22: https://discord.gg/N87yVFa3vM
B23: 0.59375 | C23: 0.61458333 | D23: Playoff Match 3 | G23: Official website: | I23: https://dannyridel44.wixsite.com/smClements024
B24: 0.61458333 | C24: 0.63541667 | D24: Playoff Match 4 | G24: Information document: | I24: https://docs.google.com/document/d/1RRNL41UogzexBgWP4H1yVr-53sru8julP50ghC_3KJ0/edit?usp=sharing
B25: 0.63541667 | C25: 0.65625 | D25: Playoff Match 5
B27: 0.67708333 | C27: 0.6875 | D27: Closing Ceremony

Sheet Team Hub
B2: League Phase Team Hub
B3: the team code to the left of team name is the Home channel of each team; H - Home Game, A - Away Game (other team's Home channel)
C6: a-1 | D6: Hunter | J6: a-2 | K6: Palo Alto | Q6: a-3 | R6: Middleton
D8: Opponent | F8: For | G8: Against | H8: Difference | K8: Opponent | M8: For | N8: Against | O8: Difference | R8: Opponent | T8: For | U8: Against | V8: Difference
C9: Match 1 | D9: Frazer | E9: A | F9: ='League Scoreboard'!E10 -> 94 | G9: ='League Scoreboard'!E8 -> 178 | H9: =F9-G9 -> -84 | J9: Match 1 | K9: JP Stevens | L9: H | M9: ='League Scoreboard'!I8 -> 140 | N9: ='League Scoreboard'!I10 -> 90 | O9: =M9-N9 -> 50 | Q9: Match 1 | R9: Ward Melville | S9: H | T9: ='League Scoreboard'!M8 -> 4 | U9: ='League Scoreboard'!M10 -> 256 | V9: =T9-U9 -> -252
C11: Match 2 | D11: ASFA | E11: H | F11: ='League Scoreboard'!E22 -> 60 | G11: ='League Scoreboard'!E24 -> 180 | H11: =F11-G11 -> -120 | J11: Match 2 | K11: Mira Loma | L11: H | M11: ='League Scoreboard'!E26 -> 106 | N11: ='League Scoreboard'!E28 -> 102 | O11: =M11-N11 -> 4 | Q11: Match 2 | R11: PRISMS | S11: A | T11: ='League Scoreboard'!E32 -> 128 | U11: ='League Scoreboard'!E30 -> 88 | V11: =T11-U11 -> 40
C13: Match 3 | D13: Stuyvesant | E13: H | F13: ='League Scoreboard'!E36 -> 130 | G13: ='League Scoreboard'!E38 -> 138 | H13: =F13-G13 -> -8 | J13: Match 3 | K13: Interlake | L13: H | M13: ='League Scoreboard'!E40 -> 150 | N13: ='League Scoreboard'!E42 -> 144 | O13: =M13-N13 -> 6 | Q13: Match 3 | R13: Frazer | S13: A | T13: ='League Scoreboard'!E46 -> 10 | U13: ='League Scoreboard'!E44 -> 214 | V13: =T13-U13 -> -204
C15: Match 4 | D15: Amador Valley | E15: H | F15: ='League Scoreboard'!E50 -> 36 | G15: ='League Scoreboard'!E52 -> 218 | H15: =F15-G15 -> -182 | J15: Match 4 | K15: Blair | L15: A | M15: ='League Scoreboard'!E56 -> 56 | N15: ='League Scoreboard'!E54 -> 186 | O15: =M15-N15 -> -130 | Q15: Match 4 | R15: Clements | S15: A | T15: ='League Scoreboard'!E60 -> 60 | U15: ='League Scoreboard'!E58 -> 134 | V15: =T15-U15 -> -74
C17: Match 5 | D17: Ward Melville | E17: A | F17: ='League Scoreboard'!E66 -> 78 | G17: ='League Scoreboard'!E64 -> 148 | H17: =F17-G17 -> -70 | J17: Match 5 | K17: Lakeside | L17: A | M17: ='League Scoreboard'!E70 -> 158 | N17: ='League Scoreboard'!E68 -> 84 | O17: =M17-N17 -> 74 | Q17: Match 5 | R17: Blair | S17: H | T17: ='League Scoreboard'!E72 -> 18 | U17: ='League Scoreboard'!E74 -> 152 | V17: =T17-U17 -> -134
C19: Match 6 | D19: Winston Churchill | E19: A | F19: ='League Scoreboard'!E80 -> 126 | G19: ='League Scoreboard'!E78 -> -4 | H19: =F19-G19 -> 130 | J19: Match 6 | K19: Ward Melville | L19: A | M19: ='League Scoreboard'!E84 -> 88 | N19: ='League Scoreboard'!E82 -> 152 | O19: =M19-N19 -> -64 | Q19: Match 6 | R19: Mira Loma | S19: H | T19: ='League Scoreboard'!E86 -> 8 | U19: ='League Scoreboard'!E88 -> 200 | V19: =T19-U19 -> -192
F20: =countif(H9:H19, ">0") -> 1 | G20: =countif(H9:H19, "<0") -> 5 | H20: =countif(H9:H19, "=0") -> 0 | M20: =countif(O9:O19, ">0") -> 4 | N20: =countif(O9:O19, "<0") -> 2 | O20: =countif(O9:O19, "=0") -> 0 | T20: =countif(V9:V19, ">0") -> 1 | U20: =countif(V9:V19, "<0") -> 5 | V20: =countif(V9:V19, "=0") -> 0
C21: League Total | E21: =3*countifs(H9:H19, ">0")+countifs(H9:H19, "=0") -> 3 | F21: =sum(F9:F19) -> 524 | G21: =sum(G9:G19) -> 858 | H21: =sum(H9:H19) -> -334 | J21: League Total | L21: =3*countifs(O9:O19, ">0")+countifs(O9:O19, "=0") -> 12 | M21: =sum(M9:M19) -> 698 | N21: =sum(N9:N19) -> 758 | O21: =sum(O9:O19) -> -60 | Q21: League Total | S21: =3*countifs(V9:V19, ">0")+countifs(V9:V19, "=0") -> 3 | T21: =sum(T9:T19) -> 228 | U21: =sum(U9:U19) -> 1044 | V21: =sum(V9:V19) -> -816
C23: Playoff 1 | D23: bye | H23: =F23-G23 -> 0 | J23: Playoff 1 | K23: Mira Loma | M23: ='Playoff Scoring'!E17 -> 94 | N23: ='Playoff Scoring'!D18 -> 108 | O23: =M23-N23 -> -14 | Q23: Playoff 1 | R23: Winston Churchill | T23: ='Playoff Scoring'!L27 -> 40 | U23: ='Playoff Scoring'!M26 -> 26 | V23: =T23-U23 -> 14
C25: Playoff 2 | D25: OCSA | F25: ='Playoff Scoring'!E30 -> 102 | G25: ='Playoff Scoring'!H27 -> 36 | H25: =F25-G25 -> 66 | J25: Playoff 2 | K25: Saratoga | M25: ='Playoff Scoring'!G17 -> 58 | N25: ='Playoff Scoring'!D20 -> 130 | O25: =M25-N25 -> -72 | Q25: Playoff 2 | R25: JP Stevens | T25: ='Playoff Scoring'!P27 -> 36 | U25: ='Playoff Scoring'!M30 -> 64 | V25: =T25-U25 -> -28
C27: Playoff 3 | D27: Clements | F27: ='Playoff Scoring'!G30 -> 50 | G27: ='Playoff Scoring'!H29 -> 130 | H27: =F27-G27 -> -80 | J27: Playoff 3 | K27: ASFA | M27: ='Playoff Scoring'!F17 -> 58 | N27: ='Playoff Scoring'!D19 -> 78 | O27: =M27-N27 -> -20 | Q27: Playoff 3 | R27: bye | V27: =T27-U27 -> 0
C29: Playoff 4 | D29: Dulles | F29: ='Playoff Scoring'!F30 -> 72 | G29: ='Playoff Scoring'!H28 -> 42 | H29: =F29-G29 -> 30 | J29: Playoff 4 | K29: bye | O29: =M29-N29 -> 0 | Q29: Playoff 4 | R29: Tokay | T29: ='Playoff Scoring'!O27 -> 16 | U29: ='Playoff Scoring'!M29 -> 0 | V29: =T29-U29 -> 16
C31: Playoff 5 | D31: PRISMS | F31: ='Playoff Scoring'!D30 -> 42 | G31: ='Playoff Scoring'!H26 -> 58 | H31: =F31-G31 -> -16 | J31: Playoff 5 | K31: University | M31: ='Playoff Scoring'!H17 -> 88 | N31: ='Playoff Scoring'!D21 -> 100 | O31: =M31-N31 -> -12 | Q31: Playoff 5 | R31: Lexington | T31: ='Playoff Scoring'!N27 -> 52 | U31: ='Playoff Scoring'!M28 -> 14 | V31: =T31-U31 -> 38
C33: Playoff Total | E33: =2*countifs(H23:H31, ">0")+countifs(H23:H31, "=0") -> 5 | F33: =sum(F23:F31) -> 266 | G33: =sum(G23:G31) -> 266 | H33: =sum(H23:H31) -> 0 | J33: Playoff Total | L33: =2*countifs(O23:O31, ">0")+countifs(O23:O31, "=0") -> 1 | M33: =sum(M23:M31) -> 298 | N33: =sum(N23:N31) -> 416 | O33: =sum(O23:O31) -> -118 | Q33: Playoff Total | S33: =2*countifs(V23:V31, ">0")+countifs(V23:V31, "=0") -> 7 | T33: =sum(T23:T31) -> 144 | U33: =sum(U23:U31) -> 104 | V33: =sum(V23:V31) -> 40
F34: =COUNTIF(H9:H19, ">0")+countif(H23:H31, ">0") -> 3 | G34: =COUNTIF(H9:H19, "<0")+countif(H23:H31, "<0") -> 7 | H34: =COUNTIF(H9:H19, "=0")+countif(H23:H31, "=0") -> 1 | M34: =COUNTIF(O9:O19, ">0")+countif(O23:O31, ">0") -> 4 | N34: =COUNTIF(O9:O19, "<0")+countif(O23:O31, "<0") -> 6 | O34: =COUNTIF(O9:O19, "=0")+countif(O23:O31, "=0") -> 1 | T34: =COUNTIF(V9:V19, ">0")+countif(V23:V31, ">0") -> 4 | U34: =COUNTIF(V9:V19, "<0")+countif(V23:V31, "<0") -> 6 | V34: =COUNTIF(V9:V19, "=0")+countif(V23:V31, "=0") -> 1
C35: Grand Total | E35: =sum(E21,E33) -> 8 | F35: =sum(F21,F33) -> 790 | G35: =sum(G21,G33) -> 1124 | H35: =sum(H21,H33) -> -334 | J35: Grand Total | L35: =sum(L21,L33) -> 13 | M35: =sum(M21,M33) -> 996 | N35: =sum(N21,N33) -> 1174 | O35: =sum(O21,O33) -> -178 | Q35: Grand Total | S35: =sum(S21,S33) -> 10 | T35: =sum(T21,T33) -> 372 | U35: =sum(U21,U33) -> 1148 | V35: =sum(V21,V33) -> -776
C37: c-1 | D37: Lexington | J37: c-2 | K37: Ward Melville | Q37: c-3 | R37: Tokay
D39: Opponent | F39: For | G39: Against | H39: Difference | K39: Opponent | M39: For | N39: Against | O39: Difference | R39: Opponent | T39: For | U39: Against | V39: Difference
C40: Match 1 | D40: Stuyvesant | E40: H | F40: ='League Scoreboard'!Q8 -> 78 | G40: ='League Scoreboard'!Q10 -> 112 | H40: =F40-G40 -> -34 | J40: Match 1 | K40: Middleton | L40: A | M40: ='League Scoreboard'!M10 -> 256 | N40: ='League Scoreboard'!M8 -> 4 | O40: =M40-N40 -> 252 | Q40: Match 1 | R40: University | S40: A | T40: ='League Scoreboard'!U8 -> 28 | U40: ='League Scoreboard'!U10 -> 224 | V40: =T40-U40 -> -196
C42: Match 2 | D42: TJHSST | E42: H | F42: ='League Scoreboard'!I22 -> 28 | G42: ='League Scoreboard'!I24 -> 172 | H42: =F42-G42 -> -144 | J42: Match 2 | K42: Dulles | L42: A | M42: ='League Scoreboard'!I28 -> 126 | N42: ='League Scoreboard'!I26 -> 110 | O42: =M42-N42 -> 16 | Q42: Match 2 | R42: Wayzata | S42: H | T42: ='League Scoreboard'!I30 -> 28 | U42: ='League Scoreboard'!I32 -> 238 | V42: =T42-U42 -> -210
C44: Match 3 | D44: Missions San Jose | E44: H | F44: ='League Scoreboard'!I36 -> 74 | G44: ='League Scoreboard'!I38 -> 130 | H44: =F44-G44 -> -56 | J44: Match 3 | K44: TJHSST | L44: A | M44: ='League Scoreboard'!I42 -> 116 | N44: ='League Scoreboard'!I40 -> 154 | O44: =M44-N44 -> -38 | Q44: Match 3 | R44: Winston Churchill | S44: H | T44: ='League Scoreboard'!I44 -> 68 | U44: ='League Scoreboard'!I46 -> 84 | V44: =T44-U44 -> -16
C46: Match 4 | D46: Arcadia | E46: A | F46: ='League Scoreboard'!I52 -> 32 | G46: ='League Scoreboard'!I50 -> 148 | H46: =F46-G46 -> -116 | J46: Match 4 | K46: Foothill | L46: H | M46: ='League Scoreboard'!I54 -> 140 | N46: ='League Scoreboard'!I56 -> 126 | O46: =M46-N46 -> 14 | Q46: Match 4 | R46: Lynbrook | S46: H | T46: ='League Scoreboard'!I58 -> 26 | U46: ='League Scoreboard'!I60 -> 196 | V46: =T46-U46 -> -170
C48: Match 5 | D48: Canyon Crest | E48: A | F48: ='League Scoreboard'!I66 -> 28 | G48: ='League Scoreboard'!I64 -> 162 | H48: =F48-G48 -> -134 | J48: Match 5 | K48: Hunter | L48: H | M48: ='League Scoreboard'!E64 -> 148 | N48: ='League Scoreboard'!E66 -> 78 | O48: =M48-N48 -> 70 | Q48: Match 5 | R48: Interlake | S48: A | T48: ='League Scoreboard'!I70 -> 22 | U48: ='League Scoreboard'!I68 -> 162 | V48: =T48-U48 -> -140
C50: Match 6 | D50: Foothill | E50: A | F50: ='League Scoreboard'!I80 -> 58 | G50: ='League Scoreboard'!I78 -> 96 | H50: =F50-G50 -> -38 | J50: Match 6 | K50: Palo Alto | L50: H | M50: ='League Scoreboard'!E82 -> 152 | N50: ='League Scoreboard'!E84 -> 88 | O50: =M50-N50 -> 64 | Q50: Match 6 | R50: Arcadia | S50: A | T50: ='League Scoreboard'!I84 -> 26 | U50: ='League Scoreboard'!I82 -> 114 | V50: =T50-U50 -> -88
F51: =countif(H40:H50, ">0") -> 0 | G51: =countif(H40:H50, "<0") -> 6 | H51: =countif(H40:H50, "=0") -> 0 | M51: =countif(O40:O50, ">0") -> 5 | N51: =countif(O40:O50, "<0") -> 1 | O51: =countif(O40:O50, "=0") -> 0 | T51: =countif(V40:V50, ">0") -> 0 | U51: =countif(V40:V50, "<0") -> 6 | V51: =countif(V40:V50, "=0") -> 0
C52: League Total | E52: =3*countifs(H40:H50, ">0")+countifs(H40:H50, "=0") -> 0 | F52: =sum(F40:F50) -> 298 | G52: =sum(G40:G50) -> 820 | H52: =sum(H40:H50) -> -522 | J52: League Total | L52: =3*countifs(O40:O50, ">0")+countifs(O40:O50, "=0") -> 15 | M52: =sum(M40:M50) -> 938 | N52: =sum(N40:N50) -> 560 | O52: =sum(O40:O50) -> 378 | Q52: League Total | S52: =3*countifs(V40:V50, ">0")+countifs(V40:V50, "=0") -> 0 | T52: =sum(T40:T50) -> 198 | U52: =sum(U40:U50) -> 1018 | V52: =sum(V40:V50) -> -820
C54: Playoff 1 | D54: Tokay | F54: ='Playoff Scoring'!O28 -> 68 | G54: ='Playoff Scoring'!N29 -> 8 | H54: =F54-G54 -> 60 | J54: Playoff 1 | K54: Blair | M54: ='Playoff Scoring'!M8 -> 18 | N54: ='Playoff Scoring'!L9 -> 116 | O54: =M54-N54 -> -98 | Q54: Playoff 1 | R54: Lexington | T54: 8 | U54: 68 | V54: =T54-U54 -> -60
C56: Playoff 2 | D56: bye | H56: =F56-G56 -> 0 | J56: Playoff 2 | K56: Frazer | M56: ='Playoff Scoring'!O8 -> 58 | N56: ='Playoff Scoring'!L11 -> 144 | O56: =M56-N56 -> -86 | Q56: Playoff 2 | R56: Winston Churchill | T56: 0 | U56: ='Playoff Scoring'!O26 -> 0 | V56: =T56-U56 -> 0
C58: Playoff 3 | D58: Winston Churchill | F58: ='Playoff Scoring'!L28 -> 40 | G58: ='Playoff Scoring'!N26 -> 30 | H58: =F58-G58 -> 10 | J58: Playoff 3 | K58: Arcadia | M58: ='Playoff Scoring'!N8 -> 110 | N58: ='Playoff Scoring'!L10 -> 80 | O58: =M58-N58 -> 30 | Q58: Playoff 3 | R58: JP Stevens | T58: 0 | U58: ='Playoff Scoring'!O30 -> 32 | V58: =T58-U58 -> -32
C60: Playoff 4 | D60: JP Stevens | F60: ='Playoff Scoring'!P28 -> 48 | G60: ='Playoff Scoring'!N30 -> 18 | H60: =F60-G60 -> 30 | J60: Playoff 4 | K60: bye | O60: =M60-N60 -> 0 | Q60: Playoff 4 | R60: Middleton | T60: 0 | U60: ='Playoff Scoring'!O27 -> 16 | V60: =T60-U60 -> -16
C62: Playoff 5 | D62: Middleton | F62: ='Playoff Scoring'!M28 -> 14 | G62: ='Playoff Scoring'!N27 -> 52 | H62: =F62-G62 -> -38 | J62: Playoff 5 | K62: MSJ | M62: ='Playoff Scoring'!P8 -> 92 | N62: ='Playoff Scoring'!L12 -> 86 | O62: =M62-N62 -> 6 | Q62: Playoff 5 | R62: bye | V62: =T62-U62 -> 0
C64: Playoff Total | E64: =2*countifs(H54:H62, ">0")+countifs(H54:H62, "=0") -> 7 | F64: =sum(F54:F62) -> 170 | G64: =sum(G54:G62) -> 108 | H64: =sum(H54:H62) -> 62 | J64: Playoff Total | L64: =2*countifs(O54:O62, ">0")+countifs(O54:O62, "=0") -> 5 | M64: =sum(M54:M62) -> 278 | N64: =sum(N54:N62) -> 426 | O64: =sum(O54:O62) -> -148 | Q64: Playoff Total | S64: =2*countifs(V54:V62, ">0")+countifs(V54:V62, "=0") -> 2 | T64: =sum(T54:T62) -> 8 | U64: =sum(U54:U62) -> 116 | V64: =sum(V54:V62) -> -108
F65: =COUNTIF(H40:H50, ">0")+countif(H54:H62, ">0") -> 3 | G65: =COUNTIF(H40:H50, "<0")+countif(H54:H62, "<0") -> 7 | H65: =COUNTIF(H40:H50, "=0")+countif(H54:H62, "=0") -> 1 | M65: =COUNTIF(O40:O50, ">0")+countif(O54:O62, ">0") -> 7 | N65: =COUNTIF(O40:O50, "<0")+countif(O54:O62, "<0") -> 3 | O65: =COUNTIF(O40:O50, "=0")+countif(O54:O62, "=0") -> 1 | T65: =COUNTIF(V40:V50, ">0")+countif(V54:V62, ">0") -> 0 | U65: =COUNTIF(V40:V50, "<0")+countif(V54:V62, "<0") -> 9 | V65: =COUNTIF(V40:V50, "=0")+countif(V54:V62, "=0") -> 2
C66: Grand Total | E66: =sum(E52,E64) -> 7 | F66: =sum(F52,F64) -> 468 | G66: =sum(G52,G64) -> 928 | H66: =sum(H52,H64) -> -460 | J66: Grand Total | L66: =sum(L52,L64) -> 20 | M66: =sum(M52,M64) -> 1216 | N66: =sum(N52,N64) -> 986 | O66: =sum(O52,O64) -> 230 | Q66: Grand Total | S66: =sum(S52,S64) -> 2 | T66: =sum(T52,T64) -> 206 | U66: =sum(U52,U64) -> 1134 | V66: =sum(V52,V64) -> -928
C68: d-1 | D68: OCSA | J68: d-2 | K68: Canyon Crest | Q68: d-3 | R68: WWPS
D70: Opponent | F70: For | G70: Against | H70: Difference | K70: Opponent | M70: For | N70: Against | O70: Difference | R70: Opponent | T70: For | U70: Against | V70: Difference
C71: Match 1 | D71: Mira Loma | E71: A | F71: ='League Scoreboard'!E14 -> 80 | G71: ='League Scoreboard'!E12 -> 204 | H71: =F71-G71 -> -124 | J71: Match 1 | K71: PRISMS | L71: H | M71: ='League Scoreboard'!I12 -> 138 | N71: ='League Scoreboard'!I14 -> 76 | O71: =M71-N71 -> 62 | Q71: Match 1 | R71: ASFA | S71: A | T71: ='League Scoreboard'!M14 -> 52 | U71: ='League Scoreboard'!M12 -> 182 | V71: =T71-U71 -> -130
C73: Match 2 | D73: Interlake | E73: H | F73: ='League Scoreboard'!M22 -> 56 | G73: ='League Scoreboard'!M24 -> 210 | H73: =F73-G73 -> -154 | J73: Match 2 | K73: Lynbrook | L73: A | M73: ='League Scoreboard'!M28 -> 58 | N73: ='League Scoreboard'!M26 -> 208 | O73: =M73-N73 -> -150 | Q73: Match 2 | R73: JP Stevens | S73: A | T73: ='League Scoreboard'!M32 -> 148 | U73: ='League Scoreboard'!M30 -> 60 | V73: =T73-U73 -> 88
C75: Match 3 | D75: Blair | E75: H | F75: ='League Scoreboard'!M36 -> 108 | G75: ='League Scoreboard'!M38 -> 126 | H75: =F75-G75 -> -18 | J75: Match 3 | K75: ASFA | L75: H | M75: ='League Scoreboard'!M40 -> 134 | N75: ='League Scoreboard'!M42 -> 82 | O75: =M75-N75 -> 52 | Q75: Match 3 | R75: Mira Loma | S75: A | T75: ='League Scoreboard'!M46 -> 132 | U75: ='League Scoreboard'!M44 -> 126 | V75: =T75-U75 -> 6
C77: Match 4 | D77: Lakeside | E77: H | F77: ='League Scoreboard'!M50 -> 40 | G77: ='League Scoreboard'!M52 -> 166 | H77: =F77-G77 -> -126 | J77: Match 4 | K77: JP Stevens | L77: A | M77: ='League Scoreboard'!M56 -> 274 | N77: ='League Scoreboard'!M54 -> 22 | O77: =M77-N77 -> 252 | Q77: Match 4 | R77: Wayzata | S77: H | T77: ='League Scoreboard'!Q54 -> 82 | U77: ='League Scoreboard'!Q52 -> 136 | V77: =T77-U77 -> -54
C79: Match 5 | D79: Clements | E79: A | F79: ='League Scoreboard'!I74 -> 110 | G79: ='League Scoreboard'!I72 -> 94 | H79: =F79-G79 -> 16 | J79: Match 5 | K79: Lexington | L79: H | M79: ='League Scoreboard'!I64 -> 162 | N79: ='League Scoreboard'!I66 -> 28 | O79: =M79-N79 -> 134 | Q79: Match 5 | R79: Winston Churchill | S79: H | T79: ='League Scoreboard'!M64 -> 128 | U79: ='League Scoreboard'!M66 -> 60 | V79: =T79-U79 -> 68
C81: Match 6 | D81: JP Stevens | E81: A | F81: ='League Scoreboard'!I88 -> 116 | G81: ='League Scoreboard'!I86 -> 46 | H81: =F81-G81 -> 70 | J81: Match 6 | K81: Saratoga | L81: A | M81: ='League Scoreboard'!U84 -> 142 | N81: ='League Scoreboard'!U82 -> 64 | O81: =M81-N81 -> 78 | Q81: Match 6 | R81: Lynbrook | S81: H | T81: ='League Scoreboard'!M78 -> 66 | U81: ='League Scoreboard'!M80 -> 180 | V81: =T81-U81 -> -114
F82: =countif(H71:H81, ">0") -> 2 | G82: =countif(H71:H81, "<0") -> 4 | H82: =countif(H71:H81, "=0") -> 0 | M82: =countif(O71:O81, ">0") -> 5 | N82: =countif(O71:O81, "<0") -> 1 | O82: =countif(O71:O81, "=0") -> 0 | T82: =countif(V71:V81, ">0") -> 3 | U82: =countif(V71:V81, "<0") -> 3 | V82: =countif(V71:V81, "=0") -> 0
C83: League Total | E83: =3*countifs(H71:H81, ">0")+countifs(H71:H81, "=0") -> 6 | F83: =sum(F71:F81) -> 510 | G83: =sum(G71:G81) -> 846 | H83: =sum(H71:H81) -> -336 | J83: League Total | L83: =3*countifs(O71:O81, ">0")+countifs(O71:O81, "=0") -> 15 | M83: =sum(M71:M81) -> 908 | N83: =sum(N71:N81) -> 480 | O83: =sum(O71:O81) -> 428 | Q83: League Total | S83: =3*countifs(V71:V81, ">0")+countifs(V71:V81, "=0") -> 9 | T83: =sum(T71:T81) -> 608 | U83: =sum(U71:U81) -> 744 | V83: =sum(V71:V81) -> -136
C85: Playoff 1 | D85: PRISMS | F85: ='Playoff Scoring'!D27 -> 10 | G85: ='Playoff Scoring'!E26 -> 114 | H85: =F85-G85 -> -104 | J85: Playoff 1 | K85: bye | O85: =M85-N85 -> 0 | Q85: Playoff 1 | R85: Wayzata | T85: ='Playoff Scoring'!N20 -> 80 | U85: ='Playoff Scoring'!O19 -> 92 | V85: =T85-U85 -> -12
C87: Playoff 2 | D87: Hunter | F87: ='Playoff Scoring'!H27 -> 36 | G87: ='Playoff Scoring'!E30 -> 102 | H87: =F87-G87 -> -66 | J87: Playoff 2 | K87: Lynbrook | M87: ='Playoff Scoring'!E12 -> 74 | N87: ='Playoff Scoring'!H9 -> 144 | O87: =M87-N87 -> -70 | Q87: Playoff 2 | R87: Foothill | T87: ='Playoff Scoring'!L20 -> 106 | U87: ='Playoff Scoring'!O17 -> 22 | V87: =T87-U87 -> 84
C89: Playoff 3 | D89: bye | H89: =F89-G89 -> 0 | J89: Playoff 3 | K89: TJHSST | M89: ='Playoff Scoring'!G12 -> 74 | N89: ='Playoff Scoring'!H11 -> 76 | O89: =M89-N89 -> -2 | Q89: Playoff 3 | R89: Stuyvesant | T89: ='Playoff Scoring'!P20 -> 102 | U89: ='Playoff Scoring'!O21 -> 48 | V89: =T89-U89 -> 54
C91: Playoff 4 | D91: Clements | F91: ='Playoff Scoring'!G27 -> 58 | G91: ='Playoff Scoring'!E29 -> 34 | H91: =F91-G91 -> 24 | J91: Playoff 4 | K91: Interlake | M91: ='Playoff Scoring'!F12 -> 78 | N91: ='Playoff Scoring'!H10 -> 96 | O91: =M91-N91 -> -18 | Q91: Playoff 4 | R91: Lakeside | T91: ='Playoff Scoring'!M20 -> 78 | U91: ='Playoff Scoring'!O18 -> 58 | V91: =T91-U91 -> 20
C93: Playoff 5 | D93: Dulles | F93: ='Playoff Scoring'!F27 -> 34 | G93: ='Playoff Scoring'!E28 -> 24 | H93: =F93-G93 -> 10 | J93: Playoff 5 | K93: Amador Valley | M93: ='Playoff Scoring'!D12 -> 82 | N93: ='Playoff Scoring'!H8 -> 84 | O93: =M93-N93 -> -2 | Q93: Playoff 5 | R93: bye | V93: =T93-U93 -> 0
C95: Playoff Total | E95: =2*countifs(H85:H93, ">0")+countifs(H85:H93, "=0") -> 5 | F95: =sum(F85:F93) -> 138 | G95: =sum(G85:G93) -> 274 | H95: =sum(H85:H93) -> -136 | J95: Playoff Total | L95: =2*countifs(O85:O93, ">0")+countifs(O85:O93, "=0") -> 1 | M95: =sum(M85:M93) -> 308 | N95: =sum(N85:N93) -> 400 | O95: =sum(O85:O93) -> -92 | Q95: Playoff Total | S95: =2*countifs(V85:V93, ">0")+countifs(V85:V93, "=0") -> 7 | T95: =sum(T85:T93) -> 366 | U95: =sum(U85:U93) -> 220 | V95: =sum(V85:V93) -> 146
F96: =COUNTIF(H71:H81, ">0")+countif(H85:H93, ">0") -> 4 | G96: =COUNTIF(H71:H81, "<0")+countif(H85:H93, "<0") -> 6 | H96: =COUNTIF(H71:H81, "=0")+countif(H85:H93, "=0") -> 1 | M96: =COUNTIF(O71:O81, ">0")+countif(O85:O93, ">0") -> 5 | N96: =COUNTIF(O71:O81, "<0")+countif(O85:O93, "<0") -> 5 | O96: =COUNTIF(O71:O81, "=0")+countif(O85:O93, "=0") -> 1 | T96: =COUNTIF(V71:V81, ">0")+countif(V85:V93, ">0") -> 6 | U96: =COUNTIF(V71:V81, "<0")+countif(V85:V93, "<0") -> 4 | V96: =COUNTIF(V71:V81, "=0")+countif(V85:V93, "=0") -> 1
C97: Grand Total | E97: =sum(E83,E95) -> 11 | F97: =sum(F83,F95) -> 648 | G97: =sum(G83,G95) -> 1120 | H97: =sum(H83,H95) -> -472 | J97: Grand Total | L97: =sum(L83,L95) -> 16 | M97: =sum(M83,M95) -> 1216 | N97: =sum(N83,N95) -> 880 | O97: =sum(O83,O95) -> 336 | Q97: Grand Total | S97: =sum(S83,S95) -> 16 | T97: =sum(T83,T95) -> 974 | U97: =sum(U83,U95) -> 964 | V97: =sum(V83,V95) -> 10
C99: e-1 | D99: Wayzata | J99: e-2 | K99: Dulles | Q99: e-3 | R99: Mira Loma
D101: Opponent | F101: For | G101: Against | H101: Difference | K101: Opponent | M101: For | N101: Against | O101: Difference | R101: Opponent | T101: For | U101: Against | V101: Difference
C102: Match 1 | D102: Interlake | E102: H | F102: ='League Scoreboard'!Q12 -> 48 | G102: ='League Scoreboard'!Q14 -> 242 | H102: =F102-G102 -> -194 | J102: Match 1 | K102: TJHSST | L102: A | M102: ='League Scoreboard'!U14 -> 66 | N102: ='League Scoreboard'!U12 -> 206 | O102: =M102-N102 -> -140 | Q102: Match 1 | R102: OCSA | S102: H | T102: ='League Scoreboard'!E12 -> 204 | U102: ='League Scoreboard'!E14 -> 80 | V102: =T102-U102 -> 124
C104: Match 2 | D104: Tokay | E104: A | F104: ='League Scoreboard'!I32 -> 238 | G104: ='League Scoreboard'!I30 -> 28 | H104: =F104-G104 -> 210 | J104: Match 2 | K104: Ward Melville | L104: H | M104: ='League Scoreboard'!I26 -> 110 | N104: ='League Scoreboard'!I28 -> 126 | O104: =M104-N104 -> -16 | Q104: Match 2 | R104: Palo Alto | S104: A | T104: ='League Scoreboard'!E28 -> 102 | U104: ='League Scoreboard'!E26 -> 106 | V104: =T104-U104 -> -4
C106: Match 3 | D106: Amador Valley | E106: A | F106: ='League Scoreboard'!Q38 -> 84 | G106: ='League Scoreboard'!Q36 -> 194 | H106: =F106-G106 -> -110 | J106: Match 3 | K106: JP Stevens | L106: H | M106: ='League Scoreboard'!Q40 -> 230 | N106: ='League Scoreboard'!Q42 -> 46 | O106: =M106-N106 -> 184 | Q106: Match 3 | R106: WWPS | S106: H | T106: ='League Scoreboard'!M44 -> 126 | U106: ='League Scoreboard'!M46 -> 132 | V106: =T106-U106 -> -6
C108: Match 4 | D108: WWPS | E108: A | F108: ='League Scoreboard'!Q52 -> 136 | G108: ='League Scoreboard'!Q50 -> 98 | H108: =F108-G108 -> 38 | J108: Match 4 | K108: Mira Loma | L108: H | M108: ='League Scoreboard'!Q54 -> 82 | N108: ='League Scoreboard'!Q56 -> 126 | O108: =M108-N108 -> -44 | Q108: Match 4 | R108: Dulles | S108: A | T108: ='League Scoreboard'!Q56 -> 126 | U108: ='League Scoreboard'!Q54 -> 82 | V108: =T108-U108 -> 44
C110: Match 5 | D110: Stuyvesant | E110: H | F110: ='League Scoreboard'!M68 -> 174 | G110: ='League Scoreboard'!M70 -> 64 | H110: =F110-G110 -> 110 | J110: Match 5 | K110: MSJ | L110: A | M110: ='League Scoreboard'!M74 -> 88 | N110: ='League Scoreboard'!M72 -> 154 | O110: =M110-N110 -> -66 | Q110: Match 5 | R110: Frazer | S110: H | T110: ='League Scoreboard'!Q64 -> 76 | U110: ='League Scoreboard'!Q66 -> 134 | V110: =T110-U110 -> -58
C112: Match 6 | D112: TJHSST | E112: H | F112: ='League Scoreboard'!M82 -> 72 | G112: ='League Scoreboard'!M84 -> 136 | H112: =F112-G112 -> -64 | J112: Match 6 | K112: Blair | L112: A | M112: ='League Scoreboard'!M88 -> 68 | N112: ='League Scoreboard'!M86 -> 76 | O112: =M112-N112 -> -8 | Q112: Match 6 | R112: Middleton | S112: A | T112: ='League Scoreboard'!E88 -> 200 | U112: ='League Scoreboard'!E86 -> 8 | V112: =T112-U112 -> 192
F113: =countif(H102:H112, ">0") -> 3 | G113: =countif(H102:H112, "<0") -> 3 | H113: =countif(H102:H112, "=0") -> 0 | M113: =countif(O102:O112, ">0") -> 1 | N113: =countif(O102:O112, "<0") -> 5 | O113: =countif(O102:O112, "=0") -> 0 | T113: =countif(V102:V112, ">0") -> 3 | U113: =countif(V102:V112, "<0") -> 3 | V113: =countif(V102:V112, "=0") -> 0
C114: League Total | E114: =3*countifs(H102:H112, ">0")+countifs(H102:H112, "=0") -> 9 | F114: =sum(F102:F112) -> 752 | G114: =sum(G102:G112) -> 762 | H114: =sum(H102:H112) -> -10 | J114: League Total | L114: =3*countifs(O102:O112, ">0")+countifs(O102:O112, "=0") -> 3 | M114: =sum(M102:M112) -> 644 | N114: =sum(N102:N112) -> 734 | O114: =sum(O102:O112) -> -90 | Q114: League Total | S114: =3*countifs(V102:V112, ">0")+countifs(V102:V112, "=0") -> 9 | T114: =sum(T102:T112) -> 834 | U114: =sum(U102:U112) -> 542 | V114: =sum(V102:V112) -> 292
C116: Playoff 1 | D116: WWPS | F116: ='Playoff Scoring'!O19 -> 92 | H116: =F116-G116 -> 92 | J116: Playoff 1 | K116: Clements | M116: ='Playoff Scoring'!G28 -> 56 | N116: ='Playoff Scoring'!F29 -> 78 | O116: =M116-N116 -> -22 | Q116: Playoff 1 | R116: Palo Alto | T116: ='Playoff Scoring'!D18 -> 108 | U116: ='Playoff Scoring'!E17 -> 94 | V116: =T116-U116 -> 14
C118: Playoff 2 | D118: bye | H118: =F118-G118 -> 0 | J118: Playoff 2 | K118: bye | O118: =M118-N118 -> 0 | Q118: Playoff 2 | R118: University | T118: ='Playoff Scoring'!H18 -> 96 | U118: ='Playoff Scoring'!E21 -> 24 | V118: =T118-U118 -> 72
C120: Playoff 3 | D120: Foothill | F120: ='Playoff Scoring'!L19 -> 88 | G120: ='Playoff Scoring'!N17 -> 64 | H120: =F120-G120 -> 24 | J120: Playoff 3 | K120: PRISMS | M120: ='Playoff Scoring'!D28 -> 78 | N120: ='Playoff Scoring'!F26 -> 94 | O120: =M120-N120 -> -16 | Q120: Playoff 3 | R120: bye | V120: =T120-U120 -> 0
C122: Playoff 4 | D122: Stuyvesant | F122: ='Playoff Scoring'!P19 -> 50 | G122: ='Playoff Scoring'!N21 -> 44 | H122: =F122-G122 -> 6 | J122: Playoff 4 | K122: Hunter | M122: ='Playoff Scoring'!H28 -> 42 | N122: ='Playoff Scoring'!F30 -> 72 | O122: =M122-N122 -> -30 | Q122: Playoff 4 | R122: Saratoga | T122: ='Playoff Scoring'!G18 -> 102 | U122: ='Playoff Scoring'!E20 -> 42 | V122: =T122-U122 -> 60
C124: Playoff 5 | D124: Lakeside | F124: ='Playoff Scoring'!M19 -> 66 | G124: ='Playoff Scoring'!N18 -> 78 | H124: =F124-G124 -> -12 | J124: Playoff 5 | K124: OCSA | M124: ='Playoff Scoring'!E28 -> 24 | N124: ='Playoff Scoring'!F27 -> 34 | O124: =M124-N124 -> -10 | Q124: Playoff 5 | R124: ASFA | T124: ='Playoff Scoring'!F18 -> 42 | U124: ='Playoff Scoring'!E19 -> 124 | V124: =T124-U124 -> -82
C126: Playoff Total | E126: =2*countifs(H116:H124, ">0")+countifs(H116:H124, "=0") -> 7 | F126: =sum(F116:F124) -> 296 | G126: =sum(G116:G124) -> 186 | H126: =sum(H116:H124) -> 110 | J126: Playoff Total | L126: =2*countifs(O116:O124, ">0")+countifs(O116:O124, "=0") -> 1 | M126: =sum(M116:M124) -> 200 | N126: =sum(N116:N124) -> 278 | O126: =sum(O116:O124) -> -78 | Q126: Playoff Total | S126: =2*countifs(V116:V124, ">0")+countifs(V116:V124, "=0") -> 7 | T126: =sum(T116:T124) -> 348 | U126: =sum(U116:U124) -> 284 | V126: =sum(V116:V124) -> 64
F127: =COUNTIF(H102:H112, ">0")+countif(H116:H124, ">0") -> 6 | G127: =COUNTIF(H102:H112, "<0")+countif(H116:H124, "<0") -> 4 | H127: =COUNTIF(H102:H112, "=0")+countif(H116:H124, "=0") -> 1 | M127: =COUNTIF(O102:O112, ">0")+countif(O116:O124, ">0") -> 1 | N127: =COUNTIF(O102:O112, "<0")+countif(O116:O124, "<0") -> 9 | O127: =COUNTIF(O102:O112, "=0")+countif(O116:O124, "=0") -> 1 | T127: =COUNTIF(V102:V112, ">0")+countif(V116:V124, ">0") -> 6 | U127: =COUNTIF(V102:V112, "<0")+countif(V116:V124, "<0") -> 4 | V127: =COUNTIF(V102:V112, "=0")+countif(V116:V124, "=0") -> 1
C128: Grand Total | E128: =sum(E114,E126) -> 16 | F128: =sum(F114,F126) -> 1048 | G128: =sum(G114,G126) -> 948 | H128: =sum(H114,H126) -> 100 | J128: Grand Total | L128: =sum(L114,L126) -> 4 | M128: =sum(M114,M126) -> 844 | N128: =sum(N114,N126) -> 1012 | O128: =sum(O114,O126) -> -168 | Q128: Grand Total | S128: =sum(S114,S126) -> 16 | T128: =sum(T114,T126) -> 1182 | U128: =sum(U114,U126) -> 826 | V128: =sum(V114,V126) -> 356
C130: f-1 | D130: Lakeside | J130: f-2 | K130: Mission San Jose | Q130: f-3 | R130: PRISMS
D132: Opponent | F132: For | G132: Against | H132: Difference | K132: Opponent | M132: For | N132: Against | O132: Difference | R132: Opponent | T132: For | U132: Against | V132: Difference
C133: Match 1 | D133: Blair | E133: H | F133: ='League Scoreboard'!E16 -> 136 | G133: ='League Scoreboard'!E18 -> 128 | H133: =F133-G133 -> 8 | J133: Match 1 | K133: Foothill | L133: A | M133: ='League Scoreboard'!I18 -> 126 | N133: ='League Scoreboard'!I16 -> 134 | O133: =M133-N133 -> -8 | Q133: Match 1 | R133: Canyon Crest | S133: A | T133: ='League Scoreboard'!M14 -> 52 | U133: ='League Scoreboard'!M12 -> 182 | V133: =T133-U133 -> -130
C135: Match 2 | D135: University | E135: A | F135: ='League Scoreboard'!Q24 -> 102 | G135: ='League Scoreboard'!Q22 -> 154 | H135: =F135-G135 -> -52 | J135: Match 2 | K135: Winston Churchill | L135: A | M135: ='League Scoreboard'!Q28 -> 148 | N135: ='League Scoreboard'!Q26 -> 30 | O135: =M135-N135 -> 118 | Q135: Match 2 | R135: Middleton | S135: H | T135: ='League Scoreboard'!E30 -> 88 | U135: ='League Scoreboard'!E32 -> 128 | V135: =T135-U135 -> -40
C137: Match 3 | D137: Clements | E137: H | F137: ='League Scoreboard'!Q44 -> 182 | G137: ='League Scoreboard'!Q46 -> 106 | H137: =F137-G137 -> 76 | J137: Match 3 | K137: Lexington | L137: A | M137: ='League Scoreboard'!I38 -> 130 | N137: ='League Scoreboard'!I36 -> 74 | O137: =M137-N137 -> 56 | Q137: Match 3 | R137: Arcadia | S137: H | T137: ='League Scoreboard'!U36 -> 136 | U137: ='League Scoreboard'!U38 -> 150 | V137: =T137-U137 -> -14
C139: Match 4 | D139: OCSA | E139: A | F139: ='League Scoreboard'!M52 -> 166 | G139: ='League Scoreboard'!M50 -> 40 | H139: =F139-G139 -> 126 | J139: Match 4 | K139: ASFA | L139: H | M139: ='League Scoreboard'!Q58 -> 40 | N139: ='League Scoreboard'!Q60 -> 162 | O139: =M139-N139 -> -122 | Q139: Match 4 | R139: University | S139: H | T139: ='League Scoreboard'!U50 -> 144 | U139: ='League Scoreboard'!U52 -> 88 | V139: =T139-U139 -> 56
C141: Match 5 | D141: Palo Alto | E141: H | F141: ='League Scoreboard'!E68 -> 84 | G141: ='League Scoreboard'!E70 -> 158 | H141: =F141-G141 -> -74 | J141: Match 5 | K141: Dulles | L141: H | M141: ='League Scoreboard'!M72 -> 154 | N141: ='League Scoreboard'!M74 -> 88 | O141: =M141-N141 -> 66 | Q141: Match 5 | R141: ASFA | S141: A | T141: ='League Scoreboard'!Q70 -> 102 | U141: ='League Scoreboard'!Q68 -> 58 | V141: =T141-U141 -> 44
C143: Match 6 | D143: Mission San Jose | E143: A | F143: ='League Scoreboard'!Q80 -> 64 | G143: ='League Scoreboard'!Q78 -> 156 | H143: =F143-G143 -> -92 | J143: Match 6 | K143: Lakeside | L143: H | M143: ='League Scoreboard'!Q78 -> 156 | N143: ='League Scoreboard'!Q80 -> 64 | O143: =M143-N143 -> 92 | Q143: Match 6 | R143: Stuyvesant | S143: A | T143: ='League Scoreboard'!Q84 -> 56 | U143: ='League Scoreboard'!Q82 -> 94 | V143: =T143-U143 -> -38
F144: =countif(H133:H143, ">0") -> 3 | G144: =countif(H133:H143, "<0") -> 3 | H144: =countif(H133:H143, "=0") -> 0 | M144: =countif(O133:O143, ">0") -> 4 | N144: =countif(O133:O143, "<0") -> 2 | O144: =countif(O133:O143, "=0") -> 0 | T144: =countif(V133:V143, ">0") -> 2 | U144: =countif(V133:V143, "<0") -> 4 | V144: =countif(V133:V143, "=0") -> 0
C145: League Total | E145: =3*countifs(H133:H143, ">0")+countifs(H133:H143, "=0") -> 9 | F145: =sum(F133:F143) -> 734 | G145: =sum(G133:G143) -> 742 | H145: =sum(H133:H143) -> -8 | J145: League Total | L145: =3*countifs(O133:O143, ">0")+countifs(O133:O143, "=0") -> 12 | M145: =sum(M133:M143) -> 754 | N145: =sum(N133:N143) -> 552 | O145: =sum(O133:O143) -> 202 | Q145: League Total | S145: =3*countifs(V133:V143, ">0")+countifs(V133:V143, "=0") -> 6 | T145: =sum(T133:T143) -> 578 | U145: =sum(U133:U143) -> 700 | V145: =sum(V133:V143) -> -122
C147: Playoff 1 | D147: Foothill | F147: ='Playoff Scoring'!L18 -> 82 | G147: ='Playoff Scoring'!M17 -> 42 | H147: =F147-G147 -> 40 | J147: Playoff 1 | K147: bye | O147: =M147-N147 -> 0 | Q147: Playoff 1 | R147: OCSA | T147: ='Playoff Scoring'!E26 -> 114 | U147: ='Playoff Scoring'!D27 -> 10 | V147: =T147-U147 -> 104
C149: Playoff 2 | D149: Stuyvesant | F149: ='Playoff Scoring'!P18 -> 50 | G149: ='Playoff Scoring'!M21 -> 96 | H149: =F149-G149 -> -46 | J149: Playoff 2 | K149: Blair | M149: ='Playoff Scoring'!M12 -> 82 | N149: ='Playoff Scoring'!P9 -> 54 | O149: =M149-N149 -> 28 | Q149: Playoff 2 | R149: Clements | T149: ='Playoff Scoring'!G26 -> 98 | U149: ='Playoff Scoring'!D29 -> 86 | V149: =T149-U149 -> 12
C151: Playoff 3 | D151: bye | H151: =F151-G151 -> 0 | J151: Playoff 3 | K151: Frazer | M151: ='Playoff Scoring'!O12 -> 54 | N151: ='Playoff Scoring'!P11 -> 114 | O151: =M151-N151 -> -60 | Q151: Playoff 3 | R151: Dulles | T151: ='Playoff Scoring'!F26 -> 94 | U151: ='Playoff Scoring'!D28 -> 78 | V151: =T151-U151 -> 16
C153: Playoff 4 | D153: WWPS | F153: ='Playoff Scoring'!O18 -> 58 | G153: ='Playoff Scoring'!M20 -> 78 | H153: =F153-G153 -> -20 | J153: Playoff 4 | K153: Arcadia | M153: ='Playoff Scoring'!N12 -> 98 | N153: ='Playoff Scoring'!P10 -> 26 | O153: =M153-N153 -> 72 | Q153: Playoff 4 | R153: bye | V153: =T153-U153 -> 0
C155: Playoff 5 | D155: Wayzata | F155: ='Playoff Scoring'!N18 -> 78 | G155: ='Playoff Scoring'!M19 -> 66 | H155: =F155-G155 -> 12 | J155: Playoff 5 | K155: Ward Melville | M155: ='Playoff Scoring'!L12 -> 86 | N155: ='Playoff Scoring'!P8 -> 92 | O155: =M155-N155 -> -6 | Q155: Playoff 5 | R155: Hunter | T155: ='Playoff Scoring'!H26 -> 58 | U155: ='Playoff Scoring'!D30 -> 42 | V155: =T155-U155 -> 16
C157: Playoff Total | E157: =2*countifs(H147:H155, ">0")+countifs(H147:H155, "=0") -> 5 | F157: =sum(F147:F155) -> 268 | G157: =sum(G147:G155) -> 282 | H157: =sum(H147:H155) -> -14 | J157: Playoff Total | L157: =2*countifs(O147:O155, ">0")+countifs(O147:O155, "=0") -> 5 | M157: =sum(M147:M155) -> 320 | N157: =sum(N147:N155) -> 286 | O157: =sum(O147:O155) -> 34 | Q157: Playoff Total | S157: =2*countifs(V147:V155, ">0")+countifs(V147:V155, "=0") -> 9 | T157: =sum(T147:T155) -> 364 | U157: =sum(U147:U155) -> 216 | V157: =sum(V147:V155) -> 148
F158: =COUNTIF(H133:H143, ">0")+countif(H147:H155, ">0") -> 5 | G158: =COUNTIF(H133:H143, "<0")+countif(H147:H155, "<0") -> 5 | H158: =COUNTIF(H133:H143, "=0")+countif(H147:H155, "=0") -> 1 | M158: =COUNTIF(O133:O143, ">0")+countif(O147:O155, ">0") -> 6 | N158: =COUNTIF(O133:O143, "<0")+countif(O147:O155, "<0") -> 4 | O158: =COUNTIF(O133:O143, "=0")+countif(O147:O155, "=0") -> 1 | T158: =COUNTIF(V133:V143, ">0")+countif(V147:V155, ">0") -> 6 | U158: =COUNTIF(V133:V143, "<0")+countif(V147:V155, "<0") -> 4 | V158: =COUNTIF(V133:V143, "=0")+countif(V147:V155, "=0") -> 1
C159: Grand Total | E159: =sum(E145,E157) -> 14 | F159: =sum(F145,F157) -> 1002 | G159: =sum(G145,G157) -> 1024 | H159: =sum(H145,H157) -> -22 | J159: Grand Total | L159: =sum(L145,L157) -> 17 | M159: =sum(M145,M157) -> 1074 | N159: =sum(N145,N157) -> 838 | O159: =sum(O145,O157) -> 236 | Q159: Grand Total | S159: =sum(S145,S157) -> 15 | T159: =sum(T145,T157) -> 942 | U159: =sum(U145,U157) -> 916 | V159: =sum(V145,V157) -> 26
C161: h-1 | D161: Amador Valley | J161: h-2 | K161: Clements | Q161: h-3 | R161: Stuyvesant
D163: Opponent | F163: For | G163: Against | H163: Difference | K163: Opponent | M163: For | N163: Against | O163: Difference | R163: Opponent | T163: For | U163: Against | V163: Difference
C164: Match 1 | D164: Arcadia | E164: H | F164: ='League Scoreboard'!M16 -> 222 | G164: ='League Scoreboard'!M18 -> 80 | H164: =F164-G164 -> 142 | J164: Match 1 | K164: Saratoga | L164: A | M164: ='League Scoreboard'!Q18 -> 124 | N164: ='League Scoreboard'!Q16 -> 136 | O164: =M164-N164 -> -12 | Q164: Match 1 | R164: Lexington | S164: A | T164: ='League Scoreboard'!Q10 -> 112 | U164: ='League Scoreboard'!Q8 -> 78 | V164: =T164-U164 -> 34
C166: Match 2 | D166: Frazer | E166: A | F166: ='League Scoreboard'!Q32 -> 220 | G166: ='League Scoreboard'!Q30 -> 50 | H166: =F166-G166 -> 170 | J166: Match 2 | K166: Blair | L166: A | M166: ='League Scoreboard'!U24 -> 92 | N166: ='League Scoreboard'!U22 -> 116 | O166: =M166-N166 -> -24 | Q166: Match 2 | R166: Foothill | S166: H | T166: ='League Scoreboard'!U26 -> 40 | U166: ='League Scoreboard'!U28 -> 168 | V166: =T166-U166 -> -128
C168: Match 3 | D168: Wayzata | E168: H | F168: ='League Scoreboard'!Q36 -> 194 | G168: ='League Scoreboard'!Q38 -> 84 | H168: =F168-G168 -> 110 | J168: Match 3 | K168: Lakeside | L168: A | M168: ='League Scoreboard'!Q46 -> 106 | N168: ='League Scoreboard'!Q44 -> 182 | O168: =M168-N168 -> -76 | Q168: Match 3 | R168: Hunter | S168: A | T168: ='League Scoreboard'!E38 -> 138 | U168: ='League Scoreboard'!E36 -> 130 | V168: =T168-U168 -> 8
C170: Match 4 | D170: Hunter | E170: A | F170: ='League Scoreboard'!E52 -> 218 | G170: ='League Scoreboard'!E50 -> 36 | H170: =F170-G170 -> 182 | J170: Match 4 | K170: Middleton | L170: H | M170: ='League Scoreboard'!E58 -> 134 | N170: ='League Scoreboard'!E60 -> 60 | O170: =M170-N170 -> 74 | Q170: Match 4 | R170: TJHSST | S170: H | T170: ='League Scoreboard'!U54 -> 38 | U170: ='League Scoreboard'!U56 -> 232 | V170: =T170-U170 -> -194
C172: Match 5 | D172: University | E172: H | F172: ='League Scoreboard'!Q72 -> 148 | G172: ='League Scoreboard'!Q74 -> 102 | H172: =F172-G172 -> 46 | J172: Match 5 | K172: OCSA | L172: H | M172: ='League Scoreboard'!I72 -> 94 | N172: ='League Scoreboard'!I74 -> 110 | O172: =M172-N172 -> -16 | Q172: Match 5 | R172: Wayzata | S172: A | T172: ='League Scoreboard'!M70 -> 64 | U172: ='League Scoreboard'!M68 -> 174 | V172: =T172-U172 -> -110
C174: Match 6 | D174: Clements | E174: A | F174: ='League Scoreboard'!Q88 -> 204 | G174: ='League Scoreboard'!Q86 -> 42 | H174: =F174-G174 -> 162 | J174: Match 6 | K174: Amador Valley | L174: H | M174: ='League Scoreboard'!Q86 -> 42 | N174: ='League Scoreboard'!Q88 -> 204 | O174: =M174-N174 -> -162 | Q174: Match 6 | R174: PRISMS | S174: H | T174: ='League Scoreboard'!Q82 -> 94 | U174: ='League Scoreboard'!Q84 -> 56 | V174: =T174-U174 -> 38
...

Sheet Catstats Hub
A1: League Phase | E1: Playoff Phase
A4: League Team Overall | C4: League Individual Overall | E4: Playoff Phase Team Overall | G4: Playoff Individual Overall
A6: League Team Biology | C6: League Individual Biology | E6: Playoff Team Biology | G6: Playoff Individual Biology
A7: League Team Chemistry | C7: League Individual Chemistry | E7: Playoff Team Chemistry | G7: Playoff Individual Chemistry
A8: League Team Physics | C8: League Individual Physics | E8: Playoff Team Physics | G8: Playoff Individual Physics
A9: League Team Math | C9: League Individual Math | E9: Playoff Team Math | G9: Playoff Individual Math
A10: League Team ESS | C10: League Individual ESS | E10: Playoff Team ESS | G10: Playoff Individual ESS
A11: League Team Energy | C11: League Individual Energy | E11: Playoff Team Energy | G11: Playoff Individual Energy
B15: Use the hyperlink on the top left of each of these sheets to come back to the Cat Stats Hub!

Sheet League Scoreboard
B2: League Matchup Scoreboard
B3: the team listed on top is the Home team for all matches
C6: League Phase 1 | I6: Home Team Avg: | M6: =average(E8,I8,M8,Q8,U8,E12,I12,M12,Q12,U12,E16,I16,M16,Q16,U16) -> 138.66667 | O6: Away Team Avg: | S6: =average(E10,I10,M10,Q10,U10,E14,I14,M14,Q14,U14,E18,I18,M18,Q18,U18) -> 118.13333
C8: Frazer | E8: 178 | G8: Palo Alto | I8: 140 | K8: Middleton | M8: 4 | O8: Lexington | Q8: 78 | S8: Tokay | U8: 28
C10: Hunter | E10: 94 | G10: JP Stevens | I10: 90 | K10: Ward Melville | M10: 256 | O10: Stuyvesant | Q10: 112 | S10: University | U10: 224
C12: Mira Loma | E12: 204 | G12: Canyon Crest | I12: 138 | K12: ASFA | M12: 182 | O12: Wayzata | Q12: 48 | S12: TJHSST | U12: 206
C14: OCSA | E14: 80 | G14: PRISMS | I14: 76 | K14: WWPS | M14: 52 | O14: Interlake | Q14: 242 | S14: Dulles | U14: 66
C16: Lakeside | E16: 136 | G16: Foothill | I16: 134 | K16: Amador Valley | M16: 222 | O16: Saratoga | Q16: 136 | S16: Lynbrook | U16: 246
C18: Blair | E18: 128 | G18: Mission San Jose | I18: 126 | K18: Arcadia | M18: 80 | O18: Clements | Q18: 124 | S18: Winston Churchill | U18: 22
C20: League Phase 2 | I20: Home Team Avg: | M20: =average(E22,I22,M22,Q22,U22,E26,I26,M26,Q26,U26,E30,I30,M30,Q30,U30) -> 85.733333 | O20: Away Team Avg: | S20: =average(E24,I24,M24,Q24,U24,E28,I28,M28,Q28,U28,E32,I32,M32,Q32,U32) -> 144.53333
C22: Hunter | E22: 60 | G22: Lexington | I22: 28 | K22: OCSA | M22: 56 | O22: University | Q22: 154 | S22: Blair | U22: 116
C24: ASFA | E24: 180 | G24: TJHSST | I24: 172 | K24: Interlake | M24: 210 | O24: Lakeside | Q24: 102 | S24: Clements | U24: 92
C26: Palo Alto | E26: 106 | G26: Dulles | I26: 110 | K26: Lynbrook | M26: 208 | O26: Winston Churchill | Q26: 30 | S26: Stuyvesant | U26: 40
C28: Mira Loma | E28: 102 | G28: Ward Melville | I28: 126 | K28: Canyon Crest | M28: 58 | O28: Mission San Jose | Q28: 148 | S28: Foothill | U28: 168
C30: PRISMS | E30: 88 | G30: Tokay | I30: 28 | K30: JP Stevens | M30: 60 | O30: Frazer | Q30: 50 | S30: Arcadia | U30: 152
C32: Middleton | E32: 128 | G32: Wayzata | I32: 238 | K32: WWPS | M32: 148 | O32: Amador Valley | Q32: 220 | S32: Saratoga | U32: 76
C34: League Phase 3 | I34: Home Team Avg: | M34: =average(E36,I36,M36,Q36,U36,E40,I40,M40,Q40,U40,E44,I44,M44,Q44,U44) -> 143.73333 | O34: Away Team Avg: | S34: =average(E38,I38,M38,Q38,U38,E42,I42,M42,Q42,U42,E46,I46,M46,Q46,U46) -> 108.93333
C36: Hunter | E36: 130 | G36: Lexington | I36: 74 | K36: OCSA | M36: 108 | O36: Amador Valley | Q36: 194 | S36: PRISMS | U36: 136
C38: Stuyvesant | E38: 138 | G38: Mission San Jose | I38: 130 | K38: Blair | M38: 126 | O38: Wayzata | Q38: 84 | S38: Arcadia | U38: 150
C40: Palo Alto | E40: 150 | G40: TJHSST | I40: 154 | K40: Canyon Crest | M40: 134 | O40: Dulles | Q40: 230 | S40: University | U40: 86
C42: Interlake | E42: 144 | G42: Ward Melville | I42: 116 | K42: ASFA | M42: 82 | O42: JP Stevens | Q42: 46 | S42: Saratoga | U42: 192
C44: Frazer | E44: 214 | G44: Tokay | I44: 68 | K44: Mira Loma | M44: 126 | O44: Lakeside | Q44: 182 | S44: Lynbrook | U44: 170
C46: Middleton | E46: 10 | G46: Winston Churchill | I46: 84 | K46: WWPS | M46: 132 | O46: Clements | Q46: 106 | S46: Foothill | U46: 94
C48: League Phase 4 | I48: Home Team Avg: | M48: =average(E50,I50,M50,Q50,U50,E54,I54,M54,Q54,U54,E58,I58,M58,Q58,U58) -> 86.933333 | O48: Away Team Avg: | S48: =average(E52,I52,M52,Q52,U52,E56,I56,M56,Q56,U56,E60,I60,M60,Q60,U60) -> 146.13333
C50: Hunter | E50: 36 | G50: Arcadia | I50: 148 | K50: OCSA | M50: 40 | O50: WWPS | Q50: 98 | S50: PRISMS | U50: 144
C52: Amador Valley | E52: 218 | G52: Lexington | I52: 32 | K52: Lakeside | M52: 166 | O52: Wayzata | Q52: 136 | S52: University | U52: 88
C54: Blair | E54: 186 | G54: Ward Melville | I54: 140 | K54: JP Stevens | M54: 22 | O54: Dulles | Q54: 82 | S54: Stuyvesant | U54: 38
C56: Palo Alto | E56: 56 | G56: Foothill | I56: 126 | K56: Canyon Crest | M56: 274 | O56: Mira Loma | Q56: 126 | S56: TJHSST | U56: 232
C58: Clements | E58: 134 | G58: Tokay | I58: 26 | K58: Winston Churchill | M58: 16 | O58: Mission San Jose | Q58: 40 | S58: Interlake | U58: 154
C60: Middleton | E60: 60 | G60: Lynbrook | I60: 196 | K60: Frazer | M60: 200 | O60: ASFA | Q60: 162 | S60: Saratoga | U60: 120
C62: League Phase 5 | I62: Home Team Avg: | M62: =average(E64,I64,M64,Q64,U64,E68,I68,M68,Q68,U68,E72,I72,M72,Q72,U72) -> 118.93333 | O62: Away Team Avg: | S62: =average(E66,I66,M66,Q66,U66,E70,I70,M70,Q70,U70,E74,I74,M74,Q74,U74) -> 91.733333
C64: Ward Melville | E64: 148 | G64: Canyon Crest | I64: 162 | K64: WWPS | M64: 128 | O64: Mira Loma | Q64: 76 | S64: Foothill | U64: 66
C66: Hunter | E66: 78 | G66: Lexington | I66: 28 | K66: Winston Churchill | M66: 60 | O66: Frazer | Q66: 134 | S66: Arcadia | U66: 136
C68: Lakeside | E68: 84 | G68: Interlake | I68: 162 | K68: Wayzata | M68: 174 | O68: ASFA | Q68: 58 | S68: TJHSST | U68: 114
C70: Palo Alto | E70: 158 | G70: Tokay | I70: 22 | K70: Stuyvesant | M70: 64 | O70: PRISMS | Q70: 102 | S70: Lynbrook | U70: 122
C72: Middleton | E72: 18 | G72: Clements | I72: 94 | K72: Mission San Jose | M72: 154 | O72: Amador Valley | Q72: 148 | S72: Saratoga | U72: 198
C74: Blair | E74: 152 | G74: OCSA | I74: 110 | K74: Dulles | M74: 88 | O74: University | Q74: 102 | S74: JP Stevens | U74: 20
C76: League Phase 6 | I76: Home Team Avg: | M76: =average(E78,I78,M78,Q78,U78,E82,I82,M82,Q82,U82,E86,I86,M86,Q86,U86) -> 81.466667 | O76: Away Team Avg: | S76: =average(E80,I80,M80,Q80,U80,E84,I84,M84,Q84,U84,E88,I88,M88,Q88,U88) -> 111.6
C78: Winston Churchill | E78: -4 | G78: Foothill | I78: 96 | K78: WWPS | M78: 66 | O78: Mission San Jose | Q78: 156 | S78: ASFA | U78: 70
C80: Hunter | E80: 126 | G80: Lexington | I80: 58 | K80: Lynbrook | M80: 180 | O80: Lakeside | Q80: 64 | S80: University | U80: 126
C82: Ward Melville | E82: 152 | G82: Arcadia | I82: 114 | K82: Wayzata | M82: 72 | O82: Stuyvesant | Q82: 94 | S82: Saratoga | U82: 64
C84: Palo Alto | E84: 88 | G84: Tokay | I84: 26 | K84: TJHSST | M84: 136 | O84: PRISMS | Q84: 56 | S84: Canyon Crest | U84: 142
C86: Middleton | E86: 8 | G86: JP Stevens | I86: 46 | K86: Blair | M86: 76 | O86: Clements | Q86: 42 | S86: Interlake | U86: 170
C88: Mira Loma | E88: 200 | G88: OCSA | I88: 116 | K88: Dulles | M88: 68 | O88: Amador Valley | Q88: 204 | S88: Frazer | U88: 84

Sheet League Phase Table
B2: League Phase Table
B3: teams are ranked by league points, point difference, then median-buchholz scale
D5: School Name | H5: Wins | I5: Ties | J5: Losses | K5: Point Difference | L5: League Points
C6: h-1 | D6: Amador Valley | H6: ='Team Hub'!F175 -> 6 | I6: ='Team Hub'!H175 -> 0 | J6: ='Team Hub'!G175 -> 0 | K6: ='Team Hub'!H176 -> 812 | L6: ='Team Hub'!E176 -> 18
C7: p-1 | D7: Lynbrook | H7: ='Team Hub'!F237 -> 6 | I7: ='Team Hub'!H237 -> 0 | J7: ='Team Hub'!G237 -> 0 | K7: ='Team Hub'!H238 -> 742 | L7: ='Team Hub'!E238 -> 18
C8: s-1 | D8: Interlake | H8: ='Team Hub'!F268 -> 5 | I8: ='Team Hub'!H268 -> 0 | J8: ='Team Hub'!G268 -> 1 | K8: ='Team Hub'!H269 -> 602 | L8: ='Team Hub'!E269 -> 15
C9: s-3 | D9: TJHSST | H9: ='Team Hub'!T268 -> 5 | I9: ='Team Hub'!V268 -> 0 | J9: ='Team Hub'!U268 -> 1 | K9: ='Team Hub'!V269 -> 572 | L9: ='Team Hub'!S269 -> 15
C10: d-2 | D10: Canyon Crest | H10: ='Team Hub'!M82 -> 5 | I10: ='Team Hub'!O82 -> 0 | J10: ='Team Hub'!N82 -> 1 | K10: ='Team Hub'!O83 -> 428 | L10: ='Team Hub'!L83 -> 15
C11: c-2 | D11: Ward Melville | H11: ='Team Hub'!M51 -> 5 | I11: ='Team Hub'!O51 -> 0 | J11: ='Team Hub'!N51 -> 1 | K11: ='Team Hub'!O52 -> 378 | L11: ='Team Hub'!L52 -> 15
C12: p-3 | D12: Blair | H12: ='Team Hub'!T237 -> 5 | I12: ='Team Hub'!V237 -> 0 | J12: ='Team Hub'!U237 -> 1 | K12: ='Team Hub'!V238 -> 306 | L12: ='Team Hub'!S238 -> 15
C13: i-1 | D13: Arcadia | H13: ='Team Hub'!F206 -> 5 | I13: ='Team Hub'!H206 -> 0 | J13: ='Team Hub'!G206 -> 1 | K13: ='Team Hub'!H207 -> 222 | L13: ='Team Hub'!E207 -> 15
C14: w-3 | D14: Frazer | H14: ='Team Hub'!T299 -> 4 | I14: ='Team Hub'!V299 -> 0 | J14: ='Team Hub'!U299 -> 2 | K14: ='Team Hub'!V300 -> 274 | L14: ='Team Hub'!S300 -> 12
C15: f-2 | D15: Mission San Jose | H15: ='Team Hub'!M144 -> 4 | I15: ='Team Hub'!O144 -> 0 | J15: ='Team Hub'!N144 -> 2 | K15: ='Team Hub'!O145 -> 202 | L15: ='Team Hub'!L145 -> 12
C16: a-2 | D16: Palo Alto | H16: ='Team Hub'!M20 -> 4 | I16: ='Team Hub'!O20 -> 0 | J16: ='Team Hub'!N20 -> 2 | K16: ='Team Hub'!O21 -> -60 | L16: ='Team Hub'!L21 -> 12
C17: e-3 | D17: Mira Loma | H17: ='Team Hub'!T113 -> 3 | I17: ='Team Hub'!V113 -> 0 | J17: ='Team Hub'!U113 -> 3 | K17: ='Team Hub'!V114 -> 292 | L17: ='Team Hub'!S114 -> 9
C18: w-1 | D18: ASFA | H18: ='Team Hub'!F299 -> 3 | I18: ='Team Hub'!H299 -> 0 | J18: ='Team Hub'!G299 -> 3 | K18: ='Team Hub'!H300 -> 220 | L18: ='Team Hub'!E300 -> 9
C19: p-2 | D19: Saratoga | H19: ='Team Hub'!M237 -> 3 | I19: ='Team Hub'!O237 -> 0 | J19: ='Team Hub'!N237 -> 3 | K19: ='Team Hub'!O238 -> 108 | L19: ='Team Hub'!L238 -> 9
C20: i-2 | D20: University | H20: ='Team Hub'!M206 -> 3 | I20: ='Team Hub'!O206 -> 0 | J20: ='Team Hub'!N206 -> 3 | K20: ='Team Hub'!O207 -> 96 | L20: ='Team Hub'!L207 -> 9
C21: i-3 | D21: Foothill | H21: ='Team Hub'!T206 -> 3 | I21: ='Team Hub'!V206 -> 0 | J21: ='Team Hub'!U206 -> 3 | K21: ='Team Hub'!V207 -> 14 | L21: ='Team Hub'!S207 -> 9
C22: f-1 | D22: Lakeside | H22: ='Team Hub'!F144 -> 3 | I22: ='Team Hub'!H144 -> 0 | J22: ='Team Hub'!G144 -> 3 | K22: ='Team Hub'!H145 -> -8 | L22: ='Team Hub'!E145 -> 9
C23: e-1 | D23: Wayzata | H23: ='Team Hub'!F113 -> 3 | I23: ='Team Hub'!H113 -> 0 | J23: ='Team Hub'!G113 -> 3 | K23: ='Team Hub'!H114 -> -10 | L23: ='Team Hub'!E114 -> 9
C24: d-3 | D24: WWPS | H24: ='Team Hub'!T82 -> 3 | I24: ='Team Hub'!V82 -> 0 | J24: ='Team Hub'!U82 -> 3 | K24: ='Team Hub'!V83 -> -136 | L24: ='Team Hub'!S83 -> 9
C25: h-3 | D25: Stuyvesant | H25: ='Team Hub'!T175 -> 3 | I25: ='Team Hub'!V175 -> 0 | J25: ='Team Hub'!U175 -> 3 | K25: ='Team Hub'!V176 -> -352 | L25: ='Team Hub'!S176 -> 9
C26: f-3 | D26: PRISMS | H26: ='Team Hub'!T144 -> 2 | I26: ='Team Hub'!V144 -> 0 | J26: ='Team Hub'!U144 -> 4 | K26: ='Team Hub'!V145 -> -122 | L26: ='Team Hub'!S145 -> 6
C27: d-1 | D27: OCSA | H27: ='Team Hub'!F82 -> 2 | I27: ='Team Hub'!H82 -> 0 | J27: ='Team Hub'!G82 -> 4 | K27: ='Team Hub'!H83 -> -336 | L27: ='Team Hub'!E83 -> 6
C28: e-2 | D28: Dulles | H28: ='Team Hub'!M113 -> 1 | I28: ='Team Hub'!O113 -> 0 | J28: ='Team Hub'!N113 -> 5 | K28: ='Team Hub'!O114 -> -90 | L28: ='Team Hub'!L114 -> 3
C29: h-2 | D29: Clements | H29: ='Team Hub'!M175 -> 1 | I29: ='Team Hub'!O175 -> 0 | J29: ='Team Hub'!N175 -> 5 | K29: ='Team Hub'!O176 -> -216 | L29: ='Team Hub'!L176 -> 3
C30: a-1 | D30: Hunter | H30: ='Team Hub'!F20 -> 1 | I30: ='Team Hub'!H20 -> 0 | J30: ='Team Hub'!G20 -> 5 | K30: ='Team Hub'!H21 -> -334 | L30: ='Team Hub'!E21 -> 3
C31: s-2 | D31: Winston Churchill | H31: ='Team Hub'!M268 -> 1 | I31: ='Team Hub'!O268 -> 0 | J31: ='Team Hub'!N268 -> 5 | K31: ='Team Hub'!O269 -> -708 | L31: ='Team Hub'!L269 -> 3
C32: a-3 | D32: Middleton | H32: ='Team Hub'!T20 -> 1 | I32: ='Team Hub'!V20 -> 0 | J32: ='Team Hub'!U20 -> 5 | K32: ='Team Hub'!V21 -> -816 | L32: ='Team Hub'!S21 -> 3
C33: c-1 | D33: Lexington | H33: ='Team Hub'!F51 -> 0 | I33: ='Team Hub'!H51 -> 0 | J33: ='Team Hub'!G51 -> 6 | K33: ='Team Hub'!H52 -> -522 | L33: ='Team Hub'!E52 -> 0
C34: c-3 | D34: Tokay | H34: ='Team Hub'!T51 -> 0 | I34: ='Team Hub'!V51 -> 0 | J34: ='Team Hub'!U51 -> 6 | K34: ='Team Hub'!V52 -> -820 | L34: ='Team Hub'!S52 -> 0
C35: w-2 | D35: JP Stevens | H35: ='Team Hub'!M299 -> 0 | I35: ='Team Hub'!O299 -> 0 | J35: ='Team Hub'!N299 -> 6 | K35: ='Team Hub'!O300 -> -822 | L35: ='Team Hub'!L300 -> 0

Sheet Playoff Groups
B2: Playoff Groups
B3: yay playoff groups
D6: albatross | G6: starlight | J6: champagne
C7: 1 | D7: Amador Valley | F7: 1 | G7: Ward Melville | I7: 1 | J7: Palo Alto
C8: 2 | D8: Lynbrook | F8: 2 | G8: Blair | I8: 2 | J8: Mira Loma
C9: 3 | D9: Interlake | F9: 3 | G9: Arcadia | I9: 3 | J9: ASFA
C10: 4 | D10: TJHSST | F10: 4 | G10: Frazer | I10: 4 | J10: Saratoga
C11: 5 | D11: Canyon Crest | F11: 5 | G11: Mission San Jose | I11: 5 | J11: University
D13: daylight | G13: exile | J13: fiction
C14: 1 | D14: Foothill | F14: 1 | G14: PRISMS | I14: 1 | J14: Churchill
C15: 2 | D15: Lakeside | F15: 2 | G15: OCSA | I15: 2 | J15: Middleton
C16: 3 | D16: Wayzata | F16: 3 | G16: Dulles | I16: 3 | J16: Lexington
C17: 4 | D17: WWPS | F17: 4 | G17: Clements | I17: 4 | J17: Tokay
C18: 5 | D18: Stuyvesant | F18: 5 | G18: Hunter | I18: 5 | J18: JP Stevens

Sheet Playoff Scoring
B2: Playoff Scoring
B3: team scores are summed over a row, opponents' scores summed over a column
C6: albatross | K6: starlight
C7: =sum(D8:H12) -> 1896 | D7: =C8 -> Amador Valley | E7: =C9 -> Lynbrook | F7: =C10 -> Interlake | G7: =C11 -> TJHSST | H7: =C12 -> Canyon Crest | I7: Total | K7: =sum(L8:P12) -> 1474 | L7: =K8 -> Ward Melville | M7: =K9 -> Blair | N7: =K10 -> Arcadia | O7: =K11 -> Frazer | P7: =K12 -> MSJ | Q7: Total
C8: ='Playoff Groups'!D7 -> Amador Valley | E8: 88 | F8: 124 | G8: 110 | H8: 84 | I8: =sum(D8:H8) -> 406 | K8: ='Playoff Groups'!G7 -> Ward Melville | M8: 18 | N8: 110 | O8: 58 | P8: 92 | Q8: =sum(L8:P8) -> 278
C9: ='Playoff Groups'!D8 -> Lynbrook | D9: 154 | F9: 72 | G9: 120 | H9: 144 | I9: =sum(D9:H9) -> 490 | K9: ='Playoff Groups'!G8 -> Blair | L9: 116 | N9: 32 | O9: 48 | P9: 54 | Q9: =sum(L9:P9) -> 250
C10: ='Playoff Groups'!D9 -> Interlake | D10: 130 | E10: 82 | G10: 98 | H10: 96 | I10: =sum(D10:H10) -> 406 | K10: ='Playoff Groups'!G9 -> Arcadia | L10: 80 | M10: 34 | O10: -6 | P10: 26 | Q10: =sum(L10:P10) -> 134
C11: ='Playoff Groups'!D10 -> TJHSST | D11: 34 | E11: 70 | F11: 106 | H11: 76 | I11: =sum(D11:H11) -> 286 | K11: ='Playoff Groups'!G10 -> Frazer | L11: 144 | M11: 74 | N11: 160 | P11: 114 | Q11: =sum(L11:P11) -> 492
C12: ='Playoff Groups'!D11 -> Canyon Crest | D12: 82 | E12: 74 | F12: 78 | G12: 74 | I12: =sum(D12:H12) -> 308 | K12: MSJ | L12: 86 | M12: 82 | N12: 98 | O12: 54 | Q12: =sum(L12:P12) -> 320
C13: Against | D13: =sum(D8:D12) -> 400 | E13: =sum(E8:E12) -> 314 | F13: =sum(F8:F12) -> 380 | G13: =sum(G8:G12) -> 402 | H13: =sum(H8:H12) -> 400 | K13: Against | L13: =sum(L8:L12) -> 426 | M13: =sum(M8:M12) -> 208 | N13: =sum(N8:N12) -> 400 | O13: =sum(O8:O12) -> 154 | P13: =sum(P8:P12) -> 286
C15: champagne | K15: daylight
C16: =sum(D17:H21) -> 1648 | D16: =C17 -> Palo Alto | E16: =C18 -> Mira Loma | F16: =C19 -> ASFA | G16: =C20 -> Saratoga | H16: =C21 -> University | I16: Total | K16: =sum(L17:P21) -> 1394 | L16: =K17 -> Foothill | M16: =K18 -> Lakeside | N16: =K19 -> Wayzata | O16: =K20 -> WWPS | P16: =K21 -> Stuyvesant | Q16: Total
C17: ='Playoff Groups'!J7 -> Palo Alto | E17: 94 | F17: 58 | G17: 58 | H17: 88 | I17: =sum(D17:H17) -> 298 | K17: ='Playoff Groups'!D14 -> Foothill | M17: 42 | N17: 64 | O17: 22 | P17: 42 | Q17: =sum(L17:P17) -> 170
C18: ='Playoff Groups'!J8 -> Mira Loma | D18: 108 | F18: 42 | G18: 102 | H18: 96 | I18: =sum(D18:H18) -> 348 | K18: ='Playoff Groups'!D15 -> Lakeside | L18: 82 | N18: 78 | O18: 58 | P18: 50 | Q18: =sum(L18:P18) -> 268
C19: ='Playoff Groups'!J9 -> ASFA | D19: 78 | E19: 124 | G19: 70 | H19: 24 | I19: =sum(D19:H19) -> 296 | K19: ='Playoff Groups'!D16 -> Wayzata | L19: 88 | M19: 66 | O19: 92 | P19: 50 | Q19: =sum(L19:P19) -> 296
C20: ='Playoff Groups'!J10 -> Saratoga | D20: 130 | E20: 42 | F20: 102 | H20: 94 | I20: =sum(D20:H20) -> 368 | K20: ='Playoff Groups'!D17 -> WWPS | L20: 106 | M20: 78 | N20: 80 | P20: 102 | Q20: =sum(L20:P20) -> 366
C21: ='Playoff Groups'!J11 -> University | D21: 100 | E21: 24 | F21: 102 | G21: 112 | I21: =sum(D21:H21) -> 338 | K21: ='Playoff Groups'!D18 -> Stuyvesant | L21: 106 | M21: 96 | N21: 44 | O21: 48 | Q21: =sum(L21:P21) -> 294
C22: Against | D22: =sum(D17:D21) -> 416 | E22: =sum(E17:E21) -> 284 | F22: =sum(F17:F21) -> 304 | G22: =sum(G17:G21) -> 342 | H22: =sum(H17:H21) -> 302 | K22: Against | L22: =sum(L17:L21) -> 382 | M22: =sum(M17:M21) -> 282 | N22: =sum(N17:N21) -> 266 | O22: =sum(O17:O21) -> 220 | P22: =sum(P17:P21) -> 244
C24: exile | K24: fiction
C25: =sum(D26:H30) -> 1296 | D25: =C26 -> PRISMS | E25: =C27 -> OCSA | F25: =C28 -> Dulles | G25: =C29 -> Clements | H25: =C30 -> Hunter | I25: Total | K25: =sum(L26:P30) -> 558 | L25: =K26 -> Churchill | M25: =K27 -> Middleton | N25: =K28 -> Lexington | O25: =K29 -> Tokay | P25: =K30 -> JP Stevens | Q25: Total
C26: ='Playoff Groups'!G14 -> PRISMS | E26: 114 | F26: 94 | G26: 98 | H26: 58 | I26: =sum(D26:H26) -> 364 | K26: ='Playoff Groups'!J14 -> Churchill | M26: 26 | N26: 30 | O26: 0 | P26: 36 | Q26: =sum(L26:P26) -> 92
C27: ='Playoff Groups'!G15 -> OCSA | D27: 10 | F27: 34 | G27: 58 | H27: 36 | I27: =sum(D27:H27) -> 138 | K27: ='Playoff Groups'!J15 -> Middleton | L27: 40 | N27: 52 | O27: 16 | P27: 36 | Q27: =sum(L27:P27) -> 144
C28: ='Playoff Groups'!G16 -> Dulles | D28: 78 | E28: 24 | G28: 56 | H28: 42 | I28: =sum(D28:H28) -> 200 | K28: ='Playoff Groups'!J16 -> Lexington | L28: 40 | M28: 14 | O28: 68 | P28: 48 | Q28: =sum(L28:P28) -> 170
C29: ='Playoff Groups'!G17 -> Clements | D29: 86 | E29: 34 | F29: 78 | H29: 130 | I29: =sum(D29:H29) -> 328 | K29: ='Playoff Groups'!J17 -> Tokay | L29: 0 | M29: 0 | N29: 8 | P29: 0 | Q29: =sum(L29:P29) -> 8
C30: ='Playoff Groups'!G18 -> Hunter | D30: 42 | E30: 102 | F30: 72 | G30: 50 | I30: =sum(D30:H30) -> 266 | K30: ='Playoff Groups'!J18 -> JP Stevens | L30: 30 | M30: 64 | N30: 18 | O30: 32 | Q30: =sum(L30:P30) -> 144
C31: Against | D31: =sum(D26:D30) -> 216 | E31: =sum(E26:E30) -> 274 | F31: =sum(F26:F30) -> 278 | G31: =sum(G26:G30) -> 262 | H31: =sum(H26:H30) -> 266 | K31: Against | L31: =sum(L26:L30) -> 110 | M31: =sum(M26:M30) -> 104 | N31: =sum(N26:N30) -> 108 | O31: =sum(O26:O30) -> 116 | P31: =sum(P26:P30) -> 120

Sheet Final Tournament Table
B2: Final Tournament Table
B3: teams are ranked by league points, point difference, then median-buchholz scale
D5: School Name | H5: Wins | I5: Ties | J5: Losses | K5: Point Difference | L5: League Points
C6: p-1 | D6: Lynbrook | H6: ='Team Hub'!F251 -> 9 | I6: 0 | J6: ='Team Hub'!G251 -> 1 | K6: ='Team Hub'!H252 -> 918 | L6: ='Team Hub'!E252-1 -> 24
C7: h-1 | D7: Amador Valley | H7: ='Team Hub'!F189 -> 8 | I7: 0 | J7: ='Team Hub'!G189 -> 2 | K7: ='Team Hub'!H190 -> 818 | L7: ='Team Hub'!E190-1 -> 22
C8: s-1 | D8: Interlake | H8: ='Team Hub'!F282 -> 8 | I8: 0 | J8: ='Team Hub'!G282 -> 2 | K8: ='Team Hub'!H283 -> 628 | L8: ='Team Hub'!E283-1 -> 21
C9: w-3 | D9: Frazer | H9: ='Team Hub'!T313 -> 8 | I9: 0 | J9: ='Team Hub'!U313 -> 2 | K9: ='Team Hub'!V314 -> 612 | L9: ='Team Hub'!S314-1 -> 20
C10: s-3 | D10: TJHSST | H10: ='Team Hub'!T282 -> 7 | I10: 0 | J10: ='Team Hub'!U282 -> 3 | K10: ='Team Hub'!V283 -> 456 | L10: ='Team Hub'!S283-1 -> 19
C11: c-2 | D11: Ward Melville | H11: ='Team Hub'!M65 -> 7 | I11: 0 | J11: ='Team Hub'!N65 -> 3 | K11: ='Team Hub'!O66 -> 230 | L11: ='Team Hub'!L66-1 -> 19
C12: p-3 | D12: Blair | H12: ='Team Hub'!T251 -> 6 | I12: 0 | J12: ='Team Hub'!U251 -> 4 | K12: ='Team Hub'!V252 -> 348 | L12: ='Team Hub'!S252-1 -> 17
C13: i-1 | D13: Arcadia | H13: ='Team Hub'!F220 -> 6 | I13: 0 | J13: ='Team Hub'!G220 -> 4 | K13: ='Team Hub'!H221 -> -44 | L13: ='Team Hub'!E221-1 -> 17
C14: f-2 | D14: Mission San Jose | H14: ='Team Hub'!M158 -> 6 | I14: 0 | J14: ='Team Hub'!N158 -> 4 | K14: ='Team Hub'!O159 -> 236 | L14: ='Team Hub'!L159-1 -> 16
C15: e-3 | D15: Mira Loma | H15: ='Team Hub'!T127 -> 6 | I15: 0 | J15: ='Team Hub'!U127 -> 4 | K15: ='Team Hub'!V128 -> 356 | L15: ='Team Hub'!S128-1 -> 15
C16: d-2 | D16: Canyon Crest | H16: ='Team Hub'!M96 -> 5 | I16: 0 | J16: ='Team Hub'!N96 -> 5 | K16: ='Team Hub'!O97 -> 336 | L16: ='Team Hub'!L97-1 -> 15
C17: i-2 | D17: University | H17: ='Team Hub'!M220 -> 6 | I17: 0 | J17: ='Team Hub'!N220 -> 4 | K17: ='Team Hub'!O221 -> 132 | L17: ='Team Hub'!L221-1 -> 15
C18: e-1 | D18: Wayzata | H18: ='Team Hub'!F127 -> 6 | I18: 0 | J18: ='Team Hub'!G127 -> 4 | K18: ='Team Hub'!H128 -> 100 | L18: ='Team Hub'!E128-1 -> 15
C19: d-3 | D19: WWPS | H19: ='Team Hub'!T96 -> 6 | I19: 0 | J19: ='Team Hub'!U96 -> 4 | K19: ='Team Hub'!V97 -> 10 | L19: ='Team Hub'!S97-1 -> 15
C20: f-3 | D20: PRISMS | H20: ='Team Hub'!T158 -> 6 | I20: 0 | J20: ='Team Hub'!U158 -> 4 | K20: ='Team Hub'!V159 -> 26 | L20: ='Team Hub'!S159-1 -> 14
C21: w-1 | D21: ASFA | H21: ='Team Hub'!F313 -> 5 | I21: 0 | J21: ='Team Hub'!G313 -> 5 | K21: ='Team Hub'!H314 -> 212 | L21: ='Team Hub'!E314-1 -> 13
C22: p-2 | D22: Saratoga | H22: ='Team Hub'!M251 -> 5 | I22: 0 | J22: ='Team Hub'!N251 -> 5 | K22: ='Team Hub'!O252 -> 134 | L22: ='Team Hub'!L252-1 -> 13
C23: f-1 | D23: Lakeside | H23: ='Team Hub'!F158 -> 5 | I23: 0 | J23: ='Team Hub'!G158 -> 5 | K23: ='Team Hub'!H159 -> -22 | L23: ='Team Hub'!E159-1 -> 13
C24: h-3 | D24: Stuyvesant | H24: ='Team Hub'!T189 -> 5 | I24: 0 | J24: ='Team Hub'!U189 -> 5 | K24: ='Team Hub'!V190 -> -302 | L24: ='Team Hub'!S190-1 -> 13
C25: a-2 | D25: Palo Alto | H25: ='Team Hub'!M34 -> 4 | I25: 0 | J25: ='Team Hub'!N34 -> 6 | K25: ='Team Hub'!O35 -> -178 | L25: ='Team Hub'!L35-1 -> 12
C26: d-1 | D26: OCSA | H26: ='Team Hub'!F96 -> 4 | I26: 0 | J26: ='Team Hub'!G96 -> 6 | K26: ='Team Hub'!H97 -> -472 | L26: ='Team Hub'!E97-1 -> 10
C27: i-3 | D27: Foothill | H27: ='Team Hub'!T220 -> 3 | I27: 0 | J27: ='Team Hub'!U220 -> 7 | K27: ='Team Hub'!V221 -> -198 | L27: ='Team Hub'!S221-1 -> 9
C28: a-3 | D28: Middleton | H28: ='Team Hub'!T34 -> 4 | I28: 0 | J28: ='Team Hub'!U34 -> 6 | K28: ='Team Hub'!V35 -> -776 | L28: ='Team Hub'!S35-1 -> 9
C29: h-2 | D29: Clements | H29: ='Team Hub'!M189 -> 3 | I29: 0 | J29: ='Team Hub'!N189 -> 7 | K29: ='Team Hub'!O190 -> -150 | L29: ='Team Hub'!L190-1 -> 7
C30: a-1 | D30: Hunter | H30: ='Team Hub'!F34 -> 3 | I30: 0 | J30: ='Team Hub'!G34 -> 7 | K30: ='Team Hub'!H35 -> -334 | L30: ='Team Hub'!E35-1 -> 7
C31: c-1 | D31: Lexington | H31: ='Team Hub'!F65 -> 3 | I31: 0 | J31: ='Team Hub'!G65 -> 7 | K31: ='Team Hub'!H66 -> -460 | L31: ='Team Hub'!E66-1 -> 6
C32: s-2 | D32: Winston Churchill | H32: ='Team Hub'!M282 -> 2 | I32: 1 | J32: ='Team Hub'!N282 -> 7 | K32: ='Team Hub'!O283 -> -726 | L32: ='Team Hub'!L283-1 -> 6
C33: w-2 | D33: JP Stevens | H33: ='Team Hub'!M313 -> 2 | I33: 0 | J33: ='Team Hub'!N313 -> 8 | K33: ='Team Hub'!O314 -> -798 | L33: ='Team Hub'!L314-1 -> 4
C34: e-2 | D34: Dulles | H34: ='Team Hub'!M127 -> 1 | I34: 0 | J34: ='Team Hub'!N127 -> 9 | K34: ='Team Hub'!O128 -> -168 | L34: ='Team Hub'!L128-1 -> 3
C35: c-3 | D35: Tokay | H35: ='Team Hub'!T65 -> 0 | I35: 1 | J35: ='Team Hub'!U65 -> 9 | K35: ='Team Hub'!V66 -> -928 | L35: ='Team Hub'!S66-1 -> 1

Sheet Playoff Seeding
B1: Team Rank | C1: Team Name | D1: League Points | E1: Raw Points | G1: Round Scores (in no particular order)
B2: 10 | C2: WWPS 1 | D2: 8 | E2: =sum(G2:M2) -> 572 | G2: ='Playoff Scoring'!D11 -> 34 | H2: ='Playoff Scoring'!E11 -> 70 | I2: ='Playoff Scoring'!F11 -> 106 | J2: ='Playoff Scoring'!H11 -> 76 | K2: ='Playoff Scoring'!I11 -> 286
B3: 15 | C3: Palo Alto | D3: 6 | E3: =sum(G3:M3) -> 980 | G3: ='Playoff Scoring'!D9 -> 154 | H3: ='Playoff Scoring'!F9 -> 72 | I3: ='Playoff Scoring'!G9 -> 120 | J3: ='Playoff Scoring'!H9 -> 144 | K3: ='Playoff Scoring'!I9 -> 490
B4: 18 | C4: Saratoga | D4: 6 | E4: =sum(G4:M4) -> 616 | G4: ='Playoff Scoring'!D12 -> 82 | H4: ='Playoff Scoring'!E12 -> 74 | I4: ='Playoff Scoring'!F12 -> 78 | J4: ='Playoff Scoring'!G12 -> 74 | K4: ='Playoff Scoring'!I12 -> 308
B5: 21 | C5: CCA 2 | D5: 6 | E5: =sum(G5:M5) -> 1896 | G5: ='Playoff Scoring'!D13 -> 400 | H5: ='Playoff Scoring'!E13 -> 314 | I5: ='Playoff Scoring'!F13 -> 380 | J5: ='Playoff Scoring'!G13 -> 402 | K5: ='Playoff Scoring'!H13 -> 400
B6: 30 | C6: Clovis North | D6: 4 | E6: =sum(G6:M6) -> 812 | G6: ='Playoff Scoring'!$E8 -> 88 | H6: ='Playoff Scoring'!F8 -> 124 | I6: ='Playoff Scoring'!G8 -> 110 | J6: ='Playoff Scoring'!H8 -> 84 | K6: ='Playoff Scoring'!I8 -> 406
B7: 44 | C7: Tokay | D7: 0 | E7: =sum(G7:M7) -> 812 | G7: ='Playoff Scoring'!D10 -> 130 | H7: ='Playoff Scoring'!E10 -> 82 | I7: ='Playoff Scoring'!G10 -> 98 | J7: ='Playoff Scoring'!H10 -> 96 | K7: ='Playoff Scoring'!I10 -> 406
B8: 3 | C8: Middleton 1 | D8: 10 | E8: =sum(G8:M8) -> 268 | G8: ='Playoff Scoring'!L10 -> 80 | H8: ='Playoff Scoring'!M10 -> 34 | I8: ='Playoff Scoring'!O10 -> -6 | J8: ='Playoff Scoring'!P10 -> 26 | K8: ='Playoff Scoring'!Q10 -> 134
B9: 11 | C9: TJHSST 1 | D9: 8 | E9: =sum(G9:M9) -> 640 | G9: ='Playoff Scoring'!L12 -> 86 | H9: ='Playoff Scoring'!M12 -> 82 | I9: ='Playoff Scoring'!N12 -> 98 | J9: ='Playoff Scoring'!O12 -> 54 | K9: ='Playoff Scoring'!Q12 -> 320
B10: 22 | C10: ASFA | D10: 6 | E10: =sum(G10:M10) -> 500 | G10: ='Playoff Scoring'!L9 -> 116 | H10: ='Playoff Scoring'!N9 -> 32 | I10: ='Playoff Scoring'!O9 -> 48 | J10: ='Playoff Scoring'!P9 -> 54 | K10: ='Playoff Scoring'!Q9 -> 250
B11: 34 | C11: California | D11: 4 | E11: =sum(G11:M11) -> 556 | G11: ='Playoff Scoring'!M8 -> 18 | H11: ='Playoff Scoring'!N8 -> 110 | I11: ='Playoff Scoring'!O8 -> 58 | J11: ='Playoff Scoring'!P8 -> 92 | K11: ='Playoff Scoring'!Q8 -> 278
B12: 37 | C12: Collierville 1 | D12: 2 | E12: =sum(G12:M12) -> 984 | G12: ='Playoff Scoring'!L11 -> 144 | H12: ='Playoff Scoring'!M11 -> 74 | I12: ='Playoff Scoring'!N11 -> 160 | J12: ='Playoff Scoring'!P11 -> 114 | K12: ='Playoff Scoring'!Q11 -> 492
B13: 46 | C13: Madison West 2 | D13: 0 | E13: =sum(G13:M13) -> 1474 | G13: ='Playoff Scoring'!L13 -> 426 | H13: ='Playoff Scoring'!M13 -> 208 | I13: ='Playoff Scoring'!N13 -> 400 | J13: ='Playoff Scoring'!O13 -> 154 | K13: ='Playoff Scoring'!P13 -> 286
B14: 1 | C14: Montgomery Blair 1 | D14: 10 | E14: =sum(G14:M14) -> 1648 | G14: ='Playoff Scoring'!D22 -> 416 | H14: ='Playoff Scoring'!E22 -> 284 | I14: ='Playoff Scoring'!F22 -> 304 | J14: ='Playoff Scoring'!G22 -> 342 | K14: ='Playoff Scoring'!H22 -> 302
B15: 19 | C15: Arcadia | D15: 6 | E15: =sum(G15:M15) -> 736 | G15: ='Playoff Scoring'!D20 -> 130 | H15: ='Playoff Scoring'!E20 -> 42 | I15: ='Playoff Scoring'!F20 -> 102 | J15: ='Playoff Scoring'!H20 -> 94 | K15: ='Playoff Scoring'!I20 -> 368
B16: 23 | C16: 'Iolani | D16: 6 | E16: =sum(G16:M16) -> 596 | G16: ='Playoff Scoring'!$E17 -> 94 | H16: ='Playoff Scoring'!F17 -> 58 | I16: ='Playoff Scoring'!G17 -> 58 | J16: ='Playoff Scoring'!H17 -> 88 | K16: ='Playoff Scoring'!I17 -> 298
B17: 24 | C17: Temple City | D17: 6 | E17: =sum(G17:M17) -> 676 | G17: ='Playoff Scoring'!D21 -> 100 | H17: ='Playoff Scoring'!E21 -> 24 | I17: ='Playoff Scoring'!F21 -> 102 | J17: ='Playoff Scoring'!G21 -> 112 | K17: ='Playoff Scoring'!I21 -> 338
B18: 39 | C18: Amador Valley | D18: 2 | E18: =sum(G18:M18) -> 592 | G18: ='Playoff Scoring'!D19 -> 78 | H18: ='Playoff Scoring'!E19 -> 124 | I18: ='Playoff Scoring'!G19 -> 70 | J18: ='Playoff Scoring'!H19 -> 24 | K18: ='Playoff Scoring'!I19 -> 296
B19: 48 | C19: Oak Avenue 2 | D19: 0 | E19: =sum(G19:M19) -> 696 | G19: ='Playoff Scoring'!D18 -> 108 | H19: ='Playoff Scoring'!F18 -> 42 | I19: ='Playoff Scoring'!G18 -> 102 | J19: ='Playoff Scoring'!H18 -> 96 | K19: ='Playoff Scoring'!I18 -> 348
B20: 6 | C20: Lynbrook 1 | D20: 10 | E20: =sum(G20:M20) -> 536 | G20: ='Playoff Scoring'!L18 -> 82 | H20: ='Playoff Scoring'!N18 -> 78 | I20: ='Playoff Scoring'!O18 -> 58 | J20: ='Playoff Scoring'!P18 -> 50 | K20: ='Playoff Scoring'!Q18 -> 268
B21: 12 | C21: Foothill | D21: 8 | E21: =sum(G21:M21) -> 1394 | G21: ='Playoff Scoring'!L22 -> 382 | H21: ='Playoff Scoring'!M22 -> 282 | I21: ='Playoff Scoring'!N22 -> 266 | J21: ='Playoff Scoring'!O22 -> 220 | K21: ='Playoff Scoring'!P22 -> 244
B22: 25 | C22: Whitney Young | D22: 6 | E22: =sum(G22:M22) -> 732 | G22: ='Playoff Scoring'!L20 -> 106 | H22: ='Playoff Scoring'!M20 -> 78 | I22: ='Playoff Scoring'!N20 -> 80 | J22: ='Playoff Scoring'!P20 -> 102 | K22: ='Playoff Scoring'!Q20 -> 366
B23: 31 | C23: Centennial | D23: 4 | E23: =sum(G23:M23) -> 588 | G23: ='Playoff Scoring'!L21 -> 106 | H23: ='Playoff Scoring'!M21 -> 96 | I23: ='Playoff Scoring'!N21 -> 44 | J23: ='Playoff Scoring'!O21 -> 48 | K23: ='Playoff Scoring'!Q21 -> 294
B24: 38 | C24: Middleton 2 | D24: 2 | E24: =sum(G24:M24) -> 340 | G24: ='Playoff Scoring'!M17 -> 42 | H24: ='Playoff Scoring'!N17 -> 64 | I24: ='Playoff Scoring'!O17 -> 22 | J24: ='Playoff Scoring'!P17 -> 42 | K24: ='Playoff Scoring'!Q17 -> 170
B25: 47 | C25: Collierville 2 | D25: 0 | E25: =sum(G25:M25) -> 592 | G25: ='Playoff Scoring'!L19 -> 88 | H25: ='Playoff Scoring'!M19 -> 66 | I25: ='Playoff Scoring'!O19 -> 92 | J25: ='Playoff Scoring'!P19 -> 50 | K25: ='Playoff Scoring'!Q19 -> 296
B26: 7 | C26: MSJ 1 | D26: 8 | E26: =sum(G26:M26) -> 656 | G26: ='Playoff Scoring'!D29 -> 86 | H26: ='Playoff Scoring'!E29 -> 34 | I26: ='Playoff Scoring'!F29 -> 78 | J26: ='Playoff Scoring'!H29 -> 130 | K26: ='Playoff Scoring'!I29 -> 328
B27: 14 | C27: Lynbrook 2 | D27: 8 | E27: =sum(G27:M27) -> 276 | G27: ='Playoff Scoring'!D27 -> 10 | H27: ='Playoff Scoring'!F27 -> 34 | I27: ='Playoff Scoring'!G27 -> 58 | J27: ='Playoff Scoring'!H27 -> 36 | K27: ='Playoff Scoring'!I27 -> 138
B28: 20 | C28: Princeton Unified | D28: 6 | E28: =sum(G28:M28) -> 532 | G28: ='Playoff Scoring'!D30 -> 42 | H28: ='Playoff Scoring'!E30 -> 102 | I28: ='Playoff Scoring'!F30 -> 72 | J28: ='Playoff Scoring'!G30 -> 50 | K28: ='Playoff Scoring'!I30 -> 266
B29: 27 | C29: Frazer 1 | D29: 4 | E29: =sum(G29:M29) -> 400 | G29: ='Playoff Scoring'!D28 -> 78 | H29: ='Playoff Scoring'!E28 -> 24 | I29: ='Playoff Scoring'!G28 -> 56 | J29: ='Playoff Scoring'!H28 -> 42 | K29: ='Playoff Scoring'!I28 -> 200
B30: 32 | C30: Montgomery Blair 2 | D30: 4 | E30: =sum(G30:M30) -> 1296 | G30: ='Playoff Scoring'!D31 -> 216 | H30: ='Playoff Scoring'!E31 -> 274 | I30: ='Playoff Scoring'!F31 -> 278 | J30: ='Playoff Scoring'!G31 -> 262 | K30: ='Playoff Scoring'!H31 -> 266
B31: 42 | C31: Stuyvesant | D31: 0 | E31: =sum(G31:M31) -> 728 | G31: ='Playoff Scoring'!$E26 -> 114 | H31: ='Playoff Scoring'!F26 -> 94 | I31: ='Playoff Scoring'!G26 -> 98 | J31: ='Playoff Scoring'!H26 -> 58 | K31: ='Playoff Scoring'!I26 -> 364
B32: 4 | C32: Wayzata | D32: 10 | E32: =sum(G32:M32) -> 340 | G32: ='Playoff Scoring'!L28 -> 40 | H32: ='Playoff Scoring'!M28 -> 14 | I32: ='Playoff Scoring'!O28 -> 68 | J32: ='Playoff Scoring'!P28 -> 48 | K32: ='Playoff Scoring'!Q28 -> 170
B33: 9 | C33: CCA 1 | D33: 8 | E33: =sum(G33:M33) -> 184 | G33: ='Playoff Scoring'!M26 -> 26 | H33: ='Playoff Scoring'!N26 -> 30 | I33: ='Playoff Scoring'!O26 -> 0 | J33: ='Playoff Scoring'!P26 -> 36 | K33: ='Playoff Scoring'!Q26 -> 92
B34: 28 | C34: Granada Hills | D34: 4 | E34: =sum(G34:M34) -> 558 | G34: ='Playoff Scoring'!L31 -> 110 | H34: ='Playoff Scoring'!M31 -> 104 | I34: ='Playoff Scoring'!N31 -> 108 | J34: ='Playoff Scoring'!O31 -> 116 | K34: ='Playoff Scoring'!P31 -> 120
B35: 29 | C35: Harvard Westlake | D35: 4 | E35: =sum(G35:M35) -> 16 | G35: ='Playoff Scoring'!L29 -> 0 | H35: ='Playoff Scoring'!M29 -> 0 | I35: ='Playoff Scoring'!N29 -> 8 | J35: ='Playoff Scoring'!P29 -> 0 | K35: ='Playoff Scoring'!Q29 -> 8
B36: 35 | C36: Frazer 2 | D36: 2 | E36: =sum(G36:M36) -> 288 | G36: ='Playoff Scoring'!L27 -> 40 | H36: ='Playoff Scoring'!N27 -> 52 | I36: ='Playoff Scoring'!O27 -> 16 | J36: ='Playoff Scoring'!P27 -> 36 | K36: ='Playoff Scoring'!Q27 -> 144
B37: 40 | C37: Hunter College | D37: 2 | E37: =sum(G37:M37) -> 288 | G37: ='Playoff Scoring'!L30 -> 30 | H37: ='Playoff Scoring'!M30 -> 64 | I37: ='Playoff Scoring'!N30 -> 18 | J37: ='Playoff Scoring'!O30 -> 32 | K37: ='Playoff Scoring'!Q30 -> 144
B38: 2 | C38: Clements | D38: 10 | E38: =sum(G38:M38) -> #REF! | G38: =#REF! -> #REF! | H38: =#REF! -> #REF! | I38: =#REF! -> #REF! | J38: =#REF! -> #REF! | K38: =#REF! -> #REF!
B39: 13 | C39: MSJ 2 | D39: 8 | E39: =sum(G39:M39) -> #REF! | G39: =#REF! -> #REF! | H39: =#REF! -> #REF! | I39: =#REF! -> #REF! | J39: =#REF! -> #REF! | K39: =#REF! -> #REF!
B40: 17 | C40: WWPN | D40: 6 | E40: =sum(G40:M40) -> #REF! | G40: =#REF! -> #REF! | H40: =#REF! -> #REF! | I40: =#REF! -> #REF! | J40: =#REF! -> #REF! | K40: =#REF! -> #REF!
B41: 33 | C41: WWPS 2 | D41: 4 | E41: =sum(G41:M41) -> #REF! | G41: =#REF! -> #REF! | H41: =#REF! -> #REF! | I41: =#REF! -> #REF! | J41: =#REF! -> #REF! | K41: =#REF! -> #REF!
B42: 41 | C42: Madison West 1 | D42: 2 | E42: =sum(G42:M42) -> #REF! | G42: =#REF! -> #REF! | H42: =#REF! -> #REF! | I42: =#REF! -> #REF! | J42: =#REF! -> #REF! | K42: =#REF! -> #REF!
B43: 43 | C43: Oak Avenue 1 | D43: 0 | E43: =sum(G43:M43) -> #REF! | G43: =#REF! -> #REF! | H43: =#REF! -> #REF! | I43: =#REF! -> #REF! | J43: =#REF! -> #REF! | K43: =#REF! -> #REF!
B44: 5 | C44: TJHSST 2 | D44: 10 | E44: =sum(G44:M44) -> #REF! | G44: =#REF! -> #REF! | H44: =#REF! -> #REF! | I44: =#REF! -> #REF! | J44: =#REF! -> #REF! | K44: =#REF! -> #REF!
B45: 8 | C45: Lexington | D45: 8 | E45: =sum(G45:M45) -> #REF! | G45: =#REF! -> #REF! | H45: =#REF! -> #REF! | I45: =#REF! -> #REF! | J45: =#REF! -> #REF! | K45: =#REF! -> #REF!
B46: 16 | C46: Ward Melville | D46: 6 | E46: =sum(G46:M46) -> #REF! | G46: =#REF! -> #REF! | H46: =#REF! -> #REF! | I46: =#REF! -> #REF! | J46: =#REF! -> #REF! | K46: =#REF! -> #REF!
B47: 26 | C47: Niskayuna | D47: 4 | E47: =sum(G47:M47) -> #REF! | G47: =#REF! -> #REF! | H47: =#REF! -> #REF! | I47: =#REF! -> #REF! | J47: =#REF! -> #REF! | K47: =#REF! -> #REF!
B48: 36 | C48: Hawken | D48: 2 | E48: =sum(G48:M48) -> #REF! | G48: =#REF! -> #REF! | H48: =#REF! -> #REF! | I48: =#REF! -> #REF! | J48: =#REF! -> #REF! | K48: =#REF! -> #REF!
B49: 45 | C49: Choate Rosemary Hall | D49: 0 | E49: =sum(G49:M49) -> #REF! | G49: =#REF! -> #REF! | H49: =#REF! -> #REF! | I49: =#REF! -> #REF! | J49: =#REF! -> #REF! | K49: =#REF! -> #REF!

Sheet Double Elimination Bracket
B1: DE1 | E1: DE2 | G1: DE3 | J1: DE4 | L1: DE5 | N1: DE6 | P1: FINALS BO3
B2: 12:40-13:15 PT | E2: 13:15-13:50 PT | G2: 13:50-14:25 PT | J2: 14:45-15:15 PT | L2: 15:15-15:45 PT | N2: 15:45-16:15 PT | P2: 16:15-17:15 PT | S2: 1st: | T2: Montgomery Blair 1
S3: 2nd: | T3: MSJ 1
A4: 1 | B4: Montgomery Blair 1 | C4: 98 | S4: 3rd: | T4: TJHSST 2
A5: AlbatrosInterlake | G5: Lexington | H5: 10 | S5: 4th: | T5: Lexington
A6: 8 | B6: Lexington | C6: 110 | S6: 5-6th: | T6: Clements, Middleton 1
G7: AlbatrosInterlake | L7: TJHSST 2 | M7: 40
A8: 4 | B8: Wayzata | C8: 46
A9: AlbatrosWinston Churchill | G9: TJHSST 2 | H9: 44
A10: 5 | B10: TJHSST 2 | C10: 100
L11: Cornelia Street | P11: MSJ 1 | Q11: 6 | R11: -8
A12: 2 | B12: Clements | C12: 48 | U12: Mods | V12: 52.81
A13: BottlWayzata | G13: MSJ 1 | H13: 102
A14: 7 | B14: MSJ 1 | C14: 122 | W14: Anurag S
G15: AlbatrosWinston Churchill | L15: MSJ 1 | M15: 104
A16: 3 | B16: Middleton 1 | C16: 128 | P16: Cornelia Street | T16: Montgomery Blair 1 | V16: 31
A17: BottlDulles | G17: Middleton 1 | H17: 24 | M17: LC-1 | N17: TJHSST 2 | O17: 26
A18: 6 | B18: Lynbrook 1 | C18: 62
I19: LA-1 | J19: Lexington | K19: 96
D20: LB-2 | E20: Lynbrook 1 | F20: 98
A21: 9 | B21: CCA 1 | C21: 78 | E21: BottlWayzata | G21: Lynbrook 1 | H21: 60 | J21: Cornelia Street | L21: Lexington | M21: 54 | N21: Cornelia Street | P21: Montgomery Blair 1 | Q21: 18 | R21: 22
A22: ChampagnWayzata | E22: Ward Melville | F22: 34
A23: 16 | B23: Ward Melville | C23: 102 | G23: ChampagnWayzata | J23: Clements | K23: 62
D24: LB-1 | E24: Clements | F24: 74
A25: 12 | B25: Foothill | C25: 18 | E25: BottlDulles | G25: Clements | H25: 68 | L25: Scott Street | N25: Montgomery Blair 1 | O25: 98
A26: ChampagnDulles | E26: MSJ 2 | F26: 28
A27: 13 | B27: MSJ 2 | C27: 50 | I27: LA-2 | J27: Middleton 1 | K27: 66
D28: LA-2 | E28: Wayzata | F28: 52
A29: 10 | B29: WWPS 1 | C29: 60 | E29: ChampagnWayzata | G29: Palo Alto | H29: 26 | J29: Scott Street | L29: Montgomery Blair 1 | M29: 94
A30: Daylight-1 | E30: Palo Alto | F30: 136
A31: 15 | B31: Palo Alto | C31: 86 | G31: ChampagnDulles | J31: Montgomery Blair 1 | K31: 96
D32: LA-1 | E32: Montgomery Blair 1 | F32: 150
A33: 11 | B33: TJHSST 1 | C33: 50 | E33: ChampagnDulles | G33: Montgomery Blair 1 | H33: 90
A34: Daylight-2 | E34: Lynbrook 2 | F34: 10
A35: 14 | B35: Lynbrook 2 | C35: 80

Sheet League Phase Overall Individual
A1: Catstats Hub | B1: gamesPlayed | C1: tuh | D1: buzzes | E1: ppg | F1: PP4TUH | G1: npg | H1: Total Negs | I1: accuracy
A2: Amador Valley rohan g [Amador Valley] | B2: 6 | C2: 138 | D2: 72 | E2: 28 | F2: =E2*B2*23/C2 -> 28 | G2: 2.33 | H2: =G2*B2 -> 13.98 | I2: 0.778
A3: Ward Melville harry g [Ward Melville] | B3: 6 | C3: 138 | D3: 54 | E3: 27.33 | F3: =E3*B3*23/C3 -> 27.33 | G3: 0.5 | H3: =G3*B3 -> 3 | I3: 0.815
A4: Frazer ajay s [Frazer] | B4: 6 | C4: 135 | D4: 45 | E4: 25.33 | F4: =E4*B4*23/C4 -> 25.892889 | G4: 0.33 | H4: =G4*B4 -> 1.98 | I4: 0.889
A5: TJHSST aaryan s [TJHSST] | B5: 6 | C5: 138 | D5: 51 | E5: 24.67 | F5: =E5*B5*23/C5 -> 24.67 | G5: 1 | H5: =G5*B5 -> 6 | I5: 0.843
A6: OCSA james c [OCSA] | B6: 6 | C6: 135 | D6: 54 | E6: 22.67 | F6: =E6*B6*23/C6 -> 23.173778 | G6: 1.17 | H6: =G6*B6 -> 7.02 | I6: 0.759
A7: Lakeside william w [Lakeside] | B7: 6 | C7: 136 | D7: 38 | E7: 22 | F7: =E7*B7*23/C7 -> 22.323529 | G7: 0.33 | H7: =G7*B7 -> 1.98 | I7: 0.921
A8: Wayzata kevin q [Wayzata] | B8: 3 | C8: 69 | D8: 26 | E8: 21.33 | F8: =E8*B8*23/C8 -> 21.33 | G8: 1.33 | H8: =G8*B8 -> 3.99 | I8: 0.769
A9: ASFA akhil b [ASFA] | B9: 6 | C9: 138 | D9: 77 | E9: 20.67 | F9: =E9*B9*23/C9 -> 20.67 | G9: 2.67 | H9: =G9*B9 -> 16.02 | I9: 0.61
A10: Interlake rishabh v [Interlake] | B10: 6 | C10: 138 | D10: 46 | E10: 20.67 | F10: =E10*B10*23/C10 -> 20.67 | G10: 1.17 | H10: =G10*B10 -> 7.02 | I10: 0.826
A11: Canyon Crest austin x [Canyon Crest] | B11: 6 | C11: 138 | D11: 50 | E11: 20.67 | F11: =E11*B11*23/C11 -> 20.67 | G11: 1 | H11: =G11*B11 -> 6 | I11: 0.74
A12: Palo Alto andrew w [Palo Alto] | B12: 6 | C12: 138 | D12: 41 | E12: 20.67 | F12: =E12*B12*23/C12 -> 20.67 | G12: 0.67 | H12: =G12*B12 -> 4.02 | I12: 0.854
A13: Mira Loma aatreyo b [Mira Loma] | B13: 6 | C13: 138 | D13: 53 | E13: 19.33 | F13: =E13*B13*23/C13 -> 19.33 | G13: 1.67 | H13: =G13*B13 -> 10.02 | I13: 0.736
... A132: Middleton elizabeth w [Middleton] | B132: 1 | C132: 23 | D132: 2 | E132: -4 | F132: =E132*B132*23/C132 -> -4 | G132: 1 | H132: =G132*B132 -> 1 | I132: 0

Sheet League Phase Individual Biology
A1: Catstats Hub | B1: gamesPlayed | C1: tuh | D1: buzzes | E1: ppg | F1: PP4TUH | G1: npg | H1: Total Negs | I1: accuracy
A2: Frazer ajay s [Frazer] | B2: 6 | C2: 23 | D2: 16 | E2: 10.67 | F2: =E2*B2*4/C2 -> 11.133913 | G2: 0 | H2: =G2*B2 -> 0 | I2: 1
A3: Lynbrook andrew l [Lynbrook] | B3: 6 | C3: 23 | D3: 18 | E3: 10 | F3: =E3*B3*4/C3 -> 10.434783 | G3: 0 | H3: =G3*B3 -> 0 | I3: 0.833
A4: Interlake evan w [Interlake] | B4: 6 | C4: 24 | D4: 19 | E4: 10 | F4: =E4*B4*4/C4 -> 10 | G4: 0.33 | H4: =G4*B4 -> 1.98 | I4: 0.895
A5: Blair meghna s [Blair] | B5: 6 | C5: 24 | D5: 17 | E5: 8.67 | F5: =E5*B5*4/C5 -> 8.67 | G5: 0.17 | H5: =G5*B5 -> 1.02 | I5: 0.824
A6: Arcadia avani a [Arcadia] | B6: 6 | C6: 24 | D6: 14 | E6: 8 | F6: =E6*B6*4/C6 -> 8 | G6: 0.17 | H6: =G6*B6 -> 1.02 | I6: 0.929
A7: Ward Melville anna x [Ward Melville] | B7: 5 | C7: 21 | D7: 10 | E7: 6.4 | F7: =E7*B7*4/C7 -> 6.0952381 | G7: 0 | H7: =G7*B7 -> 0 | I7: 0.8
A8: Stuyvesant philip z [Stuyvesant] | B8: 6 | C8: 24 | D8: 13 | E8: 6 | F8: =E8*B8*4/C8 -> 6 | G8: 0.33 | H8: =G8*B8 -> 1.98 | I8: 0.846
A9: Dulles ronuk g [Dulles] | B9: 6 | C9: 24 | D9: 14 | E9: 6 | F9: =E9*B9*4/C9 -> 6 | G9: 0.33 | H9: =G9*B9 -> 1.98 | I9: 0.786
A10: Wayzata warren w [Wayzata] | B10: 6 | C10: 24 | D10: 12 | E10: 5.33 | F10: =E10*B10*4/C10 -> 5.33 | G10: 0.33 | H10: =G10*B10 -> 1.98 | I10: 0.833
A11: Lakeside emma l [Lakeside] | B11: 4 | C11: 16 | D11: 9 | E11: 5 | F11: =E11*B11*4/C11 -> 5 | G11: 0.25 | H11: =G11*B11 -> 1 | I11: 0.667
A12: Canyon Crest austin x [Canyon Crest] | B12: 6 | C12: 23 | D12: 11 | E12: 4.67 | F12: =E12*B12*4/C12 -> 4.8730435 | G12: 0.17 | H12: =G12*B12 -> 1.02 | I12: 0.727
A13: Mission San Jose aravind m [Mission San Jose] | B13: 6 | C13: 24 | D13: 11 | E13: 4.67 | F13: =E13*B13*4/C13 -> 4.67 | G13: 0.33 | H13: =G13*B13 -> 1.98 | I13: 0.818
... A132: Middleton elizabeth w [Middleton] | B132: 1 | C132: 4 | D132: 1 | E132: -4 | F132: =E132*B132*4/C132 -> -4 | G132: 1 | H132: =G132*B132 -> 1 | I132: 0

Sheet League Phase Individual Chemist
A1: Catstats Hub | B1: gamesPlayed | C1: tuh | D1: buzzes | E1: ppg | F1: PP4TUH | G1: npg | H1: Total Negs | I1: accuracy
A2: WWPS sanjay o [WWPS] | B2: 6 | C2: 24 | D2: 17 | E2: 11.33 | F2: =E2*B2*4/C2 -> 11.33 | G2: 0 | H2: =G2*B2 -> 0 | I2: 1
A3: Lakeside william w [Lakeside] | B3: 6 | C3: 24 | D3: 16 | E3: 8 | F3: =E3*B3*4/C3 -> 8 | G3: 0.33 | H3: =G3*B3 -> 1.98 | I3: 0.875
A4: Amador Valley gaurav g [Amador Valley] | B4: 6 | C4: 24 | D4: 14 | E4: 8 | F4: =E4*B4*4/C4 -> 8 | G4: 0.17 | H4: =G4*B4 -> 1.02 | I4: 0.929
A5: TJHSST aaryan s [TJHSST] | B5: 6 | C5: 24 | D5: 18 | E5: 7.33 | F5: =E5*B5*4/C5 -> 7.33 | G5: 0.5 | H5: =G5*B5 -> 3 | I5: 0.778
A6: Lynbrook evan l [Lynbrook] | B6: 6 | C6: 24 | D6: 11 | E6: 7.33 | F6: =E6*B6*4/C6 -> 7.33 | G6: 0 | H6: =G6*B6 -> 0 | I6: 1
A7: Arcadia ethan w [Arcadia] | B7: 6 | C7: 24 | D7: 15 | E7: 6.67 | F7: =E7*B7*4/C7 -> 6.67 | G7: 0.33 | H7: =G7*B7 -> 1.98 | I7: 0.8
A8: OCSA james c [OCSA] | B8: 6 | C8: 24 | D8: 13 | E8: 6.67 | F8: =E8*B8*4/C8 -> 6.67 | G8: 0.17 | H8: =G8*B8 -> 1.02 | I8: 0.846
A9: Saratoga alex g [Saratoga] | B9: 6 | C9: 24 | D9: 11 | E9: 6.67 | F9: =E9*B9*4/C9 -> 6.67 | G9: 0 | H9: =G9*B9 -> 0 | I9: 0.909
A10: ASFA akhil b [ASFA] | B10: 6 | C10: 24 | D10: 18 | E10: 6 | F10: =E10*B10*4/C10 -> 6 | G10: 0.5 | H10: =G10*B10 -> 3 | I10: 0.667
A11: Wayzata sophie c [Wayzata] | B11: 2 | C11: 8 | D11: 4 | E11: 6 | F11: =E11*B11*4/C11 -> 6 | G11: 0 | H11: =G11*B11 -> 0 | I11: 0.75
A12: Ward Melville anna x [Ward Melville] | B12: 5 | C12: 20 | D12: 11 | E12: 5.6 | F12: =E12*B12*4/C12 -> 5.6 | G12: 0.4 | H12: =G12*B12 -> 2 | I12: 0.818
A13: Frazer jimmy j [Frazer] | B13: 5 | C13: 20 | D13: 10 | E13: 5.6 | F13: =E13*B13*4/C13 -> 5.6 | G13: 0.2 | H13: =G13*B13 -> 1 | I13: 0.8
... A132: OCSA dane b [OCSA] | B132: 1 | C132: 4 | D132: 1 | E132: -4 | F132: =E132*B132*4/C132 -> -4 | G132: 1 | H132: =G132*B132 -> 1 | I132: 0

Sheet League Phase Individual Energy
A1: Catstats Hub | B1: gamesPlayed | C1: tuh | D1: buzzes | E1: ppg | F1: PP3TUH | G1: npg | H1: Total Negs | I1: accuracy
A2: Lynbrook andrew l [Lynbrook] | B2: 6 | C2: 19 | D2: 8 | E2: 5.33 | F2: =E2*B2*3/C2 -> 5.0494737 | G2: 0 | H2: =G2*B2 -> 0 | I2: 1
A3: Ward Melville harry g [Ward Melville] | B3: 6 | C3: 17 | D3: 7 | E3: 4.67 | F3: =E3*B3*3/C3 -> 4.9447059 | G3: 0 | H3: =G3*B3 -> 0 | I3: 1
A4: Frazer ajay s [Frazer] | B4: 6 | C4: 18 | D4: 7 | E4: 4.67 | F4: =E4*B4*3/C4 -> 4.67 | G4: 0 | H4: =G4*B4 -> 0 | I4: 1
A5: Stuyvesant julien d [Stuyvesant] | B5: 5 | C5: 14 | D5: 5 | E5: 4 | F5: =E5*B5*3/C5 -> 4.2857143 | G5: 0 | H5: =G5*B5 -> 0 | I5: 1
A6: Mira Loma aatreyo b [Mira Loma] | B6: 6 | C6: 18 | D6: 8 | E6: 4 | F6: =E6*B6*3/C6 -> 4 | G6: 0.17 | H6: =G6*B6 -> 1.02 | I6: 0.875
A7: Mission San Jose aravind m [Mission San Jose] | B7: 6 | C7: 18 | D7: 6 | E7: 4 | F7: =E7*B7*3/C7 -> 4 | G7: 0 | H7: =G7*B7 -> 0 | I7: 1
A8: Ward Melville gunes s [Ward Melville] | B8: 1 | C8: 3 | D8: 1 | E8: 4 | F8: =E8*B8*3/C8 -> 4 | G8: 0 | H8: =G8*B8 -> 0 | I8: 1
A9: Lakeside william w [Lakeside] | B9: 6 | C9: 18 | D9: 7 | E9: 4 | F9: =E9*B9*3/C9 -> 4 | G9: 0 | H9: =G9*B9 -> 0 | I9: 0.857
A10: University timothy c [University] | B10: 6 | C10: 18 | D10: 7 | E10: 4 | F10: =E10*B10*3/C10 -> 4 | G10: 0 | H10: =G10*B10 -> 0 | I10: 0.857
A11: TJHSST aaryan s [TJHSST] | B11: 6 | C11: 18 | D11: 6 | E11: 4 | F11: =E11*B11*3/C11 -> 4 | G11: 0 | H11: =G11*B11 -> 0 | I11: 1
A12: Wayzata sophie c [Wayzata] | B12: 2 | C12: 6 | D12: 2 | E12: 4 | F12: =E12*B12*3/C12 -> 4 | G12: 0 | H12: =G12*B12 -> 0 | I12: 1
A13: Wayzata kevin q [Wayzata] | B13: 3 | C13: 9 | D13: 4 | E13: 4 | F13: =E13*B13*3/C13 -> 4 | G13: 0 | H13: =G13*B13 -> 0 | I13: 0.75
... A132: Stuyvesant cody c [Stuyvesant] | B132: 3 | C132: 8 | D132: 1 | E132: -1.33 | F132: =E132*B132*3/C132 -> -1.49625 | G132: 0.33 | H132: =G132*B132 -> 0.99 | I132: 0

Sheet League Phase Individual ESS
A1: Catstats Hub | B1: gamesPlayed | C1: tuh | D1: buzzes | E1: ppg | F1: PP4TUH | G1: npg | H1: Total Negs | I1: accuracy
A2: Interlake rishabh v [Interlake] | B2: 6 | C2: 24 | D2: 22 | E2: 10 | F2: =E2*B2*4/C2 -> 10 | G2: 0.5 | H2: =G2*B2 -> 3 | I2: 0.818
A3: Canyon Crest flora j [Canyon Crest] | B3: 6 | C3: 24 | D3: 19 | E3: 9.33 | F3: =E3*B3*4/C3 -> 9.33 | G3: 0.33 | H3: =G3*B3 -> 1.98 | I3: 0.842
A4: Mission San Jose advai s [Mission San Jose] | B4: 6 | C4: 24 | D4: 17 | E4: 8.67 | F4: =E4*B4*4/C4 -> 8.67 | G4: 0.33 | H4: =G4*B4 -> 1.98 | I4: 0.882
A5: Hunter camille p [Hunter] | B5: 6 | C5: 24 | D5: 14 | E5: 8 | F5: =E5*B5*4/C5 -> 8 | G5: 0 | H5: =G5*B5 -> 0 | I5: 0.857
A6: Foothill shashank v [Foothill] | B6: 6 | C6: 24 | D6: 16 | E6: 6.67 | F6: =E6*B6*4/C6 -> 6.67 | G6: 0.33 | H6: =G6*B6 -> 1.98 | I6: 0.75
A7: Amador Valley karthik a [Amador Valley] | B7: 5 | C7: 20 | D7: 8 | E7: 6.4 | F7: =E7*B7*4/C7 -> 6.4 | G7: 0 | H7: =G7*B7 -> 0 | I7: 1
A8: TJHSST aaryan s [TJHSST] | B8: 6 | C8: 24 | D8: 13 | E8: 6 | F8: =E8*B8*4/C8 -> 6 | G8: 0.33 | H8: =G8*B8 -> 1.98 | I8: 0.846
A9: Ward Melville jason y [Ward Melville] | B9: 5 | C9: 19 | D9: 7 | E9: 5.6 | F9: =E9*B9*4/C9 -> 5.8947368 | G9: 0 | H9: =G9*B9 -> 0 | I9: 1
A10: WWPS abhinav a [WWPS] | B10: 5 | C10: 20 | D10: 10 | E10: 5.6 | F10: =E10*B10*4/C10 -> 5.6 | G10: 0.2 | H10: =G10*B10 -> 1 | I10: 0.8
A11: Dulles shlok p [Dulles] | B11: 4 | C11: 15 | D11: 7 | E11: 5 | F11: =E11*B11*4/C11 -> 5.3333333 | G11: 0.25 | H11: =G11*B11 -> 1 | I11: 0.857
A12: ASFA akhil b [ASFA] | B12: 6 | C12: 24 | D12: 21 | E12: 5.33 | F12: =E12*B12*4/C12 -> 5.33 | G12: 0.83 | H12: =G12*B12 -> 4.98 | I12: 0.619
A13: Mira Loma aatreyo b [Mira Loma] | B13: 6 | C13: 24 | D13: 10 | E13: 5.33 | F13: =E13*B13*4/C13 -> 5.33 | G13: 0.17 | H13: =G13*B13 -> 1.02 | I13: 0.9
... A132: e3 aryan m [Mira Loma] | B132: 2 | C132: 8 | D132: 1 | E132: -2 | F132: =E132*B132*4/C132 -> -2 | G132: 0.5 | H132: =G132*B132 -> 1 | I132: 0

Sheet League Phase Individual Math
A1: Catstats Hub | B1: gamesPlayed | C1: tuh | D1: buzzes | E1: ppg | F1: PP4TUH | G1: npg | H1: Total Negs | I1: accuracy
A2: Amador Valley rohan g [Amador Valley] | B2: 6 | C2: 24 | D2: 22 | E2: 10.67 | F2: =E2*B2*4/C2 -> 10.67 | G2: 0.5 | H2: =G2*B2 -> 3 | I2: 0.864
A3: Interlake aryan a [Interlake] | B3: 6 | C3: 24 | D3: 16 | E3: 8.67 | F3: =E3*B3*4/C3 -> 8.67 | G3: 0.17 | H3: =G3*B3 -> 1.02 | I3: 0.875
A4: Ward Melville harry g [Ward Melville] | B4: 6 | C4: 24 | D4: 14 | E4: 8.67 | F4: =E4*B4*4/C4 -> 8.67 | G4: 0 | H4: =G4*B4 -> 0 | I4: 0.929
A5: Palo Alto andrew w [Palo Alto] | B5: 6 | C5: 24 | D5: 15 | E5: 8.67 | F5: =E5*B5*4/C5 -> 8.67 | G5: 0 | H5: =G5*B5 -> 0 | I5: 0.867
A6: Clements alex s [Clements] | B6: 5 | C6: 20 | D6: 13 | E6: 8 | F6: =E6*B6*4/C6 -> 8 | G6: 0.2 | H6: =G6*B6 -> 1 | I6: 0.846
A7: Lynbrook sohil r [Lynbrook] | B7: 6 | C7: 24 | D7: 12 | E7: 8 | F7: =E7*B7*4/C7 -> 8 | G7: 0 | H7: =G7*B7 -> 0 | I7: 1
A8: Frazer george p [Frazer] | B8: 1 | C8: 4 | D8: 2 | E8: 8 | F8: =E8*B8*4/C8 -> 8 | G8: 0 | H8: =G8*B8 -> 0 | I8: 1
A9: Foothill athithan e [Foothill] | B9: 6 | C9: 24 | D9: 18 | E9: 7.33 | F9: =E9*B9*4/C9 -> 7.33 | G9: 0.5 | H9: =G9*B9 -> 3 | I9: 0.778
A10: University timothy c [University] | B10: 6 | C10: 24 | D10: 17 | E10: 7.33 | F10: =E10*B10*4/C10 -> 7.33 | G10: 0.5 | H10: =G10*B10 -> 3 | I10: 0.824
A11: Mira Loma aatreyo b [Mira Loma] | B11: 6 | C11: 23 | D11: 17 | E11: 6.67 | F11: =E11*B11*4/C11 -> 6.96 | G11: 0.5 | H11: =G11*B11 -> 3 | I11: 0.765
A12: Dulles mahith g [Dulles] | B12: 6 | C12: 24 | D12: 12 | E12: 6.67 | F12: =E12*B12*4/C12 -> 6.67 | G12: 0.17 | H12: =G12*B12 -> 1.02 | I12: 0.917
A13: Blair chris w [Blair] | B13: 6 | C13: 24 | D13: 11 | E13: 6.67 | F13: =E13*B13*4/C13 -> 6.67 | G13: 0 | H13: =G13*B13 -> 0 | I13: 0.909
... A132: Dulles steve w [Dulles] | B132: 4 | C132: 16 | D132: 3 | E132: -3 | F132: =E132*B132*4/C132 -> -3 | G132: 0.75 | H132: =G132*B132 -> 3 | I132: 0

Sheet League Phase Individual Physics
A1: Catstats Hub | B1: gamesPlayed | C1: tuh | D1: buzzes | E1: ppg | F1: PP4TUH | G1: npg | H1: Total Negs | I1: accuracy
A2: Arcadia herrick w [Arcadia] | B2: 1 | C2: 3 | D2: 2 | E2: 8 | F2: =E2*B2*4/C2 -> 10.666667 | G2: 0 | H2: =G2*B2 -> 0 | I2: 1
A3: Amador Valley rohan g [Amador Valley] | B3: 6 | C3: 24 | D3: 19 | E3: 9.33 | F3: =E3*B3*4/C3 -> 9.33 | G3: 0.33 | H3: =G3*B3 -> 1.98 | I3: 0.842
A4: Foothill athithan e [Foothill] | B4: 6 | C4: 24 | D4: 15 | E4: 9.33 | F4: =E4*B4*4/C4 -> 9.33 | G4: 0 | H4: =G4*B4 -> 0 | I4: 0.933
A5: Wayzata kevin q [Wayzata] | B5: 3 | C5: 12 | D5: 8 | E5: 9.33 | F5: =E5*B5*4/C5 -> 9.33 | G5: 0 | H5: =G5*B5 -> 0 | I5: 0.875
A6: Saratoga max r [Saratoga] | B6: 5 | C6: 20 | D6: 11 | E6: 8.8 | F6: =E6*B6*4/C6 -> 8.8 | G6: 0 | H6: =G6*B6 -> 0 | I6: 1
A7: OCSA james c [OCSA] | B7: 6 | C7: 23 | D7: 14 | E7: 8 | F7: =E7*B7*4/C7 -> 8.3478261 | G7: 0.17 | H7: =G7*B7 -> 1.02 | I7: 0.929
A8: Canyon Crest austin x [Canyon Crest] | B8: 6 | C8: 24 | D8: 14 | E8: 8 | F8: =E8*B8*4/C8 -> 8 | G8: 0.17 | H8: =G8*B8 -> 1.02 | I8: 0.929
A9: Lakeside daniel w [Lakeside] | B9: 1 | C9: 4 | D9: 3 | E9: 8 | F9: =E9*B9*4/C9 -> 8 | G9: 0 | H9: =G9*B9 -> 0 | I9: 0.667
A10: Ward Melville harry g [Ward Melville] | B10: 6 | C10: 25 | D10: 15 | E10: 8 | F10: =E10*B10*4/C10 -> 7.68 | G10: 0.17 | H10: =G10*B10 -> 1.02 | I10: 0.867
A11: Dulles mahith g [Dulles] | B11: 6 | C11: 25 | D11: 13 | E11: 7.33 | F11: =E11*B11*4/C11 -> 7.0368 | G11: 0.17 | H11: =G11*B11 -> 1.02 | I11: 0.923
A12: PRISMS josh s [PRISMS] | B12: 6 | C12: 24 | D12: 13 | E12: 6.67 | F12: =E12*B12*4/C12 -> 6.67 | G12: 0.17 | H12: =G12*B12 -> 1.02 | I12: 0.846
A13: TJHSST aaryan s [TJHSST] | B13: 6 | C13: 25 | D13: 13 | E13: 6.67 | F13: =E13*B13*4/C13 -> 6.4032 | G13: 0.17 | H13: =G13*B13 -> 1.02 | I13: 0.846
... A132: Blair emery q [Blair] | B132: 2 | C132: 8 | D132: 1 | E132: -2 | F132: =E132*B132*4/C132 -> -2 | G132: 0.5 | H132: =G132*B132 -> 1 | I132: 0

Sheet Playoff Phase Overall Individua
A1: Catstats Hub | B1: gamesPlayed | C1: tuh | D1: buzzes | E1: ppg | F1: PP4TUH | G1: npg | H1: Total Negs | I1: accuracy
A2: Frazer ajay s [Frazer] | B2: 4 | C2: 92 | D2: 40 | E2: 28 | F2: =E2*B2*20/C2 -> 24.347826 | G2: 0.75 | H2: =G2*B2 -> 3 | I2: 0.775
A3: PRISMS josh s [PRISMS] | B3: 4 | C3: 91 | D3: 42 | E3: 22 | F3: =E3*B3*20/C3 -> 19.340659 | G3: 1.25 | H3: =G3*B3 -> 5 | I3: 0.643
A4: ASFA mcnair s [ASFA] | B4: 1 | C4: 23 | D4: 7 | E4: 20 | F4: =E4*B4*20/C4 -> 17.391304 | G4: 1 | H4: =G4*B4 -> 1 | I4: 0.857
A5: Wayzata kevin q [Wayzata] | B5: 3 | C5: 69 | D5: 35 | E5: 18.67 | F5: =E5*B5*20/C5 -> 16.234783 | G5: 1.33 | H5: =G5*B5 -> 3.99 | I5: 0.514
A6: Lakeside william w [Lakeside] | B6: 3 | C6: 54 | D6: 20 | E6: 13.33 | F6: =E6*B6*20/C6 -> 14.811111 | G6: 0.33 | H6: =G6*B6 -> 0.99 | I6: 0.55
A7: Palo Alto andrew w [Palo Alto] | B7: 4 | C7: 92 | D7: 26 | E7: 17 | F7: =E7*B7*20/C7 -> 14.782609 | G7: 0.25 | H7: =G7*B7 -> 1 | I7: 0.692
A8: Mission San Jose advai s [Mission San Jose] | B8: 4 | C8: 92 | D8: 35 | E8: 16 | F8: =E8*B8*20/C8 -> 13.913043 | G8: 1.5 | H8: =G8*B8 -> 6 | I8: 0.629
A9: Mira Loma tanay b [Mira Loma] | B9: 4 | C9: 92 | D9: 22 | E9: 16 | F9: =E9*B9*20/C9 -> 13.913043 | G9: 0 | H9: =G9*B9 -> 0 | I9: 0.727
A10: Dulles mahith g [Dulles] | B10: 1 | C10: 23 | D10: 4 | E10: 16 | F10: =E10*B10*20/C10 -> 13.913043 | G10: 0 | H10: =G10*B10 -> 0 | I10: 1
A11: Lynbrook andrew l [Lynbrook] | B11: 4 | C11: 92 | D11: 26 | E11: 15 | F11: =E11*B11*20/C11 -> 13.043478 | G11: 0.75 | H11: =G11*B11 -> 3 | I11: 0.692
A12: Lynbrook sohil r [Lynbrook] | B12: 4 | C12: 92 | D12: 24 | E12: 15 | F12: =E12*B12*20/C12 -> 13.043478 | G12: 0.5 | H12: =G12*B12 -> 2 | I12: 0.708
A13: Canyon Crest flora j [Canyon Crest] | B13: 4 | C13: 92 | D13: 19 | E13: 15 | F13: =E13*B13*20/C13 -> 13.043478 | G13: 0.25 | H13: =G13*B13 -> 1 | I13: 0.842
... A127: Dulles shlok p [Dulles] | B127: 1 | C127: 23 | D127: 1 | E127: -4 | F127: =E127*B127*20/C127 -> -3.4782609 | G127: 1 | H127: =G127*B127 -> 1 | I127: 0

Sheet Playoff Phase Individual Biolog
A1: Catstats Hub | B1: gamesPlayed | C1: tuh | D1: buzzes | E1: ppg | F1: PP4TUH | G1: npg | H1: Total Negs | I1: accuracy
A2: Frazer ajay s [Frazer] | B2: 4 | C2: 16 | D2: 12 | E2: 11 | F2: =E2*B2*4/C2 -> 11 | G2: 0 | H2: =G2*B2 -> 0 | I2: 0.917
A3: WWPS dhairya m [WWPS] | B3: 4 | C3: 16 | D3: 12 | E3: 9 | F3: =E3*B3*4/C3 -> 9 | G3: 0.25 | H3: =G3*B3 -> 1 | I3: 0.833
A4: Lynbrook andrew l [Lynbrook] | B4: 4 | C4: 16 | D4: 13 | E4: 9 | F4: =E4*B4*4/C4 -> 9 | G4: 0.25 | H4: =G4*B4 -> 1 | I4: 0.769
A5: Interlake evan w [Interlake] | B5: 4 | C5: 16 | D5: 11 | E5: 8 | F5: =E5*B5*4/C5 -> 8 | G5: 0.25 | H5: =G5*B5 -> 1 | I5: 0.818
A6: Dulles ronuk g [Dulles] | B6: 4 | C6: 16 | D6: 13 | E6: 7 | F6: =E6*B6*4/C6 -> 7 | G6: 0.5 | H6: =G6*B6 -> 2 | I6: 0.692
A7: Mission San Jose aravind m [Mission San Jose] | B7: 4 | C7: 16 | D7: 10 | E7: 7 | F7: =E7*B7*4/C7 -> 7 | G7: 0.25 | H7: =G7*B7 -> 1 | I7: 0.8
A8: Stuyvesant philip z [Stuyvesant] | B8: 4 | C8: 13 | D8: 8 | E8: 5 | F8: =E8*B8*4/C8 -> 6.1538462 | G8: 0.25 | H8: =G8*B8 -> 1 | I8: 0.75
A9: University angelina y [University] | B9: 4 | C9: 16 | D9: 9 | E9: 6 | F9: =E9*B9*4/C9 -> 6 | G9: 0.25 | H9: =G9*B9 -> 1 | I9: 0.778
A10: Palo Alto rasia y [Palo Alto] | B10: 4 | C10: 16 | D10: 5 | E10: 4 | F10: =E10*B10*4/C10 -> 4 | G10: 0 | H10: =G10*B10 -> 0 | I10: 0.8
A11: Palo Alto claire s [Palo Alto] | B11: 3 | C11: 12 | D11: 3 | E11: 4 | F11: =E11*B11*4/C11 -> 4 | G11: 0 | H11: =G11*B11 -> 0 | I11: 1
A12: Blair meghna s [Blair] | B12: 4 | C12: 16 | D12: 11 | E12: 4 | F12: =E12*B12*4/C12 -> 4 | G12: 0.75 | H12: =G12*B12 -> 3 | I12: 0.636
A13: Winston Churchill beirui z [Winston Churchill] | B13: 3 | C13: 12 | D13: 10 | E13: 4 | F13: =E13*B13*4/C13 -> 4 | G13: 0 | H13: =G13*B13 -> 0 | I13: 0.3
... A127: Dulles shlok p [Dulles] | B127: 1 | C127: 4 | D127: 1 | E127: -4 | F127: =E127*B127*4/C127 -> -4 | G127: 1 | H127: =G127*B127 -> 1 | I127: 0

Sheet Playoff Phase Individual Chemis
A1: Catstats Hub | B1: gamesPlayed | C1: tuh | D1: buzzes | E1: ppg | F1: PP4TUH | G1: npg | H1: Total Negs | I1: accuracy
A2: Mira Loma tanay b [Mira Loma] | B2: 4 | C2: 16 | D2: 12 | E2: 9 | F2: =E2*B2*4/C2 -> 9 | G2: 0 | H2: =G2*B2 -> 0 | I2: 0.75
A3: Clements yale z [Clements] | B3: 3 | C3: 11 | D3: 7 | E3: 6.67 | F3: =E3*B3*4/C3 -> 7.2763636 | G3: 0.33 | H3: =G3*B3 -> 0.99 | I3: 0.857
A4: Saratoga alex g [Saratoga] | B4: 4 | C4: 16 | D4: 12 | E4: 7 | F4: =E4*B4*4/C4 -> 7 | G4: 0.25 | H4: =G4*B4 -> 1 | I4: 0.667
A5: PRISMS josh s [PRISMS] | B5: 4 | C5: 16 | D5: 7 | E5: 7 | F5: =E5*B5*4/C5 -> 7 | G5: 0 | H5: =G5*B5 -> 0 | I5: 1
A6: Interlake carol g [Interlake] | B6: 3 | C6: 12 | D6: 5 | E6: 6.67 | F6: =E6*B6*4/C6 -> 6.67 | G6: 0 | H6: =G6*B6 -> 0 | I6: 1
A7: WWPS sanjay o [WWPS] | B7: 4 | C7: 16 | D7: 13 | E7: 6 | F7: =E7*B7*4/C7 -> 6 | G7: 0.5 | H7: =G7*B7 -> 2 | I7: 0.615
A8: Amador Valley gaurav g [Amador Valley] | B8: 4 | C8: 16 | D8: 11 | E8: 6 | F8: =E8*B8*4/C8 -> 6 | G8: 0.5 | H8: =G8*B8 -> 2 | I8: 0.727
A9: Wayzata sophie c [Wayzata] | B9: 2 | C9: 8 | D9: 4 | E9: 6 | F9: =E9*B9*4/C9 -> 6 | G9: 0 | H9: =G9*B9 -> 0 | I9: 0.75
A10: Lakeside william w [Lakeside] | B10: 3 | C10: 12 | D10: 8 | E10: 5.33 | F10: =E10*B10*4/C10 -> 5.33 | G10: 0.33 | H10: =G10*B10 -> 0.99 | I10: 0.571
A11: Arcadia herrick w [Arcadia] | B11: 4 | C11: 16 | D11: 6 | E11: 5 | F11: =E11*B11*4/C11 -> 5 | G11: 0 | H11: =G11*B11 -> 0 | I11: 0.833
A12: OCSA james c [OCSA] | B12: 4 | C12: 15 | D12: 10 | E12: 4 | F12: =E12*B12*4/C12 -> 4.2666667 | G12: 0 | H12: =G12*B12 -> 0 | I12: 0.4
A13: Frazer ajay s [Frazer] | B13: 4 | C13: 16 | D13: 8 | E13: 4 | F13: =E13*B13*4/C13 -> 4 | G13: 0.25 | H13: =G13*B13 -> 1 | I13: 0.625
... A132: OCSA dane b [OCSA] | B132: 1 | C132: 4 | D132: 1 | E132: -4 | F132: =E132*B132*4/C132 -> -4 | G132: 1 | H132: =G132*B132 -> 1 | I132: 0

Sheet Playoff Phase Individual Energy
A1: Catstats Hub | B1: gamesPlayed | C1: tuh | D1: buzzes | E1: ppg | F1: PP3TUH | G1: npg | H1: Total Negs | I1: accuracy
A2: Frazer ajay s [Frazer] | B2: 4 | C2: 12 | D2: 6 | E2: 6 | F2: =E2*B2*3/C2 -> 6 | G2: 0 | H2: =G2*B2 -> 0 | I2: 1
A3: Stuyvesant philip z [Stuyvesant] | B3: 4 | C3: 10 | D3: 4 | E3: 4 | F3: =E3*B3*3/C3 -> 4.8 | G3: 0 | H3: =G3*B3 -> 0 | I3: 1
A4: JP Stevens krishna r [JP Stevens] | B4: 4 | C4: 11 | D4: 4 | E4: 4 | F4: =E4*B4*3/C4 -> 4.3636364 | G4: 0 | H4: =G4*B4 -> 0 | I4: 1
A5: Lynbrook andrew l [Lynbrook] | B5: 4 | C5: 12 | D5: 8 | E5: 4 | F5: =E5*B5*3/C5 -> 4 | G5: 0.25 | H5: =G5*B5 -> 1 | I5: 0.625
A6: PRISMS arun p [PRISMS] | B6: 4 | C6: 12 | D6: 6 | E6: 4 | F6: =E6*B6*3/C6 -> 4 | G6: 0 | H6: =G6*B6 -> 0 | I6: 0.667
A7: University angelina y [University] | B7: 4 | C7: 12 | D7: 4 | E7: 4 | F7: =E7*B7*3/C7 -> 4 | G7: 0 | H7: =G7*B7 -> 0 | I7: 1
A8: Mission San Jose aravind m [Mission San Jose] | B8: 4 | C8: 12 | D8: 4 | E8: 4 | F8: =E8*B8*3/C8 -> 4 | G8: 0 | H8: =G8*B8 -> 0 | I8: 1
A9: Hunter camille p [Hunter] | B9: 4 | C9: 12 | D9: 5 | E9: 4 | F9: =E9*B9*3/C9 -> 4 | G9: 0 | H9: =G9*B9 -> 0 | I9: 0.8
A10: ASFA mcnair s [ASFA] | B10: 1 | C10: 3 | D10: 1 | E10: 4 | F10: =E10*B10*3/C10 -> 4 | G10: 0 | H10: =G10*B10 -> 0 | I10: 1
A11: Mira Loma aatreyo b [Mira Loma] | B11: 4 | C11: 12 | D11: 5 | E11: 3 | F11: =E11*B11*3/C11 -> 3 | G11: 0.25 | H11: =G11*B11 -> 1 | I11: 0.8
A12: Mission San Jose advai s [Mission San Jose] | B12: 4 | C12: 12 | D12: 6 | E12: 3 | F12: =E12*B12*3/C12 -> 3 | G12: 0.25 | H12: =G12*B12 -> 1 | I12: 0.667
A13: TJHSST sophia g [TJHSST] | B13: 4 | C13: 12 | D13: 4 | E13: 3 | F13: =E13*B13*3/C13 -> 3 | G13: 0 | H13: =G13*B13 -> 0 | I13: 0.75
... A127: University shloke k [University] | B127: 2 | C127: 6 | D127: 1 | E127: -2 | F127: =E127*B127*3/C127 -> -2 | G127: 0.5 | H127: =G127*B127 -> 1 | I127: 0

Sheet Playoff Phase Individual ESS
A1: Catstats Hub | B1: gamesPlayed | C1: tuh | D1: buzzes | E1: ppg | F1: PP4TUH | G1: npg | H1: Total Negs | I1: accuracy
A2: Canyon Crest flora j [Canyon Crest] | B2: 4 | C2: 16 | D2: 14 | E2: 11 | F2: =E2*B2*4/C2 -> 11 | G2: 0.25 | H2: =G2*B2 -> 1 | I2: 0.857
A3: Mission San Jose advai s [Mission San Jose] | B3: 4 | C3: 16 | D3: 13 | E3: 9 | F3: =E3*B3*4/C3 -> 9 | G3: 0.25 | H3: =G3*B3 -> 1 | I3: 0.769
A4: PRISMS arun p [PRISMS] | B4: 4 | C4: 16 | D4: 11 | E4: 7 | F4: =E4*B4*4/C4 -> 7 | G4: 0.25 | H4: =G4*B4 -> 1 | I4: 0.727
A5: Hunter camille p [Hunter] | B5: 4 | C5: 16 | D5: 8 | E5: 6 | F5: =E5*B5*4/C5 -> 6 | G5: 0 | H5: =G5*B5 -> 0 | I5: 0.75
A6: Frazer jaganesh r [Frazer] | B6: 3 | C6: 12 | D6: 5 | E6: 5.33 | F6: =E6*B6*4/C6 -> 5.33 | G6: 0 | H6: =G6*B6 -> 0 | I6: 0.8
A7: Frazer ajay s [Frazer] | B7: 4 | C7: 16 | D7: 8 | E7: 5 | F7: =E7*B7*4/C7 -> 5 | G7: 0.25 | H7: =G7*B7 -> 1 | I7: 0.75
A8: Ward Melville jason y [Ward Melville] | B8: 4 | C8: 16 | D8: 6 | E8: 5 | F8: =E8*B8*4/C8 -> 5 | G8: 0 | H8: =G8*B8 -> 0 | I8: 0.833
A9: TJHSST aaryan s [TJHSST] | B9: 4 | C9: 16 | D9: 6 | E9: 5 | F9: =E9*B9*4/C9 -> 5 | G9: 0 | H9: =G9*B9 -> 0 | I9: 0.833
A10: PRISMS josh s [PRISMS] | B10: 4 | C10: 16 | D10: 5 | E10: 5 | F10: =E10*B10*4/C10 -> 5 | G10: 0 | H10: =G10*B10 -> 0 | I10: 1
A11: Interlake rishabh v [Interlake] | B11: 4 | C11: 16 | D11: 12 | E11: 4 | F11: =E11*B11*4/C11 -> 4 | G11: 0.75 | H11: =G11*B11 -> 3 | I11: 0.583
A12: OCSA elena h [OCSA] | B12: 4 | C12: 15 | D12: 5 | E12: 3 | F12: =E12*B12*4/C12 -> 3.2 | G12: 0 | H12: =G12*B12 -> 0 | I12: 0.6
A13: Mira Loma aatreyo b [Mira Loma] | B13: 4 | C13: 16 | D13: 9 | E13: 3 | F13: =E13*B13*4/C13 -> 3 | G13: 0.25 | H13: =G13*B13 -> 1 | I13: 0.444
... A127: Amador Valley rohan g [Amador Valley] | B127: 4 | C127: 16 | D127: 7 | E127: -2 | F127: =E127*B127*4/C127 -> -2 | G127: 1 | H127: =G127*B127 -> 4 | I127: 0.286

Sheet Playoff Phase Individual Math
A1: Catstats Hub | B1: gamesPlayed | C1: tuh | D1: buzzes | E1: ppg | F1: PP4TUH | G1: npg | H1: Total Negs | I1: accuracy
A2: Lakeside daniel w [Lakeside] | B2: 1 | C2: 4 | D2: 3 | E2: 12 | F2: =E2*B2*4/C2 -> 12 | G2: 0 | H2: =G2*B2 -> 0 | I2: 1
A3: Palo Alto andrew w [Palo Alto] | B3: 4 | C3: 16 | D3: 14 | E3: 11 | F3: =E3*B3*4/C3 -> 11 | G3: 0 | H3: =G3*B3 -> 0 | I3: 0.786
A4: Interlake aryan a [Interlake] | B4: 4 | C4: 16 | D4: 11 | E4: 9 | F4: =E4*B4*4/C4 -> 9 | G4: 0 | H4: =G4*B4 -> 0 | I4: 0.818
A5: Clements alex s [Clements] | B5: 4 | C5: 16 | D5: 12 | E5: 8 | F5: =E5*B5*4/C5 -> 8 | G5: 0 | H5: =G5*B5 -> 0 | I5: 0.667
A6: Saratoga warren c [Saratoga] | B6: 2 | C6: 8 | D6: 4 | E6: 8 | F6: =E6*B6*4/C6 -> 8 | G6: 0 | H6: =G6*B6 -> 0 | I6: 1
A7: Ward Melville harry g [Ward Melville] | B7: 4 | C7: 16 | D7: 16 | E7: 5 | F7: =E7*B7*4/C7 -> 5 | G7: 0.75 | H7: =G7*B7 -> 3 | I7: 0.5
A8: Amador Valley rohan g [Amador Valley] | B8: 4 | C8: 16 | D8: 13 | E8: 5 | F8: =E8*B8*4/C8 -> 5 | G8: 0.75 | H8: =G8*B8 -> 3 | I8: 0.615
A9: ASFA albert c [ASFA] | B9: 4 | C9: 16 | D9: 11 | E9: 5 | F9: =E9*B9*4/C9 -> 5 | G9: 0.5 | H9: =G9*B9 -> 2 | I9: 0.636
A10: Lynbrook sohil r [Lynbrook] | B10: 4 | C10: 16 | D10: 8 | E10: 5 | F10: =E10*B10*4/C10 -> 5 | G10: 0.25 | H10: =G10*B10 -> 1 | I10: 0.75
A11: Middleton aditya b [Middleton] | B11: 4 | C11: 15 | D11: 6 | E11: 4 | F11: =E11*B11*4/C11 -> 4.2666667 | G11: 0 | H11: =G11*B11 -> 0 | I11: 0.667
A12: Foothill athithan e [Foothill] | B12: 3 | C12: 12 | D12: 10 | E12: 4 | F12: =E12*B12*4/C12 -> 4 | G12: 1 | H12: =G12*B12 -> 3 | I12: 0.6
A13: Dulles mahith g [Dulles] | B13: 1 | C13: 4 | D13: 1 | E13: 4 | F13: =E13*B13*4/C13 -> 4 | G13: 0 | H13: =G13*B13 -> 0 | I13: 1
... A132: Winston Churchill allen c [Winston Churchill] | B132: 3 | C132: 11 | D132: 3 | E132: -1.33 | F132: =E132*B132*4/C132 -> -1.4509091 | G132: 0.33 | H132: =G132*B132 -> 0.99 | I132: 0

Sheet Playoff Phase Individual Physic
A1: Catstats Hub | B1: gamesPlayed | C1: tuh | D1: buzzes | E1: ppg | F1: PP4TUH | G1: npg | H1: Total Negs | I1: accuracy
A2: Dulles mahith g [Dulles] | B2: 1 | C2: 4 | D2: 3 | E2: 12 | F2: =E2*B2*4/C2 -> 12 | G2: 0 | H2: =G2*B2 -> 0 | I2: 1
A3: Lynbrook sohil r [Lynbrook] | B3: 4 | C3: 16 | D3: 13 | E3: 8 | F3: =E3*B3*4/C3 -> 8 | G3: 0.25 | H3: =G3*B3 -> 1 | I3: 0.692
A4: ASFA mcnair s [ASFA] | B4: 1 | C4: 4 | D4: 2 | E4: 8 | F4: =E4*B4*4/C4 -> 8 | G4: 0 | H4: =G4*B4 -> 0 | I4: 1
A5: Wayzata kevin q [Wayzata] | B5: 3 | C5: 12 | D5: 11 | E5: 6.67 | F5: =E5*B5*4/C5 -> 6.67 | G5: 0.67 | H5: =G5*B5 -> 2.01 | I5: 0.636
A6: Clements alexander f [Clements] | B6: 3 | C6: 12 | D6: 8 | E6: 6.67 | F6: =E6*B6*4/C6 -> 6.67 | G6: 0.33 | H6: =G6*B6 -> 0.99 | I6: 0.75
A7: Amador Valley rohan g [Amador Valley] | B7: 4 | C7: 16 | D7: 13 | E7: 6 | F7: =E7*B7*4/C7 -> 6 | G7: 0.75 | H7: =G7*B7 -> 3 | I7: 0.692
A8: Ward Melville harry g [Ward Melville] | B8: 4 | C8: 16 | D8: 11 | E8: 6 | F8: =E8*B8*4/C8 -> 6 | G8: 0.5 | H8: =G8*B8 -> 2 | I8: 0.727
A9: Frazer anish p [Frazer] | B9: 4 | C9: 16 | D9: 8 | E9: 6 | F9: =E9*B9*4/C9 -> 6 | G9: 0.25 | H9: =G9*B9 -> 1 | I9: 0.875
A10: ASFA akhil b [ASFA] | B10: 4 | C10: 16 | D10: 9 | E10: 6 | F10: =E10*B10*4/C10 -> 6 | G10: 0 | H10: =G10*B10 -> 0 | I10: 0.667
A11: PRISMS josh s [PRISMS] | B11: 4 | C11: 16 | D11: 11 | E11: 5 | F11: =E11*B11*4/C11 -> 5 | G11: 0.75 | H11: =G11*B11 -> 3 | I11: 0.727
A12: Hunter gabe l [Hunter] | B12: 4 | C12: 16 | D12: 7 | E12: 5 | F12: =E12*B12*4/C12 -> 5 | G12: 0 | H12: =G12*B12 -> 0 | I12: 0.714
A13: JP Stevens achintya m [JP Stevens] | B13: 3 | C13: 10 | D13: 6 | E13: 4 | F13: =E13*B13*4/C13 -> 4.8 | G13: 0 | H13: =G13*B13 -> 0 | I13: 0.5
... A132: Lakeside daniel w [Lakeside] | B132: 1 | C132: 4 | D132: 1 | E132: -4 | F132: =E132*B132*4/C132 -> -4 | G132: 1 | H132: =G132*B132 -> 1 | I132: 0

Sheet League Phase Team Overall
A1: Catstats Hub | B1: gamesPlayed | C1: tuh | D1: buzzes | E1: ppg | F1: Total Points | G1: npg | H1: Total Negs | I1: bpg | J1: Total Bonuses | K1: accuracy
A2: Amador Valley | B2: 6 | C2: 138 | D2: 124 | E2: 201 | F2: =E2*B2 -> 1206 | G2: 3.5 | H2: =G2*B2 -> 21 | I2: 14.83 | J2: =I2*B2 -> 88.98 | K2: 0.806
A3: Lynbrook | B3: 6 | C3: 138 | D3: 110 | E3: 187 | F3: =E3*B3 -> 1122 | G3: 1.33 | H3: =G3*B3 -> 7.98 | I3: 13.17 | J3: =I3*B3 -> 79.02 | K3: 0.827
A4: Interlake | B4: 6 | C4: 138 | D4: 108 | E4: 180.33 | F4: =E4*B4 -> 1081.98 | G4: 2 | H4: =G4*B4 -> 12 | I4: 12.83 | J4: =I4*B4 -> 76.98 | K4: 0.833
A5: TJHSST | B5: 6 | C5: 138 | D5: 113 | E5: 169 | F5: =E5*B5 -> 1014 | G5: 3 | H5: =G5*B5 -> 18 | I5: 12.17 | J5: =I5*B5 -> 73.02 | K5: 0.788
A6: Ward Melville | B6: 6 | C6: 138 | D6: 91 | E6: 158 | F6: =E6*B6 -> 948 | G6: 0.83 | H6: =G6*B6 -> 4.98 | I6: 11 | J6: =I6*B6 -> 66 | K6: 0.846
A7: Canyon Crest | B7: 6 | C7: 138 | D7: 103 | E7: 151.33 | F7: =E7*B7 -> 907.98 | G7: 1.67 | H7: =G7*B7 -> 10.02 | I7: 10.33 | J7: =I7*B7 -> 61.98 | K7: 0.796
A8: Frazer | B8: 6 | C8: 135 | D8: 87 | E8: 143.33 | F8: =E8*B8 -> 859.98 | G8: 0.83 | H8: =G8*B8 -> 4.98 | I8: 10 | J8: =I8*B8 -> 60 | K8: 0.805
A9: Mira Loma | B9: 6 | C9: 138 | D9: 103 | E9: 139 | F9: =E9*B9 -> 834 | G9: 2.33 | H9: =G9*B9 -> 13.98 | I9: 9.5 | J9: =I9*B9 -> 57 | K9: 0.777
A10: Saratoga | B10: 6 | C10: 138 | D10: 86 | E10: 131 | F10: =E10*B10 -> 786 | G10: 2.33 | H10: =G10*B10 -> 13.98 | I10: 9.5 | J10: =I10*B10 -> 57 | K10: 0.791
A11: Blair | B11: 6 | C11: 138 | D11: 98 | E11: 130.67 | F11: =E11*B11 -> 784.02 | G11: 2 | H11: =G11*B11 -> 12 | I11: 9 | J11: =I11*B11 -> 54 | K11: 0.745
A12: University | B12: 6 | C12: 138 | D12: 82 | E12: 130 | F12: =E12*B12 -> 780 | G12: 1.83 | H12: =G12*B12 -> 10.98 | I12: 9.33 | J12: =I12*B12 -> 55.98 | K12: 0.805
A13: Arcadia | B13: 6 | C13: 137 | D13: 97 | E13: 130 | F13: =E13*B13 -> 780 | G13: 1.83 | H13: =G13*B13 -> 10.98 | I13: 9 | J13: =I13*B13 -> 54 | K13: 0.732
... A31: Tokay | B31: 6 | C31: 137 | D31: 42 | E31: 33 | F31: =E31*B31 -> 198 | G31: 0.5 | H31: =G31*B31 -> 3 | I31: 1.83 | J31: =I31*B31 -> 10.98 | K31: 0.595

Sheet League Phase Team Biology
A1: Catstats Hub | B1: gamesPlayed | C1: tuh | D1: buzzes | E1: ppg | F1: Total Points | G1: npg | H1: Total Negs | I1: bpg | J1: Total Bonuses | K1: accuracy
A2: Frazer | B2: 6 | C2: 23 | D2: 17 | E2: 36.33 | F2: =E2*B2 -> 217.98 | G2: 0 | H2: =G2*B2 -> 0 | I2: 2.5 | J2: =I2*B2 -> 15 | K2: 1
A3: Lynbrook | B3: 6 | C3: 23 | D3: 19 | E3: 34 | F3: =E3*B3 -> 204 | G3: 0 | H3: =G3*B3 -> 0 | I3: 2.33 | J3: =I3*B3 -> 13.98 | K3: 0.842
A4: Interlake | B4: 6 | C4: 24 | D4: 19 | E4: 33.33 | F4: =E4*B4 -> 199.98 | G4: 0.33 | H4: =G4*B4 -> 1.98 | I4: 2.33 | J4: =I4*B4 -> 13.98 | K4: 0.895
A5: Mission San Jose | B5: 6 | C5: 24 | D5: 21 | E5: 33 | F5: =E5*B5 -> 198 | G5: 0.67 | H5: =G5*B5 -> 4.02 | I5: 2.5 | J5: =I5*B5 -> 15 | K5: 0.762
A6: Ward Melville | B6: 6 | C6: 25 | D6: 18 | E6: 29 | F6: =E6*B6 -> 174 | G6: 0 | H6: =G6*B6 -> 0 | I6: 1.83 | J6: =I6*B6 -> 10.98 | K6: 0.889
A7: Arcadia | B7: 6 | C7: 24 | D7: 17 | E7: 28.67 | F7: =E7*B7 -> 172.02 | G7: 0.33 | H7: =G7*B7 -> 1.98 | I7: 2 | J7: =I7*B7 -> 12 | K7: 0.882
A8: Amador Valley | B8: 6 | C8: 24 | D8: 20 | E8: 27 | F8: =E8*B8 -> 162 | G8: 0.5 | H8: =G8*B8 -> 3 | I8: 1.83 | J8: =I8*B8 -> 10.98 | K8: 0.8
A9: Canyon Crest | B9: 6 | C9: 23 | D9: 19 | E9: 27 | F9: =E9*B9 -> 162 | G9: 0.33 | H9: =G9*B9 -> 1.98 | I9: 1.83 | J9: =I9*B9 -> 10.98 | K9: 0.789
A10: Blair | B10: 6 | C10: 24 | D10: 19 | E10: 27 | F10: =E10*B10 -> 162 | G10: 0.33 | H10: =G10*B10 -> 1.98 | I10: 1.83 | J10: =I10*B10 -> 10.98 | K10: 0.789
A11: University | B11: 6 | C11: 24 | D11: 16 | E11: 26.67 | F11: =E11*B11 -> 160.02 | G11: 0.5 | H11: =G11*B11 -> 3 | I11: 2 | J11: =I11*B11 -> 12 | K11: 0.813
A12: Stuyvesant | B12: 6 | C12: 24 | D12: 17 | E12: 25.67 | F12: =E12*B12 -> 154.02 | G12: 0.5 | H12: =G12*B12 -> 3 | I12: 1.83 | J12: =I12*B12 -> 10.98 | K12: 0.824
A13: Lakeside | B13: 6 | C13: 24 | D13: 14 | E13: 21.67 | F13: =E13*B13 -> 130.02 | G13: 0.17 | H13: =G13*B13 -> 1.02 | I13: 1.5 | J13: =I13*B13 -> 9 | K13: 0.786
... A31: Clements | B31: 6 | C31: 24 | D31: 11 | E31: 3 | F31: =E31*B31 -> 18 | G31: 0.5 | H31: =G31*B31 -> 3 | I31: 0.17 | J31: =I31*B31 -> 1.02 | K31: 0.455

Sheet League Phase Team Chemistry
A1: Catstats Hub | B1: gamesPlayed | C1: tuh | D1: buzzes | E1: ppg | F1: Total Points | G1: npg | H1: Total Negs | I1: bpg | J1: Total Bonuses | K1: accuracy
A2: Amador Valley | B2: 6 | C2: 24 | D2: 24 | E2: 42.33 | F2: =E2*B2 -> 253.98 | G2: 0.67 | H2: =G2*B2 -> 4.02 | I2: 3.17 | J2: =I2*B2 -> 19.02 | K2: 0.833
A3: WWPS | B3: 6 | C3: 24 | D3: 17 | E3: 36.33 | F3: =E3*B3 -> 217.98 | G3: 0 | H3: =G3*B3 -> 0 | I3: 2.5 | J3: =I3*B3 -> 15 | K3: 1
A4: Lakeside | B4: 6 | C4: 24 | D4: 17 | E4: 33.67 | F4: =E4*B4 -> 202.02 | G4: 0.33 | H4: =G4*B4 -> 1.98 | I4: 2.5 | J4: =I4*B4 -> 15 | K4: 0.882
A5: TJHSST | B5: 6 | C5: 24 | D5: 21 | E5: 31 | F5: =E5*B5 -> 186 | G5: 0.5 | H5: =G5*B5 -> 3 | I5: 2.17 | J5: =I5*B5 -> 13.02 | K5: 0.81
A6: Saratoga | B6: 6 | C6: 24 | D6: 17 | E6: 30 | F6: =E6*B6 -> 180 | G6: 0 | H6: =G6*B6 -> 0 | I6: 2 | J6: =I6*B6 -> 12 | K6: 0.882
A7: Lynbrook | B7: 6 | C7: 24 | D7: 17 | E7: 28.33 | F7: =E7*B7 -> 169.98 | G7: 0.17 | H7: =G7*B7 -> 1.02 | I7: 1.83 | J7: =I7*B7 -> 10.98 | K7: 0.941
A8: Frazer | B8: 6 | C8: 24 | D8: 17 | E8: 27.33 | F8: =E8*B8 -> 163.98 | G8: 0.33 | H8: =G8*B8 -> 1.98 | I8: 2 | J8: =I8*B8 -> 12 | K8: 0.765
A9: Arcadia | B9: 6 | C9: 24 | D9: 17 | E9: 24.67 | F9: =E9*B9 -> 148.02 | G9: 0.33 | H9: =G9*B9 -> 1.98 | I9: 1.67 | J9: =I9*B9 -> 10.02 | K9: 0.824
A10: Canyon Crest | B10: 6 | C10: 24 | D10: 17 | E10: 24.33 | F10: =E10*B10 -> 145.98 | G10: 0.17 | H10: =G10*B10 -> 1.02 | I10: 1.5 | J10: =I10*B10 -> 9 | K10: 0.882
A11: Wayzata | B11: 6 | C11: 24 | D11: 15 | E11: 23 | F11: =E11*B11 -> 138 | G11: 0.17 | H11: =G11*B11 -> 1.02 | I11: 1.5 | J11: =I11*B11 -> 9 | K11: 0.867
A12: Mira Loma | B12: 6 | C12: 24 | D12: 15 | E12: 21.67 | F12: =E12*B12 -> 130.02 | G12: 0.33 | H12: =G12*B12 -> 1.98 | I12: 1.5 | J12: =I12*B12 -> 9 | K12: 0.8
A13: Ward Melville | B13: 6 | C13: 24 | D13: 16 | E13: 21.67 | F13: =E13*B13 -> 130.02 | G13: 0.33 | H13: =G13*B13 -> 1.98 | I13: 1.5 | J13: =I13*B13 -> 9 | K13: 0.75
... A31: JP Stevens | B31: 6 | C31: 24 | D31: 4 | E31: 0.67 | F31: =E31*B31 -> 4.02 | G31: 0 | H31: =G31*B31 -> 0 | I31: 0 | J31: =I31*B31 -> 0 | K31: 0.25

Sheet League Phase Team Energy
A1: Catstats Hub | B1: gamesPlayed | C1: tuh | D1: buzzes | E1: ppg | F1: Total Points | G1: npg | H1: Total Negs | I1: bpg | J1: Total Bonuses | K1: accuracy
A2: Lynbrook | B2: 6 | C2: 19 | D2: 18 | E2: 34 | F2: =E2*B2 -> 204 | G2: 0.17 | H2: =G2*B2 -> 1.02 | I2: 2.33 | J2: =I2*B2 -> 13.98 | K2: 0.944
A3: Interlake | B3: 6 | C3: 18 | D3: 16 | E3: 30.33 | F3: =E3*B3 -> 181.98 | G3: 0.17 | H3: =G3*B3 -> 1.02 | I3: 2.17 | J3: =I3*B3 -> 13.02 | K3: 0.875
A4: Ward Melville | B4: 6 | C4: 17 | D4: 12 | E4: 28 | F4: =E4*B4 -> 168 | G4: 0 | H4: =G4*B4 -> 0 | I4: 2 | J4: =I4*B4 -> 12 | K4: 1
A5: University | B5: 6 | C5: 18 | D5: 14 | E5: 27.33 | F5: =E5*B5 -> 163.98 | G5: 0.17 | H5: =G5*B5 -> 1.02 | I5: 2 | J5: =I5*B5 -> 12 | K5: 0.857
A6: Amador Valley | B6: 6 | C6: 18 | D6: 15 | E6: 24 | F6: =E6*B6 -> 144 | G6: 0.33 | H6: =G6*B6 -> 1.98 | I6: 1.67 | J6: =I6*B6 -> 10.02 | K6: 0.867
A7: TJHSST | B7: 6 | C7: 18 | D7: 14 | E7: 22.67 | F7: =E7*B7 -> 136.02 | G7: 0.33 | H7: =G7*B7 -> 1.98 | I7: 1.67 | J7: =I7*B7 -> 10.02 | K7: 0.786
A8: Arcadia | B8: 6 | C8: 18 | D8: 15 | E8: 22.67 | F8: =E8*B8 -> 136.02 | G8: 0.33 | H8: =G8*B8 -> 1.98 | I8: 1.67 | J8: =I8*B8 -> 10.02 | K8: 0.733
A9: Frazer | B9: 6 | C9: 18 | D9: 11 | E9: 21 | F9: =E9*B9 -> 126 | G9: 0.17 | H9: =G9*B9 -> 1.02 | I9: 1.5 | J9: =I9*B9 -> 9 | K9: 0.909
A10: Mission San Jose | B10: 6 | C10: 18 | D10: 13 | E10: 21 | F10: =E10*B10 -> 126 | G10: 0.33 | H10: =G10*B10 -> 1.98 | I10: 1.5 | J10: =I10*B10 -> 9 | K10: 0.846
A11: ASFA | B11: 6 | C11: 18 | D11: 15 | E11: 20.33 | F11: =E11*B11 -> 121.98 | G11: 0.5 | H11: =G11*B11 -> 3 | I11: 1.5 | J11: =I11*B11 -> 9 | K11: 0.733
A12: Mira Loma | B12: 6 | C12: 18 | D12: 14 | E12: 20 | F12: =E12*B12 -> 120 | G12: 0.33 | H12: =G12*B12 -> 1.98 | I12: 1.33 | J12: =I12*B12 -> 7.98 | K12: 0.857
A13: Clements | B13: 6 | C13: 18 | D13: 11 | E13: 18.67 | F13: =E13*B13 -> 112.02 | G13: 0.17 | H13: =G13*B13 -> 1.02 | I13: 1.33 | J13: =I13*B13 -> 7.98 | K13: 0.818
... A31: Winston Churchill | B31: 6 | C31: 18 | D31: 4 | E31: 2.33 | F31: =E31*B31 -> 13.98 | G31: 0.17 | H31: =G31*B31 -> 1.02 | I31: 0.17 | J31: =I31*B31 -> 1.02 | K31: 0.5

Sheet League Phase Team ESS
A1: Catstats Hub | B1: gamesPlayed | C1: tuh | D1: buzzes | E1: ppg | F1: Total Points | G1: npg | H1: Total Negs | I1: bpg | J1: Total Bonuses | K1: accuracy
A2: Interlake | B2: 6 | C2: 24 | D2: 22 | E2: 40 | F2: =E2*B2 -> 240 | G2: 0.5 | H2: =G2*B2 -> 3 | I2: 3 | J2: =I2*B2 -> 18 | K2: 0.818
A3: Mission San Jose | B3: 6 | C3: 24 | D3: 21 | E3: 38.33 | F3: =E3*B3 -> 229.98 | G3: 0.5 | H3: =G3*B3 -> 3 | I3: 2.83 | J3: =I3*B3 -> 16.98 | K3: 0.857
A4: TJHSST | B4: 6 | C4: 24 | D4: 22 | E4: 33 | F4: =E4*B4 -> 198 | G4: 0.67 | H4: =G4*B4 -> 4.02 | I4: 2.5 | J4: =I4*B4 -> 15 | K4: 0.727
A5: Canyon Crest | B5: 6 | C5: 24 | D5: 20 | E5: 32.67 | F5: =E5*B5 -> 196.02 | G5: 0.33 | H5: =G5*B5 -> 1.98 | I5: 2.33 | J5: =I5*B5 -> 13.98 | K5: 0.8
A6: Mira Loma | B6: 6 | C6: 24 | D6: 21 | E6: 31 | F6: =E6*B6 -> 186 | G6: 0.33 | H6: =G6*B6 -> 1.98 | I6: 2.17 | J6: =I6*B6 -> 13.02 | K6: 0.762
A7: PRISMS | B7: 6 | C7: 24 | D7: 21 | E7: 28.67 | F7: =E7*B7 -> 172.02 | G7: 1 | H7: =G7*B7 -> 6 | I7: 2.33 | J7: =I7*B7 -> 13.98 | K7: 0.667
A8: Amador Valley | B8: 6 | C8: 24 | D8: 22 | E8: 26.33 | F8: =E8*B8 -> 157.98 | G8: 1.17 | H8: =G8*B8 -> 7.02 | I8: 2.17 | J8: =I8*B8 -> 13.02 | K8: 0.636
A9: Hunter | B9: 6 | C9: 24 | D9: 15 | E9: 23.67 | F9: =E9*B9 -> 142.02 | G9: 0 | H9: =G9*B9 -> 0 | I9: 1.5 | J9: =I9*B9 -> 9 | K9: 0.867
A10: Foothill | B10: 6 | C10: 24 | D10: 18 | E10: 23.33 | F10: =E10*B10 -> 139.98 | G10: 0.5 | H10: =G10*B10 -> 3 | I10: 1.67 | J10: =I10*B10 -> 10.02 | K10: 0.722
A11: Lynbrook | B11: 6 | C11: 25 | D11: 20 | E11: 22.67 | F11: =E11*B11 -> 136.02 | G11: 0.33 | H11: =G11*B11 -> 1.98 | I11: 1.67 | J11: =I11*B11 -> 10.02 | K11: 0.55
A12: ASFA | B12: 6 | C12: 24 | D12: 21 | E12: 22 | F12: =E12*B12 -> 132 | G12: 0.83 | H12: =G12*B12 -> 4.98 | I12: 1.67 | J12: =I12*B12 -> 10.02 | K12: 0.619
A13: Ward Melville | B13: 6 | C13: 23 | D13: 15 | E13: 22 | F13: =E13*B13 -> 132 | G13: 0.33 | H13: =G13*B13 -> 1.98 | I13: 1.67 | J13: =I13*B13 -> 10.02 | K13: 0.667
... A31: Winston Churchill | B31: 6 | C31: 25 | D31: 6 | E31: 3 | F31: =E31*B31 -> 18 | G31: 0 | H31: =G31*B31 -> 0 | I31: 0.17 | J31: =I31*B31 -> 1.02 | K31: 0.333

Sheet League Phase Team Math
A1: Catstats Hub | B1: gamesPlayed | C1: tuh | D1: buzzes | E1: ppg | F1: Total Points | G1: npg | H1: Total Negs | I1: bpg | J1: Total Bonuses | K1: accuracy
A2: Amador Valley | B2: 6 | C2: 24 | D2: 22 | E2: 42.33 | F2: =E2*B2 -> 253.98 | G2: 0.5 | H2: =G2*B2 -> 3 | I2: 3.17 | J2: =I2*B2 -> 19.02 | K2: 0.864
A3: Lynbrook | B3: 6 | C3: 24 | D3: 19 | E3: 38.33 | F3: =E3*B3 -> 229.98 | G3: 0.33 | H3: =G3*B3 -> 1.98 | I3: 2.83 | J3: =I3*B3 -> 16.98 | K3: 0.895
A4: Interlake | B4: 6 | C4: 24 | D4: 18 | E4: 36.67 | F4: =E4*B4 -> 220.02 | G4: 0.17 | H4: =G4*B4 -> 1.02 | I4: 2.67 | J4: =I4*B4 -> 16.02 | K4: 0.889
A5: Ward Melville | B5: 6 | C5: 24 | D5: 15 | E5: 31 | F5: =E5*B5 -> 186 | G5: 0 | H5: =G5*B5 -> 0 | I5: 2.17 | J5: =I5*B5 -> 13.02 | K5: 0.933
A6: Blair | B6: 6 | C6: 24 | D6: 18 | E6: 29 | F6: =E6*B6 -> 174 | G6: 0.5 | H6: =G6*B6 -> 3 | I6: 2.17 | J6: =I6*B6 -> 13.02 | K6: 0.778
A7: Palo Alto | B7: 6 | C7: 24 | D7: 15 | E7: 28.67 | F7: =E7*B7 -> 172.02 | G7: 0 | H7: =G7*B7 -> 0 | I7: 2 | J7: =I7*B7 -> 12 | K7: 0.867
A8: University | B8: 6 | C8: 24 | D8: 18 | E8: 28 | F8: =E8*B8 -> 168 | G8: 0.5 | H8: =G8*B8 -> 3 | I8: 2 | J8: =I8*B8 -> 12 | K8: 0.833
A9: TJHSST | B9: 6 | C9: 24 | D9: 18 | E9: 27.67 | F9: =E9*B9 -> 166.02 | G9: 0.33 | H9: =G9*B9 -> 1.98 | I9: 1.83 | J9: =I9*B9 -> 10.98 | K9: 0.889
A10: Clements | B10: 6 | C10: 24 | D10: 16 | E10: 27.33 | F10: =E10*B10 -> 163.98 | G10: 0.33 | H10: =G10*B10 -> 1.98 | I10: 2 | J10: =I10*B10 -> 12 | K10: 0.813
A11: ASFA | B11: 6 | C11: 24 | D11: 21 | E11: 25.67 | F11: =E11*B11 -> 154.02 | G11: 0.67 | H11: =G11*B11 -> 4.02 | I11: 1.83 | J11: =I11*B11 -> 10.98 | K11: 0.714
A12: Mira Loma | B12: 6 | C12: 23 | D12: 19 | E12: 24 | F12: =E12*B12 -> 144 | G12: 0.5 | H12: =G12*B12 -> 3 | I12: 1.67 | J12: =I12*B12 -> 10.02 | K12: 0.737
A13: Saratoga | B13: 6 | C13: 24 | D13: 13 | E13: 23.33 | F13: =E13*B13 -> 139.98 | G13: 0.17 | H13: =G13*B13 -> 1.02 | I13: 1.67 | J13: =I13*B13 -> 10.02 | K13: 0.846
... A31: Tokay | B31: 6 | C31: 24 | D31: 6 | E31: 1.33 | F31: =E31*B31 -> 7.98 | G31: 0 | H31: =G31*B31 -> 0 | I31: 0 | J31: =I31*B31 -> 0 | K31: 0.333

Sheet League Phase Team Physics
A1: Catstats Hub | B1: gamesPlayed | C1: tuh | D1: buzzes | E1: ppg | F1: Total Points | G1: npg | H1: Total Negs | I1: bpg | J1: Total Bonuses | K1: accuracy
A2: Amador Valley | B2: 6 | C2: 24 | D2: 21 | E2: 39 | F2: =E2*B2 -> 234 | G2: 0.33 | H2: =G2*B2 -> 1.98 | I2: 2.83 | J2: =I2*B2 -> 16.98 | K2: 0.857
A3: Saratoga | B3: 6 | C3: 24 | D3: 18 | E3: 37 | F3: =E3*B3 -> 222 | G3: 0 | H3: =G3*B3 -> 0 | I3: 2.5 | J3: =I3*B3 -> 15 | K3: 1
A4: Wayzata | B4: 6 | C4: 24 | D4: 17 | E4: 35.67 | F4: =E4*B4 -> 214.02 | G4: 0 | H4: =G4*B4 -> 0 | I4: 2.5 | J4: =I4*B4 -> 15 | K4: 0.941
A5: TJHSST | B5: 6 | C5: 25 | D5: 20 | E5: 34.67 | F5: =E5*B5 -> 208.02 | G5: 0.17 | H5: =G5*B5 -> 1.02 | I5: 2.33 | J5: =I5*B5 -> 13.98 | K5: 0.9
A6: Foothill | B6: 6 | C6: 24 | D6: 18 | E6: 33 | F6: =E6*B6 -> 198 | G6: 0 | H6: =G6*B6 -> 0 | I6: 2.17 | J6: =I6*B6 -> 13.02 | K6: 0.944
A7: PRISMS | B7: 6 | C7: 24 | D7: 19 | E7: 32.33 | F7: =E7*B7 -> 193.98 | G7: 0.17 | H7: =G7*B7 -> 1.02 | I7: 2.17 | J7: =I7*B7 -> 13.02 | K7: 0.895
A8: Canyon Crest | B8: 6 | C8: 24 | D8: 17 | E8: 30 | F8: =E8*B8 -> 180 | G8: 0.17 | H8: =G8*B8 -> 1.02 | I8: 2 | J8: =I8*B8 -> 12 | K8: 0.941
A9: Lynbrook | B9: 6 | C9: 23 | D9: 17 | E9: 29.67 | F9: =E9*B9 -> 178.02 | G9: 0.33 | H9: =G9*B9 -> 1.98 | I9: 2.17 | J9: =I9*B9 -> 13.02 | K9: 0.824
A10: Dulles | B10: 6 | C10: 25 | D10: 16 | E10: 29.33 | F10: =E10*B10 -> 175.98 | G10: 0.17 | H10: =G10*B10 -> 1.02 | I10: 2 | J10: =I10*B10 -> 12 | K10: 0.938
A11: Ward Melville | B11: 6 | C11: 25 | D11: 15 | E11: 26.33 | F11: =E11*B11 -> 157.98 | G11: 0.17 | H11: =G11*B11 -> 1.02 | I11: 1.83 | J11: =I11*B11 -> 10.98 | K11: 0.867
A12: Mira Loma | B12: 6 | C12: 24 | D12: 17 | E12: 25 | F12: =E12*B12 -> 150 | G12: 0 | H12: =G12*B12 -> 0 | I12: 1.5 | J12: =I12*B12 -> 9 | K12: 0.882
A13: Frazer | B13: 6 | C13: 24 | D13: 14 | E13: 24 | F13: =E13*B13 -> 144 | G13: 0.17 | H13: =G13*B13 -> 1.02 | I13: 1.67 | J13: =I13*B13 -> 10.02 | K13: 0.857
... A31: Tokay | B31: 6 | C31: 23 | D31: 2 | E31: 0.67 | F31: =E31*B31 -> 4.02 | G31: 0 | H31: =G31*B31 -> 0 | I31: 0 | J31: =I31*B31 -> 0 | K31: 0.5

Sheet Playoff Phase Team Overall
A1: Catstats Hub | B1: gamesPlayed | C1: tuh | D1: buzzes | E1: ppg | F1: Total Points | G1: npg | H1: Total Negs | I1: bpg | J1: Total Bonuses | K1: accuracy
A2: Frazer | B2: 4 | C2: 92 | D2: 76 | E2: 123 | F2: =E2*B2 -> 492 | G2: 2 | H2: =G2*B2 -> 8 | I2: 7.5 | J2: =I2*B2 -> 30 | K2: 0.737
A3: Lynbrook | B3: 4 | C3: 92 | D3: 70 | E3: 122.5 | F3: =E3*B3 -> 490 | G3: 2.25 | H3: =G3*B3 -> 9 | I3: 8.75 | J3: =I3*B3 -> 35 | K3: 0.629
A4: Amador Valley | B4: 4 | C4: 92 | D4: 71 | E4: 101.5 | F4: =E4*B4 -> 406 | G4: 4.5 | H4: =G4*B4 -> 18 | I4: 7.75 | J4: =I4*B4 -> 31 | K4: 0.592
A5: Interlake | B5: 4 | C5: 92 | D5: 57 | E5: 101.5 | F5: =E5*B5 -> 406 | G5: 1.75 | H5: =G5*B5 -> 7 | I5: 6.75 | J5: =I5*B5 -> 27 | K5: 0.719
A6: Saratoga | B6: 4 | C6: 92 | D6: 69 | E6: 92 | F6: =E6*B6 -> 368 | G6: 2.5 | H6: =G6*B6 -> 10 | I6: 6.5 | J6: =I6*B6 -> 26 | K6: 0.536
A7: WWPS | B7: 4 | C7: 92 | D7: 74 | E7: 91.5 | F7: =E7*B7 -> 366 | G7: 2.25 | H7: =G7*B7 -> 9 | I7: 6.25 | J7: =I7*B7 -> 25 | K7: 0.514
A8: PRISMS | B8: 4 | C8: 91 | D8: 76 | E8: 91 | F8: =E8*B8 -> 364 | G8: 2 | H8: =G8*B8 -> 8 | I8: 5.5 | J8: =I8*B8 -> 22 | K8: 0.579
A9: Mira Loma | B9: 4 | C9: 92 | D9: 64 | E9: 87 | F9: =E9*B9 -> 348 | G9: 2.25 | H9: =G9*B9 -> 9 | I9: 6 | J9: =I9*B9 -> 24 | K9: 0.563
A10: University | B10: 4 | C10: 92 | D10: 68 | E10: 84.5 | F10: =E10*B10 -> 338 | G10: 3 | H10: =G10*B10 -> 12 | I10: 6.25 | J10: =I10*B10 -> 25 | K10: 0.5
A11: Clements | B11: 4 | C11: 91 | D11: 75 | E11: 82 | F11: =E11*B11 -> 328 | G11: 3 | H11: =G11*B11 -> 12 | I11: 5.5 | J11: =I11*B11 -> 22 | K11: 0.52
A12: Mission San Jose | B12: 4 | C12: 92 | D12: 69 | E12: 80 | F12: =E12*B12 -> 320 | G12: 2.75 | H12: =G12*B12 -> 11 | I12: 5 | J12: =I12*B12 -> 20 | K12: 0.594
A13: Canyon Crest | B13: 4 | C13: 92 | D13: 59 | E13: 77 | F13: =E13*B13 -> 308 | G13: 2.5 | H13: =G13*B13 -> 10 | I13: 5 | J13: =I13*B13 -> 20 | K13: 0.627
... A31: Tokay | B31: 1 | C31: 23 | D31: 8 | E31: 8 | F31: =E31*B31 -> 8 | G31: 0 | H31: =G31*B31 -> 0 | I31: 0 | J31: =I31*B31 -> 0 | K31: 0.25

Sheet Playoff Phase Team Biology
A1: Catstats Hub | B1: gamesPlayed | C1: tuh | D1: buzzes | E1: ppg | F1: Total Points | G1: npg | H1: Total Negs | I1: bpg | J1: Total Bonuses | K1: accuracy
A2: Lynbrook | B2: 4 | C2: 16 | D2: 14 | E2: 34 | F2: =E2*B2 -> 136 | G2: 0.25 | H2: =G2*B2 -> 1 | I2: 2.5 | J2: =I2*B2 -> 10 | K2: 0.714
A3: WWPS | B3: 4 | C3: 16 | D3: 14 | E3: 33.5 | F3: =E3*B3 -> 134 | G3: 0.25 | H3: =G3*B3 -> 1 | I3: 2.25 | J3: =I3*B3 -> 9 | K3: 0.857
A4: University | B4: 4 | C4: 16 | D4: 13 | E4: 30.5 | F4: =E4*B4 -> 122 | G4: 0.5 | H4: =G4*B4 -> 2 | I4: 2.25 | J4: =I4*B4 -> 9 | K4: 0.769
A5: Mission San Jose | B5: 4 | C5: 16 | D5: 13 | E5: 30 | F5: =E5*B5 -> 120 | G5: 0.25 | H5: =G5*B5 -> 1 | I5: 2 | J5: =I5*B5 -> 8 | K5: 0.846
A6: Dulles | B6: 4 | C6: 16 | D6: 15 | E6: 26 | F6: =E6*B6 -> 104 | G6: 0.75 | H6: =G6*B6 -> 3 | I6: 2 | J6: =I6*B6 -> 8 | K6: 0.6
A7: Frazer | B7: 4 | C7: 16 | D7: 12 | E7: 26 | F7: =E7*B7 -> 104 | G7: 0 | H7: =G7*B7 -> 0 | I7: 1.5 | J7: =I7*B7 -> 6 | K7: 0.917
A8: Interlake | B8: 4 | C8: 16 | D8: 11 | E8: 23 | F8: =E8*B8 -> 92 | G8: 0.25 | H8: =G8*B8 -> 1 | I8: 1.5 | J8: =I8*B8 -> 6 | K8: 0.818
A9: Palo Alto | B9: 4 | C9: 16 | D9: 9 | E9: 18 | F9: =E9*B9 -> 72 | G9: 0 | H9: =G9*B9 -> 0 | I9: 1 | J9: =I9*B9 -> 4 | K9: 0.889
A10: Mira Loma | B10: 4 | C10: 16 | D10: 12 | E10: 16.5 | F10: =E10*B10 -> 66 | G10: 0.75 | H10: =G10*B10 -> 3 | I10: 1.25 | J10: =I10*B10 -> 5 | K10: 0.583
A11: Amador Valley | B11: 4 | C11: 16 | D11: 11 | E11: 16.5 | F11: =E11*B11 -> 66 | G11: 0.5 | H11: =G11*B11 -> 2 | I11: 1.25 | J11: =I11*B11 -> 5 | K11: 0.545
A12: Stuyvesant | B12: 4 | C12: 13 | D12: 9 | E12: 16 | F12: =E12*B12 -> 64 | G12: 0.25 | H12: =G12*B12 -> 1 | I12: 1 | J12: =I12*B12 -> 4 | K12: 0.778
A13: Blair | B13: 4 | C13: 16 | D13: 12 | E13: 15.5 | F13: =E13*B13 -> 62 | G13: 1 | H13: =G13*B13 -> 4 | I13: 1.25 | J13: =I13*B13 -> 5 | K13: 0.583
... A31: Arcadia | B31: 4 | C31: 16 | D31: 11 | E31: 0 | F31: =E31*B31 -> 0 | G31: 0.75 | H31: =G31*B31 -> 3 | I31: 0 | J31: =I31*B31 -> 0 | K31: 0.273

Sheet Playoff Phase Team Chemistry
A1: Catstats Hub | B1: gamesPlayed | C1: tuh | D1: buzzes | E1: ppg | F1: Total Points | G1: npg | H1: Total Negs | I1: bpg | J1: Total Bonuses | K1: accuracy
A2: Frazer | B2: 4 | C2: 16 | D2: 15 | E2: 33 | F2: =E2*B2 -> 132 | G2: 0.5 | H2: =G2*B2 -> 2 | I2: 2.5 | J2: =I2*B2 -> 10 | K2: 0.667
A3: Amador Valley | B3: 4 | C3: 16 | D3: 14 | E3: 26.5 | F3: =E3*B3 -> 106 | G3: 0.5 | H3: =G3*B3 -> 2 | I3: 1.75 | J3: =I3*B3 -> 7 | K3: 0.786
A4: Saratoga | B4: 4 | C4: 16 | D4: 14 | E4: 24.5 | F4: =E4*B4 -> 98 | G4: 0.25 | H4: =G4*B4 -> 1 | I4: 1.75 | J4: =I4*B4 -> 7 | K4: 0.571
A5: WWPS | B5: 4 | C5: 16 | D5: 13 | E5: 23.5 | F5: =E5*B5 -> 94 | G5: 0.5 | H5: =G5*B5 -> 2 | I5: 1.75 | J5: =I5*B5 -> 7 | K5: 0.615
A6: Mira Loma | B6: 4 | C6: 16 | D6: 13 | E6: 23 | F6: =E6*B6 -> 92 | G6: 0.25 | H6: =G6*B6 -> 1 | I6: 1.5 | J6: =I6*B6 -> 6 | K6: 0.692
A7: PRISMS | B7: 4 | C7: 16 | D7: 14 | E7: 23 | F7: =E7*B7 -> 92 | G7: 0.25 | H7: =G7*B7 -> 1 | I7: 1.5 | J7: =I7*B7 -> 6 | K7: 0.643
A8: Lynbrook | B8: 4 | C8: 16 | D8: 12 | E8: 18.5 | F8: =E8*B8 -> 74 | G8: 0.25 | H8: =G8*B8 -> 1 | I8: 1.25 | J8: =I8*B8 -> 5 | K8: 0.583
A9: Arcadia | B9: 4 | C9: 16 | D9: 12 | E9: 14.5 | F9: =E9*B9 -> 58 | G9: 0 | H9: =G9*B9 -> 0 | I9: 0.75 | J9: =I9*B9 -> 3 | K9: 0.583
A10: Stuyvesant | B10: 4 | C10: 14 | D10: 8 | E10: 13.5 | F10: =E10*B10 -> 54 | G10: 0 | H10: =G10*B10 -> 0 | I10: 0.75 | J10: =I10*B10 -> 3 | K10: 0.75
A11: Clements | B11: 4 | C11: 15 | D11: 12 | E11: 13 | F11: =E11*B11 -> 52 | G11: 0.75 | H11: =G11*B11 -> 3 | I11: 1 | J11: =I11*B11 -> 4 | K11: 0.5
A12: Lakeside | B12: 3 | C12: 10 | D12: 7 | E12: 17.33 | F12: =E12*B12 -> 51.99 | G12: 0.33 | H12: =G12*B12 -> 0.99 | I12: 1.33 | J12: =I12*B12 -> 3.99 | K12: 0.571
A13: Canyon Crest | B13: 4 | C13: 16 | D13: 10 | E13: 12 | F13: =E13*B13 -> 48 | G13: 0 | H13: =G13*B13 -> 0 | I13: 0.5 | J13: =I13*B13 -> 2 | K13: 0.7
... A31: Blair | B31: 4 | C31: 16 | D31: 12 | E31: 0 | F31: =E31*B31 -> 0 | G31: 0.25 | H31: =G31*B31 -> 1 | I31: 0 | J31: =I31*B31 -> 0 | K31: 0.083

Sheet Playoff Phase Team Energy
A1: Catstats Hub | B1: gamesPlayed | C1: tuh | D1: buzzes | E1: ppg | F1: Total Points | G1: npg | H1: Total Negs | I1: bpg | J1: Total Bonuses | K1: accuracy
A2: Saratoga | B2: 4 | C2: 12 | D2: 9 | E2: 23.5 | F2: =E2*B2 -> 94 | G2: 0.25 | H2: =G2*B2 -> 1 | I2: 1.75 | J2: =I2*B2 -> 7 | K2: 0.778
A3: Interlake | B3: 4 | C3: 12 | D3: 9 | E3: 22.5 | F3: =E3*B3 -> 90 | G3: 0.5 | H3: =G3*B3 -> 2 | I3: 1.75 | J3: =I3*B3 -> 7 | K3: 0.778
A4: Hunter | B4: 4 | C4: 12 | D4: 12 | E4: 19 | F4: =E4*B4 -> 76 | G4: 0.25 | H4: =G4*B4 -> 1 | I4: 1 | J4: =I4*B4 -> 4 | K4: 0.833
A5: Wayzata | B5: 4 | C5: 12 | D5: 8 | E5: 17.5 | F5: =E5*B5 -> 70 | G5: 0.25 | H5: =G5*B5 -> 1 | I5: 1.25 | J5: =I5*B5 -> 5 | K5: 0.75
A6: WWPS | B6: 4 | C6: 12 | D6: 9 | E6: 17.5 | F6: =E6*B6 -> 70 | G6: 0.25 | H6: =G6*B6 -> 1 | I6: 1.25 | J6: =I6*B6 -> 5 | K6: 0.667
A7: Lynbrook | B7: 4 | C7: 12 | D7: 9 | E7: 17.5 | F7: =E7*B7 -> 70 | G7: 0.25 | H7: =G7*B7 -> 1 | I7: 1.25 | J7: =I7*B7 -> 5 | K7: 0.667
A8: ASFA | B8: 4 | C8: 12 | D8: 10 | E8: 17 | F8: =E8*B8 -> 68 | G8: 0.25 | H8: =G8*B8 -> 1 | I8: 1 | J8: =I8*B8 -> 4 | K8: 0.8
A9: Canyon Crest | B9: 4 | C9: 12 | D9: 8 | E9: 16.5 | F9: =E9*B9 -> 66 | G9: 0.5 | H9: =G9*B9 -> 2 | I9: 1.25 | J9: =I9*B9 -> 5 | K9: 0.75
A10: Mira Loma | B10: 4 | C10: 12 | D10: 7 | E10: 15 | F10: =E10*B10 -> 60 | G10: 0.25 | H10: =G10*B10 -> 1 | I10: 1 | J10: =I10*B10 -> 4 | K10: 0.857
A11: Frazer | B11: 4 | C11: 12 | D11: 7 | E11: 14.5 | F11: =E11*B11 -> 58 | G11: 0 | H11: =G11*B11 -> 0 | I11: 0.75 | J11: =I11*B11 -> 3 | K11: 1
A12: Mission San Jose | B12: 4 | C12: 12 | D12: 10 | E12: 14.5 | F12: =E12*B12 -> 58 | G12: 0.25 | H12: =G12*B12 -> 1 | I12: 0.75 | J12: =I12*B12 -> 3 | K12: 0.8
A13: Arcadia | B13: 4 | C13: 13 | D13: 10 | E13: 14 | F13: =E13*B13 -> 56 | G13: 0.5 | H13: =G13*B13 -> 2 | I13: 1 | J13: =I13*B13 -> 4 | K13: 0.6
... A31: Tokay | B31: 1 | C31: 3 | D31: 0 | E31: 0 | F31: =E31*B31 -> 0 | G31: 0 | H31: =G31*B31 -> 0 | I31: 0 | J31: =I31*B31 -> 0 | K31: 0

Sheet Playoff Phase Team ESS
A1: Catstats Hub | B1: gamesPlayed | C1: tuh | D1: buzzes | E1: ppg | F1: Total Points | G1: npg | H1: Total Negs | I1: bpg | J1: Total Bonuses | K1: accuracy
A2: Canyon Crest | B2: 4 | C2: 16 | D2: 14 | E2: 28.5 | F2: =E2*B2 -> 114 | G2: 0.25 | H2: =G2*B2 -> 1 | I2: 1.75 | J2: =I2*B2 -> 7 | K2: 0.857
A3: Mission San Jose | B3: 4 | C3: 16 | D3: 14 | E3: 27.5 | F3: =E3*B3 -> 110 | G3: 0.25 | H3: =G3*B3 -> 1 | I3: 1.75 | J3: =I3*B3 -> 7 | K3: 0.786
A4: PRISMS | B4: 4 | C4: 16 | D4: 16 | E4: 27 | F4: =E4*B4 -> 108 | G4: 0.25 | H4: =G4*B4 -> 1 | I4: 1.5 | J4: =I4*B4 -> 6 | K4: 0.813
A5: Interlake | B5: 4 | C5: 16 | D5: 12 | E5: 19 | F5: =E5*B5 -> 76 | G5: 0.75 | H5: =G5*B5 -> 3 | I5: 1.5 | J5: =I5*B5 -> 6 | K5: 0.583
A6: Blair | B6: 4 | C6: 16 | D6: 9 | E6: 18.5 | F6: =E6*B6 -> 74 | G6: 0 | H6: =G6*B6 -> 0 | I6: 1.25 | J6: =I6*B6 -> 5 | K6: 0.667
A7: TJHSST | B7: 4 | C7: 16 | D7: 12 | E7: 18 | F7: =E7*B7 -> 72 | G7: 0.75 | H7: =G7*B7 -> 3 | I7: 1.5 | J7: =I7*B7 -> 6 | K7: 0.5
A8: University | B8: 4 | C8: 16 | D8: 14 | E8: 15.5 | F8: =E8*B8 -> 62 | G8: 0.75 | H8: =G8*B8 -> 3 | I8: 1.25 | J8: =I8*B8 -> 5 | K8: 0.429
A9: Mira Loma | B9: 4 | C9: 16 | D9: 12 | E9: 15 | F9: =E9*B9 -> 60 | G9: 0.25 | H9: =G9*B9 -> 1 | I9: 1 | J9: =I9*B9 -> 4 | K9: 0.5
A10: ASFA | B10: 4 | C10: 16 | D10: 13 | E10: 14.5 | F10: =E10*B10 -> 58 | G10: 1.25 | H10: =G10*B10 -> 5 | I10: 1.25 | J10: =I10*B10 -> 5 | K10: 0.538
A11: Ward Melville | B11: 4 | C11: 16 | D11: 10 | E11: 14 | F11: =E11*B11 -> 56 | G11: 0.5 | H11: =G11*B11 -> 2 | I11: 1 | J11: =I11*B11 -> 4 | K11: 0.6
A12: Hunter | B12: 4 | C12: 16 | D12: 9 | E12: 13.5 | F12: =E12*B12 -> 54 | G12: 0 | H12: =G12*B12 -> 0 | I12: 0.75 | J12: =I12*B12 -> 3 | K12: 0.667
A13: Lexington | B13: 4 | C13: 16 | D13: 13 | E13: 11.5 | F13: =E13*B13 -> 46 | G13: 0.25 | H13: =G13*B13 -> 1 | I13: 0.75 | J13: =I13*B13 -> 3 | K13: 0.385
... A31: Tokay | B31: 1 | C31: 4 | D31: 2 | E31: 0 | F31: =E31*B31 -> 0 | G31: 0 | H31: =G31*B31 -> 0 | I31: 0 | J31: =I31*B31 -> 0 | K31: 0

Sheet Playoff Phase Team Math
A1: Catstats Hub | B1: gamesPlayed | C1: tuh | D1: buzzes | E1: ppg | F1: Total Points | G1: npg | H1: Total Negs | I1: bpg | J1: Total Bonuses | K1: accuracy
A2: Interlake | B2: 4 | C2: 16 | D2: 12 | E2: 25 | F2: =E2*B2 -> 100 | G2: 0 | H2: =G2*B2 -> 0 | I2: 1.5 | J2: =I2*B2 -> 6 | K2: 0.833
A3: Lynbrook | B3: 4 | C3: 16 | D3: 14 | E3: 22.5 | F3: =E3*B3 -> 90 | G3: 1 | H3: =G3*B3 -> 4 | I3: 1.75 | J3: =I3*B3 -> 7 | K3: 0.643
A4: Palo Alto | B4: 4 | C4: 16 | D4: 14 | E4: 21 | F4: =E4*B4 -> 84 | G4: 0 | H4: =G4*B4 -> 0 | I4: 1 | J4: =I4*B4 -> 4 | K4: 0.786
A5: Clements | B5: 4 | C5: 16 | D5: 15 | E5: 19.5 | F5: =E5*B5 -> 78 | G5: 0.5 | H5: =G5*B5 -> 2 | I5: 1.25 | J5: =I5*B5 -> 5 | K5: 0.6
A6: Amador Valley | B6: 4 | C6: 16 | D6: 13 | E6: 17.5 | F6: =E6*B6 -> 70 | G6: 0.75 | H6: =G6*B6 -> 3 | I6: 1.25 | J6: =I6*B6 -> 5 | K6: 0.615
A7: ASFA | B7: 4 | C7: 16 | D7: 14 | E7: 16 | F7: =E7*B7 -> 64 | G7: 0.5 | H7: =G7*B7 -> 2 | I7: 1 | J7: =I7*B7 -> 4 | K7: 0.571
A8: Frazer | B8: 4 | C8: 16 | D8: 15 | E8: 14.5 | F8: =E8*B8 -> 58 | G8: 0.5 | H8: =G8*B8 -> 2 | I8: 0.75 | J8: =I8*B8 -> 3 | K8: 0.6
A9: Ward Melville | B9: 4 | C9: 16 | D9: 16 | E9: 12.5 | F9: =E9*B9 -> 50 | G9: 0.75 | H9: =G9*B9 -> 3 | I9: 0.75 | J9: =I9*B9 -> 3 | K9: 0.5
A10: University | B10: 4 | C10: 16 | D10: 13 | E10: 12 | F10: =E10*B10 -> 48 | G10: 0.5 | H10: =G10*B10 -> 2 | I10: 1 | J10: =I10*B10 -> 4 | K10: 0.308
A11: Saratoga | B11: 4 | C11: 16 | D11: 8 | E11: 9 | F11: =E11*B11 -> 36 | G11: 0.25 | H11: =G11*B11 -> 1 | I11: 0.5 | J11: =I11*B11 -> 2 | K11: 0.625
A12: Hunter | B12: 4 | C12: 17 | D12: 11 | E12: 9 | F12: =E12*B12 -> 36 | G12: 0.25 | H12: =G12*B12 -> 1 | I12: 0.5 | J12: =I12*B12 -> 2 | K12: 0.455
A13: Foothill | B13: 3 | C13: 12 | D13: 12 | E13: 10.67 | F13: =E13*B13 -> 32.01 | G13: 1.33 | H13: =G13*B13 -> 3.99 | I13: 0.67 | J13: =I13*B13 -> 2.01 | K13: 0.583
... A31: WWPS | B31: 4 | C31: 16 | D31: 14 | E31: -1 | F31: =E31*B31 -> -4 | G31: 0.5 | H31: =G31*B31 -> 2 | I31: 0 | J31: =I31*B31 -> 0 | K31: 0.071

Sheet Playoff Phase Team Physics
A1: Catstats Hub | B1: gamesPlayed | C1: tuh | D1: buzzes | E1: ppg | F1: Total Points | G1: npg | H1: Total Negs | I1: bpg | J1: Total Bonuses | K1: accuracy
A2: Wayzata | B2: 4 | C2: 16 | D2: 15 | E2: 30.5 | F2: =E2*B2 -> 122 | G2: 0.5 | H2: =G2*B2 -> 2 | I2: 2.25 | J2: =I2*B2 -> 9 | K2: 0.667
A3: Amador Valley | B3: 4 | C3: 16 | D3: 15 | E3: 29.5 | F3: =E3*B3 -> 118 | G3: 0.75 | H3: =G3*B3 -> 3 | I3: 2.25 | J3: =I3*B3 -> 9 | K3: 0.667
A4: Ward Melville | B4: 4 | C4: 16 | D4: 14 | E4: 27 | F4: =E4*B4 -> 108 | G4: 0.75 | H4: =G4*B4 -> 3 | I4: 2 | J4: =I4*B4 -> 8 | K4: 0.714
A5: Frazer | B5: 4 | C5: 16 | D5: 14 | E5: 23.5 | F5: =E5*B5 -> 94 | G5: 0.75 | H5: =G5*B5 -> 3 | I5: 1.75 | J5: =I5*B5 -> 7 | K5: 0.643
A6: Clements | B6: 4 | C6: 16 | D6: 13 | E6: 23 | F6: =E6*B6 -> 92 | G6: 0.25 | H6: =G6*B6 -> 1 | I6: 1.5 | J6: =I6*B6 -> 6 | K6: 0.692
A7: Lynbrook | B7: 4 | C7: 16 | D7: 13 | E7: 23 | F7: =E7*B7 -> 92 | G7: 0.25 | H7: =G7*B7 -> 1 | I7: 1.5 | J7: =I7*B7 -> 6 | K7: 0.692
A8: PRISMS | B8: 4 | C8: 16 | D8: 15 | E8: 20 | F8: =E8*B8 -> 80 | G8: 1 | H8: =G8*B8 -> 4 | I8: 1.5 | J8: =I8*B8 -> 6 | K8: 0.6
A9: Saratoga | B9: 4 | C9: 16 | D9: 13 | E9: 20 | F9: =E9*B9 -> 80 | G9: 0.5 | H9: =G9*B9 -> 2 | I9: 1.5 | J9: =I9*B9 -> 6 | K9: 0.538
A10: ASFA | B10: 4 | C10: 16 | D10: 14 | E10: 20 | F10: =E10*B10 -> 80 | G10: 0 | H10: =G10*B10 -> 0 | I10: 1 | J10: =I10*B10 -> 4 | K10: 0.714
A11: WWPS | B11: 4 | C11: 16 | D11: 13 | E11: 15 | F11: =E11*B11 -> 60 | G11: 0.5 | H11: =G11*B11 -> 2 | I11: 1 | J11: =I11*B11 -> 4 | K11: 0.538
A12: Mira Loma | B12: 4 | C12: 16 | D12: 9 | E12: 14 | F12: =E12*B12 -> 56 | G12: 0.25 | H12: =G12*B12 -> 1 | I12: 1 | J12: =I12*B12 -> 4 | K12: 0.556
A13: Blair | B13: 4 | C13: 15 | D13: 10 | E13: 13 | F13: =E13*B13 -> 52 | G13: 0.25 | H13: =G13*B13 -> 1 | I13: 1 | J13: =I13*B13 -> 4 | K13: 0.4
... A31: Tokay | B31: 1 | C31: 4 | D31: 1 | E31: 0 | F31: =E31*B31 -> 0 | G31: 0 | H31: =G31*B31 -> 0 | I31: 0 | J31: =I31*B31 -> 0 | K31: 0

Sheet Team Chemistry Stats
A1: name | B1: gamesPlayed | C1: TUs Heard | D1: Buzzes | E1: Points | F1: PPG | G1: Negs | H1: NPG | I1: Bonus/Game | J1: Buzzing Accuracy
A2: c6 blair 1 | B2: 5 | C2: 20 | D2: 18 | E2: =F2/4*C2 -> 234 | F2: 46.8 | G2: =H2/4*C2 -> 1 | H2: 0.2 | I2: 3.4 | J2: 0.944
A3: e2 lynbrook 2 | B3: 5 | C3: 20 | D3: 16 | E3: =F3/4*C3 -> 200 | F3: 40 | G3: =H3/4*C3 -> 0 | H3: 0 | I3: 2.8 | J3: 0.938
A4: b3 middleton 1 | B4: 5 | C4: 20 | D4: 18 | E4: =F4/4*C4 -> 176 | F4: 35.2 | G4: =H4/4*C4 -> 2 | H4: 0.4 | I4: 2.4 | J4: 0.889
A5: e4 msj 1 | B5: 5 | C5: 20 | D5: 19 | E5: =F5/4*C5 -> 168 | F5: 33.6 | G5: =H5/4*C5 -> 3 | H5: 0.6 | I5: 2.4 | J5: 0.789
A6: a4 wwps 1 | B6: 5 | C6: 20 | D6: 14 | E6: =F6/4*C6 -> 168 | F6: 33.6 | G6: =H6/4*C6 -> 1 | H6: 0.2 | I6: 2.4 | J6: 0.929
A7: g5 clements | B7: 5 | C7: 20 | D7: 18 | E7: =F7/4*C7 -> 168 | F7: 33.6 | G7: =H7/4*C7 -> 2 | H7: 0.4 | I7: 2.4 | J7: 0.778
A8: g2 msj 2 | B8: 5 | C8: 20 | D8: 17 | E8: =F8/4*C8 -> 152 | F8: 30.4 | G8: =H8/4*C8 -> 1 | H8: 0.2 | I8: 2 | J8: 0.824
A9: c4 arcadia | B9: 5 | C9: 20 | D9: 14 | E9: 150 | F9: =E9/C9*4 -> 30 | G9: =H9/4*C9 -> 2 | H9: 0.4 | I9: 2.2 | J9: 0.643
A10: f6 granada | B10: 5 | C10: 20 | D10: 19 | E10: =F10/4*C10 -> 146 | F10: 29.2 | G10: =H10/4*C10 -> 0 | H10: 0 | I10: 1.8 | J10: 0.737
A11: a5 saratoga | B11: 5 | C11: 20 | D11: 14 | E11: =F11/4*C11 -> 116 | F11: 23.2 | G11: =H11/4*C11 -> 1 | H11: 0.2 | I11: 1.6 | J11: 0.714
A12: f3 wayzata | B12: 5 | C12: 20 | D12: 17 | E12: =F12/4*C12 -> 116 | F12: 23.2 | G12: =H12/4*C12 -> 3 | H12: 0.6 | I12: 1.6 | J12: 0.706
A13: h5 ward melville | B13: 5 | C13: 20 | D13: 15 | E13: =F13/4*C13 -> 116 | F13: 23.2 | G13: =H13/4*C13 -> 1 | H13: 0.2 | I13: 1.6 | J13: 0.667
A14: h3 tjhsst 2 | B14: 5 | C14: 20 | D14: 17 | E14: =F14/4*C14 -> 116 | F14: 23.2 | G14: =H14/4*C14 -> 3 | H14: 0.6 | I14: 1.6 | J14: 0.706
A15: b5 tjhsst 1 | B15: 5 | C15: 20 | D15: 14 | E15: =F15/4*C15 -> 114 | F15: 22.8 | G15: =H15/4*C15 -> 1 | H15: 0.2 | I15: 1.4 | J15: 0.857
A16: f1 cca 1 | B16: 5 | C16: 20 | D16: 17 | E16: =F16/4*C16 -> 108 | F16: 21.6 | G16: =H16/4*C16 -> 3 | H16: 0.6 | I16: 1.6 | J16: 0.588
A17: e3 frazer 1 | B17: 5 | C17: 20 | D17: 12 | E17: =F17/4*C17 -> 106 | F17: 21.2 | G17: =H17/4*C17 -> 1 | H17: 0.2 | I17: 1.4 | J17: 0.833
A18: a2 palo alto | B18: 5 | C18: 20 | D18: 14 | E18: =F18/4*C18 -> 104 | F18: 20.8 | G18: =H18/4*C18 -> 3 | H18: 0.6 | I18: 1.6 | J18: 0.643
A19: e5 princeton unified | B19: 5 | C19: 20 | D19: 12 | E19: =F19/4*C19 -> 102 | F19: 20.4 | G19: =H19/4*C19 -> 1 | H19: 0.2 | I19: 1.4 | J19: 0.75
A20: h6 lexington | B20: 5 | C20: 20 | D20: 13 | E20: =F20/4*C20 -> 96 | F20: 19.2 | G20: =H20/4*C20 -> 2 | H20: 0.4 | I20: 1.2 | J20: 0.846
A21: d2 lynbrook 1 | B21: 5 | C21: 20 | D21: 17 | E21: =F21/4*C21 -> 90 | F21: 18 | G21: =H21/4*C21 -> 1 | H21: 0.2 | I21: 1 | J21: 0.647
... A47: e1 stuyvesant | B47: 5 | C47: 20 | D47: 9 | E47: =F47/4*C47 -> 10 | F47: 2 | G47: =H47/4*C47 -> 2 | H47: 0.4 | I47: 0.2 | J47: 0.222
A48: c3 amador valley | B48: 5 | C48: 20 | D48: 10 | E48: 8 | F48: =E48/C48*4 -> 1.6 | G48: =H48/4*C48 -> 2 | H48: 0.4 | I48: 0 | J48: =4/10 -> 0.4
A49: b6 madison west 2 | B49: 5 | C49: 20 | D49: 6 | E49: =F49/4*C49 -> 4 | F49: 0.8 | G49: =H49/4*C49 -> 0 | H49: 0 | I49: 0 | J49: 0.167
