Workbook

Sheet Prelim Rankings Unsorted
A1: Round:
A2: TEAMS | B2: 1 | C2: 2 | D2: 3 | E2: TOTAL POINTS
A3: Grammar Kids | B3: =IFERROR(__xludf.DUMMYFUNCTION("HLOOKUP($A3, IMPORTRANGE($B$40, CONCAT(VLOOKUP($A3, 'Match Names'!$A$1:$D$22, 2, FALSE),""!C1:R29"")), 29, FALSE)"),4.0) -> 4 | C3: =IFERROR(__xludf.DUMMYFUNCTION("HLOOKUP($A3, IMPORTRANGE($B$41, CONCAT(VLOOKUP($A3, 'Match Names'!$A$1:$D$22, 3, FALSE),""!C1:R29"")), 29, FALSE)"),28.0) -> 28 | D3: =IFERROR(__xludf.DUMMYFUNCTION("HLOOKUP($A3, IMPORTRANGE($B$42, CONCAT(VLOOKUP($A3, 'Match Names'!$A$1:$D$22, 4, FALSE),""!C1:R29"")), 29, FALSE)"),38.0) -> 38 | E3: =SUM(B3:D3) -> 70
A4: Deer Feeled | B4: =IFERROR(__xludf.DUMMYFUNCTION("HLOOKUP($A4, IMPORTRANGE($B$40, CONCAT(VLOOKUP($A4, 'Match Names'!$A$1:$D$22, 2, FALSE),""!C1:R29"")), 29, FALSE)"),206.0) -> 206 | C4: =IFERROR(__xludf.DUMMYFUNCTION("HLOOKUP($A4, IMPORTRANGE($B$41, CONCAT(VLOOKUP($A4, 'Match Names'!$A$1:$D$22, 3, FALSE),""!C1:R29"")), 29, FALSE)"),180.0) -> 180 | D4: =IFERROR(__xludf.DUMMYFUNCTION("HLOOKUP($A4, IMPORTRANGE($B$42, CONCAT(VLOOKUP($A4, 'Match Names'!$A$1:$D$22, 4, FALSE),""!C1:R29"")), 29, FALSE)"),42.0) -> 42 | E4: =SUM(B4:D4) -> 428
A5: Dear Field | B5: =IFERROR(__xludf.DUMMYFUNCTION("HLOOKUP($A5, IMPORTRANGE($B$40, CONCAT(VLOOKUP($A5, 'Match Names'!$A$1:$D$22, 2, FALSE),""!C1:R29"")), 29, FALSE)"),210.0) -> 210 | C5: =IFERROR(__xludf.DUMMYFUNCTION("HLOOKUP($A5, IMPORTRANGE($B$41, CONCAT(VLOOKUP($A5, 'Match Names'!$A$1:$D$22, 3, FALSE),""!C1:R29"")), 29, FALSE)"),78.0) -> 78 | D5: =IFERROR(__xludf.DUMMYFUNCTION("HLOOKUP($A5, IMPORTRANGE($B$42, CONCAT(VLOOKUP($A5, 'Match Names'!$A$1:$D$22, 4, FALSE),""!C1:R29"")), 29, FALSE)"),156.0) -> 156 | E5: =SUM(B5:D5) -> 444
A6: William Mason | B6: =IFERROR(__xludf.DUMMYFUNCTION("HLOOKUP($A6, IMPORTRANGE($B$40, CONCAT(VLOOKUP($A6, 'Match Names'!$A$1:$D$22, 2, FALSE),""!C1:R29"")), 29, FALSE)"),50.0) -> 50 | C6: =IFERROR(__xludf.DUMMYFUNCTION("HLOOKUP($A6, IMPORTRANGE($B$41, CONCAT(VLOOKUP($A6, 'Match Names'!$A$1:$D$22, 3, FALSE),""!C1:R29"")), 29, FALSE)"),24.0) -> 24 | D6: =IFERROR(__xludf.DUMMYFUNCTION("HLOOKUP($A6, IMPORTRANGE($B$42, CONCAT(VLOOKUP($A6, 'Match Names'!$A$1:$D$22, 4, FALSE),""!C1:R29"")), 29, FALSE)"),96.0) -> 96 | E6: =SUM(B6:D6) -> 170
A7: Scrubby Teletubbies | B7: =IFERROR(__xludf.DUMMYFUNCTION("HLOOKUP($A7, IMPORTRANGE($B$40, CONCAT(VLOOKUP($A7, 'Match Names'!$A$1:$D$22, 2, FALSE),""!C1:R29"")), 29, FALSE)"),224.0) -> 224 | C7: =IFERROR(__xludf.DUMMYFUNCTION("HLOOKUP($A7, IMPORTRANGE($B$41, CONCAT(VLOOKUP($A7, 'Match Names'!$A$1:$D$22, 3, FALSE),""!C1:R29"")), 29, FALSE)"),98.0) -> 98 | D7: =IFERROR(__xludf.DUMMYFUNCTION("HLOOKUP($A7, IMPORTRANGE($B$42, CONCAT(VLOOKUP($A7, 'Match Names'!$A$1:$D$22, 4, FALSE),""!C1:R29"")), 29, FALSE)"),56.0) -> 56 | E7: =SUM(B7:D7) -> 378
A8: U-235 Soup | B8: =IFERROR(__xludf.DUMMYFUNCTION("HLOOKUP($A8, IMPORTRANGE($B$40, CONCAT(VLOOKUP($A8, 'Match Names'!$A$1:$D$22, 2, FALSE),""!C1:R29"")), 29, FALSE)"),110.0) -> 110 | C8: =IFERROR(__xludf.DUMMYFUNCTION("HLOOKUP($A8, IMPORTRANGE($B$41, CONCAT(VLOOKUP($A8, 'Match Names'!$A$1:$D$22, 3, FALSE),""!C1:R29"")), 29, FALSE)"),194.0) -> 194 | D8: =IFERROR(__xludf.DUMMYFUNCTION("HLOOKUP($A8, IMPORTRANGE($B$42, CONCAT(VLOOKUP($A8, 'Match Names'!$A$1:$D$22, 4, FALSE),""!C1:R29"")), 29, FALSE)"),16.0) -> 16 | E8: =SUM(B8:D8) -> 320
A9: Galena Popsicles | B9: =IFERROR(__xludf.DUMMYFUNCTION("HLOOKUP($A9, IMPORTRANGE($B$40, CONCAT(VLOOKUP($A9, 'Match Names'!$A$1:$D$22, 2, FALSE),""!C1:R29"")), 29, FALSE)"),234.0) -> 234 | C9: =IFERROR(__xludf.DUMMYFUNCTION("HLOOKUP($A9, IMPORTRANGE($B$41, CONCAT(VLOOKUP($A9, 'Match Names'!$A$1:$D$22, 3, FALSE),""!C1:R29"")), 29, FALSE)"),222.0) -> 222 | D9: =IFERROR(__xludf.DUMMYFUNCTION("HLOOKUP($A9, IMPORTRANGE($B$42, CONCAT(VLOOKUP($A9, 'Match Names'!$A$1:$D$22, 4, FALSE),""!C1:R29"")), 29, FALSE)"),80.0) -> 80 | E9: =SUM(B9:D9) -> 536
A10: IDIOM | B10: =IFERROR(__xludf.DUMMYFUNCTION("HLOOKUP($A10, IMPORTRANGE($B$40, CONCAT(VLOOKUP($A10, 'Match Names'!$A$1:$D$22, 2, FALSE),""!C1:R29"")), 29, FALSE)"),210.0) -> 210 | C10: =IFERROR(__xludf.DUMMYFUNCTION("HLOOKUP($A10, IMPORTRANGE($B$41, CONCAT(VLOOKUP($A10, 'Match Names'!$A$1:$D$22, 3, FALSE),""!C1:R29"")), 29, FALSE)"),238.0) -> 238 | D10: =IFERROR(__xludf.DUMMYFUNCTION("HLOOKUP($A10, IMPORTRANGE($B$42, CONCAT(VLOOKUP($A10, 'Match Names'!$A$1:$D$22, 4, FALSE),""!C1:R29"")), 29, FALSE)"),164.0) -> 164 | E10: =SUM(B10:D10) -> 612
A11: Banana Corp | B11: =IFERROR(__xludf.DUMMYFUNCTION("HLOOKUP($A11, IMPORTRANGE($B$40, CONCAT(VLOOKUP($A11, 'Match Names'!$A$1:$D$22, 2, FALSE),""!C1:R29"")), 29, FALSE)"),304.0) -> 304 | C11: =IFERROR(__xludf.DUMMYFUNCTION("HLOOKUP($A11, IMPORTRANGE($B$41, CONCAT(VLOOKUP($A11, 'Match Names'!$A$1:$D$22, 3, FALSE),""!C1:R29"")), 29, FALSE)"),326.0) -> 326 | D11: =IFERROR(__xludf.DUMMYFUNCTION("HLOOKUP($A11, IMPORTRANGE($B$42, CONCAT(VLOOKUP($A11, 'Match Names'!$A$1:$D$22, 4, FALSE),""!C1:R29"")), 29, FALSE)"),114.0) -> 114 | E11: =SUM(B11:D11) -> 744
A12: The Catecholomines | B12: =IFERROR(__xludf.DUMMYFUNCTION("HLOOKUP($A12, IMPORTRANGE($B$40, CONCAT(VLOOKUP($A12, 'Match Names'!$A$1:$D$22, 2, FALSE),""!C1:R29"")), 29, FALSE)"),288.0) -> 288 | C12: =IFERROR(__xludf.DUMMYFUNCTION("HLOOKUP($A12, IMPORTRANGE($B$41, CONCAT(VLOOKUP($A12, 'Match Names'!$A$1:$D$22, 3, FALSE),""!C1:R29"")), 29, FALSE)"),276.0) -> 276 | D12: =IFERROR(__xludf.DUMMYFUNCTION("HLOOKUP($A12, IMPORTRANGE($B$42, CONCAT(VLOOKUP($A12, 'Match Names'!$A$1:$D$22, 4, FALSE),""!C1:R29"")), 29, FALSE)"),202.0) -> 202 | E12: =SUM(B12:D12) -> 766
A13: Be the Block of Bread | B13: =IFERROR(__xludf.DUMMYFUNCTION("HLOOKUP($A13, IMPORTRANGE($B$40, CONCAT(VLOOKUP($A13, 'Match Names'!$A$1:$D$22, 2, FALSE),""!C1:R29"")), 29, FALSE)"),116.0) -> 116 | C13: =IFERROR(__xludf.DUMMYFUNCTION("HLOOKUP($A13, IMPORTRANGE($B$41, CONCAT(VLOOKUP($A13, 'Match Names'!$A$1:$D$22, 3, FALSE),""!C1:R29"")), 29, FALSE)"),80.0) -> 80 | D13: =IFERROR(__xludf.DUMMYFUNCTION("HLOOKUP($A13, IMPORTRANGE($B$42, CONCAT(VLOOKUP($A13, 'Match Names'!$A$1:$D$22, 4, FALSE),""!C1:R29"")), 29, FALSE)"),48.0) -> 48 | E13: =SUM(B13:D13) -> 244
A14: The Mother Doers | B14: =IFERROR(__xludf.DUMMYFUNCTION("HLOOKUP($A14, IMPORTRANGE($B$40, CONCAT(VLOOKUP($A14, 'Match Names'!$A$1:$D$22, 2, FALSE),""!C1:R29"")), 29, FALSE)"),66.0) -> 66 | C14: =IFERROR(__xludf.DUMMYFUNCTION("HLOOKUP($A14, IMPORTRANGE($B$41, CONCAT(VLOOKUP($A14, 'Match Names'!$A$1:$D$22, 3, FALSE),""!C1:R29"")), 29, FALSE)"),183.0) -> 183 | D14: =IFERROR(__xludf.DUMMYFUNCTION("HLOOKUP($A14, IMPORTRANGE($B$42, CONCAT(VLOOKUP($A14, 'Match Names'!$A$1:$D$22, 4, FALSE),""!C1:R29"")), 29, FALSE)"),300.0) -> 300 | E14: =SUM(B14:D14) -> 549
A15: Jerry is a Nerd | B15: =IFERROR(__xludf.DUMMYFUNCTION("HLOOKUP($A15, IMPORTRANGE($B$40, CONCAT(VLOOKUP($A15, 'Match Names'!$A$1:$D$22, 2, FALSE),""!C1:R29"")), 29, FALSE)"),122.0) -> 122 | C15: =IFERROR(__xludf.DUMMYFUNCTION("HLOOKUP($A15, IMPORTRANGE($B$41, CONCAT(VLOOKUP($A15, 'Match Names'!$A$1:$D$22, 3, FALSE),""!C1:R29"")), 29, FALSE)"),204.0) -> 204 | D15: =IFERROR(__xludf.DUMMYFUNCTION("HLOOKUP($A15, IMPORTRANGE($B$42, CONCAT(VLOOKUP($A15, 'Match Names'!$A$1:$D$22, 4, FALSE),""!C1:R29"")), 29, FALSE)"),176.0) -> 176 | E15: =SUM(B15:D15) -> 502
A16: Hopkins | B16: =IFERROR(__xludf.DUMMYFUNCTION("HLOOKUP($A16, IMPORTRANGE($B$40, CONCAT(VLOOKUP($A16, 'Match Names'!$A$1:$D$22, 2, FALSE),""!C1:R29"")), 29, FALSE)"),12.0) -> 12 | C16: =IFERROR(__xludf.DUMMYFUNCTION("HLOOKUP($A16, IMPORTRANGE($B$41, CONCAT(VLOOKUP($A16, 'Match Names'!$A$1:$D$22, 3, FALSE),""!C1:R29"")), 29, FALSE)"),176.0) -> 176 | D16: =IFERROR(__xludf.DUMMYFUNCTION("HLOOKUP($A16, IMPORTRANGE($B$42, CONCAT(VLOOKUP($A16, 'Match Names'!$A$1:$D$22, 4, FALSE),""!C1:R29"")), 29, FALSE)"),44.0) -> 44 | E16: =SUM(B16:D16) -> 232
A17: Squishy Cats | B17: =IFERROR(__xludf.DUMMYFUNCTION("HLOOKUP($A17, IMPORTRANGE($B$40, CONCAT(VLOOKUP($A17, 'Match Names'!$A$1:$D$22, 2, FALSE),""!C1:R29"")), 29, FALSE)"),130.0) -> 130 | C17: =IFERROR(__xludf.DUMMYFUNCTION("HLOOKUP($A17, IMPORTRANGE($B$41, CONCAT(VLOOKUP($A17, 'Match Names'!$A$1:$D$22, 3, FALSE),""!C1:R29"")), 29, FALSE)"),98.0) -> 98 | D17: =IFERROR(__xludf.DUMMYFUNCTION("HLOOKUP($A17, IMPORTRANGE($B$42, CONCAT(VLOOKUP($A17, 'Match Names'!$A$1:$D$22, 4, FALSE),""!C1:R29"")), 29, FALSE)"),196.0) -> 196 | E17: =SUM(B17:D17) -> 424
A18: Degenerate Matter | B18: =IFERROR(__xludf.DUMMYFUNCTION("HLOOKUP($A18, IMPORTRANGE($B$40, CONCAT(VLOOKUP($A18, 'Match Names'!$A$1:$D$22, 2, FALSE),""!C1:R29"")), 29, FALSE)"),216.0) -> 216 | C18: =IFERROR(__xludf.DUMMYFUNCTION("HLOOKUP($A18, IMPORTRANGE($B$41, CONCAT(VLOOKUP($A18, 'Match Names'!$A$1:$D$22, 3, FALSE),""!C1:R29"")), 29, FALSE)"),42.0) -> 42 | D18: =IFERROR(__xludf.DUMMYFUNCTION("HLOOKUP($A18, IMPORTRANGE($B$42, CONCAT(VLOOKUP($A18, 'Match Names'!$A$1:$D$22, 4, FALSE),""!C1:R29"")), 29, FALSE)"),170.0) -> 170 | E18: =SUM(B18:D18) -> 428
A19: Bio and Chem Players Only Challenge | B19: =IFERROR(__xludf.DUMMYFUNCTION("HLOOKUP(""BCPOC"", IMPORTRANGE($B$40, CONCAT(VLOOKUP($A19, 'Match Names'!$A$1:$D$22, 2, FALSE),""!C1:R29"")), 29, FALSE)"),123.0) -> 123 | C19: =IFERROR(__xludf.DUMMYFUNCTION("HLOOKUP(""BCPOC"", IMPORTRANGE($B$41, CONCAT(VLOOKUP($A19, 'Match Names'!$A$1:$D$22, 3, FALSE),""!C1:R29"")), 29, FALSE)"),86.0) -> 86 | D19: =IFERROR(__xludf.DUMMYFUNCTION("HLOOKUP(""BCPOC"", IMPORTRANGE($B$42, CONCAT(VLOOKUP($A19, 'Match Names'!$A$1:$D$22, 4, FALSE),""!C1:R29"")), 29, FALSE)"),160.0) -> 160 | E19: =SUM(B19:D19) -> 369
A20: Sacramento Country Day School | B20: =IFERROR(__xludf.DUMMYFUNCTION("HLOOKUP(""SCD School"", IMPORTRANGE($B$40, CONCAT(VLOOKUP($A20, 'Match Names'!$A$1:$D$22, 2, FALSE),""!C1:R29"")), 29, FALSE)"),222.0) -> 222 | C20: =IFERROR(__xludf.DUMMYFUNCTION("HLOOKUP(""SCD School"", IMPORTRANGE($B$41, CONCAT(VLOOKUP($A20, 'Match Names'!$A$1:$D$22, 3, FALSE),""!C1:R29"")), 29, FALSE)"),198.0) -> 198 | D20: =IFERROR(__xludf.DUMMYFUNCTION("HLOOKUP(""SCD School"", IMPORTRANGE($B$42, CONCAT(VLOOKUP($A20, 'Match Names'!$A$1:$D$22, 4, FALSE),""!C1:R29"")), 29, FALSE)"),190.0) -> 190 | E20: =SUM(B20:D20) -> 610
A21: Orthonormal BASIS | B21: =IFERROR(__xludf.DUMMYFUNCTION("HLOOKUP($A21, IMPORTRANGE($B$40, CONCAT(VLOOKUP($A21, 'Match Names'!$A$1:$D$22, 2, FALSE),""!C1:R29"")), 29, FALSE)"),140.0) -> 140 | C21: =IFERROR(__xludf.DUMMYFUNCTION("HLOOKUP($A21, IMPORTRANGE($B$41, CONCAT(VLOOKUP($A21, 'Match Names'!$A$1:$D$22, 3, FALSE),""!C1:R29"")), 29, FALSE)"),56.0) -> 56 | D21: =IFERROR(__xludf.DUMMYFUNCTION("HLOOKUP($A21, IMPORTRANGE($B$42, CONCAT(VLOOKUP($A21, 'Match Names'!$A$1:$D$22, 4, FALSE),""!C1:R29"")), 29, FALSE)"),100.0) -> 100 | E21: =SUM(B21:D21) -> 296
A22: Blue Rhinobeetles | B22: =IFERROR(__xludf.DUMMYFUNCTION("HLOOKUP($A22, IMPORTRANGE($B$40, CONCAT(VLOOKUP($A22, 'Match Names'!$A$1:$D$22, 2, FALSE),""!C1:R29"")), 29, FALSE)"),252.0) -> 252 | C22: =IFERROR(__xludf.DUMMYFUNCTION("HLOOKUP($A22, IMPORTRANGE($B$41, CONCAT(VLOOKUP($A22, 'Match Names'!$A$1:$D$22, 3, FALSE),""!C1:R29"")), 29, FALSE)"),238.0) -> 238 | D22: =IFERROR(__xludf.DUMMYFUNCTION("HLOOKUP($A22, IMPORTRANGE($B$42, CONCAT(VLOOKUP($A22, 'Match Names'!$A$1:$D$22, 4, FALSE),""!C1:R29"")), 29, FALSE)"),322.0) -> 322 | E22: =SUM(B22:D22) -> 812
A23: Glastonbury | B23: =IFERROR(__xludf.DUMMYFUNCTION("HLOOKUP($A23, IMPORTRANGE($B$40, CONCAT(VLOOKUP($A23, 'Match Names'!$A$1:$D$22, 2, FALSE),""!C1:R29"")), 29, FALSE)"),16.0) -> 16 | C23: =IFERROR(__xludf.DUMMYFUNCTION("HLOOKUP($A23, IMPORTRANGE($B$41, CONCAT(VLOOKUP($A23, 'Match Names'!$A$1:$D$22, 3, FALSE),""!C1:R29"")), 29, FALSE)"),8.0) -> 8 | D23: =IFERROR(__xludf.DUMMYFUNCTION("HLOOKUP($A23, IMPORTRANGE($B$42, CONCAT(VLOOKUP($A23, 'Match Names'!$A$1:$D$22, 4, FALSE),""!C1:R29"")), 29, FALSE)"),12.0) -> 12 | E23: =SUM(B23:D23) -> 36
A40: Prelim Round 1 Spreadsheet | B40: https://docs.google.com/spreadsheets/d/1xIzECe7aNndzt0hqqFOHk_CBewZtwYpEZ1_9ljU4DrE/edit#gid=1640670551
A41: Prelim Round 2 Spreadsheet | B41: https://docs.google.com/spreadsheets/d/115_83cmXVItW0frF_mp6wnNfNAj63wlpF6v2wcXgJrU/edit#gid=0
A42: Prelim Round 3 Spreadsheet | B42: https://docs.google.com/spreadsheets/d/1epChxX7xpqa0FpCzekFs4W6lBQOnPeFmcxX2fWD6lc8/edit#gid=0

Sheet Prelim Rankings
B1: Prelims
A2: TEAMS | B2: 1 | C2: 2 | D2: 3 | E2: TOTAL POINTS
A3: {=SORT('Prelim Rankings Unsorted'!A3:E23, 5, FALSE, 1, TRUE)} -> Blue Rhinobeetles | B3: 252 | C3: 238 | D3: 322 | E3: 812
A4: The Catecholomines | B4: 288 | C4: 276 | D4: 202 | E4: 766
A5: Banana Corp | B5: 304 | C5: 326 | D5: 114 | E5: 744
A6: IDIOM | B6: 210 | C6: 238 | D6: 164 | E6: 612
A7: Sacramento Country Day School | B7: 222 | C7: 198 | D7: 190 | E7: 610
A8: The Mother Doers | B8: 66 | C8: 183 | D8: 300 | E8: 549
A9: Galena Popsicles | B9: 234 | C9: 222 | D9: 80 | E9: 536
A10: Jerry is a Nerd | B10: 122 | C10: 204 | D10: 176 | E10: 502
A11: Dear Field | B11: 210 | C11: 78 | D11: 156 | E11: 444
A12: Deer Feeled | B12: 206 | C12: 180 | D12: 42 | E12: 428
A13: Degenerate Matter | B13: 216 | C13: 42 | D13: 170 | E13: 428
A14: Squishy Cats | B14: 130 | C14: 98 | D14: 196 | E14: 424
A15: Scrubby Teletubbies | B15: 224 | C15: 98 | D15: 56 | E15: 378
... A23: Glastonbury | B23: 16 | C23: 8 | D23: 12 | E23: 36

Sheet Player Overall Stats Unsorted
A2: Player | B2: Discord Username | C2: Team | D2: TU Heard | E2: 4s | F2: 0s | G2: -4s | H2: PPG
A3: Daniel | B3: =VLOOKUP(CONCAT(A3, C3), 'Discord Username to Real Name'!C:D, 2, FALSE) -> DanielRocks(UrMom)#5639 | C3: Grammar Kids | D3: =IFERROR(__xludf.DUMMYFUNCTION("(23 - COUNTIF(IFERROR(ARRAYFORMULA(HLOOKUP($B3, IMPORTRANGE('Prelim Rankings Unsorted'!$B$40, CONCAT(VLOOKUP($C3, 'Match Names'!$A$1:$D$22, 2, FALSE), ""!C3:R29"")), ROW($A$1:$A$24), FALSE)), $AA$9:$AA$31), ""=X"")) + (23 - COUNTIF(IFERROR(ARRAYFORMULA(HL"&"OOKUP($B3, IMPORTRANGE('Prelim Rankings Unsorted'!$B$41, CONCAT(VLOOKUP($C3, 'Match Names'!$A$1:$D$22, 3, FALSE), ""!C3:R29"")), ROW($A$1:$A$24), FALSE)), $AA$9:$AA$31), ""=X"")) + (23 - COUNTIF(IFERROR(ARRAYFORMULA(HLOOKUP($B3, IMPORTRANGE('Prelim Rankin"&"gs Unsorted'!$B$42, CONCAT(VLOOKUP($C3, 'Match Names'!$A$1:$D$22, 4, FALSE), ""!C3:R29"")), ROW($A$1:$A$24), FALSE)), $AA$9:$AA$31), ""=X"")) + (23 - COUNTIF(IFERROR(ARRAYFORMULA(HLOOKUP($B3, IMPORTRANGE('Match Names'!$E$23, CONCAT(VLOOKUP($C3, 'Match Nam"&"es'!$1:$22, 5, FALSE), ""!C3:R29"")), ROW($A$1:$A$24), FALSE)), $AA$9:$AA$31), ""=X"")) + (23 - COUNTIF(IFERROR(ARRAYFORMULA(HLOOKUP($B3, IMPORTRANGE('Match Names'!$F$23, CONCAT(VLOOKUP($C3, 'Match Names'!$1:$22, 6, FALSE), ""!C3:R29"")), ROW($A$1:$A$24),"&" FALSE)), $AA$9:$AA$31), ""=X"")) + (23 - COUNTIF(IFERROR(ARRAYFORMULA(HLOOKUP($B3, IMPORTRANGE('Match Names'!$G$23, CONCAT(VLOOKUP($C3, 'Match Names'!$1:$22, 7, FALSE), ""!C3:R29"")), ROW($A$1:$A$24), FALSE)), $AA$9:$AA$31), ""=X"")) + (23 - COUNTIF(IFER"&"ROR(ARRAYFORMULA(HLOOKUP($B3, IMPORTRANGE('Match Names'!$H$23, CONCAT(VLOOKUP($C3, 'Match Names'!$1:$22, 8, FALSE), ""!C3:R29"")), ROW($A$1:$A$24), FALSE)), $AA$9:$AA$31), ""=X""))"),46.0) -> 46 | E3: =IFERROR(__xludf.DUMMYFUNCTION("COUNTIF(ARRAYFORMULA(HLOOKUP($B3, IMPORTRANGE('Prelim Rankings Unsorted'!$B$40, CONCAT(VLOOKUP($C3, 'Match Names'!$A$1:$D$22, 2, FALSE), ""!C3:R29"")), ROW($A$1:$A$24), FALSE)), ""=4"") + COUNTIF(ARRAYFORMULA(HLOOKUP($B3, IMPORTRANGE('Prelim Rankings Unso"&"rted'!$B$41, CONCAT(VLOOKUP($C3, 'Match Names'!$A$1:$D$22, 3, FALSE), ""!C3:R29"")), ROW($A$1:$A$24), FALSE)), ""=4"") + COUNTIF(ARRAYFORMULA(HLOOKUP($B3, IMPORTRANGE('Prelim Rankings Unsorted'!$B$42, CONCAT(VLOOKUP($C3, 'Match Names'!$A$1:$D$22, 4, FALSE"&"), ""!C3:R29"")), ROW($A$1:$A$24), FALSE)), ""=4"") + COUNTIF(ARRAYFORMULA(HLOOKUP($B3, IMPORTRANGE('Match Names'!$E$23, CONCAT(VLOOKUP($C3, 'Match Names'!$1:$22, 5, FALSE), ""!C3:R29"")), ROW($A$1:$A$24), FALSE)), ""=4"") + COUNTIF(ARRAYFORMULA(HLOOKUP($"&"B3, IMPORTRANGE('Match Names'!$F$23, CONCAT(VLOOKUP($C3, 'Match Names'!$1:$22, 6, FALSE), ""!C3:R29"")), ROW($A$1:$A$24), FALSE)), ""=4"") + COUNTIF(ARRAYFORMULA(HLOOKUP($B3, IMPORTRANGE('Match Names'!$G$23, CONCAT(VLOOKUP($C3, 'Match Names'!$1:$22, 7, FA"&"LSE), ""!C3:R29"")), ROW($A$1:$A$24), FALSE)), ""=4"") + COUNTIF(ARRAYFORMULA(HLOOKUP($B3, IMPORTRANGE('Match Names'!$H$23, CONCAT(VLOOKUP($C3, 'Match Names'!$1:$22, 8, FALSE), ""!C3:R29"")), ROW($A$1:$A$24), FALSE)), ""=4"")"),1.0) -> 1 | F3: =IFERROR(__xludf.DUMMYFUNCTION("COUNTIF(ARRAYFORMULA(HLOOKUP($B3, IMPORTRANGE('Prelim Rankings Unsorted'!$B$40, CONCAT(VLOOKUP($C3, 'Match Names'!$A$1:$D$22, 2, FALSE), ""!C3:R29"")), ROW($A$1:$A$24), FALSE)), ""=0"") + COUNTIF(ARRAYFORMULA(HLOOKUP($B3, IMPORTRANGE('Prelim Rankings Unso"&"rted'!$B$41, CONCAT(VLOOKUP($C3, 'Match Names'!$A$1:$D$22, 3, FALSE), ""!C3:R29"")), ROW($A$1:$A$24), FALSE)), ""=0"") + COUNTIF(ARRAYFORMULA(HLOOKUP($B3, IMPORTRANGE('Prelim Rankings Unsorted'!$B$42, CONCAT(VLOOKUP($C3, 'Match Names'!$A$1:$D$22, 4, FALSE"&"), ""!C3:R29"")), ROW($A$1:$A$24), FALSE)), ""=0"") + COUNTIF(ARRAYFORMULA(HLOOKUP($B3, IMPORTRANGE('Match Names'!$E$23, CONCAT(VLOOKUP($C3, 'Match Names'!$1:$22, 5, FALSE), ""!C3:R29"")), ROW($A$1:$A$24), FALSE)), ""=0"") + COUNTIF(ARRAYFORMULA(HLOOKUP($"&"B3, IMPORTRANGE('Match Names'!$F$23, CONCAT(VLOOKUP($C3, 'Match Names'!$1:$22, 6, FALSE), ""!C3:R29"")), ROW($A$1:$A$24), FALSE)), ""=0"") + COUNTIF(ARRAYFORMULA(HLOOKUP($B3, IMPORTRANGE('Match Names'!$G$23, CONCAT(VLOOKUP($C3, 'Match Names'!$1:$22, 7, FA"&"LSE), ""!C3:R29"")), ROW($A$1:$A$24), FALSE)), ""=0"") + COUNTIF(ARRAYFORMULA(HLOOKUP($B3, IMPORTRANGE('Match Names'!$H$23, CONCAT(VLOOKUP($C3, 'Match Names'!$1:$22, 8, FALSE), ""!C3:R29"")), ROW($A$1:$A$24), FALSE)), ""=0"")"),2.0) -> 2 | G3: =IFERROR(__xludf.DUMMYFUNCTION("COUNTIF(ARRAYFORMULA(HLOOKUP($B3, IMPORTRANGE('Prelim Rankings Unsorted'!$B$40, CONCAT(VLOOKUP($C3, 'Match Names'!$A$1:$D$22, 2, FALSE), ""!C3:R29"")), ROW($A$1:$A$24), FALSE)), ""=-4"") + COUNTIF(ARRAYFORMULA(HLOOKUP($B3, IMPORTRANGE('Prelim Rankings Uns"&"orted'!$B$41, CONCAT(VLOOKUP($C3, 'Match Names'!$A$1:$D$22, 3, FALSE), ""!C3:R29"")), ROW($A$1:$A$24), FALSE)), ""=-4"") + COUNTIF(ARRAYFORMULA(HLOOKUP($B3, IMPORTRANGE('Prelim Rankings Unsorted'!$B$42, CONCAT(VLOOKUP($C3, 'Match Names'!$A$1:$D$22, 4, FAL"&"SE), ""!C3:R29"")), ROW($A$1:$A$24), FALSE)), ""=-4"") + COUNTIF(ARRAYFORMULA(HLOOKUP($B3, IMPORTRANGE('Match Names'!$E$23, CONCAT(VLOOKUP($C3, 'Match Names'!$1:$22, 5, FALSE), ""!C3:R29"")), ROW($A$1:$A$24), FALSE)), ""=-4"") + COUNTIF(ARRAYFORMULA(HLOOK"&"UP($B3, IMPORTRANGE('Match Names'!$F$23, CONCAT(VLOOKUP($C3, 'Match Names'!$1:$22, 6, FALSE), ""!C3:R29"")), ROW($A$1:$A$24), FALSE)), ""=-4"") + COUNTIF(ARRAYFORMULA(HLOOKUP($B3, IMPORTRANGE('Match Names'!$G$23, CONCAT(VLOOKUP($C3, 'Match Names'!$1:$22, "&"7, FALSE), ""!C3:R29"")), ROW($A$1:$A$24), FALSE)), ""=-4"") + COUNTIF(ARRAYFORMULA(HLOOKUP($B3, IMPORTRANGE('Match Names'!$H$23, CONCAT(VLOOKUP($C3, 'Match Names'!$1:$22, 8, FALSE), ""!C3:R29"")), ROW($A$1:$A$24), FALSE)), ""=-4"")"),1.0) -> 1 | H3: =IFERROR(ROUND(((E3*4)+(G3*-4))/(D3/23), 2), 0) -> 0
A4: Running Runin | B4: =VLOOKUP(CONCAT(A4, C4), 'Discord Username to Real Name'!C:D, 2, FALSE) -> Running Runin#5021 | C4: Grammar Kids | D4: =IFERROR(__xludf.DUMMYFUNCTION("(23 - COUNTIF(IFERROR(ARRAYFORMULA(HLOOKUP($B4, IMPORTRANGE('Prelim Rankings Unsorted'!$B$40, CONCAT(VLOOKUP($C4, 'Match Names'!$A$1:$D$22, 2, FALSE), ""!C3:R29"")), ROW($A$1:$A$24), FALSE)), $AA$9:$AA$31), ""=X"")) + (23 - COUNTIF(IFERROR(ARRAYFORMULA(HL"&"OOKUP($B4, IMPORTRANGE('Prelim Rankings Unsorted'!$B$41, CONCAT(VLOOKUP($C4, 'Match Names'!$A$1:$D$22, 3, FALSE), ""!C3:R29"")), ROW($A$1:$A$24), FALSE)), $AA$9:$AA$31), ""=X"")) + (23 - COUNTIF(IFERROR(ARRAYFORMULA(HLOOKUP($B4, IMPORTRANGE('Prelim Rankin"&"gs Unsorted'!$B$42, CONCAT(VLOOKUP($C4, 'Match Names'!$A$1:$D$22, 4, FALSE), ""!C3:R29"")), ROW($A$1:$A$24), FALSE)), $AA$9:$AA$31), ""=X"")) + (23 - COUNTIF(IFERROR(ARRAYFORMULA(HLOOKUP($B4, IMPORTRANGE('Match Names'!$E$23, CONCAT(VLOOKUP($C4, 'Match Nam"&"es'!$1:$22, 5, FALSE), ""!C3:R29"")), ROW($A$1:$A$24), FALSE)), $AA$9:$AA$31), ""=X"")) + (23 - COUNTIF(IFERROR(ARRAYFORMULA(HLOOKUP($B4, IMPORTRANGE('Match Names'!$F$23, CONCAT(VLOOKUP($C4, 'Match Names'!$1:$22, 6, FALSE), ""!C3:R29"")), ROW($A$1:$A$24),"&" FALSE)), $AA$9:$AA$31), ""=X"")) + (23 - COUNTIF(IFERROR(ARRAYFORMULA(HLOOKUP($B4, IMPORTRANGE('Match Names'!$G$23, CONCAT(VLOOKUP($C4, 'Match Names'!$1:$22, 7, FALSE), ""!C3:R29"")), ROW($A$1:$A$24), FALSE)), $AA$9:$AA$31), ""=X"")) + (23 - COUNTIF(IFER"&"ROR(ARRAYFORMULA(HLOOKUP($B4, IMPORTRANGE('Match Names'!$H$23, CONCAT(VLOOKUP($C4, 'Match Names'!$1:$22, 8, FALSE), ""!C3:R29"")), ROW($A$1:$A$24), FALSE)), $AA$9:$AA$31), ""=X""))"),0.0) -> 0 | E4: =IFERROR(__xludf.DUMMYFUNCTION("COUNTIF(ARRAYFORMULA(HLOOKUP($B4, IMPORTRANGE('Prelim Rankings Unsorted'!$B$40, CONCAT(VLOOKUP($C4, 'Match Names'!$A$1:$D$22, 2, FALSE), ""!C3:R29"")), ROW($A$1:$A$24), FALSE)), ""=4"") + COUNTIF(ARRAYFORMULA(HLOOKUP($B4, IMPORTRANGE('Prelim Rankings Unso"&"rted'!$B$41, CONCAT(VLOOKUP($C4, 'Match Names'!$A$1:$D$22, 3, FALSE), ""!C3:R29"")), ROW($A$1:$A$24), FALSE)), ""=4"") + COUNTIF(ARRAYFORMULA(HLOOKUP($B4, IMPORTRANGE('Prelim Rankings Unsorted'!$B$42, CONCAT(VLOOKUP($C4, 'Match Names'!$A$1:$D$22, 4, FALSE"&"), ""!C3:R29"")), ROW($A$1:$A$24), FALSE)), ""=4"") + COUNTIF(ARRAYFORMULA(HLOOKUP($B4, IMPORTRANGE('Match Names'!$E$23, CONCAT(VLOOKUP($C4, 'Match Names'!$1:$22, 5, FALSE), ""!C3:R29"")), ROW($A$1:$A$24), FALSE)), ""=4"") + COUNTIF(ARRAYFORMULA(HLOOKUP($"&"B4, IMPORTRANGE('Match Names'!$F$23, CONCAT(VLOOKUP($C4, 'Match Names'!$1:$22, 6, FALSE), ""!C3:R29"")), ROW($A$1:$A$24), FALSE)), ""=4"") + COUNTIF(ARRAYFORMULA(HLOOKUP($B4, IMPORTRANGE('Match Names'!$G$23, CONCAT(VLOOKUP($C4, 'Match Names'!$1:$22, 7, FA"&"LSE), ""!C3:R29"")), ROW($A$1:$A$24), FALSE)), ""=4"") + COUNTIF(ARRAYFORMULA(HLOOKUP($B4, IMPORTRANGE('Match Names'!$H$23, CONCAT(VLOOKUP($C4, 'Match Names'!$1:$22, 8, FALSE), ""!C3:R29"")), ROW($A$1:$A$24), FALSE)), ""=4"")"),0.0) -> 0 | F4: =IFERROR(__xludf.DUMMYFUNCTION("COUNTIF(ARRAYFORMULA(HLOOKUP($B4, IMPORTRANGE('Prelim Rankings Unsorted'!$B$40, CONCAT(VLOOKUP($C4, 'Match Names'!$A$1:$D$22, 2, FALSE), ""!C3:R29"")), ROW($A$1:$A$24), FALSE)), ""=0"") + COUNTIF(ARRAYFORMULA(HLOOKUP($B4, IMPORTRANGE('Prelim Rankings Unso"&"rted'!$B$41, CONCAT(VLOOKUP($C4, 'Match Names'!$A$1:$D$22, 3, FALSE), ""!C3:R29"")), ROW($A$1:$A$24), FALSE)), ""=0"") + COUNTIF(ARRAYFORMULA(HLOOKUP($B4, IMPORTRANGE('Prelim Rankings Unsorted'!$B$42, CONCAT(VLOOKUP($C4, 'Match Names'!$A$1:$D$22, 4, FALSE"&"), ""!C3:R29"")), ROW($A$1:$A$24), FALSE)), ""=0"") + COUNTIF(ARRAYFORMULA(HLOOKUP($B4, IMPORTRANGE('Match Names'!$E$23, CONCAT(VLOOKUP($C4, 'Match Names'!$1:$22, 5, FALSE), ""!C3:R29"")), ROW($A$1:$A$24), FALSE)), ""=0"") + COUNTIF(ARRAYFORMULA(HLOOKUP($"&"B4, IMPORTRANGE('Match Names'!$F$23, CONCAT(VLOOKUP($C4, 'Match Names'!$1:$22, 6, FALSE), ""!C3:R29"")), ROW($A$1:$A$24), FALSE)), ""=0"") + COUNTIF(ARRAYFORMULA(HLOOKUP($B4, IMPORTRANGE('Match Names'!$G$23, CONCAT(VLOOKUP($C4, 'Match Names'!$1:$22, 7, FA"&"LSE), ""!C3:R29"")), ROW($A$1:$A$24), FALSE)), ""=0"") + COUNTIF(ARRAYFORMULA(HLOOKUP($B4, IMPORTRANGE('Match Names'!$H$23, CONCAT(VLOOKUP($C4, 'Match Names'!$1:$22, 8, FALSE), ""!C3:R29"")), ROW($A$1:$A$24), FALSE)), ""=0"")"),0.0) -> 0 | G4: =IFERROR(__xludf.DUMMYFUNCTION("COUNTIF(ARRAYFORMULA(HLOOKUP($B4, IMPORTRANGE('Prelim Rankings Unsorted'!$B$40, CONCAT(VLOOKUP($C4, 'Match Names'!$A$1:$D$22, 2, FALSE), ""!C3:R29"")), ROW($A$1:$A$24), FALSE)), ""=-4"") + COUNTIF(ARRAYFORMULA(HLOOKUP($B4, IMPORTRANGE('Prelim Rankings Uns"&"orted'!$B$41, CONCAT(VLOOKUP($C4, 'Match Names'!$A$1:$D$22, 3, FALSE), ""!C3:R29"")), ROW($A$1:$A$24), FALSE)), ""=-4"") + COUNTIF(ARRAYFORMULA(HLOOKUP($B4, IMPORTRANGE('Prelim Rankings Unsorted'!$B$42, CONCAT(VLOOKUP($C4, 'Match Names'!$A$1:$D$22, 4, FAL"&"SE), ""!C3:R29"")), ROW($A$1:$A$24), FALSE)), ""=-4"") + COUNTIF(ARRAYFORMULA(HLOOKUP($B4, IMPORTRANGE('Match Names'!$E$23, CONCAT(VLOOKUP($C4, 'Match Names'!$1:$22, 5, FALSE), ""!C3:R29"")), ROW($A$1:$A$24), FALSE)), ""=-4"") + COUNTIF(ARRAYFORMULA(HLOOK"&"UP($B4, IMPORTRANGE('Match Names'!$F$23, CONCAT(VLOOKUP($C4, 'Match Names'!$1:$22, 6, FALSE), ""!C3:R29"")), ROW($A$1:$A$24), FALSE)), ""=-4"") + COUNTIF(ARRAYFORMULA(HLOOKUP($B4, IMPORTRANGE('Match Names'!$G$23, CONCAT(VLOOKUP($C4, 'Match Names'!$1:$22, "&"7, FALSE), ""!C3:R29"")), ROW($A$1:$A$24), FALSE)), ""=-4"") + COUNTIF(ARRAYFORMULA(HLOOKUP($B4, IMPORTRANGE('Match Names'!$H$23, CONCAT(VLOOKUP($C4, 'Match Names'!$1:$22, 8, FALSE), ""!C3:R29"")), ROW($A$1:$A$24), FALSE)), ""=-4"")"),0.0) -> 0 | H4: =IFERROR(ROUND(((E4*4)+(G4*-4))/(D4/23), 2), 0) -> 0
A5: Ava | B5: =VLOOKUP(CONCAT(A5, C5), 'Discord Username to Real Name'!C:D, 2, FALSE) -> avaa#8678 | C5: Grammar Kids | D5: =IFERROR(__xludf.DUMMYFUNCTION("(23 - COUNTIF(IFERROR(ARRAYFORMULA(HLOOKUP($B5, IMPORTRANGE('Prelim Rankings Unsorted'!$B$40, CONCAT(VLOOKUP($C5, 'Match Names'!$A$1:$D$22, 2, FALSE), ""!C3:R29"")), ROW($A$1:$A$24), FALSE)), $AA$9:$AA$31), ""=X"")) + (23 - COUNTIF(IFERROR(ARRAYFORMULA(HL"&"OOKUP($B5, IMPORTRANGE('Prelim Rankings Unsorted'!$B$41, CONCAT(VLOOKUP($C5, 'Match Names'!$A$1:$D$22, 3, FALSE), ""!C3:R29"")), ROW($A$1:$A$24), FALSE)), $AA$9:$AA$31), ""=X"")) + (23 - COUNTIF(IFERROR(ARRAYFORMULA(HLOOKUP($B5, IMPORTRANGE('Prelim Rankin"&"gs Unsorted'!$B$42, CONCAT(VLOOKUP($C5, 'Match Names'!$A$1:$D$22, 4, FALSE), ""!C3:R29"")), ROW($A$1:$A$24), FALSE)), $AA$9:$AA$31), ""=X"")) + (23 - COUNTIF(IFERROR(ARRAYFORMULA(HLOOKUP($B5, IMPORTRANGE('Match Names'!$E$23, CONCAT(VLOOKUP($C5, 'Match Nam"&"es'!$1:$22, 5, FALSE), ""!C3:R29"")), ROW($A$1:$A$24), FALSE)), $AA$9:$AA$31), ""=X"")) + (23 - COUNTIF(IFERROR(ARRAYFORMULA(HLOOKUP($B5, IMPORTRANGE('Match Names'!$F$23, CONCAT(VLOOKUP($C5, 'Match Names'!$1:$22, 6, FALSE), ""!C3:R29"")), ROW($A$1:$A$24),"&" FALSE)), $AA$9:$AA$31), ""=X"")) + (23 - COUNTIF(IFERROR(ARRAYFORMULA(HLOOKUP($B5, IMPORTRANGE('Match Names'!$G$23, CONCAT(VLOOKUP($C5, 'Match Names'!$1:$22, 7, FALSE), ""!C3:R29"")), ROW($A$1:$A$24), FALSE)), $AA$9:$AA$31), ""=X"")) + (23 - COUNTIF(IFER"&"ROR(ARRAYFORMULA(HLOOKUP($B5, IMPORTRANGE('Match Names'!$H$23, CONCAT(VLOOKUP($C5, 'Match Names'!$1:$22, 8, FALSE), ""!C3:R29"")), ROW($A$1:$A$24), FALSE)), $AA$9:$AA$31), ""=X""))"),44.0) -> 44 | E5: =IFERROR(__xludf.DUMMYFUNCTION("COUNTIF(ARRAYFORMULA(HLOOKUP($B5, IMPORTRANGE('Prelim Rankings Unsorted'!$B$40, CONCAT(VLOOKUP($C5, 'Match Names'!$A$1:$D$22, 2, FALSE), ""!C3:R29"")), ROW($A$1:$A$24), FALSE)), ""=4"") + COUNTIF(ARRAYFORMULA(HLOOKUP($B5, IMPORTRANGE('Prelim Rankings Unso"&"rted'!$B$41, CONCAT(VLOOKUP($C5, 'Match Names'!$A$1:$D$22, 3, FALSE), ""!C3:R29"")), ROW($A$1:$A$24), FALSE)), ""=4"") + COUNTIF(ARRAYFORMULA(HLOOKUP($B5, IMPORTRANGE('Prelim Rankings Unsorted'!$B$42, CONCAT(VLOOKUP($C5, 'Match Names'!$A$1:$D$22, 4, FALSE"&"), ""!C3:R29"")), ROW($A$1:$A$24), FALSE)), ""=4"") + COUNTIF(ARRAYFORMULA(HLOOKUP($B5, IMPORTRANGE('Match Names'!$E$23, CONCAT(VLOOKUP($C5, 'Match Names'!$1:$22, 5, FALSE), ""!C3:R29"")), ROW($A$1:$A$24), FALSE)), ""=4"") + COUNTIF(ARRAYFORMULA(HLOOKUP($"&"B5, IMPORTRANGE('Match Names'!$F$23, CONCAT(VLOOKUP($C5, 'Match Names'!$1:$22, 6, FALSE), ""!C3:R29"")), ROW($A$1:$A$24), FALSE)), ""=4"") + COUNTIF(ARRAYFORMULA(HLOOKUP($B5, IMPORTRANGE('Match Names'!$G$23, CONCAT(VLOOKUP($C5, 'Match Names'!$1:$22, 7, FA"&"LSE), ""!C3:R29"")), ROW($A$1:$A$24), FALSE)), ""=4"") + COUNTIF(ARRAYFORMULA(HLOOKUP($B5, IMPORTRANGE('Match Names'!$H$23, CONCAT(VLOOKUP($C5, 'Match Names'!$1:$22, 8, FALSE), ""!C3:R29"")), ROW($A$1:$A$24), FALSE)), ""=4"")"),1.0) -> 1 | F5: =IFERROR(__xludf.DUMMYFUNCTION("COUNTIF(ARRAYFORMULA(HLOOKUP($B5, IMPORTRANGE('Prelim Rankings Unsorted'!$B$40, CONCAT(VLOOKUP($C5, 'Match Names'!$A$1:$D$22, 2, FALSE), ""!C3:R29"")), ROW($A$1:$A$24), FALSE)), ""=0"") + COUNTIF(ARRAYFORMULA(HLOOKUP($B5, IMPORTRANGE('Prelim Rankings Unso"&"rted'!$B$41, CONCAT(VLOOKUP($C5, 'Match Names'!$A$1:$D$22, 3, FALSE), ""!C3:R29"")), ROW($A$1:$A$24), FALSE)), ""=0"") + COUNTIF(ARRAYFORMULA(HLOOKUP($B5, IMPORTRANGE('Prelim Rankings Unsorted'!$B$42, CONCAT(VLOOKUP($C5, 'Match Names'!$A$1:$D$22, 4, FALSE"&"), ""!C3:R29"")), ROW($A$1:$A$24), FALSE)), ""=0"") + COUNTIF(ARRAYFORMULA(HLOOKUP($B5, IMPORTRANGE('Match Names'!$E$23, CONCAT(VLOOKUP($C5, 'Match Names'!$1:$22, 5, FALSE), ""!C3:R29"")), ROW($A$1:$A$24), FALSE)), ""=0"") + COUNTIF(ARRAYFORMULA(HLOOKUP($"&"B5, IMPORTRANGE('Match Names'!$F$23, CONCAT(VLOOKUP($C5, 'Match Names'!$1:$22, 6, FALSE), ""!C3:R29"")), ROW($A$1:$A$24), FALSE)), ""=0"") + COUNTIF(ARRAYFORMULA(HLOOKUP($B5, IMPORTRANGE('Match Names'!$G$23, CONCAT(VLOOKUP($C5, 'Match Names'!$1:$22, 7, FA"&"LSE), ""!C3:R29"")), ROW($A$1:$A$24), FALSE)), ""=0"") + COUNTIF(ARRAYFORMULA(HLOOKUP($B5, IMPORTRANGE('Match Names'!$H$23, CONCAT(VLOOKUP($C5, 'Match Names'!$1:$22, 8, FALSE), ""!C3:R29"")), ROW($A$1:$A$24), FALSE)), ""=0"")"),1.0) -> 1 | G5: =IFERROR(__xludf.DUMMYFUNCTION("COUNTIF(ARRAYFORMULA(HLOOKUP($B5, IMPORTRANGE('Prelim Rankings Unsorted'!$B$40, CONCAT(VLOOKUP($C5, 'Match Names'!$A$1:$D$22, 2, FALSE), ""!C3:R29"")), ROW($A$1:$A$24), FALSE)), ""=-4"") + COUNTIF(ARRAYFORMULA(HLOOKUP($B5, IMPORTRANGE('Prelim Rankings Uns"&"orted'!$B$41, CONCAT(VLOOKUP($C5, 'Match Names'!$A$1:$D$22, 3, FALSE), ""!C3:R29"")), ROW($A$1:$A$24), FALSE)), ""=-4"") + COUNTIF(ARRAYFORMULA(HLOOKUP($B5, IMPORTRANGE('Prelim Rankings Unsorted'!$B$42, CONCAT(VLOOKUP($C5, 'Match Names'!$A$1:$D$22, 4, FAL"&"SE), ""!C3:R29"")), ROW($A$1:$A$24), FALSE)), ""=-4"") + COUNTIF(ARRAYFORMULA(HLOOKUP($B5, IMPORTRANGE('Match Names'!$E$23, CONCAT(VLOOKUP($C5, 'Match Names'!$1:$22, 5, FALSE), ""!C3:R29"")), ROW($A$1:$A$24), FALSE)), ""=-4"") + COUNTIF(ARRAYFORMULA(HLOOK"&"UP($B5, IMPORTRANGE('Match Names'!$F$23, CONCAT(VLOOKUP($C5, 'Match Names'!$1:$22, 6, FALSE), ""!C3:R29"")), ROW($A$1:$A$24), FALSE)), ""=-4"") + COUNTIF(ARRAYFORMULA(HLOOKUP($B5, IMPORTRANGE('Match Names'!$G$23, CONCAT(VLOOKUP($C5, 'Match Names'!$1:$22, "&"7, FALSE), ""!C3:R29"")), ROW($A$1:$A$24), FALSE)), ""=-4"") + COUNTIF(ARRAYFORMULA(HLOOKUP($B5, IMPORTRANGE('Match Names'!$H$23, CONCAT(VLOOKUP($C5, 'Match Names'!$1:$22, 8, FALSE), ""!C3:R29"")), ROW($A$1:$A$24), FALSE)), ""=-4"")"),0.0) -> 0 | H5: =IFERROR(ROUND(((E5*4)+(G5*-4))/(D5/23), 2), 0) -> 2.09
A6: Kevin | B6: =VLOOKUP(CONCAT(A6, C6), 'Discord Username to Real Name'!C:D, 2, FALSE) -> Kevin Yang#3870 | C6: Grammar Kids | D6: =IFERROR(__xludf.DUMMYFUNCTION("(23 - COUNTIF(IFERROR(ARRAYFORMULA(HLOOKUP($B6, IMPORTRANGE('Prelim Rankings Unsorted'!$B$40, CONCAT(VLOOKUP($C6, 'Match Names'!$A$1:$D$22, 2, FALSE), ""!C3:R29"")), ROW($A$1:$A$24), FALSE)), $AA$9:$AA$31), ""=X"")) + (23 - COUNTIF(IFERROR(ARRAYFORMULA(HL"&"OOKUP($B6, IMPORTRANGE('Prelim Rankings Unsorted'!$B$41, CONCAT(VLOOKUP($C6, 'Match Names'!$A$1:$D$22, 3, FALSE), ""!C3:R29"")), ROW($A$1:$A$24), FALSE)), $AA$9:$AA$31), ""=X"")) + (23 - COUNTIF(IFERROR(ARRAYFORMULA(HLOOKUP($B6, IMPORTRANGE('Prelim Rankin"&"gs Unsorted'!$B$42, CONCAT(VLOOKUP($C6, 'Match Names'!$A$1:$D$22, 4, FALSE), ""!C3:R29"")), ROW($A$1:$A$24), FALSE)), $AA$9:$AA$31), ""=X"")) + (23 - COUNTIF(IFERROR(ARRAYFORMULA(HLOOKUP($B6, IMPORTRANGE('Match Names'!$E$23, CONCAT(VLOOKUP($C6, 'Match Nam"&"es'!$1:$22, 5, FALSE), ""!C3:R29"")), ROW($A$1:$A$24), FALSE)), $AA$9:$AA$31), ""=X"")) + (23 - COUNTIF(IFERROR(ARRAYFORMULA(HLOOKUP($B6, IMPORTRANGE('Match Names'!$F$23, CONCAT(VLOOKUP($C6, 'Match Names'!$1:$22, 6, FALSE), ""!C3:R29"")), ROW($A$1:$A$24),"&" FALSE)), $AA$9:$AA$31), ""=X"")) + (23 - COUNTIF(IFERROR(ARRAYFORMULA(HLOOKUP($B6, IMPORTRANGE('Match Names'!$G$23, CONCAT(VLOOKUP($C6, 'Match Names'!$1:$22, 7, FALSE), ""!C3:R29"")), ROW($A$1:$A$24), FALSE)), $AA$9:$AA$31), ""=X"")) + (23 - COUNTIF(IFER"&"ROR(ARRAYFORMULA(HLOOKUP($B6, IMPORTRANGE('Match Names'!$H$23, CONCAT(VLOOKUP($C6, 'Match Names'!$1:$22, 8, FALSE), ""!C3:R29"")), ROW($A$1:$A$24), FALSE)), $AA$9:$AA$31), ""=X""))"),69.0) -> 69 | E6: =IFERROR(__xludf.DUMMYFUNCTION("COUNTIF(ARRAYFORMULA(HLOOKUP($B6, IMPORTRANGE('Prelim Rankings Unsorted'!$B$40, CONCAT(VLOOKUP($C6, 'Match Names'!$A$1:$D$22, 2, FALSE), ""!C3:R29"")), ROW($A$1:$A$24), FALSE)), ""=4"") + COUNTIF(ARRAYFORMULA(HLOOKUP($B6, IMPORTRANGE('Prelim Rankings Unso"&"rted'!$B$41, CONCAT(VLOOKUP($C6, 'Match Names'!$A$1:$D$22, 3, FALSE), ""!C3:R29"")), ROW($A$1:$A$24), FALSE)), ""=4"") + COUNTIF(ARRAYFORMULA(HLOOKUP($B6, IMPORTRANGE('Prelim Rankings Unsorted'!$B$42, CONCAT(VLOOKUP($C6, 'Match Names'!$A$1:$D$22, 4, FALSE"&"), ""!C3:R29"")), ROW($A$1:$A$24), FALSE)), ""=4"") + COUNTIF(ARRAYFORMULA(HLOOKUP($B6, IMPORTRANGE('Match Names'!$E$23, CONCAT(VLOOKUP($C6, 'Match Names'!$1:$22, 5, FALSE), ""!C3:R29"")), ROW($A$1:$A$24), FALSE)), ""=4"") + COUNTIF(ARRAYFORMULA(HLOOKUP($"&"B6, IMPORTRANGE('Match Names'!$F$23, CONCAT(VLOOKUP($C6, 'Match Names'!$1:$22, 6, FALSE), ""!C3:R29"")), ROW($A$1:$A$24), FALSE)), ""=4"") + COUNTIF(ARRAYFORMULA(HLOOKUP($B6, IMPORTRANGE('Match Names'!$G$23, CONCAT(VLOOKUP($C6, 'Match Names'!$1:$22, 7, FA"&"LSE), ""!C3:R29"")), ROW($A$1:$A$24), FALSE)), ""=4"") + COUNTIF(ARRAYFORMULA(HLOOKUP($B6, IMPORTRANGE('Match Names'!$H$23, CONCAT(VLOOKUP($C6, 'Match Names'!$1:$22, 8, FALSE), ""!C3:R29"")), ROW($A$1:$A$24), FALSE)), ""=4"")"),3.0) -> 3 | F6: =IFERROR(__xludf.DUMMYFUNCTION("COUNTIF(ARRAYFORMULA(HLOOKUP($B6, IMPORTRANGE('Prelim Rankings Unsorted'!$B$40, CONCAT(VLOOKUP($C6, 'Match Names'!$A$1:$D$22, 2, FALSE), ""!C3:R29"")), ROW($A$1:$A$24), FALSE)), ""=0"") + COUNTIF(ARRAYFORMULA(HLOOKUP($B6, IMPORTRANGE('Prelim Rankings Unso"&"rted'!$B$41, CONCAT(VLOOKUP($C6, 'Match Names'!$A$1:$D$22, 3, FALSE), ""!C3:R29"")), ROW($A$1:$A$24), FALSE)), ""=0"") + COUNTIF(ARRAYFORMULA(HLOOKUP($B6, IMPORTRANGE('Prelim Rankings Unsorted'!$B$42, CONCAT(VLOOKUP($C6, 'Match Names'!$A$1:$D$22, 4, FALSE"&"), ""!C3:R29"")), ROW($A$1:$A$24), FALSE)), ""=0"") + COUNTIF(ARRAYFORMULA(HLOOKUP($B6, IMPORTRANGE('Match Names'!$E$23, CONCAT(VLOOKUP($C6, 'Match Names'!$1:$22, 5, FALSE), ""!C3:R29"")), ROW($A$1:$A$24), FALSE)), ""=0"") + COUNTIF(ARRAYFORMULA(HLOOKUP($"&"B6, IMPORTRANGE('Match Names'!$F$23, CONCAT(VLOOKUP($C6, 'Match Names'!$1:$22, 6, FALSE), ""!C3:R29"")), ROW($A$1:$A$24), FALSE)), ""=0"") + COUNTIF(ARRAYFORMULA(HLOOKUP($B6, IMPORTRANGE('Match Names'!$G$23, CONCAT(VLOOKUP($C6, 'Match Names'!$1:$22, 7, FA"&"LSE), ""!C3:R29"")), ROW($A$1:$A$24), FALSE)), ""=0"") + COUNTIF(ARRAYFORMULA(HLOOKUP($B6, IMPORTRANGE('Match Names'!$H$23, CONCAT(VLOOKUP($C6, 'Match Names'!$1:$22, 8, FALSE), ""!C3:R29"")), ROW($A$1:$A$24), FALSE)), ""=0"")"),1.0) -> 1 | G6: =IFERROR(__xludf.DUMMYFUNCTION("COUNTIF(ARRAYFORMULA(HLOOKUP($B6, IMPORTRANGE('Prelim Rankings Unsorted'!$B$40, CONCAT(VLOOKUP($C6, 'Match Names'!$A$1:$D$22, 2, FALSE), ""!C3:R29"")), ROW($A$1:$A$24), FALSE)), ""=-4"") + COUNTIF(ARRAYFORMULA(HLOOKUP($B6, IMPORTRANGE('Prelim Rankings Uns"&"orted'!$B$41, CONCAT(VLOOKUP($C6, 'Match Names'!$A$1:$D$22, 3, FALSE), ""!C3:R29"")), ROW($A$1:$A$24), FALSE)), ""=-4"") + COUNTIF(ARRAYFORMULA(HLOOKUP($B6, IMPORTRANGE('Prelim Rankings Unsorted'!$B$42, CONCAT(VLOOKUP($C6, 'Match Names'!$A$1:$D$22, 4, FAL"&"SE), ""!C3:R29"")), ROW($A$1:$A$24), FALSE)), ""=-4"") + COUNTIF(ARRAYFORMULA(HLOOKUP($B6, IMPORTRANGE('Match Names'!$E$23, CONCAT(VLOOKUP($C6, 'Match Names'!$1:$22, 5, FALSE), ""!C3:R29"")), ROW($A$1:$A$24), FALSE)), ""=-4"") + COUNTIF(ARRAYFORMULA(HLOOK"&"UP($B6, IMPORTRANGE('Match Names'!$F$23, CONCAT(VLOOKUP($C6, 'Match Names'!$1:$22, 6, FALSE), ""!C3:R29"")), ROW($A$1:$A$24), FALSE)), ""=-4"") + COUNTIF(ARRAYFORMULA(HLOOKUP($B6, IMPORTRANGE('Match Names'!$G$23, CONCAT(VLOOKUP($C6, 'Match Names'!$1:$22, "&"7, FALSE), ""!C3:R29"")), ROW($A$1:$A$24), FALSE)), ""=-4"") + COUNTIF(ARRAYFORMULA(HLOOKUP($B6, IMPORTRANGE('Match Names'!$H$23, CONCAT(VLOOKUP($C6, 'Match Names'!$1:$22, 8, FALSE), ""!C3:R29"")), ROW($A$1:$A$24), FALSE)), ""=-4"")"),0.0) -> 0 | H6: =IFERROR(ROUND(((E6*4)+(G6*-4))/(D6/23), 2), 0) -> 4
A7: Bulala | B7: =VLOOKUP(CONCAT(A7, C7), 'Discord Username to Real Name'!C:D, 2, FALSE) | C7: Grammar Kids | D7: =IFERROR(__xludf.DUMMYFUNCTION("(23 - COUNTIF(IFERROR(ARRAYFORMULA(HLOOKUP($B7, IMPORTRANGE('Prelim Rankings Unsorted'!$B$40, CONCAT(VLOOKUP($C7, 'Match Names'!$A$1:$D$22, 2, FALSE), ""!C3:R29"")), ROW($A$1:$A$24), FALSE)), $AA$9:$AA$31), ""=X"")) + (23 - COUNTIF(IFERROR(ARRAYFORMULA(HL"&"OOKUP($B7, IMPORTRANGE('Prelim Rankings Unsorted'!$B$41, CONCAT(VLOOKUP($C7, 'Match Names'!$A$1:$D$22, 3, FALSE), ""!C3:R29"")), ROW($A$1:$A$24), FALSE)), $AA$9:$AA$31), ""=X"")) + (23 - COUNTIF(IFERROR(ARRAYFORMULA(HLOOKUP($B7, IMPORTRANGE('Prelim Rankin"&"gs Unsorted'!$B$42, CONCAT(VLOOKUP($C7, 'Match Names'!$A$1:$D$22, 4, FALSE), ""!C3:R29"")), ROW($A$1:$A$24), FALSE)), $AA$9:$AA$31), ""=X"")) + (23 - COUNTIF(IFERROR(ARRAYFORMULA(HLOOKUP($B7, IMPORTRANGE('Match Names'!$E$23, CONCAT(VLOOKUP($C7, 'Match Nam"&"es'!$1:$22, 5, FALSE), ""!C3:R29"")), ROW($A$1:$A$24), FALSE)), $AA$9:$AA$31), ""=X"")) + (23 - COUNTIF(IFERROR(ARRAYFORMULA(HLOOKUP($B7, IMPORTRANGE('Match Names'!$F$23, CONCAT(VLOOKUP($C7, 'Match Names'!$1:$22, 6, FALSE), ""!C3:R29"")), ROW($A$1:$A$24),"&" FALSE)), $AA$9:$AA$31), ""=X"")) + (23 - COUNTIF(IFERROR(ARRAYFORMULA(HLOOKUP($B7, IMPORTRANGE('Match Names'!$G$23, CONCAT(VLOOKUP($C7, 'Match Names'!$1:$22, 7, FALSE), ""!C3:R29"")), ROW($A$1:$A$24), FALSE)), $AA$9:$AA$31), ""=X"")) + (23 - COUNTIF(IFER"&"ROR(ARRAYFORMULA(HLOOKUP($B7, IMPORTRANGE('Match Names'!$H$23, CONCAT(VLOOKUP($C7, 'Match Names'!$1:$22, 8, FALSE), ""!C3:R29"")), ROW($A$1:$A$24), FALSE)), $AA$9:$AA$31), ""=X""))"),0.0) -> 0 | E7: =IFERROR(__xludf.DUMMYFUNCTION("COUNTIF(ARRAYFORMULA(HLOOKUP($B7, IMPORTRANGE('Prelim Rankings Unsorted'!$B$40, CONCAT(VLOOKUP($C7, 'Match Names'!$A$1:$D$22, 2, FALSE), ""!C3:R29"")), ROW($A$1:$A$24), FALSE)), ""=4"") + COUNTIF(ARRAYFORMULA(HLOOKUP($B7, IMPORTRANGE('Prelim Rankings Unso"&"rted'!$B$41, CONCAT(VLOOKUP($C7, 'Match Names'!$A$1:$D$22, 3, FALSE), ""!C3:R29"")), ROW($A$1:$A$24), FALSE)), ""=4"") + COUNTIF(ARRAYFORMULA(HLOOKUP($B7, IMPORTRANGE('Prelim Rankings Unsorted'!$B$42, CONCAT(VLOOKUP($C7, 'Match Names'!$A$1:$D$22, 4, FALSE"&"), ""!C3:R29"")), ROW($A$1:$A$24), FALSE)), ""=4"") + COUNTIF(ARRAYFORMULA(HLOOKUP($B7, IMPORTRANGE('Match Names'!$E$23, CONCAT(VLOOKUP($C7, 'Match Names'!$1:$22, 5, FALSE), ""!C3:R29"")), ROW($A$1:$A$24), FALSE)), ""=4"") + COUNTIF(ARRAYFORMULA(HLOOKUP($"&"B7, IMPORTRANGE('Match Names'!$F$23, CONCAT(VLOOKUP($C7, 'Match Names'!$1:$22, 6, FALSE), ""!C3:R29"")), ROW($A$1:$A$24), FALSE)), ""=4"") + COUNTIF(ARRAYFORMULA(HLOOKUP($B7, IMPORTRANGE('Match Names'!$G$23, CONCAT(VLOOKUP($C7, 'Match Names'!$1:$22, 7, FA"&"LSE), ""!C3:R29"")), ROW($A$1:$A$24), FALSE)), ""=4"") + COUNTIF(ARRAYFORMULA(HLOOKUP($B7, IMPORTRANGE('Match Names'!$H$23, CONCAT(VLOOKUP($C7, 'Match Names'!$1:$22, 8, FALSE), ""!C3:R29"")), ROW($A$1:$A$24), FALSE)), ""=4"")"),0.0) -> 0 | F7: =IFERROR(__xludf.DUMMYFUNCTION("COUNTIF(ARRAYFORMULA(HLOOKUP($B7, IMPORTRANGE('Prelim Rankings Unsorted'!$B$40, CONCAT(VLOOKUP($C7, 'Match Names'!$A$1:$D$22, 2, FALSE), ""!C3:R29"")), ROW($A$1:$A$24), FALSE)), ""=0"") + COUNTIF(ARRAYFORMULA(HLOOKUP($B7, IMPORTRANGE('Prelim Rankings Unso"&"rted'!$B$41, CONCAT(VLOOKUP($C7, 'Match Names'!$A$1:$D$22, 3, FALSE), ""!C3:R29"")), ROW($A$1:$A$24), FALSE)), ""=0"") + COUNTIF(ARRAYFORMULA(HLOOKUP($B7, IMPORTRANGE('Prelim Rankings Unsorted'!$B$42, CONCAT(VLOOKUP($C7, 'Match Names'!$A$1:$D$22, 4, FALSE"&"), ""!C3:R29"")), ROW($A$1:$A$24), FALSE)), ""=0"") + COUNTIF(ARRAYFORMULA(HLOOKUP($B7, IMPORTRANGE('Match Names'!$E$23, CONCAT(VLOOKUP($C7, 'Match Names'!$1:$22, 5, FALSE), ""!C3:R29"")), ROW($A$1:$A$24), FALSE)), ""=0"") + COUNTIF(ARRAYFORMULA(HLOOKUP($"&"B7, IMPORTRANGE('Match Names'!$F$23, CONCAT(VLOOKUP($C7, 'Match Names'!$1:$22, 6, FALSE), ""!C3:R29"")), ROW($A$1:$A$24), FALSE)), ""=0"") + COUNTIF(ARRAYFORMULA(HLOOKUP($B7, IMPORTRANGE('Match Names'!$G$23, CONCAT(VLOOKUP($C7, 'Match Names'!$1:$22, 7, FA"&"LSE), ""!C3:R29"")), ROW($A$1:$A$24), FALSE)), ""=0"") + COUNTIF(ARRAYFORMULA(HLOOKUP($B7, IMPORTRANGE('Match Names'!$H$23, CONCAT(VLOOKUP($C7, 'Match Names'!$1:$22, 8, FALSE), ""!C3:R29"")), ROW($A$1:$A$24), FALSE)), ""=0"")"),0.0) -> 0 | G7: =IFERROR(__xludf.DUMMYFUNCTION("COUNTIF(ARRAYFORMULA(HLOOKUP($B7, IMPORTRANGE('Prelim Rankings Unsorted'!$B$40, CONCAT(VLOOKUP($C7, 'Match Names'!$A$1:$D$22, 2, FALSE), ""!C3:R29"")), ROW($A$1:$A$24), FALSE)), ""=-4"") + COUNTIF(ARRAYFORMULA(HLOOKUP($B7, IMPORTRANGE('Prelim Rankings Uns"&"orted'!$B$41, CONCAT(VLOOKUP($C7, 'Match Names'!$A$1:$D$22, 3, FALSE), ""!C3:R29"")), ROW($A$1:$A$24), FALSE)), ""=-4"") + COUNTIF(ARRAYFORMULA(HLOOKUP($B7, IMPORTRANGE('Prelim Rankings Unsorted'!$B$42, CONCAT(VLOOKUP($C7, 'Match Names'!$A$1:$D$22, 4, FAL"&"SE), ""!C3:R29"")), ROW($A$1:$A$24), FALSE)), ""=-4"") + COUNTIF(ARRAYFORMULA(HLOOKUP($B7, IMPORTRANGE('Match Names'!$E$23, CONCAT(VLOOKUP($C7, 'Match Names'!$1:$22, 5, FALSE), ""!C3:R29"")), ROW($A$1:$A$24), FALSE)), ""=-4"") + COUNTIF(ARRAYFORMULA(HLOOK"&"UP($B7, IMPORTRANGE('Match Names'!$F$23, CONCAT(VLOOKUP($C7, 'Match Names'!$1:$22, 6, FALSE), ""!C3:R29"")), ROW($A$1:$A$24), FALSE)), ""=-4"") + COUNTIF(ARRAYFORMULA(HLOOKUP($B7, IMPORTRANGE('Match Names'!$G$23, CONCAT(VLOOKUP($C7, 'Match Names'!$1:$22, "&"7, FALSE), ""!C3:R29"")), ROW($A$1:$A$24), FALSE)), ""=-4"") + COUNTIF(ARRAYFORMULA(HLOOKUP($B7, IMPORTRANGE('Match Names'!$H$23, CONCAT(VLOOKUP($C7, 'Match Names'!$1:$22, 8, FALSE), ""!C3:R29"")), ROW($A$1:$A$24), FALSE)), ""=-4"")"),0.0) -> 0 | H7: =IFERROR(ROUND(((E7*4)+(G7*-4))/(D7/23), 2), 0) -> 0
A8: Victoria | B8: =VLOOKUP(CONCAT(A8, C8), 'Discord Username to Real Name'!C:D, 2, FALSE) -> Victoria123#0687 | C8: Grammar Kids | D8: =IFERROR(__xludf.DUMMYFUNCTION("(23 - COUNTIF(IFERROR(ARRAYFORMULA(HLOOKUP($B8, IMPORTRANGE('Prelim Rankings Unsorted'!$B$40, CONCAT(VLOOKUP($C8, 'Match Names'!$A$1:$D$22, 2, FALSE), ""!C3:R29"")), ROW($A$1:$A$24), FALSE)), $AA$9:$AA$31), ""=X"")) + (23 - COUNTIF(IFERROR(ARRAYFORMULA(HL"&"OOKUP($B8, IMPORTRANGE('Prelim Rankings Unsorted'!$B$41, CONCAT(VLOOKUP($C8, 'Match Names'!$A$1:$D$22, 3, FALSE), ""!C3:R29"")), ROW($A$1:$A$24), FALSE)), $AA$9:$AA$31), ""=X"")) + (23 - COUNTIF(IFERROR(ARRAYFORMULA(HLOOKUP($B8, IMPORTRANGE('Prelim Rankin"&"gs Unsorted'!$B$42, CONCAT(VLOOKUP($C8, 'Match Names'!$A$1:$D$22, 4, FALSE), ""!C3:R29"")), ROW($A$1:$A$24), FALSE)), $AA$9:$AA$31), ""=X"")) + (23 - COUNTIF(IFERROR(ARRAYFORMULA(HLOOKUP($B8, IMPORTRANGE('Match Names'!$E$23, CONCAT(VLOOKUP($C8, 'Match Nam"&"es'!$1:$22, 5, FALSE), ""!C3:R29"")), ROW($A$1:$A$24), FALSE)), $AA$9:$AA$31), ""=X"")) + (23 - COUNTIF(IFERROR(ARRAYFORMULA(HLOOKUP($B8, IMPORTRANGE('Match Names'!$F$23, CONCAT(VLOOKUP($C8, 'Match Names'!$1:$22, 6, FALSE), ""!C3:R29"")), ROW($A$1:$A$24),"&" FALSE)), $AA$9:$AA$31), ""=X"")) + (23 - COUNTIF(IFERROR(ARRAYFORMULA(HLOOKUP($B8, IMPORTRANGE('Match Names'!$G$23, CONCAT(VLOOKUP($C8, 'Match Names'!$1:$22, 7, FALSE), ""!C3:R29"")), ROW($A$1:$A$24), FALSE)), $AA$9:$AA$31), ""=X"")) + (23 - COUNTIF(IFER"&"ROR(ARRAYFORMULA(HLOOKUP($B8, IMPORTRANGE('Match Names'!$H$23, CONCAT(VLOOKUP($C8, 'Match Names'!$1:$22, 8, FALSE), ""!C3:R29"")), ROW($A$1:$A$24), FALSE)), $AA$9:$AA$31), ""=X""))"),0.0) -> 0 | E8: =IFERROR(__xludf.DUMMYFUNCTION("COUNTIF(ARRAYFORMULA(HLOOKUP($B8, IMPORTRANGE('Prelim Rankings Unsorted'!$B$40, CONCAT(VLOOKUP($C8, 'Match Names'!$A$1:$D$22, 2, FALSE), ""!C3:R29"")), ROW($A$1:$A$24), FALSE)), ""=4"") + COUNTIF(ARRAYFORMULA(HLOOKUP($B8, IMPORTRANGE('Prelim Rankings Unso"&"rted'!$B$41, CONCAT(VLOOKUP($C8, 'Match Names'!$A$1:$D$22, 3, FALSE), ""!C3:R29"")), ROW($A$1:$A$24), FALSE)), ""=4"") + COUNTIF(ARRAYFORMULA(HLOOKUP($B8, IMPORTRANGE('Prelim Rankings Unsorted'!$B$42, CONCAT(VLOOKUP($C8, 'Match Names'!$A$1:$D$22, 4, FALSE"&"), ""!C3:R29"")), ROW($A$1:$A$24), FALSE)), ""=4"") + COUNTIF(ARRAYFORMULA(HLOOKUP($B8, IMPORTRANGE('Match Names'!$E$23, CONCAT(VLOOKUP($C8, 'Match Names'!$1:$22, 5, FALSE), ""!C3:R29"")), ROW($A$1:$A$24), FALSE)), ""=4"") + COUNTIF(ARRAYFORMULA(HLOOKUP($"&"B8, IMPORTRANGE('Match Names'!$F$23, CONCAT(VLOOKUP($C8, 'Match Names'!$1:$22, 6, FALSE), ""!C3:R29"")), ROW($A$1:$A$24), FALSE)), ""=4"") + COUNTIF(ARRAYFORMULA(HLOOKUP($B8, IMPORTRANGE('Match Names'!$G$23, CONCAT(VLOOKUP($C8, 'Match Names'!$1:$22, 7, FA"&"LSE), ""!C3:R29"")), ROW($A$1:$A$24), FALSE)), ""=4"") + COUNTIF(ARRAYFORMULA(HLOOKUP($B8, IMPORTRANGE('Match Names'!$H$23, CONCAT(VLOOKUP($C8, 'Match Names'!$1:$22, 8, FALSE), ""!C3:R29"")), ROW($A$1:$A$24), FALSE)), ""=4"")"),0.0) -> 0 | F8: =IFERROR(__xludf.DUMMYFUNCTION("COUNTIF(ARRAYFORMULA(HLOOKUP($B8, IMPORTRANGE('Prelim Rankings Unsorted'!$B$40, CONCAT(VLOOKUP($C8, 'Match Names'!$A$1:$D$22, 2, FALSE), ""!C3:R29"")), ROW($A$1:$A$24), FALSE)), ""=0"") + COUNTIF(ARRAYFORMULA(HLOOKUP($B8, IMPORTRANGE('Prelim Rankings Unso"&"rted'!$B$41, CONCAT(VLOOKUP($C8, 'Match Names'!$A$1:$D$22, 3, FALSE), ""!C3:R29"")), ROW($A$1:$A$24), FALSE)), ""=0"") + COUNTIF(ARRAYFORMULA(HLOOKUP($B8, IMPORTRANGE('Prelim Rankings Unsorted'!$B$42, CONCAT(VLOOKUP($C8, 'Match Names'!$A$1:$D$22, 4, FALSE"&"), ""!C3:R29"")), ROW($A$1:$A$24), FALSE)), ""=0"") + COUNTIF(ARRAYFORMULA(HLOOKUP($B8, IMPORTRANGE('Match Names'!$E$23, CONCAT(VLOOKUP($C8, 'Match Names'!$1:$22, 5, FALSE), ""!C3:R29"")), ROW($A$1:$A$24), FALSE)), ""=0"") + COUNTIF(ARRAYFORMULA(HLOOKUP($"&"B8, IMPORTRANGE('Match Names'!$F$23, CONCAT(VLOOKUP($C8, 'Match Names'!$1:$22, 6, FALSE), ""!C3:R29"")), ROW($A$1:$A$24), FALSE)), ""=0"") + COUNTIF(ARRAYFORMULA(HLOOKUP($B8, IMPORTRANGE('Match Names'!$G$23, CONCAT(VLOOKUP($C8, 'Match Names'!$1:$22, 7, FA"&"LSE), ""!C3:R29"")), ROW($A$1:$A$24), FALSE)), ""=0"") + COUNTIF(ARRAYFORMULA(HLOOKUP($B8, IMPORTRANGE('Match Names'!$H$23, CONCAT(VLOOKUP($C8, 'Match Names'!$1:$22, 8, FALSE), ""!C3:R29"")), ROW($A$1:$A$24), FALSE)), ""=0"")"),0.0) -> 0 | G8: =IFERROR(__xludf.DUMMYFUNCTION("COUNTIF(ARRAYFORMULA(HLOOKUP($B8, IMPORTRANGE('Prelim Rankings Unsorted'!$B$40, CONCAT(VLOOKUP($C8, 'Match Names'!$A$1:$D$22, 2, FALSE), ""!C3:R29"")), ROW($A$1:$A$24), FALSE)), ""=-4"") + COUNTIF(ARRAYFORMULA(HLOOKUP($B8, IMPORTRANGE('Prelim Rankings Uns"&"orted'!$B$41, CONCAT(VLOOKUP($C8, 'Match Names'!$A$1:$D$22, 3, FALSE), ""!C3:R29"")), ROW($A$1:$A$24), FALSE)), ""=-4"") + COUNTIF(ARRAYFORMULA(HLOOKUP($B8, IMPORTRANGE('Prelim Rankings Unsorted'!$B$42, CONCAT(VLOOKUP($C8, 'Match Names'!$A$1:$D$22, 4, FAL"&"SE), ""!C3:R29"")), ROW($A$1:$A$24), FALSE)), ""=-4"") + COUNTIF(ARRAYFORMULA(HLOOKUP($B8, IMPORTRANGE('Match Names'!$E$23, CONCAT(VLOOKUP($C8, 'Match Names'!$1:$22, 5, FALSE), ""!C3:R29"")), ROW($A$1:$A$24), FALSE)), ""=-4"") + COUNTIF(ARRAYFORMULA(HLOOK"&"UP($B8, IMPORTRANGE('Match Names'!$F$23, CONCAT(VLOOKUP($C8, 'Match Names'!$1:$22, 6, FALSE), ""!C3:R29"")), ROW($A$1:$A$24), FALSE)), ""=-4"") + COUNTIF(ARRAYFORMULA(HLOOKUP($B8, IMPORTRANGE('Match Names'!$G$23, CONCAT(VLOOKUP($C8, 'Match Names'!$1:$22, "&"7, FALSE), ""!C3:R29"")), ROW($A$1:$A$24), FALSE)), ""=-4"") + COUNTIF(ARRAYFORMULA(HLOOKUP($B8, IMPORTRANGE('Match Names'!$H$23, CONCAT(VLOOKUP($C8, 'Match Names'!$1:$22, 8, FALSE), ""!C3:R29"")), ROW($A$1:$A$24), FALSE)), ""=-4"")"),0.0) -> 0 | H8: =IFERROR(ROUND(((E8*4)+(G8*-4))/(D8/23), 2), 0) -> 0
A9: Jerry | B9: =VLOOKUP(CONCAT(A9, C9), 'Discord Username to Real Name'!C:D, 2, FALSE) -> IAmNotJerry#6312 | C9: Grammar Kids | D9: =IFERROR(__xludf.DUMMYFUNCTION("(23 - COUNTIF(IFERROR(ARRAYFORMULA(HLOOKUP($B9, IMPORTRANGE('Prelim Rankings Unsorted'!$B$40, CONCAT(VLOOKUP($C9, 'Match Names'!$A$1:$D$22, 2, FALSE), ""!C3:R29"")), ROW($A$1:$A$24), FALSE)), $AA$9:$AA$31), ""=X"")) + (23 - COUNTIF(IFERROR(ARRAYFORMULA(HL"&"OOKUP($B9, IMPORTRANGE('Prelim Rankings Unsorted'!$B$41, CONCAT(VLOOKUP($C9, 'Match Names'!$A$1:$D$22, 3, FALSE), ""!C3:R29"")), ROW($A$1:$A$24), FALSE)), $AA$9:$AA$31), ""=X"")) + (23 - COUNTIF(IFERROR(ARRAYFORMULA(HLOOKUP($B9, IMPORTRANGE('Prelim Rankin"&"gs Unsorted'!$B$42, CONCAT(VLOOKUP($C9, 'Match Names'!$A$1:$D$22, 4, FALSE), ""!C3:R29"")), ROW($A$1:$A$24), FALSE)), $AA$9:$AA$31), ""=X"")) + (23 - COUNTIF(IFERROR(ARRAYFORMULA(HLOOKUP($B9, IMPORTRANGE('Match Names'!$E$23, CONCAT(VLOOKUP($C9, 'Match Nam"&"es'!$1:$22, 5, FALSE), ""!C3:R29"")), ROW($A$1:$A$24), FALSE)), $AA$9:$AA$31), ""=X"")) + (23 - COUNTIF(IFERROR(ARRAYFORMULA(HLOOKUP($B9, IMPORTRANGE('Match Names'!$F$23, CONCAT(VLOOKUP($C9, 'Match Names'!$1:$22, 6, FALSE), ""!C3:R29"")), ROW($A$1:$A$24),"&" FALSE)), $AA$9:$AA$31), ""=X"")) + (23 - COUNTIF(IFERROR(ARRAYFORMULA(HLOOKUP($B9, IMPORTRANGE('Match Names'!$G$23, CONCAT(VLOOKUP($C9, 'Match Names'!$1:$22, 7, FALSE), ""!C3:R29"")), ROW($A$1:$A$24), FALSE)), $AA$9:$AA$31), ""=X"")) + (23 - COUNTIF(IFER"&"ROR(ARRAYFORMULA(HLOOKUP($B9, IMPORTRANGE('Match Names'!$H$23, CONCAT(VLOOKUP($C9, 'Match Names'!$1:$22, 8, FALSE), ""!C3:R29"")), ROW($A$1:$A$24), FALSE)), $AA$9:$AA$31), ""=X""))"),69.0) -> 69 | E9: =IFERROR(__xludf.DUMMYFUNCTION("COUNTIF(ARRAYFORMULA(HLOOKUP($B9, IMPORTRANGE('Prelim Rankings Unsorted'!$B$40, CONCAT(VLOOKUP($C9, 'Match Names'!$A$1:$D$22, 2, FALSE), ""!C3:R29"")), ROW($A$1:$A$24), FALSE)), ""=4"") + COUNTIF(ARRAYFORMULA(HLOOKUP($B9, IMPORTRANGE('Prelim Rankings Unso"&"rted'!$B$41, CONCAT(VLOOKUP($C9, 'Match Names'!$A$1:$D$22, 3, FALSE), ""!C3:R29"")), ROW($A$1:$A$24), FALSE)), ""=4"") + COUNTIF(ARRAYFORMULA(HLOOKUP($B9, IMPORTRANGE('Prelim Rankings Unsorted'!$B$42, CONCAT(VLOOKUP($C9, 'Match Names'!$A$1:$D$22, 4, FALSE"&"), ""!C3:R29"")), ROW($A$1:$A$24), FALSE)), ""=4"") + COUNTIF(ARRAYFORMULA(HLOOKUP($B9, IMPORTRANGE('Match Names'!$E$23, CONCAT(VLOOKUP($C9, 'Match Names'!$1:$22, 5, FALSE), ""!C3:R29"")), ROW($A$1:$A$24), FALSE)), ""=4"") + COUNTIF(ARRAYFORMULA(HLOOKUP($"&"B9, IMPORTRANGE('Match Names'!$F$23, CONCAT(VLOOKUP($C9, 'Match Names'!$1:$22, 6, FALSE), ""!C3:R29"")), ROW($A$1:$A$24), FALSE)), ""=4"") + COUNTIF(ARRAYFORMULA(HLOOKUP($B9, IMPORTRANGE('Match Names'!$G$23, CONCAT(VLOOKUP($C9, 'Match Names'!$1:$22, 7, FA"&"LSE), ""!C3:R29"")), ROW($A$1:$A$24), FALSE)), ""=4"") + COUNTIF(ARRAYFORMULA(HLOOKUP($B9, IMPORTRANGE('Match Names'!$H$23, CONCAT(VLOOKUP($C9, 'Match Names'!$1:$22, 8, FALSE), ""!C3:R29"")), ROW($A$1:$A$24), FALSE)), ""=4"")"),1.0) -> 1 | F9: =IFERROR(__xludf.DUMMYFUNCTION("COUNTIF(ARRAYFORMULA(HLOOKUP($B9, IMPORTRANGE('Prelim Rankings Unsorted'!$B$40, CONCAT(VLOOKUP($C9, 'Match Names'!$A$1:$D$22, 2, FALSE), ""!C3:R29"")), ROW($A$1:$A$24), FALSE)), ""=0"") + COUNTIF(ARRAYFORMULA(HLOOKUP($B9, IMPORTRANGE('Prelim Rankings Unso"&"rted'!$B$41, CONCAT(VLOOKUP($C9, 'Match Names'!$A$1:$D$22, 3, FALSE), ""!C3:R29"")), ROW($A$1:$A$24), FALSE)), ""=0"") + COUNTIF(ARRAYFORMULA(HLOOKUP($B9, IMPORTRANGE('Prelim Rankings Unsorted'!$B$42, CONCAT(VLOOKUP($C9, 'Match Names'!$A$1:$D$22, 4, FALSE"&"), ""!C3:R29"")), ROW($A$1:$A$24), FALSE)), ""=0"") + COUNTIF(ARRAYFORMULA(HLOOKUP($B9, IMPORTRANGE('Match Names'!$E$23, CONCAT(VLOOKUP($C9, 'Match Names'!$1:$22, 5, FALSE), ""!C3:R29"")), ROW($A$1:$A$24), FALSE)), ""=0"") + COUNTIF(ARRAYFORMULA(HLOOKUP($"&"B9, IMPORTRANGE('Match Names'!$F$23, CONCAT(VLOOKUP($C9, 'Match Names'!$1:$22, 6, FALSE), ""!C3:R29"")), ROW($A$1:$A$24), FALSE)), ""=0"") + COUNTIF(ARRAYFORMULA(HLOOKUP($B9, IMPORTRANGE('Match Names'!$G$23, CONCAT(VLOOKUP($C9, 'Match Names'!$1:$22, 7, FA"&"LSE), ""!C3:R29"")), ROW($A$1:$A$24), FALSE)), ""=0"") + COUNTIF(ARRAYFORMULA(HLOOKUP($B9, IMPORTRANGE('Match Names'!$H$23, CONCAT(VLOOKUP($C9, 'Match Names'!$1:$22, 8, FALSE), ""!C3:R29"")), ROW($A$1:$A$24), FALSE)), ""=0"")"),6.0) -> 6 | G9: =IFERROR(__xludf.DUMMYFUNCTION("COUNTIF(ARRAYFORMULA(HLOOKUP($B9, IMPORTRANGE('Prelim Rankings Unsorted'!$B$40, CONCAT(VLOOKUP($C9, 'Match Names'!$A$1:$D$22, 2, FALSE), ""!C3:R29"")), ROW($A$1:$A$24), FALSE)), ""=-4"") + COUNTIF(ARRAYFORMULA(HLOOKUP($B9, IMPORTRANGE('Prelim Rankings Uns"&"orted'!$B$41, CONCAT(VLOOKUP($C9, 'Match Names'!$A$1:$D$22, 3, FALSE), ""!C3:R29"")), ROW($A$1:$A$24), FALSE)), ""=-4"") + COUNTIF(ARRAYFORMULA(HLOOKUP($B9, IMPORTRANGE('Prelim Rankings Unsorted'!$B$42, CONCAT(VLOOKUP($C9, 'Match Names'!$A$1:$D$22, 4, FAL"&"SE), ""!C3:R29"")), ROW($A$1:$A$24), FALSE)), ""=-4"") + COUNTIF(ARRAYFORMULA(HLOOKUP($B9, IMPORTRANGE('Match Names'!$E$23, CONCAT(VLOOKUP($C9, 'Match Names'!$1:$22, 5, FALSE), ""!C3:R29"")), ROW($A$1:$A$24), FALSE)), ""=-4"") + COUNTIF(ARRAYFORMULA(HLOOK"&"UP($B9, IMPORTRANGE('Match Names'!$F$23, CONCAT(VLOOKUP($C9, 'Match Names'!$1:$22, 6, FALSE), ""!C3:R29"")), ROW($A$1:$A$24), FALSE)), ""=-4"") + COUNTIF(ARRAYFORMULA(HLOOKUP($B9, IMPORTRANGE('Match Names'!$G$23, CONCAT(VLOOKUP($C9, 'Match Names'!$1:$22, "&"7, FALSE), ""!C3:R29"")), ROW($A$1:$A$24), FALSE)), ""=-4"") + COUNTIF(ARRAYFORMULA(HLOOKUP($B9, IMPORTRANGE('Match Names'!$H$23, CONCAT(VLOOKUP($C9, 'Match Names'!$1:$22, 8, FALSE), ""!C3:R29"")), ROW($A$1:$A$24), FALSE)), ""=-4"")"),0.0) -> 0 | H9: =IFERROR(ROUND(((E9*4)+(G9*-4))/(D9/23), 2), 0) -> 1.33 | AA9: X
A10: haybales | B10: =VLOOKUP(CONCAT(A10, C10), 'Discord Username to Real Name'!C:D, 2, FALSE) -> haybales#0656 | C10: Deer Feeled | D10: =IFERROR(__xludf.DUMMYFUNCTION("(23 - COUNTIF(IFERROR(ARRAYFORMULA(HLOOKUP($B10, IMPORTRANGE('Prelim Rankings Unsorted'!$B$40, CONCAT(VLOOKUP($C10, 'Match Names'!$A$1:$D$22, 2, FALSE), ""!C3:R29"")), ROW($A$1:$A$24), FALSE)), $AA$9:$AA$31), ""=X"")) + (23 - COUNTIF(IFERROR(ARRAYFORMULA("&"HLOOKUP($B10, IMPORTRANGE('Prelim Rankings Unsorted'!$B$41, CONCAT(VLOOKUP($C10, 'Match Names'!$A$1:$D$22, 3, FALSE), ""!C3:R29"")), ROW($A$1:$A$24), FALSE)), $AA$9:$AA$31), ""=X"")) + (23 - COUNTIF(IFERROR(ARRAYFORMULA(HLOOKUP($B10, IMPORTRANGE('Prelim R"&"ankings Unsorted'!$B$42, CONCAT(VLOOKUP($C10, 'Match Names'!$A$1:$D$22, 4, FALSE), ""!C3:R29"")), ROW($A$1:$A$24), FALSE)), $AA$9:$AA$31), ""=X"")) + (23 - COUNTIF(IFERROR(ARRAYFORMULA(HLOOKUP($B10, IMPORTRANGE('Match Names'!$E$23, CONCAT(VLOOKUP($C10, 'M"&"atch Names'!$1:$22, 5, FALSE), ""!C3:R29"")), ROW($A$1:$A$24), FALSE)), $AA$9:$AA$31), ""=X"")) + (23 - COUNTIF(IFERROR(ARRAYFORMULA(HLOOKUP($B10, IMPORTRANGE('Match Names'!$F$23, CONCAT(VLOOKUP($C10, 'Match Names'!$1:$22, 6, FALSE), ""!C3:R29"")), ROW($A"&"$1:$A$24), FALSE)), $AA$9:$AA$31), ""=X"")) + (23 - COUNTIF(IFERROR(ARRAYFORMULA(HLOOKUP($B10, IMPORTRANGE('Match Names'!$G$23, CONCAT(VLOOKUP($C10, 'Match Names'!$1:$22, 7, FALSE), ""!C3:R29"")), ROW($A$1:$A$24), FALSE)), $AA$9:$AA$31), ""=X"")) + (23 - "&"COUNTIF(IFERROR(ARRAYFORMULA(HLOOKUP($B10, IMPORTRANGE('Match Names'!$H$23, CONCAT(VLOOKUP($C10, 'Match Names'!$1:$22, 8, FALSE), ""!C3:R29"")), ROW($A$1:$A$24), FALSE)), $AA$9:$AA$31), ""=X""))"),0.0) -> 0 | E10: =IFERROR(__xludf.DUMMYFUNCTION("COUNTIF(ARRAYFORMULA(HLOOKUP($B10, IMPORTRANGE('Prelim Rankings Unsorted'!$B$40, CONCAT(VLOOKUP($C10, 'Match Names'!$A$1:$D$22, 2, FALSE), ""!C3:R29"")), ROW($A$1:$A$24), FALSE)), ""=4"") + COUNTIF(ARRAYFORMULA(HLOOKUP($B10, IMPORTRANGE('Prelim Rankings U"&"nsorted'!$B$41, CONCAT(VLOOKUP($C10, 'Match Names'!$A$1:$D$22, 3, FALSE), ""!C3:R29"")), ROW($A$1:$A$24), FALSE)), ""=4"") + COUNTIF(ARRAYFORMULA(HLOOKUP($B10, IMPORTRANGE('Prelim Rankings Unsorted'!$B$42, CONCAT(VLOOKUP($C10, 'Match Names'!$A$1:$D$22, 4,"&" FALSE), ""!C3:R29"")), ROW($A$1:$A$24), FALSE)), ""=4"") + COUNTIF(ARRAYFORMULA(HLOOKUP($B10, IMPORTRANGE('Match Names'!$E$23, CONCAT(VLOOKUP($C10, 'Match Names'!$1:$22, 5, FALSE), ""!C3:R29"")), ROW($A$1:$A$24), FALSE)), ""=4"") + COUNTIF(ARRAYFORMULA(H"&"LOOKUP($B10, IMPORTRANGE('Match Names'!$F$23, CONCAT(VLOOKUP($C10, 'Match Names'!$1:$22, 6, FALSE), ""!C3:R29"")), ROW($A$1:$A$24), FALSE)), ""=4"") + COUNTIF(ARRAYFORMULA(HLOOKUP($B10, IMPORTRANGE('Match Names'!$G$23, CONCAT(VLOOKUP($C10, 'Match Names'!$"&"1:$22, 7, FALSE), ""!C3:R29"")), ROW($A$1:$A$24), FALSE)), ""=4"") + COUNTIF(ARRAYFORMULA(HLOOKUP($B10, IMPORTRANGE('Match Names'!$H$23, CONCAT(VLOOKUP($C10, 'Match Names'!$1:$22, 8, FALSE), ""!C3:R29"")), ROW($A$1:$A$24), FALSE)), ""=4"")"),0.0) -> 0 | F10: =IFERROR(__xludf.DUMMYFUNCTION("COUNTIF(ARRAYFORMULA(HLOOKUP($B10, IMPORTRANGE('Prelim Rankings Unsorted'!$B$40, CONCAT(VLOOKUP($C10, 'Match Names'!$A$1:$D$22, 2, FALSE), ""!C3:R29"")), ROW($A$1:$A$24), FALSE)), ""=0"") + COUNTIF(ARRAYFORMULA(HLOOKUP($B10, IMPORTRANGE('Prelim Rankings U"&"nsorted'!$B$41, CONCAT(VLOOKUP($C10, 'Match Names'!$A$1:$D$22, 3, FALSE), ""!C3:R29"")), ROW($A$1:$A$24), FALSE)), ""=0"") + COUNTIF(ARRAYFORMULA(HLOOKUP($B10, IMPORTRANGE('Prelim Rankings Unsorted'!$B$42, CONCAT(VLOOKUP($C10, 'Match Names'!$A$1:$D$22, 4,"&" FALSE), ""!C3:R29"")), ROW($A$1:$A$24), FALSE)), ""=0"") + COUNTIF(ARRAYFORMULA(HLOOKUP($B10, IMPORTRANGE('Match Names'!$E$23, CONCAT(VLOOKUP($C10, 'Match Names'!$1:$22, 5, FALSE), ""!C3:R29"")), ROW($A$1:$A$24), FALSE)), ""=0"") + COUNTIF(ARRAYFORMULA(H"&"LOOKUP($B10, IMPORTRANGE('Match Names'!$F$23, CONCAT(VLOOKUP($C10, 'Match Names'!$1:$22, 6, FALSE), ""!C3:R29"")), ROW($A$1:$A$24), FALSE)), ""=0"") + COUNTIF(ARRAYFORMULA(HLOOKUP($B10, IMPORTRANGE('Match Names'!$G$23, CONCAT(VLOOKUP($C10, 'Match Names'!$"&"1:$22, 7, FALSE), ""!C3:R29"")), ROW($A$1:$A$24), FALSE)), ""=0"") + COUNTIF(ARRAYFORMULA(HLOOKUP($B10, IMPORTRANGE('Match Names'!$H$23, CONCAT(VLOOKUP($C10, 'Match Names'!$1:$22, 8, FALSE), ""!C3:R29"")), ROW($A$1:$A$24), FALSE)), ""=0"")"),0.0) -> 0 | G10: =IFERROR(__xludf.DUMMYFUNCTION("COUNTIF(ARRAYFORMULA(HLOOKUP($B10, IMPORTRANGE('Prelim Rankings Unsorted'!$B$40, CONCAT(VLOOKUP($C10, 'Match Names'!$A$1:$D$22, 2, FALSE), ""!C3:R29"")), ROW($A$1:$A$24), FALSE)), ""=-4"") + COUNTIF(ARRAYFORMULA(HLOOKUP($B10, IMPORTRANGE('Prelim Rankings "&"Unsorted'!$B$41, CONCAT(VLOOKUP($C10, 'Match Names'!$A$1:$D$22, 3, FALSE), ""!C3:R29"")), ROW($A$1:$A$24), FALSE)), ""=-4"") + COUNTIF(ARRAYFORMULA(HLOOKUP($B10, IMPORTRANGE('Prelim Rankings Unsorted'!$B$42, CONCAT(VLOOKUP($C10, 'Match Names'!$A$1:$D$22, "&"4, FALSE), ""!C3:R29"")), ROW($A$1:$A$24), FALSE)), ""=-4"") + COUNTIF(ARRAYFORMULA(HLOOKUP($B10, IMPORTRANGE('Match Names'!$E$23, CONCAT(VLOOKUP($C10, 'Match Names'!$1:$22, 5, FALSE), ""!C3:R29"")), ROW($A$1:$A$24), FALSE)), ""=-4"") + COUNTIF(ARRAYFORMU"&"LA(HLOOKUP($B10, IMPORTRANGE('Match Names'!$F$23, CONCAT(VLOOKUP($C10, 'Match Names'!$1:$22, 6, FALSE), ""!C3:R29"")), ROW($A$1:$A$24), FALSE)), ""=-4"") + COUNTIF(ARRAYFORMULA(HLOOKUP($B10, IMPORTRANGE('Match Names'!$G$23, CONCAT(VLOOKUP($C10, 'Match Nam"&"es'!$1:$22, 7, FALSE), ""!C3:R29"")), ROW($A$1:$A$24), FALSE)), ""=-4"") + COUNTIF(ARRAYFORMULA(HLOOKUP($B10, IMPORTRANGE('Match Names'!$H$23, CONCAT(VLOOKUP($C10, 'Match Names'!$1:$22, 8, FALSE), ""!C3:R29"")), ROW($A$1:$A$24), FALSE)), ""=-4"")"),0.0) -> 0 | H10: =IFERROR(ROUND(((E10*4)+(G10*-4))/(D10/23), 2), 0) -> 0 | AA10: X
A11: ez | B11: =VLOOKUP(CONCAT(A11, C11), 'Discord Username to Real Name'!C:D, 2, FALSE) -> ez#5904 | C11: Deer Feeled | D11: =IFERROR(__xludf.DUMMYFUNCTION("(23 - COUNTIF(IFERROR(ARRAYFORMULA(HLOOKUP($B11, IMPORTRANGE('Prelim Rankings Unsorted'!$B$40, CONCAT(VLOOKUP($C11, 'Match Names'!$A$1:$D$22, 2, FALSE), ""!C3:R29"")), ROW($A$1:$A$24), FALSE)), $AA$9:$AA$31), ""=X"")) + (23 - COUNTIF(IFERROR(ARRAYFORMULA("&"HLOOKUP($B11, IMPORTRANGE('Prelim Rankings Unsorted'!$B$41, CONCAT(VLOOKUP($C11, 'Match Names'!$A$1:$D$22, 3, FALSE), ""!C3:R29"")), ROW($A$1:$A$24), FALSE)), $AA$9:$AA$31), ""=X"")) + (23 - COUNTIF(IFERROR(ARRAYFORMULA(HLOOKUP($B11, IMPORTRANGE('Prelim R"&"ankings Unsorted'!$B$42, CONCAT(VLOOKUP($C11, 'Match Names'!$A$1:$D$22, 4, FALSE), ""!C3:R29"")), ROW($A$1:$A$24), FALSE)), $AA$9:$AA$31), ""=X"")) + (23 - COUNTIF(IFERROR(ARRAYFORMULA(HLOOKUP($B11, IMPORTRANGE('Match Names'!$E$23, CONCAT(VLOOKUP($C11, 'M"&"atch Names'!$1:$22, 5, FALSE), ""!C3:R29"")), ROW($A$1:$A$24), FALSE)), $AA$9:$AA$31), ""=X"")) + (23 - COUNTIF(IFERROR(ARRAYFORMULA(HLOOKUP($B11, IMPORTRANGE('Match Names'!$F$23, CONCAT(VLOOKUP($C11, 'Match Names'!$1:$22, 6, FALSE), ""!C3:R29"")), ROW($A"&"$1:$A$24), FALSE)), $AA$9:$AA$31), ""=X"")) + (23 - COUNTIF(IFERROR(ARRAYFORMULA(HLOOKUP($B11, IMPORTRANGE('Match Names'!$G$23, CONCAT(VLOOKUP($C11, 'Match Names'!$1:$22, 7, FALSE), ""!C3:R29"")), ROW($A$1:$A$24), FALSE)), $AA$9:$AA$31), ""=X"")) + (23 - "&"COUNTIF(IFERROR(ARRAYFORMULA(HLOOKUP($B11, IMPORTRANGE('Match Names'!$H$23, CONCAT(VLOOKUP($C11, 'Match Names'!$1:$22, 8, FALSE), ""!C3:R29"")), ROW($A$1:$A$24), FALSE)), $AA$9:$AA$31), ""=X""))"),0.0) -> 0 | E11: =IFERROR(__xludf.DUMMYFUNCTION("COUNTIF(ARRAYFORMULA(HLOOKUP($B11, IMPORTRANGE('Prelim Rankings Unsorted'!$B$40, CONCAT(VLOOKUP($C11, 'Match Names'!$A$1:$D$22, 2, FALSE), ""!C3:R29"")), ROW($A$1:$A$24), FALSE)), ""=4"") + COUNTIF(ARRAYFORMULA(HLOOKUP($B11, IMPORTRANGE('Prelim Rankings U"&"nsorted'!$B$41, CONCAT(VLOOKUP($C11, 'Match Names'!$A$1:$D$22, 3, FALSE), ""!C3:R29"")), ROW($A$1:$A$24), FALSE)), ""=4"") + COUNTIF(ARRAYFORMULA(HLOOKUP($B11, IMPORTRANGE('Prelim Rankings Unsorted'!$B$42, CONCAT(VLOOKUP($C11, 'Match Names'!$A$1:$D$22, 4,"&" FALSE), ""!C3:R29"")), ROW($A$1:$A$24), FALSE)), ""=4"") + COUNTIF(ARRAYFORMULA(HLOOKUP($B11, IMPORTRANGE('Match Names'!$E$23, CONCAT(VLOOKUP($C11, 'Match Names'!$1:$22, 5, FALSE), ""!C3:R29"")), ROW($A$1:$A$24), FALSE)), ""=4"") + COUNTIF(ARRAYFORMULA(H"&"LOOKUP($B11, IMPORTRANGE('Match Names'!$F$23, CONCAT(VLOOKUP($C11, 'Match Names'!$1:$22, 6, FALSE), ""!C3:R29"")), ROW($A$1:$A$24), FALSE)), ""=4"") + COUNTIF(ARRAYFORMULA(HLOOKUP($B11, IMPORTRANGE('Match Names'!$G$23, CONCAT(VLOOKUP($C11, 'Match Names'!$"&"1:$22, 7, FALSE), ""!C3:R29"")), ROW($A$1:$A$24), FALSE)), ""=4"") + COUNTIF(ARRAYFORMULA(HLOOKUP($B11, IMPORTRANGE('Match Names'!$H$23, CONCAT(VLOOKUP($C11, 'Match Names'!$1:$22, 8, FALSE), ""!C3:R29"")), ROW($A$1:$A$24), FALSE)), ""=4"")"),0.0) -> 0 | F11: =IFERROR(__xludf.DUMMYFUNCTION("COUNTIF(ARRAYFORMULA(HLOOKUP($B11, IMPORTRANGE('Prelim Rankings Unsorted'!$B$40, CONCAT(VLOOKUP($C11, 'Match Names'!$A$1:$D$22, 2, FALSE), ""!C3:R29"")), ROW($A$1:$A$24), FALSE)), ""=0"") + COUNTIF(ARRAYFORMULA(HLOOKUP($B11, IMPORTRANGE('Prelim Rankings U"&"nsorted'!$B$41, CONCAT(VLOOKUP($C11, 'Match Names'!$A$1:$D$22, 3, FALSE), ""!C3:R29"")), ROW($A$1:$A$24), FALSE)), ""=0"") + COUNTIF(ARRAYFORMULA(HLOOKUP($B11, IMPORTRANGE('Prelim Rankings Unsorted'!$B$42, CONCAT(VLOOKUP($C11, 'Match Names'!$A$1:$D$22, 4,"&" FALSE), ""!C3:R29"")), ROW($A$1:$A$24), FALSE)), ""=0"") + COUNTIF(ARRAYFORMULA(HLOOKUP($B11, IMPORTRANGE('Match Names'!$E$23, CONCAT(VLOOKUP($C11, 'Match Names'!$1:$22, 5, FALSE), ""!C3:R29"")), ROW($A$1:$A$24), FALSE)), ""=0"") + COUNTIF(ARRAYFORMULA(H"&"LOOKUP($B11, IMPORTRANGE('Match Names'!$F$23, CONCAT(VLOOKUP($C11, 'Match Names'!$1:$22, 6, FALSE), ""!C3:R29"")), ROW($A$1:$A$24), FALSE)), ""=0"") + COUNTIF(ARRAYFORMULA(HLOOKUP($B11, IMPORTRANGE('Match Names'!$G$23, CONCAT(VLOOKUP($C11, 'Match Names'!$"&"1:$22, 7, FALSE), ""!C3:R29"")), ROW($A$1:$A$24), FALSE)), ""=0"") + COUNTIF(ARRAYFORMULA(HLOOKUP($B11, IMPORTRANGE('Match Names'!$H$23, CONCAT(VLOOKUP($C11, 'Match Names'!$1:$22, 8, FALSE), ""!C3:R29"")), ROW($A$1:$A$24), FALSE)), ""=0"")"),0.0) -> 0 | G11: =IFERROR(__xludf.DUMMYFUNCTION("COUNTIF(ARRAYFORMULA(HLOOKUP($B11, IMPORTRANGE('Prelim Rankings Unsorted'!$B$40, CONCAT(VLOOKUP($C11, 'Match Names'!$A$1:$D$22, 2, FALSE), ""!C3:R29"")), ROW($A$1:$A$24), FALSE)), ""=-4"") + COUNTIF(ARRAYFORMULA(HLOOKUP($B11, IMPORTRANGE('Prelim Rankings "&"Unsorted'!$B$41, CONCAT(VLOOKUP($C11, 'Match Names'!$A$1:$D$22, 3, FALSE), ""!C3:R29"")), ROW($A$1:$A$24), FALSE)), ""=-4"") + COUNTIF(ARRAYFORMULA(HLOOKUP($B11, IMPORTRANGE('Prelim Rankings Unsorted'!$B$42, CONCAT(VLOOKUP($C11, 'Match Names'!$A$1:$D$22, "&"4, FALSE), ""!C3:R29"")), ROW($A$1:$A$24), FALSE)), ""=-4"") + COUNTIF(ARRAYFORMULA(HLOOKUP($B11, IMPORTRANGE('Match Names'!$E$23, CONCAT(VLOOKUP($C11, 'Match Names'!$1:$22, 5, FALSE), ""!C3:R29"")), ROW($A$1:$A$24), FALSE)), ""=-4"") + COUNTIF(ARRAYFORMU"&"LA(HLOOKUP($B11, IMPORTRANGE('Match Names'!$F$23, CONCAT(VLOOKUP($C11, 'Match Names'!$1:$22, 6, FALSE), ""!C3:R29"")), ROW($A$1:$A$24), FALSE)), ""=-4"") + COUNTIF(ARRAYFORMULA(HLOOKUP($B11, IMPORTRANGE('Match Names'!$G$23, CONCAT(VLOOKUP($C11, 'Match Nam"&"es'!$1:$22, 7, FALSE), ""!C3:R29"")), ROW($A$1:$A$24), FALSE)), ""=-4"") + COUNTIF(ARRAYFORMULA(HLOOKUP($B11, IMPORTRANGE('Match Names'!$H$23, CONCAT(VLOOKUP($C11, 'Match Names'!$1:$22, 8, FALSE), ""!C3:R29"")), ROW($A$1:$A$24), FALSE)), ""=-4"")"),0.0) -> 0 | H11: =IFERROR(ROUND(((E11*4)+(G11*-4))/(D11/23), 2), 0) -> 0 | AA11: X
A12: David | B12: =VLOOKUP(CONCAT(A12, C12), 'Discord Username to Real Name'!C:D, 2, FALSE) -> borb#6872 | C12: Deer Feeled | D12: =IFERROR(__xludf.DUMMYFUNCTION("(23 - COUNTIF(IFERROR(ARRAYFORMULA(HLOOKUP($B12, IMPORTRANGE('Prelim Rankings Unsorted'!$B$40, CONCAT(VLOOKUP($C12, 'Match Names'!$A$1:$D$22, 2, FALSE), ""!C3:R29"")), ROW($A$1:$A$24), FALSE)), $AA$9:$AA$31), ""=X"")) + (23 - COUNTIF(IFERROR(ARRAYFORMULA("&"HLOOKUP($B12, IMPORTRANGE('Prelim Rankings Unsorted'!$B$41, CONCAT(VLOOKUP($C12, 'Match Names'!$A$1:$D$22, 3, FALSE), ""!C3:R29"")), ROW($A$1:$A$24), FALSE)), $AA$9:$AA$31), ""=X"")) + (23 - COUNTIF(IFERROR(ARRAYFORMULA(HLOOKUP($B12, IMPORTRANGE('Prelim R"&"ankings Unsorted'!$B$42, CONCAT(VLOOKUP($C12, 'Match Names'!$A$1:$D$22, 4, FALSE), ""!C3:R29"")), ROW($A$1:$A$24), FALSE)), $AA$9:$AA$31), ""=X"")) + (23 - COUNTIF(IFERROR(ARRAYFORMULA(HLOOKUP($B12, IMPORTRANGE('Match Names'!$E$23, CONCAT(VLOOKUP($C12, 'M"&"atch Names'!$1:$22, 5, FALSE), ""!C3:R29"")), ROW($A$1:$A$24), FALSE)), $AA$9:$AA$31), ""=X"")) + (23 - COUNTIF(IFERROR(ARRAYFORMULA(HLOOKUP($B12, IMPORTRANGE('Match Names'!$F$23, CONCAT(VLOOKUP($C12, 'Match Names'!$1:$22, 6, FALSE), ""!C3:R29"")), ROW($A"&"$1:$A$24), FALSE)), $AA$9:$AA$31), ""=X"")) + (23 - COUNTIF(IFERROR(ARRAYFORMULA(HLOOKUP($B12, IMPORTRANGE('Match Names'!$G$23, CONCAT(VLOOKUP($C12, 'Match Names'!$1:$22, 7, FALSE), ""!C3:R29"")), ROW($A$1:$A$24), FALSE)), $AA$9:$AA$31), ""=X"")) + (23 - "&"COUNTIF(IFERROR(ARRAYFORMULA(HLOOKUP($B12, IMPORTRANGE('Match Names'!$H$23, CONCAT(VLOOKUP($C12, 'Match Names'!$1:$22, 8, FALSE), ""!C3:R29"")), ROW($A$1:$A$24), FALSE)), $AA$9:$AA$31), ""=X""))"),92.0) -> 92 | E12: =IFERROR(__xludf.DUMMYFUNCTION("COUNTIF(ARRAYFORMULA(HLOOKUP($B12, IMPORTRANGE('Prelim Rankings Unsorted'!$B$40, CONCAT(VLOOKUP($C12, 'Match Names'!$A$1:$D$22, 2, FALSE), ""!C3:R29"")), ROW($A$1:$A$24), FALSE)), ""=4"") + COUNTIF(ARRAYFORMULA(HLOOKUP($B12, IMPORTRANGE('Prelim Rankings U"&"nsorted'!$B$41, CONCAT(VLOOKUP($C12, 'Match Names'!$A$1:$D$22, 3, FALSE), ""!C3:R29"")), ROW($A$1:$A$24), FALSE)), ""=4"") + COUNTIF(ARRAYFORMULA(HLOOKUP($B12, IMPORTRANGE('Prelim Rankings Unsorted'!$B$42, CONCAT(VLOOKUP($C12, 'Match Names'!$A$1:$D$22, 4,"&" FALSE), ""!C3:R29"")), ROW($A$1:$A$24), FALSE)), ""=4"") + COUNTIF(ARRAYFORMULA(HLOOKUP($B12, IMPORTRANGE('Match Names'!$E$23, CONCAT(VLOOKUP($C12, 'Match Names'!$1:$22, 5, FALSE), ""!C3:R29"")), ROW($A$1:$A$24), FALSE)), ""=4"") + COUNTIF(ARRAYFORMULA(H"&"LOOKUP($B12, IMPORTRANGE('Match Names'!$F$23, CONCAT(VLOOKUP($C12, 'Match Names'!$1:$22, 6, FALSE), ""!C3:R29"")), ROW($A$1:$A$24), FALSE)), ""=4"") + COUNTIF(ARRAYFORMULA(HLOOKUP($B12, IMPORTRANGE('Match Names'!$G$23, CONCAT(VLOOKUP($C12, 'Match Names'!$"&"1:$22, 7, FALSE), ""!C3:R29"")), ROW($A$1:$A$24), FALSE)), ""=4"") + COUNTIF(ARRAYFORMULA(HLOOKUP($B12, IMPORTRANGE('Match Names'!$H$23, CONCAT(VLOOKUP($C12, 'Match Names'!$1:$22, 8, FALSE), ""!C3:R29"")), ROW($A$1:$A$24), FALSE)), ""=4"")"),28.0) -> 28 | F12: =IFERROR(__xludf.DUMMYFUNCTION("COUNTIF(ARRAYFORMULA(HLOOKUP($B12, IMPORTRANGE('Prelim Rankings Unsorted'!$B$40, CONCAT(VLOOKUP($C12, 'Match Names'!$A$1:$D$22, 2, FALSE), ""!C3:R29"")), ROW($A$1:$A$24), FALSE)), ""=0"") + COUNTIF(ARRAYFORMULA(HLOOKUP($B12, IMPORTRANGE('Prelim Rankings U"&"nsorted'!$B$41, CONCAT(VLOOKUP($C12, 'Match Names'!$A$1:$D$22, 3, FALSE), ""!C3:R29"")), ROW($A$1:$A$24), FALSE)), ""=0"") + COUNTIF(ARRAYFORMULA(HLOOKUP($B12, IMPORTRANGE('Prelim Rankings Unsorted'!$B$42, CONCAT(VLOOKUP($C12, 'Match Names'!$A$1:$D$22, 4,"&" FALSE), ""!C3:R29"")), ROW($A$1:$A$24), FALSE)), ""=0"") + COUNTIF(ARRAYFORMULA(HLOOKUP($B12, IMPORTRANGE('Match Names'!$E$23, CONCAT(VLOOKUP($C12, 'Match Names'!$1:$22, 5, FALSE), ""!C3:R29"")), ROW($A$1:$A$24), FALSE)), ""=0"") + COUNTIF(ARRAYFORMULA(H"&"LOOKUP($B12, IMPORTRANGE('Match Names'!$F$23, CONCAT(VLOOKUP($C12, 'Match Names'!$1:$22, 6, FALSE), ""!C3:R29"")), ROW($A$1:$A$24), FALSE)), ""=0"") + COUNTIF(ARRAYFORMULA(HLOOKUP($B12, IMPORTRANGE('Match Names'!$G$23, CONCAT(VLOOKUP($C12, 'Match Names'!$"&"1:$22, 7, FALSE), ""!C3:R29"")), ROW($A$1:$A$24), FALSE)), ""=0"") + COUNTIF(ARRAYFORMULA(HLOOKUP($B12, IMPORTRANGE('Match Names'!$H$23, CONCAT(VLOOKUP($C12, 'Match Names'!$1:$22, 8, FALSE), ""!C3:R29"")), ROW($A$1:$A$24), FALSE)), ""=0"")"),22.0) -> 22 | G12: =IFERROR(__xludf.DUMMYFUNCTION("COUNTIF(ARRAYFORMULA(HLOOKUP($B12, IMPORTRANGE('Prelim Rankings Unsorted'!$B$40, CONCAT(VLOOKUP($C12, 'Match Names'!$A$1:$D$22, 2, FALSE), ""!C3:R29"")), ROW($A$1:$A$24), FALSE)), ""=-4"") + COUNTIF(ARRAYFORMULA(HLOOKUP($B12, IMPORTRANGE('Prelim Rankings "&"Unsorted'!$B$41, CONCAT(VLOOKUP($C12, 'Match Names'!$A$1:$D$22, 3, FALSE), ""!C3:R29"")), ROW($A$1:$A$24), FALSE)), ""=-4"") + COUNTIF(ARRAYFORMULA(HLOOKUP($B12, IMPORTRANGE('Prelim Rankings Unsorted'!$B$42, CONCAT(VLOOKUP($C12, 'Match Names'!$A$1:$D$22, "&"4, FALSE), ""!C3:R29"")), ROW($A$1:$A$24), FALSE)), ""=-4"") + COUNTIF(ARRAYFORMULA(HLOOKUP($B12, IMPORTRANGE('Match Names'!$E$23, CONCAT(VLOOKUP($C12, 'Match Names'!$1:$22, 5, FALSE), ""!C3:R29"")), ROW($A$1:$A$24), FALSE)), ""=-4"") + COUNTIF(ARRAYFORMU"&"LA(HLOOKUP($B12, IMPORTRANGE('Match Names'!$F$23, CONCAT(VLOOKUP($C12, 'Match Names'!$1:$22, 6, FALSE), ""!C3:R29"")), ROW($A$1:$A$24), FALSE)), ""=-4"") + COUNTIF(ARRAYFORMULA(HLOOKUP($B12, IMPORTRANGE('Match Names'!$G$23, CONCAT(VLOOKUP($C12, 'Match Nam"&"es'!$1:$22, 7, FALSE), ""!C3:R29"")), ROW($A$1:$A$24), FALSE)), ""=-4"") + COUNTIF(ARRAYFORMULA(HLOOKUP($B12, IMPORTRANGE('Match Names'!$H$23, CONCAT(VLOOKUP($C12, 'Match Names'!$1:$22, 8, FALSE), ""!C3:R29"")), ROW($A$1:$A$24), FALSE)), ""=-4"")"),1.0) -> 1 | H12: =IFERROR(ROUND(((E12*4)+(G12*-4))/(D12/23), 2), 0) -> 27 | AA12: X
A13: Gregory | B13: =VLOOKUP(CONCAT(A13, C13), 'Discord Username to Real Name'!C:D, 2, FALSE) -> TreefallGap#0407 | C13: Deer Feeled | D13: =IFERROR(__xludf.DUMMYFUNCTION("(23 - COUNTIF(IFERROR(ARRAYFORMULA(HLOOKUP($B13, IMPORTRANGE('Prelim Rankings Unsorted'!$B$40, CONCAT(VLOOKUP($C13, 'Match Names'!$A$1:$D$22, 2, FALSE), ""!C3:R29"")), ROW($A$1:$A$24), FALSE)), $AA$9:$AA$31), ""=X"")) + (23 - COUNTIF(IFERROR(ARRAYFORMULA("&"HLOOKUP($B13, IMPORTRANGE('Prelim Rankings Unsorted'!$B$41, CONCAT(VLOOKUP($C13, 'Match Names'!$A$1:$D$22, 3, FALSE), ""!C3:R29"")), ROW($A$1:$A$24), FALSE)), $AA$9:$AA$31), ""=X"")) + (23 - COUNTIF(IFERROR(ARRAYFORMULA(HLOOKUP($B13, IMPORTRANGE('Prelim R"&"ankings Unsorted'!$B$42, CONCAT(VLOOKUP($C13, 'Match Names'!$A$1:$D$22, 4, FALSE), ""!C3:R29"")), ROW($A$1:$A$24), FALSE)), $AA$9:$AA$31), ""=X"")) + (23 - COUNTIF(IFERROR(ARRAYFORMULA(HLOOKUP($B13, IMPORTRANGE('Match Names'!$E$23, CONCAT(VLOOKUP($C13, 'M"&"atch Names'!$1:$22, 5, FALSE), ""!C3:R29"")), ROW($A$1:$A$24), FALSE)), $AA$9:$AA$31), ""=X"")) + (23 - COUNTIF(IFERROR(ARRAYFORMULA(HLOOKUP($B13, IMPORTRANGE('Match Names'!$F$23, CONCAT(VLOOKUP($C13, 'Match Names'!$1:$22, 6, FALSE), ""!C3:R29"")), ROW($A"&"$1:$A$24), FALSE)), $AA$9:$AA$31), ""=X"")) + (23 - COUNTIF(IFERROR(ARRAYFORMULA(HLOOKUP($B13, IMPORTRANGE('Match Names'!$G$23, CONCAT(VLOOKUP($C13, 'Match Names'!$1:$22, 7, FALSE), ""!C3:R29"")), ROW($A$1:$A$24), FALSE)), $AA$9:$AA$31), ""=X"")) + (23 - "&"COUNTIF(IFERROR(ARRAYFORMULA(HLOOKUP($B13, IMPORTRANGE('Match Names'!$H$23, CONCAT(VLOOKUP($C13, 'Match Names'!$1:$22, 8, FALSE), ""!C3:R29"")), ROW($A$1:$A$24), FALSE)), $AA$9:$AA$31), ""=X""))"),92.0) -> 92 | E13: =IFERROR(__xludf.DUMMYFUNCTION("COUNTIF(ARRAYFORMULA(HLOOKUP($B13, IMPORTRANGE('Prelim Rankings Unsorted'!$B$40, CONCAT(VLOOKUP($C13, 'Match Names'!$A$1:$D$22, 2, FALSE), ""!C3:R29"")), ROW($A$1:$A$24), FALSE)), ""=4"") + COUNTIF(ARRAYFORMULA(HLOOKUP($B13, IMPORTRANGE('Prelim Rankings U"&"nsorted'!$B$41, CONCAT(VLOOKUP($C13, 'Match Names'!$A$1:$D$22, 3, FALSE), ""!C3:R29"")), ROW($A$1:$A$24), FALSE)), ""=4"") + COUNTIF(ARRAYFORMULA(HLOOKUP($B13, IMPORTRANGE('Prelim Rankings Unsorted'!$B$42, CONCAT(VLOOKUP($C13, 'Match Names'!$A$1:$D$22, 4,"&" FALSE), ""!C3:R29"")), ROW($A$1:$A$24), FALSE)), ""=4"") + COUNTIF(ARRAYFORMULA(HLOOKUP($B13, IMPORTRANGE('Match Names'!$E$23, CONCAT(VLOOKUP($C13, 'Match Names'!$1:$22, 5, FALSE), ""!C3:R29"")), ROW($A$1:$A$24), FALSE)), ""=4"") + COUNTIF(ARRAYFORMULA(H"&"LOOKUP($B13, IMPORTRANGE('Match Names'!$F$23, CONCAT(VLOOKUP($C13, 'Match Names'!$1:$22, 6, FALSE), ""!C3:R29"")), ROW($A$1:$A$24), FALSE)), ""=4"") + COUNTIF(ARRAYFORMULA(HLOOKUP($B13, IMPORTRANGE('Match Names'!$G$23, CONCAT(VLOOKUP($C13, 'Match Names'!$"&"1:$22, 7, FALSE), ""!C3:R29"")), ROW($A$1:$A$24), FALSE)), ""=4"") + COUNTIF(ARRAYFORMULA(HLOOKUP($B13, IMPORTRANGE('Match Names'!$H$23, CONCAT(VLOOKUP($C13, 'Match Names'!$1:$22, 8, FALSE), ""!C3:R29"")), ROW($A$1:$A$24), FALSE)), ""=4"")"),1.0) -> 1 | F13: =IFERROR(__xludf.DUMMYFUNCTION("COUNTIF(ARRAYFORMULA(HLOOKUP($B13, IMPORTRANGE('Prelim Rankings Unsorted'!$B$40, CONCAT(VLOOKUP($C13, 'Match Names'!$A$1:$D$22, 2, FALSE), ""!C3:R29"")), ROW($A$1:$A$24), FALSE)), ""=0"") + COUNTIF(ARRAYFORMULA(HLOOKUP($B13, IMPORTRANGE('Prelim Rankings U"&"nsorted'!$B$41, CONCAT(VLOOKUP($C13, 'Match Names'!$A$1:$D$22, 3, FALSE), ""!C3:R29"")), ROW($A$1:$A$24), FALSE)), ""=0"") + COUNTIF(ARRAYFORMULA(HLOOKUP($B13, IMPORTRANGE('Prelim Rankings Unsorted'!$B$42, CONCAT(VLOOKUP($C13, 'Match Names'!$A$1:$D$22, 4,"&" FALSE), ""!C3:R29"")), ROW($A$1:$A$24), FALSE)), ""=0"") + COUNTIF(ARRAYFORMULA(HLOOKUP($B13, IMPORTRANGE('Match Names'!$E$23, CONCAT(VLOOKUP($C13, 'Match Names'!$1:$22, 5, FALSE), ""!C3:R29"")), ROW($A$1:$A$24), FALSE)), ""=0"") + COUNTIF(ARRAYFORMULA(H"&"LOOKUP($B13, IMPORTRANGE('Match Names'!$F$23, CONCAT(VLOOKUP($C13, 'Match Names'!$1:$22, 6, FALSE), ""!C3:R29"")), ROW($A$1:$A$24), FALSE)), ""=0"") + COUNTIF(ARRAYFORMULA(HLOOKUP($B13, IMPORTRANGE('Match Names'!$G$23, CONCAT(VLOOKUP($C13, 'Match Names'!$"&"1:$22, 7, FALSE), ""!C3:R29"")), ROW($A$1:$A$24), FALSE)), ""=0"") + COUNTIF(ARRAYFORMULA(HLOOKUP($B13, IMPORTRANGE('Match Names'!$H$23, CONCAT(VLOOKUP($C13, 'Match Names'!$1:$22, 8, FALSE), ""!C3:R29"")), ROW($A$1:$A$24), FALSE)), ""=0"")"),1.0) -> 1 | G13: =IFERROR(__xludf.DUMMYFUNCTION("COUNTIF(ARRAYFORMULA(HLOOKUP($B13, IMPORTRANGE('Prelim Rankings Unsorted'!$B$40, CONCAT(VLOOKUP($C13, 'Match Names'!$A$1:$D$22, 2, FALSE), ""!C3:R29"")), ROW($A$1:$A$24), FALSE)), ""=-4"") + COUNTIF(ARRAYFORMULA(HLOOKUP($B13, IMPORTRANGE('Prelim Rankings "&"Unsorted'!$B$41, CONCAT(VLOOKUP($C13, 'Match Names'!$A$1:$D$22, 3, FALSE), ""!C3:R29"")), ROW($A$1:$A$24), FALSE)), ""=-4"") + COUNTIF(ARRAYFORMULA(HLOOKUP($B13, IMPORTRANGE('Prelim Rankings Unsorted'!$B$42, CONCAT(VLOOKUP($C13, 'Match Names'!$A$1:$D$22, "&"4, FALSE), ""!C3:R29"")), ROW($A$1:$A$24), FALSE)), ""=-4"") + COUNTIF(ARRAYFORMULA(HLOOKUP($B13, IMPORTRANGE('Match Names'!$E$23, CONCAT(VLOOKUP($C13, 'Match Names'!$1:$22, 5, FALSE), ""!C3:R29"")), ROW($A$1:$A$24), FALSE)), ""=-4"") + COUNTIF(ARRAYFORMU"&"LA(HLOOKUP($B13, IMPORTRANGE('Match Names'!$F$23, CONCAT(VLOOKUP($C13, 'Match Names'!$1:$22, 6, FALSE), ""!C3:R29"")), ROW($A$1:$A$24), FALSE)), ""=-4"") + COUNTIF(ARRAYFORMULA(HLOOKUP($B13, IMPORTRANGE('Match Names'!$G$23, CONCAT(VLOOKUP($C13, 'Match Nam"&"es'!$1:$22, 7, FALSE), ""!C3:R29"")), ROW($A$1:$A$24), FALSE)), ""=-4"") + COUNTIF(ARRAYFORMULA(HLOOKUP($B13, IMPORTRANGE('Match Names'!$H$23, CONCAT(VLOOKUP($C13, 'Match Names'!$1:$22, 8, FALSE), ""!C3:R29"")), ROW($A$1:$A$24), FALSE)), ""=-4"")"),0.0) -> 0 | H13: =IFERROR(ROUND(((E13*4)+(G13*-4))/(D13/23), 2), 0) -> 1 | AA13: X
A14: Henryd | B14: =VLOOKUP(CONCAT(A14, C14), 'Discord Username to Real Name'!C:D, 2, FALSE) -> ThisIsDenry#0446 | C14: Dear Field | D14: =IFERROR(__xludf.DUMMYFUNCTION("(23 - COUNTIF(IFERROR(ARRAYFORMULA(HLOOKUP($B14, IMPORTRANGE('Prelim Rankings Unsorted'!$B$40, CONCAT(VLOOKUP($C14, 'Match Names'!$A$1:$D$22, 2, FALSE), ""!C3:R29"")), ROW($A$1:$A$24), FALSE)), $AA$9:$AA$31), ""=X"")) + (23 - COUNTIF(IFERROR(ARRAYFORMULA("&"HLOOKUP($B14, IMPORTRANGE('Prelim Rankings Unsorted'!$B$41, CONCAT(VLOOKUP($C14, 'Match Names'!$A$1:$D$22, 3, FALSE), ""!C3:R29"")), ROW($A$1:$A$24), FALSE)), $AA$9:$AA$31), ""=X"")) + (23 - COUNTIF(IFERROR(ARRAYFORMULA(HLOOKUP($B14, IMPORTRANGE('Prelim R"&"ankings Unsorted'!$B$42, CONCAT(VLOOKUP($C14, 'Match Names'!$A$1:$D$22, 4, FALSE), ""!C3:R29"")), ROW($A$1:$A$24), FALSE)), $AA$9:$AA$31), ""=X"")) + (23 - COUNTIF(IFERROR(ARRAYFORMULA(HLOOKUP($B14, IMPORTRANGE('Match Names'!$E$23, CONCAT(VLOOKUP($C14, 'M"&"atch Names'!$1:$22, 5, FALSE), ""!C3:R29"")), ROW($A$1:$A$24), FALSE)), $AA$9:$AA$31), ""=X"")) + (23 - COUNTIF(IFERROR(ARRAYFORMULA(HLOOKUP($B14, IMPORTRANGE('Match Names'!$F$23, CONCAT(VLOOKUP($C14, 'Match Names'!$1:$22, 6, FALSE), ""!C3:R29"")), ROW($A"&"$1:$A$24), FALSE)), $AA$9:$AA$31), ""=X"")) + (23 - COUNTIF(IFERROR(ARRAYFORMULA(HLOOKUP($B14, IMPORTRANGE('Match Names'!$G$23, CONCAT(VLOOKUP($C14, 'Match Names'!$1:$22, 7, FALSE), ""!C3:R29"")), ROW($A$1:$A$24), FALSE)), $AA$9:$AA$31), ""=X"")) + (23 - "&"COUNTIF(IFERROR(ARRAYFORMULA(HLOOKUP($B14, IMPORTRANGE('Match Names'!$H$23, CONCAT(VLOOKUP($C14, 'Match Names'!$1:$22, 8, FALSE), ""!C3:R29"")), ROW($A$1:$A$24), FALSE)), $AA$9:$AA$31), ""=X""))"),115.0) -> 115 | E14: =IFERROR(__xludf.DUMMYFUNCTION("COUNTIF(ARRAYFORMULA(HLOOKUP($B14, IMPORTRANGE('Prelim Rankings Unsorted'!$B$40, CONCAT(VLOOKUP($C14, 'Match Names'!$A$1:$D$22, 2, FALSE), ""!C3:R29"")), ROW($A$1:$A$24), FALSE)), ""=4"") + COUNTIF(ARRAYFORMULA(HLOOKUP($B14, IMPORTRANGE('Prelim Rankings U"&"nsorted'!$B$41, CONCAT(VLOOKUP($C14, 'Match Names'!$A$1:$D$22, 3, FALSE), ""!C3:R29"")), ROW($A$1:$A$24), FALSE)), ""=4"") + COUNTIF(ARRAYFORMULA(HLOOKUP($B14, IMPORTRANGE('Prelim Rankings Unsorted'!$B$42, CONCAT(VLOOKUP($C14, 'Match Names'!$A$1:$D$22, 4,"&" FALSE), ""!C3:R29"")), ROW($A$1:$A$24), FALSE)), ""=4"") + COUNTIF(ARRAYFORMULA(HLOOKUP($B14, IMPORTRANGE('Match Names'!$E$23, CONCAT(VLOOKUP($C14, 'Match Names'!$1:$22, 5, FALSE), ""!C3:R29"")), ROW($A$1:$A$24), FALSE)), ""=4"") + COUNTIF(ARRAYFORMULA(H"&"LOOKUP($B14, IMPORTRANGE('Match Names'!$F$23, CONCAT(VLOOKUP($C14, 'Match Names'!$1:$22, 6, FALSE), ""!C3:R29"")), ROW($A$1:$A$24), FALSE)), ""=4"") + COUNTIF(ARRAYFORMULA(HLOOKUP($B14, IMPORTRANGE('Match Names'!$G$23, CONCAT(VLOOKUP($C14, 'Match Names'!$"&"1:$22, 7, FALSE), ""!C3:R29"")), ROW($A$1:$A$24), FALSE)), ""=4"") + COUNTIF(ARRAYFORMULA(HLOOKUP($B14, IMPORTRANGE('Match Names'!$H$23, CONCAT(VLOOKUP($C14, 'Match Names'!$1:$22, 8, FALSE), ""!C3:R29"")), ROW($A$1:$A$24), FALSE)), ""=4"")"),35.0) -> 35 | F14: =IFERROR(__xludf.DUMMYFUNCTION("COUNTIF(ARRAYFORMULA(HLOOKUP($B14, IMPORTRANGE('Prelim Rankings Unsorted'!$B$40, CONCAT(VLOOKUP($C14, 'Match Names'!$A$1:$D$22, 2, FALSE), ""!C3:R29"")), ROW($A$1:$A$24), FALSE)), ""=0"") + COUNTIF(ARRAYFORMULA(HLOOKUP($B14, IMPORTRANGE('Prelim Rankings U"&"nsorted'!$B$41, CONCAT(VLOOKUP($C14, 'Match Names'!$A$1:$D$22, 3, FALSE), ""!C3:R29"")), ROW($A$1:$A$24), FALSE)), ""=0"") + COUNTIF(ARRAYFORMULA(HLOOKUP($B14, IMPORTRANGE('Prelim Rankings Unsorted'!$B$42, CONCAT(VLOOKUP($C14, 'Match Names'!$A$1:$D$22, 4,"&" FALSE), ""!C3:R29"")), ROW($A$1:$A$24), FALSE)), ""=0"") + COUNTIF(ARRAYFORMULA(HLOOKUP($B14, IMPORTRANGE('Match Names'!$E$23, CONCAT(VLOOKUP($C14, 'Match Names'!$1:$22, 5, FALSE), ""!C3:R29"")), ROW($A$1:$A$24), FALSE)), ""=0"") + COUNTIF(ARRAYFORMULA(H"&"LOOKUP($B14, IMPORTRANGE('Match Names'!$F$23, CONCAT(VLOOKUP($C14, 'Match Names'!$1:$22, 6, FALSE), ""!C3:R29"")), ROW($A$1:$A$24), FALSE)), ""=0"") + COUNTIF(ARRAYFORMULA(HLOOKUP($B14, IMPORTRANGE('Match Names'!$G$23, CONCAT(VLOOKUP($C14, 'Match Names'!$"&"1:$22, 7, FALSE), ""!C3:R29"")), ROW($A$1:$A$24), FALSE)), ""=0"") + COUNTIF(ARRAYFORMULA(HLOOKUP($B14, IMPORTRANGE('Match Names'!$H$23, CONCAT(VLOOKUP($C14, 'Match Names'!$1:$22, 8, FALSE), ""!C3:R29"")), ROW($A$1:$A$24), FALSE)), ""=0"")"),26.0) -> 26 | G14: =IFERROR(__xludf.DUMMYFUNCTION("COUNTIF(ARRAYFORMULA(HLOOKUP($B14, IMPORTRANGE('Prelim Rankings Unsorted'!$B$40, CONCAT(VLOOKUP($C14, 'Match Names'!$A$1:$D$22, 2, FALSE), ""!C3:R29"")), ROW($A$1:$A$24), FALSE)), ""=-4"") + COUNTIF(ARRAYFORMULA(HLOOKUP($B14, IMPORTRANGE('Prelim Rankings "&"Unsorted'!$B$41, CONCAT(VLOOKUP($C14, 'Match Names'!$A$1:$D$22, 3, FALSE), ""!C3:R29"")), ROW($A$1:$A$24), FALSE)), ""=-4"") + COUNTIF(ARRAYFORMULA(HLOOKUP($B14, IMPORTRANGE('Prelim Rankings Unsorted'!$B$42, CONCAT(VLOOKUP($C14, 'Match Names'!$A$1:$D$22, "&"4, FALSE), ""!C3:R29"")), ROW($A$1:$A$24), FALSE)), ""=-4"") + COUNTIF(ARRAYFORMULA(HLOOKUP($B14, IMPORTRANGE('Match Names'!$E$23, CONCAT(VLOOKUP($C14, 'Match Names'!$1:$22, 5, FALSE), ""!C3:R29"")), ROW($A$1:$A$24), FALSE)), ""=-4"") + COUNTIF(ARRAYFORMU"&"LA(HLOOKUP($B14, IMPORTRANGE('Match Names'!$F$23, CONCAT(VLOOKUP($C14, 'Match Names'!$1:$22, 6, FALSE), ""!C3:R29"")), ROW($A$1:$A$24), FALSE)), ""=-4"") + COUNTIF(ARRAYFORMULA(HLOOKUP($B14, IMPORTRANGE('Match Names'!$G$23, CONCAT(VLOOKUP($C14, 'Match Nam"&"es'!$1:$22, 7, FALSE), ""!C3:R29"")), ROW($A$1:$A$24), FALSE)), ""=-4"") + COUNTIF(ARRAYFORMULA(HLOOKUP($B14, IMPORTRANGE('Match Names'!$H$23, CONCAT(VLOOKUP($C14, 'Match Names'!$1:$22, 8, FALSE), ""!C3:R29"")), ROW($A$1:$A$24), FALSE)), ""=-4"")"),3.0) -> 3 | H14: =IFERROR(ROUND(((E14*4)+(G14*-4))/(D14/23), 2), 0) -> 25.6 | AA14: X
A15: Dylan | B15: =VLOOKUP(CONCAT(A15, C15), 'Discord Username to Real Name'!C:D, 2, FALSE) -> hsuehpooy#7813 | C15: Dear Field | D15: =IFERROR(__xludf.DUMMYFUNCTION("(23 - COUNTIF(IFERROR(ARRAYFORMULA(HLOOKUP($B15, IMPORTRANGE('Prelim Rankings Unsorted'!$B$40, CONCAT(VLOOKUP($C15, 'Match Names'!$A$1:$D$22, 2, FALSE), ""!C3:R29"")), ROW($A$1:$A$24), FALSE)), $AA$9:$AA$31), ""=X"")) + (23 - COUNTIF(IFERROR(ARRAYFORMULA("&"HLOOKUP($B15, IMPORTRANGE('Prelim Rankings Unsorted'!$B$41, CONCAT(VLOOKUP($C15, 'Match Names'!$A$1:$D$22, 3, FALSE), ""!C3:R29"")), ROW($A$1:$A$24), FALSE)), $AA$9:$AA$31), ""=X"")) + (23 - COUNTIF(IFERROR(ARRAYFORMULA(HLOOKUP($B15, IMPORTRANGE('Prelim R"&"ankings Unsorted'!$B$42, CONCAT(VLOOKUP($C15, 'Match Names'!$A$1:$D$22, 4, FALSE), ""!C3:R29"")), ROW($A$1:$A$24), FALSE)), $AA$9:$AA$31), ""=X"")) + (23 - COUNTIF(IFERROR(ARRAYFORMULA(HLOOKUP($B15, IMPORTRANGE('Match Names'!$E$23, CONCAT(VLOOKUP($C15, 'M"&"atch Names'!$1:$22, 5, FALSE), ""!C3:R29"")), ROW($A$1:$A$24), FALSE)), $AA$9:$AA$31), ""=X"")) + (23 - COUNTIF(IFERROR(ARRAYFORMULA(HLOOKUP($B15, IMPORTRANGE('Match Names'!$F$23, CONCAT(VLOOKUP($C15, 'Match Names'!$1:$22, 6, FALSE), ""!C3:R29"")), ROW($A"&"$1:$A$24), FALSE)), $AA$9:$AA$31), ""=X"")) + (23 - COUNTIF(IFERROR(ARRAYFORMULA(HLOOKUP($B15, IMPORTRANGE('Match Names'!$G$23, CONCAT(VLOOKUP($C15, 'Match Names'!$1:$22, 7, FALSE), ""!C3:R29"")), ROW($A$1:$A$24), FALSE)), $AA$9:$AA$31), ""=X"")) + (23 - "&"COUNTIF(IFERROR(ARRAYFORMULA(HLOOKUP($B15, IMPORTRANGE('Match Names'!$H$23, CONCAT(VLOOKUP($C15, 'Match Names'!$1:$22, 8, FALSE), ""!C3:R29"")), ROW($A$1:$A$24), FALSE)), $AA$9:$AA$31), ""=X""))"),103.0) -> 103 | E15: =IFERROR(__xludf.DUMMYFUNCTION("COUNTIF(ARRAYFORMULA(HLOOKUP($B15, IMPORTRANGE('Prelim Rankings Unsorted'!$B$40, CONCAT(VLOOKUP($C15, 'Match Names'!$A$1:$D$22, 2, FALSE), ""!C3:R29"")), ROW($A$1:$A$24), FALSE)), ""=4"") + COUNTIF(ARRAYFORMULA(HLOOKUP($B15, IMPORTRANGE('Prelim Rankings U"&"nsorted'!$B$41, CONCAT(VLOOKUP($C15, 'Match Names'!$A$1:$D$22, 3, FALSE), ""!C3:R29"")), ROW($A$1:$A$24), FALSE)), ""=4"") + COUNTIF(ARRAYFORMULA(HLOOKUP($B15, IMPORTRANGE('Prelim Rankings Unsorted'!$B$42, CONCAT(VLOOKUP($C15, 'Match Names'!$A$1:$D$22, 4,"&" FALSE), ""!C3:R29"")), ROW($A$1:$A$24), FALSE)), ""=4"") + COUNTIF(ARRAYFORMULA(HLOOKUP($B15, IMPORTRANGE('Match Names'!$E$23, CONCAT(VLOOKUP($C15, 'Match Names'!$1:$22, 5, FALSE), ""!C3:R29"")), ROW($A$1:$A$24), FALSE)), ""=4"") + COUNTIF(ARRAYFORMULA(H"&"LOOKUP($B15, IMPORTRANGE('Match Names'!$F$23, CONCAT(VLOOKUP($C15, 'Match Names'!$1:$22, 6, FALSE), ""!C3:R29"")), ROW($A$1:$A$24), FALSE)), ""=4"") + COUNTIF(ARRAYFORMULA(HLOOKUP($B15, IMPORTRANGE('Match Names'!$G$23, CONCAT(VLOOKUP($C15, 'Match Names'!$"&"1:$22, 7, FALSE), ""!C3:R29"")), ROW($A$1:$A$24), FALSE)), ""=4"") + COUNTIF(ARRAYFORMULA(HLOOKUP($B15, IMPORTRANGE('Match Names'!$H$23, CONCAT(VLOOKUP($C15, 'Match Names'!$1:$22, 8, FALSE), ""!C3:R29"")), ROW($A$1:$A$24), FALSE)), ""=4"")"),3.0) -> 3 | F15: =IFERROR(__xludf.DUMMYFUNCTION("COUNTIF(ARRAYFORMULA(HLOOKUP($B15, IMPORTRANGE('Prelim Rankings Unsorted'!$B$40, CONCAT(VLOOKUP($C15, 'Match Names'!$A$1:$D$22, 2, FALSE), ""!C3:R29"")), ROW($A$1:$A$24), FALSE)), ""=0"") + COUNTIF(ARRAYFORMULA(HLOOKUP($B15, IMPORTRANGE('Prelim Rankings U"&"nsorted'!$B$41, CONCAT(VLOOKUP($C15, 'Match Names'!$A$1:$D$22, 3, FALSE), ""!C3:R29"")), ROW($A$1:$A$24), FALSE)), ""=0"") + COUNTIF(ARRAYFORMULA(HLOOKUP($B15, IMPORTRANGE('Prelim Rankings Unsorted'!$B$42, CONCAT(VLOOKUP($C15, 'Match Names'!$A$1:$D$22, 4,"&" FALSE), ""!C3:R29"")), ROW($A$1:$A$24), FALSE)), ""=0"") + COUNTIF(ARRAYFORMULA(HLOOKUP($B15, IMPORTRANGE('Match Names'!$E$23, CONCAT(VLOOKUP($C15, 'Match Names'!$1:$22, 5, FALSE), ""!C3:R29"")), ROW($A$1:$A$24), FALSE)), ""=0"") + COUNTIF(ARRAYFORMULA(H"&"LOOKUP($B15, IMPORTRANGE('Match Names'!$F$23, CONCAT(VLOOKUP($C15, 'Match Names'!$1:$22, 6, FALSE), ""!C3:R29"")), ROW($A$1:$A$24), FALSE)), ""=0"") + COUNTIF(ARRAYFORMULA(HLOOKUP($B15, IMPORTRANGE('Match Names'!$G$23, CONCAT(VLOOKUP($C15, 'Match Names'!$"&"1:$22, 7, FALSE), ""!C3:R29"")), ROW($A$1:$A$24), FALSE)), ""=0"") + COUNTIF(ARRAYFORMULA(HLOOKUP($B15, IMPORTRANGE('Match Names'!$H$23, CONCAT(VLOOKUP($C15, 'Match Names'!$1:$22, 8, FALSE), ""!C3:R29"")), ROW($A$1:$A$24), FALSE)), ""=0"")"),4.0) -> 4 | G15: =IFERROR(__xludf.DUMMYFUNCTION("COUNTIF(ARRAYFORMULA(HLOOKUP($B15, IMPORTRANGE('Prelim Rankings Unsorted'!$B$40, CONCAT(VLOOKUP($C15, 'Match Names'!$A$1:$D$22, 2, FALSE), ""!C3:R29"")), ROW($A$1:$A$24), FALSE)), ""=-4"") + COUNTIF(ARRAYFORMULA(HLOOKUP($B15, IMPORTRANGE('Prelim Rankings "&"Unsorted'!$B$41, CONCAT(VLOOKUP($C15, 'Match Names'!$A$1:$D$22, 3, FALSE), ""!C3:R29"")), ROW($A$1:$A$24), FALSE)), ""=-4"") + COUNTIF(ARRAYFORMULA(HLOOKUP($B15, IMPORTRANGE('Prelim Rankings Unsorted'!$B$42, CONCAT(VLOOKUP($C15, 'Match Names'!$A$1:$D$22, "&"4, FALSE), ""!C3:R29"")), ROW($A$1:$A$24), FALSE)), ""=-4"") + COUNTIF(ARRAYFORMULA(HLOOKUP($B15, IMPORTRANGE('Match Names'!$E$23, CONCAT(VLOOKUP($C15, 'Match Names'!$1:$22, 5, FALSE), ""!C3:R29"")), ROW($A$1:$A$24), FALSE)), ""=-4"") + COUNTIF(ARRAYFORMU"&"LA(HLOOKUP($B15, IMPORTRANGE('Match Names'!$F$23, CONCAT(VLOOKUP($C15, 'Match Names'!$1:$22, 6, FALSE), ""!C3:R29"")), ROW($A$1:$A$24), FALSE)), ""=-4"") + COUNTIF(ARRAYFORMULA(HLOOKUP($B15, IMPORTRANGE('Match Names'!$G$23, CONCAT(VLOOKUP($C15, 'Match Nam"&"es'!$1:$22, 7, FALSE), ""!C3:R29"")), ROW($A$1:$A$24), FALSE)), ""=-4"") + COUNTIF(ARRAYFORMULA(HLOOKUP($B15, IMPORTRANGE('Match Names'!$H$23, CONCAT(VLOOKUP($C15, 'Match Names'!$1:$22, 8, FALSE), ""!C3:R29"")), ROW($A$1:$A$24), FALSE)), ""=-4"")"),0.0) -> 0 | H15: =IFERROR(ROUND(((E15*4)+(G15*-4))/(D15/23), 2), 0) -> 2.68 | AA15: X
A16: Analy | B16: =VLOOKUP(CONCAT(A16, C16), 'Discord Username to Real Name'!C:D, 2, FALSE) -> CheeseGr8ter#2134 | C16: Dear Field | D16: =IFERROR(__xludf.DUMMYFUNCTION("(23 - COUNTIF(IFERROR(ARRAYFORMULA(HLOOKUP($B16, IMPORTRANGE('Prelim Rankings Unsorted'!$B$40, CONCAT(VLOOKUP($C16, 'Match Names'!$A$1:$D$22, 2, FALSE), ""!C3:R29"")), ROW($A$1:$A$24), FALSE)), $AA$9:$AA$31), ""=X"")) + (23 - COUNTIF(IFERROR(ARRAYFORMULA("&"HLOOKUP($B16, IMPORTRANGE('Prelim Rankings Unsorted'!$B$41, CONCAT(VLOOKUP($C16, 'Match Names'!$A$1:$D$22, 3, FALSE), ""!C3:R29"")), ROW($A$1:$A$24), FALSE)), $AA$9:$AA$31), ""=X"")) + (23 - COUNTIF(IFERROR(ARRAYFORMULA(HLOOKUP($B16, IMPORTRANGE('Prelim R"&"ankings Unsorted'!$B$42, CONCAT(VLOOKUP($C16, 'Match Names'!$A$1:$D$22, 4, FALSE), ""!C3:R29"")), ROW($A$1:$A$24), FALSE)), $AA$9:$AA$31), ""=X"")) + (23 - COUNTIF(IFERROR(ARRAYFORMULA(HLOOKUP($B16, IMPORTRANGE('Match Names'!$E$23, CONCAT(VLOOKUP($C16, 'M"&"atch Names'!$1:$22, 5, FALSE), ""!C3:R29"")), ROW($A$1:$A$24), FALSE)), $AA$9:$AA$31), ""=X"")) + (23 - COUNTIF(IFERROR(ARRAYFORMULA(HLOOKUP($B16, IMPORTRANGE('Match Names'!$F$23, CONCAT(VLOOKUP($C16, 'Match Names'!$1:$22, 6, FALSE), ""!C3:R29"")), ROW($A"&"$1:$A$24), FALSE)), $AA$9:$AA$31), ""=X"")) + (23 - COUNTIF(IFERROR(ARRAYFORMULA(HLOOKUP($B16, IMPORTRANGE('Match Names'!$G$23, CONCAT(VLOOKUP($C16, 'Match Names'!$1:$22, 7, FALSE), ""!C3:R29"")), ROW($A$1:$A$24), FALSE)), $AA$9:$AA$31), ""=X"")) + (23 - "&"COUNTIF(IFERROR(ARRAYFORMULA(HLOOKUP($B16, IMPORTRANGE('Match Names'!$H$23, CONCAT(VLOOKUP($C16, 'Match Names'!$1:$22, 8, FALSE), ""!C3:R29"")), ROW($A$1:$A$24), FALSE)), $AA$9:$AA$31), ""=X""))"),115.0) -> 115 | E16: =IFERROR(__xludf.DUMMYFUNCTION("COUNTIF(ARRAYFORMULA(HLOOKUP($B16, IMPORTRANGE('Prelim Rankings Unsorted'!$B$40, CONCAT(VLOOKUP($C16, 'Match Names'!$A$1:$D$22, 2, FALSE), ""!C3:R29"")), ROW($A$1:$A$24), FALSE)), ""=4"") + COUNTIF(ARRAYFORMULA(HLOOKUP($B16, IMPORTRANGE('Prelim Rankings U"&"nsorted'!$B$41, CONCAT(VLOOKUP($C16, 'Match Names'!$A$1:$D$22, 3, FALSE), ""!C3:R29"")), ROW($A$1:$A$24), FALSE)), ""=4"") + COUNTIF(ARRAYFORMULA(HLOOKUP($B16, IMPORTRANGE('Prelim Rankings Unsorted'!$B$42, CONCAT(VLOOKUP($C16, 'Match Names'!$A$1:$D$22, 4,"&" FALSE), ""!C3:R29"")), ROW($A$1:$A$24), FALSE)), ""=4"") + COUNTIF(ARRAYFORMULA(HLOOKUP($B16, IMPORTRANGE('Match Names'!$E$23, CONCAT(VLOOKUP($C16, 'Match Names'!$1:$22, 5, FALSE), ""!C3:R29"")), ROW($A$1:$A$24), FALSE)), ""=4"") + COUNTIF(ARRAYFORMULA(H"&"LOOKUP($B16, IMPORTRANGE('Match Names'!$F$23, CONCAT(VLOOKUP($C16, 'Match Names'!$1:$22, 6, FALSE), ""!C3:R29"")), ROW($A$1:$A$24), FALSE)), ""=4"") + COUNTIF(ARRAYFORMULA(HLOOKUP($B16, IMPORTRANGE('Match Names'!$G$23, CONCAT(VLOOKUP($C16, 'Match Names'!$"&"1:$22, 7, FALSE), ""!C3:R29"")), ROW($A$1:$A$24), FALSE)), ""=4"") + COUNTIF(ARRAYFORMULA(HLOOKUP($B16, IMPORTRANGE('Match Names'!$H$23, CONCAT(VLOOKUP($C16, 'Match Names'!$1:$22, 8, FALSE), ""!C3:R29"")), ROW($A$1:$A$24), FALSE)), ""=4"")"),1.0) -> 1 | F16: =IFERROR(__xludf.DUMMYFUNCTION("COUNTIF(ARRAYFORMULA(HLOOKUP($B16, IMPORTRANGE('Prelim Rankings Unsorted'!$B$40, CONCAT(VLOOKUP($C16, 'Match Names'!$A$1:$D$22, 2, FALSE), ""!C3:R29"")), ROW($A$1:$A$24), FALSE)), ""=0"") + COUNTIF(ARRAYFORMULA(HLOOKUP($B16, IMPORTRANGE('Prelim Rankings U"&"nsorted'!$B$41, CONCAT(VLOOKUP($C16, 'Match Names'!$A$1:$D$22, 3, FALSE), ""!C3:R29"")), ROW($A$1:$A$24), FALSE)), ""=0"") + COUNTIF(ARRAYFORMULA(HLOOKUP($B16, IMPORTRANGE('Prelim Rankings Unsorted'!$B$42, CONCAT(VLOOKUP($C16, 'Match Names'!$A$1:$D$22, 4,"&" FALSE), ""!C3:R29"")), ROW($A$1:$A$24), FALSE)), ""=0"") + COUNTIF(ARRAYFORMULA(HLOOKUP($B16, IMPORTRANGE('Match Names'!$E$23, CONCAT(VLOOKUP($C16, 'Match Names'!$1:$22, 5, FALSE), ""!C3:R29"")), ROW($A$1:$A$24), FALSE)), ""=0"") + COUNTIF(ARRAYFORMULA(H"&"LOOKUP($B16, IMPORTRANGE('Match Names'!$F$23, CONCAT(VLOOKUP($C16, 'Match Names'!$1:$22, 6, FALSE), ""!C3:R29"")), ROW($A$1:$A$24), FALSE)), ""=0"") + COUNTIF(ARRAYFORMULA(HLOOKUP($B16, IMPORTRANGE('Match Names'!$G$23, CONCAT(VLOOKUP($C16, 'Match Names'!$"&"1:$22, 7, FALSE), ""!C3:R29"")), ROW($A$1:$A$24), FALSE)), ""=0"") + COUNTIF(ARRAYFORMULA(HLOOKUP($B16, IMPORTRANGE('Match Names'!$H$23, CONCAT(VLOOKUP($C16, 'Match Names'!$1:$22, 8, FALSE), ""!C3:R29"")), ROW($A$1:$A$24), FALSE)), ""=0"")"),4.0) -> 4 | G16: =IFERROR(__xludf.DUMMYFUNCTION("COUNTIF(ARRAYFORMULA(HLOOKUP($B16, IMPORTRANGE('Prelim Rankings Unsorted'!$B$40, CONCAT(VLOOKUP($C16, 'Match Names'!$A$1:$D$22, 2, FALSE), ""!C3:R29"")), ROW($A$1:$A$24), FALSE)), ""=-4"") + COUNTIF(ARRAYFORMULA(HLOOKUP($B16, IMPORTRANGE('Prelim Rankings "&"Unsorted'!$B$41, CONCAT(VLOOKUP($C16, 'Match Names'!$A$1:$D$22, 3, FALSE), ""!C3:R29"")), ROW($A$1:$A$24), FALSE)), ""=-4"") + COUNTIF(ARRAYFORMULA(HLOOKUP($B16, IMPORTRANGE('Prelim Rankings Unsorted'!$B$42, CONCAT(VLOOKUP($C16, 'Match Names'!$A$1:$D$22, "&"4, FALSE), ""!C3:R29"")), ROW($A$1:$A$24), FALSE)), ""=-4"") + COUNTIF(ARRAYFORMULA(HLOOKUP($B16, IMPORTRANGE('Match Names'!$E$23, CONCAT(VLOOKUP($C16, 'Match Names'!$1:$22, 5, FALSE), ""!C3:R29"")), ROW($A$1:$A$24), FALSE)), ""=-4"") + COUNTIF(ARRAYFORMU"&"LA(HLOOKUP($B16, IMPORTRANGE('Match Names'!$F$23, CONCAT(VLOOKUP($C16, 'Match Names'!$1:$22, 6, FALSE), ""!C3:R29"")), ROW($A$1:$A$24), FALSE)), ""=-4"") + COUNTIF(ARRAYFORMULA(HLOOKUP($B16, IMPORTRANGE('Match Names'!$G$23, CONCAT(VLOOKUP($C16, 'Match Nam"&"es'!$1:$22, 7, FALSE), ""!C3:R29"")), ROW($A$1:$A$24), FALSE)), ""=-4"") + COUNTIF(ARRAYFORMULA(HLOOKUP($B16, IMPORTRANGE('Match Names'!$H$23, CONCAT(VLOOKUP($C16, 'Match Names'!$1:$22, 8, FALSE), ""!C3:R29"")), ROW($A$1:$A$24), FALSE)), ""=-4"")"),0.0) -> 0 | H16: =IFERROR(ROUND(((E16*4)+(G16*-4))/(D16/23), 2), 0) -> 0.8 | AA16: X
A17: s0arbeacon | B17: =VLOOKUP(CONCAT(A17, C17), 'Discord Username to Real Name'!C:D, 2, FALSE) -> s0arbeacon#9262 | C17: William Mason | D17: =IFERROR(__xludf.DUMMYFUNCTION("(23 - COUNTIF(IFERROR(ARRAYFORMULA(HLOOKUP($B17, IMPORTRANGE('Prelim Rankings Unsorted'!$B$40, CONCAT(VLOOKUP($C17, 'Match Names'!$A$1:$D$22, 2, FALSE), ""!C3:R29"")), ROW($A$1:$A$24), FALSE)), $AA$9:$AA$31), ""=X"")) + (23 - COUNTIF(IFERROR(ARRAYFORMULA("&"HLOOKUP($B17, IMPORTRANGE('Prelim Rankings Unsorted'!$B$41, CONCAT(VLOOKUP($C17, 'Match Names'!$A$1:$D$22, 3, FALSE), ""!C3:R29"")), ROW($A$1:$A$24), FALSE)), $AA$9:$AA$31), ""=X"")) + (23 - COUNTIF(IFERROR(ARRAYFORMULA(HLOOKUP($B17, IMPORTRANGE('Prelim R"&"ankings Unsorted'!$B$42, CONCAT(VLOOKUP($C17, 'Match Names'!$A$1:$D$22, 4, FALSE), ""!C3:R29"")), ROW($A$1:$A$24), FALSE)), $AA$9:$AA$31), ""=X"")) + (23 - COUNTIF(IFERROR(ARRAYFORMULA(HLOOKUP($B17, IMPORTRANGE('Match Names'!$E$23, CONCAT(VLOOKUP($C17, 'M"&"atch Names'!$1:$22, 5, FALSE), ""!C3:R29"")), ROW($A$1:$A$24), FALSE)), $AA$9:$AA$31), ""=X"")) + (23 - COUNTIF(IFERROR(ARRAYFORMULA(HLOOKUP($B17, IMPORTRANGE('Match Names'!$F$23, CONCAT(VLOOKUP($C17, 'Match Names'!$1:$22, 6, FALSE), ""!C3:R29"")), ROW($A"&"$1:$A$24), FALSE)), $AA$9:$AA$31), ""=X"")) + (23 - COUNTIF(IFERROR(ARRAYFORMULA(HLOOKUP($B17, IMPORTRANGE('Match Names'!$G$23, CONCAT(VLOOKUP($C17, 'Match Names'!$1:$22, 7, FALSE), ""!C3:R29"")), ROW($A$1:$A$24), FALSE)), $AA$9:$AA$31), ""=X"")) + (23 - "&"COUNTIF(IFERROR(ARRAYFORMULA(HLOOKUP($B17, IMPORTRANGE('Match Names'!$H$23, CONCAT(VLOOKUP($C17, 'Match Names'!$1:$22, 8, FALSE), ""!C3:R29"")), ROW($A$1:$A$24), FALSE)), $AA$9:$AA$31), ""=X""))"),92.0) -> 92 | E17: =IFERROR(__xludf.DUMMYFUNCTION("COUNTIF(ARRAYFORMULA(HLOOKUP($B17, IMPORTRANGE('Prelim Rankings Unsorted'!$B$40, CONCAT(VLOOKUP($C17, 'Match Names'!$A$1:$D$22, 2, FALSE), ""!C3:R29"")), ROW($A$1:$A$24), FALSE)), ""=4"") + COUNTIF(ARRAYFORMULA(HLOOKUP($B17, IMPORTRANGE('Prelim Rankings U"&"nsorted'!$B$41, CONCAT(VLOOKUP($C17, 'Match Names'!$A$1:$D$22, 3, FALSE), ""!C3:R29"")), ROW($A$1:$A$24), FALSE)), ""=4"") + COUNTIF(ARRAYFORMULA(HLOOKUP($B17, IMPORTRANGE('Prelim Rankings Unsorted'!$B$42, CONCAT(VLOOKUP($C17, 'Match Names'!$A$1:$D$22, 4,"&" FALSE), ""!C3:R29"")), ROW($A$1:$A$24), FALSE)), ""=4"") + COUNTIF(ARRAYFORMULA(HLOOKUP($B17, IMPORTRANGE('Match Names'!$E$23, CONCAT(VLOOKUP($C17, 'Match Names'!$1:$22, 5, FALSE), ""!C3:R29"")), ROW($A$1:$A$24), FALSE)), ""=4"") + COUNTIF(ARRAYFORMULA(H"&"LOOKUP($B17, IMPORTRANGE('Match Names'!$F$23, CONCAT(VLOOKUP($C17, 'Match Names'!$1:$22, 6, FALSE), ""!C3:R29"")), ROW($A$1:$A$24), FALSE)), ""=4"") + COUNTIF(ARRAYFORMULA(HLOOKUP($B17, IMPORTRANGE('Match Names'!$G$23, CONCAT(VLOOKUP($C17, 'Match Names'!$"&"1:$22, 7, FALSE), ""!C3:R29"")), ROW($A$1:$A$24), FALSE)), ""=4"") + COUNTIF(ARRAYFORMULA(HLOOKUP($B17, IMPORTRANGE('Match Names'!$H$23, CONCAT(VLOOKUP($C17, 'Match Names'!$1:$22, 8, FALSE), ""!C3:R29"")), ROW($A$1:$A$24), FALSE)), ""=4"")"),12.0) -> 12 | F17: =IFERROR(__xludf.DUMMYFUNCTION("COUNTIF(ARRAYFORMULA(HLOOKUP($B17, IMPORTRANGE('Prelim Rankings Unsorted'!$B$40, CONCAT(VLOOKUP($C17, 'Match Names'!$A$1:$D$22, 2, FALSE), ""!C3:R29"")), ROW($A$1:$A$24), FALSE)), ""=0"") + COUNTIF(ARRAYFORMULA(HLOOKUP($B17, IMPORTRANGE('Prelim Rankings U"&"nsorted'!$B$41, CONCAT(VLOOKUP($C17, 'Match Names'!$A$1:$D$22, 3, FALSE), ""!C3:R29"")), ROW($A$1:$A$24), FALSE)), ""=0"") + COUNTIF(ARRAYFORMULA(HLOOKUP($B17, IMPORTRANGE('Prelim Rankings Unsorted'!$B$42, CONCAT(VLOOKUP($C17, 'Match Names'!$A$1:$D$22, 4,"&" FALSE), ""!C3:R29"")), ROW($A$1:$A$24), FALSE)), ""=0"") + COUNTIF(ARRAYFORMULA(HLOOKUP($B17, IMPORTRANGE('Match Names'!$E$23, CONCAT(VLOOKUP($C17, 'Match Names'!$1:$22, 5, FALSE), ""!C3:R29"")), ROW($A$1:$A$24), FALSE)), ""=0"") + COUNTIF(ARRAYFORMULA(H"&"LOOKUP($B17, IMPORTRANGE('Match Names'!$F$23, CONCAT(VLOOKUP($C17, 'Match Names'!$1:$22, 6, FALSE), ""!C3:R29"")), ROW($A$1:$A$24), FALSE)), ""=0"") + COUNTIF(ARRAYFORMULA(HLOOKUP($B17, IMPORTRANGE('Match Names'!$G$23, CONCAT(VLOOKUP($C17, 'Match Names'!$"&"1:$22, 7, FALSE), ""!C3:R29"")), ROW($A$1:$A$24), FALSE)), ""=0"") + COUNTIF(ARRAYFORMULA(HLOOKUP($B17, IMPORTRANGE('Match Names'!$H$23, CONCAT(VLOOKUP($C17, 'Match Names'!$1:$22, 8, FALSE), ""!C3:R29"")), ROW($A$1:$A$24), FALSE)), ""=0"")"),15.0) -> 15 | G17: =IFERROR(__xludf.DUMMYFUNCTION("COUNTIF(ARRAYFORMULA(HLOOKUP($B17, IMPORTRANGE('Prelim Rankings Unsorted'!$B$40, CONCAT(VLOOKUP($C17, 'Match Names'!$A$1:$D$22, 2, FALSE), ""!C3:R29"")), ROW($A$1:$A$24), FALSE)), ""=-4"") + COUNTIF(ARRAYFORMULA(HLOOKUP($B17, IMPORTRANGE('Prelim Rankings "&"Unsorted'!$B$41, CONCAT(VLOOKUP($C17, 'Match Names'!$A$1:$D$22, 3, FALSE), ""!C3:R29"")), ROW($A$1:$A$24), FALSE)), ""=-4"") + COUNTIF(ARRAYFORMULA(HLOOKUP($B17, IMPORTRANGE('Prelim Rankings Unsorted'!$B$42, CONCAT(VLOOKUP($C17, 'Match Names'!$A$1:$D$22, "&"4, FALSE), ""!C3:R29"")), ROW($A$1:$A$24), FALSE)), ""=-4"") + COUNTIF(ARRAYFORMULA(HLOOKUP($B17, IMPORTRANGE('Match Names'!$E$23, CONCAT(VLOOKUP($C17, 'Match Names'!$1:$22, 5, FALSE), ""!C3:R29"")), ROW($A$1:$A$24), FALSE)), ""=-4"") + COUNTIF(ARRAYFORMU"&"LA(HLOOKUP($B17, IMPORTRANGE('Match Names'!$F$23, CONCAT(VLOOKUP($C17, 'Match Names'!$1:$22, 6, FALSE), ""!C3:R29"")), ROW($A$1:$A$24), FALSE)), ""=-4"") + COUNTIF(ARRAYFORMULA(HLOOKUP($B17, IMPORTRANGE('Match Names'!$G$23, CONCAT(VLOOKUP($C17, 'Match Nam"&"es'!$1:$22, 7, FALSE), ""!C3:R29"")), ROW($A$1:$A$24), FALSE)), ""=-4"") + COUNTIF(ARRAYFORMULA(HLOOKUP($B17, IMPORTRANGE('Match Names'!$H$23, CONCAT(VLOOKUP($C17, 'Match Names'!$1:$22, 8, FALSE), ""!C3:R29"")), ROW($A$1:$A$24), FALSE)), ""=-4"")"),1.0) -> 1 | H17: =IFERROR(ROUND(((E17*4)+(G17*-4))/(D17/23), 2), 0) -> 11 | AA17: X
A18: penguin | B18: =VLOOKUP(CONCAT(A18, C18), 'Discord Username to Real Name'!C:D, 2, FALSE) -> .penguin#3809 | C18: William Mason | D18: =IFERROR(__xludf.DUMMYFUNCTION("(23 - COUNTIF(IFERROR(ARRAYFORMULA(HLOOKUP($B18, IMPORTRANGE('Prelim Rankings Unsorted'!$B$40, CONCAT(VLOOKUP($C18, 'Match Names'!$A$1:$D$22, 2, FALSE), ""!C3:R29"")), ROW($A$1:$A$24), FALSE)), $AA$9:$AA$31), ""=X"")) + (23 - COUNTIF(IFERROR(ARRAYFORMULA("&"HLOOKUP($B18, IMPORTRANGE('Prelim Rankings Unsorted'!$B$41, CONCAT(VLOOKUP($C18, 'Match Names'!$A$1:$D$22, 3, FALSE), ""!C3:R29"")), ROW($A$1:$A$24), FALSE)), $AA$9:$AA$31), ""=X"")) + (23 - COUNTIF(IFERROR(ARRAYFORMULA(HLOOKUP($B18, IMPORTRANGE('Prelim R"&"ankings Unsorted'!$B$42, CONCAT(VLOOKUP($C18, 'Match Names'!$A$1:$D$22, 4, FALSE), ""!C3:R29"")), ROW($A$1:$A$24), FALSE)), $AA$9:$AA$31), ""=X"")) + (23 - COUNTIF(IFERROR(ARRAYFORMULA(HLOOKUP($B18, IMPORTRANGE('Match Names'!$E$23, CONCAT(VLOOKUP($C18, 'M"&"atch Names'!$1:$22, 5, FALSE), ""!C3:R29"")), ROW($A$1:$A$24), FALSE)), $AA$9:$AA$31), ""=X"")) + (23 - COUNTIF(IFERROR(ARRAYFORMULA(HLOOKUP($B18, IMPORTRANGE('Match Names'!$F$23, CONCAT(VLOOKUP($C18, 'Match Names'!$1:$22, 6, FALSE), ""!C3:R29"")), ROW($A"&"$1:$A$24), FALSE)), $AA$9:$AA$31), ""=X"")) + (23 - COUNTIF(IFERROR(ARRAYFORMULA(HLOOKUP($B18, IMPORTRANGE('Match Names'!$G$23, CONCAT(VLOOKUP($C18, 'Match Names'!$1:$22, 7, FALSE), ""!C3:R29"")), ROW($A$1:$A$24), FALSE)), $AA$9:$AA$31), ""=X"")) + (23 - "&"COUNTIF(IFERROR(ARRAYFORMULA(HLOOKUP($B18, IMPORTRANGE('Match Names'!$H$23, CONCAT(VLOOKUP($C18, 'Match Names'!$1:$22, 8, FALSE), ""!C3:R29"")), ROW($A$1:$A$24), FALSE)), $AA$9:$AA$31), ""=X""))"),0.0) -> 0 | E18: =IFERROR(__xludf.DUMMYFUNCTION("COUNTIF(ARRAYFORMULA(HLOOKUP($B18, IMPORTRANGE('Prelim Rankings Unsorted'!$B$40, CONCAT(VLOOKUP($C18, 'Match Names'!$A$1:$D$22, 2, FALSE), ""!C3:R29"")), ROW($A$1:$A$24), FALSE)), ""=4"") + COUNTIF(ARRAYFORMULA(HLOOKUP($B18, IMPORTRANGE('Prelim Rankings U"&"nsorted'!$B$41, CONCAT(VLOOKUP($C18, 'Match Names'!$A$1:$D$22, 3, FALSE), ""!C3:R29"")), ROW($A$1:$A$24), FALSE)), ""=4"") + COUNTIF(ARRAYFORMULA(HLOOKUP($B18, IMPORTRANGE('Prelim Rankings Unsorted'!$B$42, CONCAT(VLOOKUP($C18, 'Match Names'!$A$1:$D$22, 4,"&" FALSE), ""!C3:R29"")), ROW($A$1:$A$24), FALSE)), ""=4"") + COUNTIF(ARRAYFORMULA(HLOOKUP($B18, IMPORTRANGE('Match Names'!$E$23, CONCAT(VLOOKUP($C18, 'Match Names'!$1:$22, 5, FALSE), ""!C3:R29"")), ROW($A$1:$A$24), FALSE)), ""=4"") + COUNTIF(ARRAYFORMULA(H"&"LOOKUP($B18, IMPORTRANGE('Match Names'!$F$23, CONCAT(VLOOKUP($C18, 'Match Names'!$1:$22, 6, FALSE), ""!C3:R29"")), ROW($A$1:$A$24), FALSE)), ""=4"") + COUNTIF(ARRAYFORMULA(HLOOKUP($B18, IMPORTRANGE('Match Names'!$G$23, CONCAT(VLOOKUP($C18, 'Match Names'!$"&"1:$22, 7, FALSE), ""!C3:R29"")), ROW($A$1:$A$24), FALSE)), ""=4"") + COUNTIF(ARRAYFORMULA(HLOOKUP($B18, IMPORTRANGE('Match Names'!$H$23, CONCAT(VLOOKUP($C18, 'Match Names'!$1:$22, 8, FALSE), ""!C3:R29"")), ROW($A$1:$A$24), FALSE)), ""=4"")"),0.0) -> 0 | F18: =IFERROR(__xludf.DUMMYFUNCTION("COUNTIF(ARRAYFORMULA(HLOOKUP($B18, IMPORTRANGE('Prelim Rankings Unsorted'!$B$40, CONCAT(VLOOKUP($C18, 'Match Names'!$A$1:$D$22, 2, FALSE), ""!C3:R29"")), ROW($A$1:$A$24), FALSE)), ""=0"") + COUNTIF(ARRAYFORMULA(HLOOKUP($B18, IMPORTRANGE('Prelim Rankings U"&"nsorted'!$B$41, CONCAT(VLOOKUP($C18, 'Match Names'!$A$1:$D$22, 3, FALSE), ""!C3:R29"")), ROW($A$1:$A$24), FALSE)), ""=0"") + COUNTIF(ARRAYFORMULA(HLOOKUP($B18, IMPORTRANGE('Prelim Rankings Unsorted'!$B$42, CONCAT(VLOOKUP($C18, 'Match Names'!$A$1:$D$22, 4,"&" FALSE), ""!C3:R29"")), ROW($A$1:$A$24), FALSE)), ""=0"") + COUNTIF(ARRAYFORMULA(HLOOKUP($B18, IMPORTRANGE('Match Names'!$E$23, CONCAT(VLOOKUP($C18, 'Match Names'!$1:$22, 5, FALSE), ""!C3:R29"")), ROW($A$1:$A$24), FALSE)), ""=0"") + COUNTIF(ARRAYFORMULA(H"&"LOOKUP($B18, IMPORTRANGE('Match Names'!$F$23, CONCAT(VLOOKUP($C18, 'Match Names'!$1:$22, 6, FALSE), ""!C3:R29"")), ROW($A$1:$A$24), FALSE)), ""=0"") + COUNTIF(ARRAYFORMULA(HLOOKUP($B18, IMPORTRANGE('Match Names'!$G$23, CONCAT(VLOOKUP($C18, 'Match Names'!$"&"1:$22, 7, FALSE), ""!C3:R29"")), ROW($A$1:$A$24), FALSE)), ""=0"") + COUNTIF(ARRAYFORMULA(HLOOKUP($B18, IMPORTRANGE('Match Names'!$H$23, CONCAT(VLOOKUP($C18, 'Match Names'!$1:$22, 8, FALSE), ""!C3:R29"")), ROW($A$1:$A$24), FALSE)), ""=0"")"),0.0) -> 0 | G18: =IFERROR(__xludf.DUMMYFUNCTION("COUNTIF(ARRAYFORMULA(HLOOKUP($B18, IMPORTRANGE('Prelim Rankings Unsorted'!$B$40, CONCAT(VLOOKUP($C18, 'Match Names'!$A$1:$D$22, 2, FALSE), ""!C3:R29"")), ROW($A$1:$A$24), FALSE)), ""=-4"") + COUNTIF(ARRAYFORMULA(HLOOKUP($B18, IMPORTRANGE('Prelim Rankings "&"Unsorted'!$B$41, CONCAT(VLOOKUP($C18, 'Match Names'!$A$1:$D$22, 3, FALSE), ""!C3:R29"")), ROW($A$1:$A$24), FALSE)), ""=-4"") + COUNTIF(ARRAYFORMULA(HLOOKUP($B18, IMPORTRANGE('Prelim Rankings Unsorted'!$B$42, CONCAT(VLOOKUP($C18, 'Match Names'!$A$1:$D$22, "&"4, FALSE), ""!C3:R29"")), ROW($A$1:$A$24), FALSE)), ""=-4"") + COUNTIF(ARRAYFORMULA(HLOOKUP($B18, IMPORTRANGE('Match Names'!$E$23, CONCAT(VLOOKUP($C18, 'Match Names'!$1:$22, 5, FALSE), ""!C3:R29"")), ROW($A$1:$A$24), FALSE)), ""=-4"") + COUNTIF(ARRAYFORMU"&"LA(HLOOKUP($B18, IMPORTRANGE('Match Names'!$F$23, CONCAT(VLOOKUP($C18, 'Match Names'!$1:$22, 6, FALSE), ""!C3:R29"")), ROW($A$1:$A$24), FALSE)), ""=-4"") + COUNTIF(ARRAYFORMULA(HLOOKUP($B18, IMPORTRANGE('Match Names'!$G$23, CONCAT(VLOOKUP($C18, 'Match Nam"&"es'!$1:$22, 7, FALSE), ""!C3:R29"")), ROW($A$1:$A$24), FALSE)), ""=-4"") + COUNTIF(ARRAYFORMULA(HLOOKUP($B18, IMPORTRANGE('Match Names'!$H$23, CONCAT(VLOOKUP($C18, 'Match Names'!$1:$22, 8, FALSE), ""!C3:R29"")), ROW($A$1:$A$24), FALSE)), ""=-4"")"),0.0) -> 0 | H18: =IFERROR(ROUND(((E18*4)+(G18*-4))/(D18/23), 2), 0) -> 0 | AA18: X
A19: spongebob | B19: =VLOOKUP(CONCAT(A19, C19), 'Discord Username to Real Name'!C:D, 2, FALSE) -> spongebob#0577 | C19: William Mason | D19: =IFERROR(__xludf.DUMMYFUNCTION("(23 - COUNTIF(IFERROR(ARRAYFORMULA(HLOOKUP($B19, IMPORTRANGE('Prelim Rankings Unsorted'!$B$40, CONCAT(VLOOKUP($C19, 'Match Names'!$A$1:$D$22, 2, FALSE), ""!C3:R29"")), ROW($A$1:$A$24), FALSE)), $AA$9:$AA$31), ""=X"")) + (23 - COUNTIF(IFERROR(ARRAYFORMULA("&"HLOOKUP($B19, IMPORTRANGE('Prelim Rankings Unsorted'!$B$41, CONCAT(VLOOKUP($C19, 'Match Names'!$A$1:$D$22, 3, FALSE), ""!C3:R29"")), ROW($A$1:$A$24), FALSE)), $AA$9:$AA$31), ""=X"")) + (23 - COUNTIF(IFERROR(ARRAYFORMULA(HLOOKUP($B19, IMPORTRANGE('Prelim R"&"ankings Unsorted'!$B$42, CONCAT(VLOOKUP($C19, 'Match Names'!$A$1:$D$22, 4, FALSE), ""!C3:R29"")), ROW($A$1:$A$24), FALSE)), $AA$9:$AA$31), ""=X"")) + (23 - COUNTIF(IFERROR(ARRAYFORMULA(HLOOKUP($B19, IMPORTRANGE('Match Names'!$E$23, CONCAT(VLOOKUP($C19, 'M"&"atch Names'!$1:$22, 5, FALSE), ""!C3:R29"")), ROW($A$1:$A$24), FALSE)), $AA$9:$AA$31), ""=X"")) + (23 - COUNTIF(IFERROR(ARRAYFORMULA(HLOOKUP($B19, IMPORTRANGE('Match Names'!$F$23, CONCAT(VLOOKUP($C19, 'Match Names'!$1:$22, 6, FALSE), ""!C3:R29"")), ROW($A"&"$1:$A$24), FALSE)), $AA$9:$AA$31), ""=X"")) + (23 - COUNTIF(IFERROR(ARRAYFORMULA(HLOOKUP($B19, IMPORTRANGE('Match Names'!$G$23, CONCAT(VLOOKUP($C19, 'Match Names'!$1:$22, 7, FALSE), ""!C3:R29"")), ROW($A$1:$A$24), FALSE)), $AA$9:$AA$31), ""=X"")) + (23 - "&"COUNTIF(IFERROR(ARRAYFORMULA(HLOOKUP($B19, IMPORTRANGE('Match Names'!$H$23, CONCAT(VLOOKUP($C19, 'Match Names'!$1:$22, 8, FALSE), ""!C3:R29"")), ROW($A$1:$A$24), FALSE)), $AA$9:$AA$31), ""=X""))"),69.0) -> 69 | E19: =IFERROR(__xludf.DUMMYFUNCTION("COUNTIF(ARRAYFORMULA(HLOOKUP($B19, IMPORTRANGE('Prelim Rankings Unsorted'!$B$40, CONCAT(VLOOKUP($C19, 'Match Names'!$A$1:$D$22, 2, FALSE), ""!C3:R29"")), ROW($A$1:$A$24), FALSE)), ""=4"") + COUNTIF(ARRAYFORMULA(HLOOKUP($B19, IMPORTRANGE('Prelim Rankings U"&"nsorted'!$B$41, CONCAT(VLOOKUP($C19, 'Match Names'!$A$1:$D$22, 3, FALSE), ""!C3:R29"")), ROW($A$1:$A$24), FALSE)), ""=4"") + COUNTIF(ARRAYFORMULA(HLOOKUP($B19, IMPORTRANGE('Prelim Rankings Unsorted'!$B$42, CONCAT(VLOOKUP($C19, 'Match Names'!$A$1:$D$22, 4,"&" FALSE), ""!C3:R29"")), ROW($A$1:$A$24), FALSE)), ""=4"") + COUNTIF(ARRAYFORMULA(HLOOKUP($B19, IMPORTRANGE('Match Names'!$E$23, CONCAT(VLOOKUP($C19, 'Match Names'!$1:$22, 5, FALSE), ""!C3:R29"")), ROW($A$1:$A$24), FALSE)), ""=4"") + COUNTIF(ARRAYFORMULA(H"&"LOOKUP($B19, IMPORTRANGE('Match Names'!$F$23, CONCAT(VLOOKUP($C19, 'Match Names'!$1:$22, 6, FALSE), ""!C3:R29"")), ROW($A$1:$A$24), FALSE)), ""=4"") + COUNTIF(ARRAYFORMULA(HLOOKUP($B19, IMPORTRANGE('Match Names'!$G$23, CONCAT(VLOOKUP($C19, 'Match Names'!$"&"1:$22, 7, FALSE), ""!C3:R29"")), ROW($A$1:$A$24), FALSE)), ""=4"") + COUNTIF(ARRAYFORMULA(HLOOKUP($B19, IMPORTRANGE('Match Names'!$H$23, CONCAT(VLOOKUP($C19, 'Match Names'!$1:$22, 8, FALSE), ""!C3:R29"")), ROW($A$1:$A$24), FALSE)), ""=4"")"),7.0) -> 7 | F19: =IFERROR(__xludf.DUMMYFUNCTION("COUNTIF(ARRAYFORMULA(HLOOKUP($B19, IMPORTRANGE('Prelim Rankings Unsorted'!$B$40, CONCAT(VLOOKUP($C19, 'Match Names'!$A$1:$D$22, 2, FALSE), ""!C3:R29"")), ROW($A$1:$A$24), FALSE)), ""=0"") + COUNTIF(ARRAYFORMULA(HLOOKUP($B19, IMPORTRANGE('Prelim Rankings U"&"nsorted'!$B$41, CONCAT(VLOOKUP($C19, 'Match Names'!$A$1:$D$22, 3, FALSE), ""!C3:R29"")), ROW($A$1:$A$24), FALSE)), ""=0"") + COUNTIF(ARRAYFORMULA(HLOOKUP($B19, IMPORTRANGE('Prelim Rankings Unsorted'!$B$42, CONCAT(VLOOKUP($C19, 'Match Names'!$A$1:$D$22, 4,"&" FALSE), ""!C3:R29"")), ROW($A$1:$A$24), FALSE)), ""=0"") + COUNTIF(ARRAYFORMULA(HLOOKUP($B19, IMPORTRANGE('Match Names'!$E$23, CONCAT(VLOOKUP($C19, 'Match Names'!$1:$22, 5, FALSE), ""!C3:R29"")), ROW($A$1:$A$24), FALSE)), ""=0"") + COUNTIF(ARRAYFORMULA(H"&"LOOKUP($B19, IMPORTRANGE('Match Names'!$F$23, CONCAT(VLOOKUP($C19, 'Match Names'!$1:$22, 6, FALSE), ""!C3:R29"")), ROW($A$1:$A$24), FALSE)), ""=0"") + COUNTIF(ARRAYFORMULA(HLOOKUP($B19, IMPORTRANGE('Match Names'!$G$23, CONCAT(VLOOKUP($C19, 'Match Names'!$"&"1:$22, 7, FALSE), ""!C3:R29"")), ROW($A$1:$A$24), FALSE)), ""=0"") + COUNTIF(ARRAYFORMULA(HLOOKUP($B19, IMPORTRANGE('Match Names'!$H$23, CONCAT(VLOOKUP($C19, 'Match Names'!$1:$22, 8, FALSE), ""!C3:R29"")), ROW($A$1:$A$24), FALSE)), ""=0"")"),5.0) -> 5 | G19: =IFERROR(__xludf.DUMMYFUNCTION("COUNTIF(ARRAYFORMULA(HLOOKUP($B19, IMPORTRANGE('Prelim Rankings Unsorted'!$B$40, CONCAT(VLOOKUP($C19, 'Match Names'!$A$1:$D$22, 2, FALSE), ""!C3:R29"")), ROW($A$1:$A$24), FALSE)), ""=-4"") + COUNTIF(ARRAYFORMULA(HLOOKUP($B19, IMPORTRANGE('Prelim Rankings "&"Unsorted'!$B$41, CONCAT(VLOOKUP($C19, 'Match Names'!$A$1:$D$22, 3, FALSE), ""!C3:R29"")), ROW($A$1:$A$24), FALSE)), ""=-4"") + COUNTIF(ARRAYFORMULA(HLOOKUP($B19, IMPORTRANGE('Prelim Rankings Unsorted'!$B$42, CONCAT(VLOOKUP($C19, 'Match Names'!$A$1:$D$22, "&"4, FALSE), ""!C3:R29"")), ROW($A$1:$A$24), FALSE)), ""=-4"") + COUNTIF(ARRAYFORMULA(HLOOKUP($B19, IMPORTRANGE('Match Names'!$E$23, CONCAT(VLOOKUP($C19, 'Match Names'!$1:$22, 5, FALSE), ""!C3:R29"")), ROW($A$1:$A$24), FALSE)), ""=-4"") + COUNTIF(ARRAYFORMU"&"LA(HLOOKUP($B19, IMPORTRANGE('Match Names'!$F$23, CONCAT(VLOOKUP($C19, 'Match Names'!$1:$22, 6, FALSE), ""!C3:R29"")), ROW($A$1:$A$24), FALSE)), ""=-4"") + COUNTIF(ARRAYFORMULA(HLOOKUP($B19, IMPORTRANGE('Match Names'!$G$23, CONCAT(VLOOKUP($C19, 'Match Nam"&"es'!$1:$22, 7, FALSE), ""!C3:R29"")), ROW($A$1:$A$24), FALSE)), ""=-4"") + COUNTIF(ARRAYFORMULA(HLOOKUP($B19, IMPORTRANGE('Match Names'!$H$23, CONCAT(VLOOKUP($C19, 'Match Names'!$1:$22, 8, FALSE), ""!C3:R29"")), ROW($A$1:$A$24), FALSE)), ""=-4"")"),0.0) -> 0 | H19: =IFERROR(ROUND(((E19*4)+(G19*-4))/(D19/23), 2), 0) -> 9.33 | AA19: X
A20: Izwerzx#2598 | B20: =VLOOKUP(CONCAT(A20, C20), 'Discord Username to Real Name'!C:D, 2, FALSE) -> Izwerzx#2598 | C20: William Mason | D20: =IFERROR(__xludf.DUMMYFUNCTION("(23 - COUNTIF(IFERROR(ARRAYFORMULA(HLOOKUP($B20, IMPORTRANGE('Prelim Rankings Unsorted'!$B$40, CONCAT(VLOOKUP($C20, 'Match Names'!$A$1:$D$22, 2, FALSE), ""!C3:R29"")), ROW($A$1:$A$24), FALSE)), $AA$9:$AA$31), ""=X"")) + (23 - COUNTIF(IFERROR(ARRAYFORMULA("&"HLOOKUP($B20, IMPORTRANGE('Prelim Rankings Unsorted'!$B$41, CONCAT(VLOOKUP($C20, 'Match Names'!$A$1:$D$22, 3, FALSE), ""!C3:R29"")), ROW($A$1:$A$24), FALSE)), $AA$9:$AA$31), ""=X"")) + (23 - COUNTIF(IFERROR(ARRAYFORMULA(HLOOKUP($B20, IMPORTRANGE('Prelim R"&"ankings Unsorted'!$B$42, CONCAT(VLOOKUP($C20, 'Match Names'!$A$1:$D$22, 4, FALSE), ""!C3:R29"")), ROW($A$1:$A$24), FALSE)), $AA$9:$AA$31), ""=X"")) + (23 - COUNTIF(IFERROR(ARRAYFORMULA(HLOOKUP($B20, IMPORTRANGE('Match Names'!$E$23, CONCAT(VLOOKUP($C20, 'M"&"atch Names'!$1:$22, 5, FALSE), ""!C3:R29"")), ROW($A$1:$A$24), FALSE)), $AA$9:$AA$31), ""=X"")) + (23 - COUNTIF(IFERROR(ARRAYFORMULA(HLOOKUP($B20, IMPORTRANGE('Match Names'!$F$23, CONCAT(VLOOKUP($C20, 'Match Names'!$1:$22, 6, FALSE), ""!C3:R29"")), ROW($A"&"$1:$A$24), FALSE)), $AA$9:$AA$31), ""=X"")) + (23 - COUNTIF(IFERROR(ARRAYFORMULA(HLOOKUP($B20, IMPORTRANGE('Match Names'!$G$23, CONCAT(VLOOKUP($C20, 'Match Names'!$1:$22, 7, FALSE), ""!C3:R29"")), ROW($A$1:$A$24), FALSE)), $AA$9:$AA$31), ""=X"")) + (23 - "&"COUNTIF(IFERROR(ARRAYFORMULA(HLOOKUP($B20, IMPORTRANGE('Match Names'!$H$23, CONCAT(VLOOKUP($C20, 'Match Names'!$1:$22, 8, FALSE), ""!C3:R29"")), ROW($A$1:$A$24), FALSE)), $AA$9:$AA$31), ""=X""))"),46.0) -> 46 | E20: =IFERROR(__xludf.DUMMYFUNCTION("COUNTIF(ARRAYFORMULA(HLOOKUP($B20, IMPORTRANGE('Prelim Rankings Unsorted'!$B$40, CONCAT(VLOOKUP($C20, 'Match Names'!$A$1:$D$22, 2, FALSE), ""!C3:R29"")), ROW($A$1:$A$24), FALSE)), ""=4"") + COUNTIF(ARRAYFORMULA(HLOOKUP($B20, IMPORTRANGE('Prelim Rankings U"&"nsorted'!$B$41, CONCAT(VLOOKUP($C20, 'Match Names'!$A$1:$D$22, 3, FALSE), ""!C3:R29"")), ROW($A$1:$A$24), FALSE)), ""=4"") + COUNTIF(ARRAYFORMULA(HLOOKUP($B20, IMPORTRANGE('Prelim Rankings Unsorted'!$B$42, CONCAT(VLOOKUP($C20, 'Match Names'!$A$1:$D$22, 4,"&" FALSE), ""!C3:R29"")), ROW($A$1:$A$24), FALSE)), ""=4"") + COUNTIF(ARRAYFORMULA(HLOOKUP($B20, IMPORTRANGE('Match Names'!$E$23, CONCAT(VLOOKUP($C20, 'Match Names'!$1:$22, 5, FALSE), ""!C3:R29"")), ROW($A$1:$A$24), FALSE)), ""=4"") + COUNTIF(ARRAYFORMULA(H"&"LOOKUP($B20, IMPORTRANGE('Match Names'!$F$23, CONCAT(VLOOKUP($C20, 'Match Names'!$1:$22, 6, FALSE), ""!C3:R29"")), ROW($A$1:$A$24), FALSE)), ""=4"") + COUNTIF(ARRAYFORMULA(HLOOKUP($B20, IMPORTRANGE('Match Names'!$G$23, CONCAT(VLOOKUP($C20, 'Match Names'!$"&"1:$22, 7, FALSE), ""!C3:R29"")), ROW($A$1:$A$24), FALSE)), ""=4"") + COUNTIF(ARRAYFORMULA(HLOOKUP($B20, IMPORTRANGE('Match Names'!$H$23, CONCAT(VLOOKUP($C20, 'Match Names'!$1:$22, 8, FALSE), ""!C3:R29"")), ROW($A$1:$A$24), FALSE)), ""=4"")"),1.0) -> 1 | F20: =IFERROR(__xludf.DUMMYFUNCTION("COUNTIF(ARRAYFORMULA(HLOOKUP($B20, IMPORTRANGE('Prelim Rankings Unsorted'!$B$40, CONCAT(VLOOKUP($C20, 'Match Names'!$A$1:$D$22, 2, FALSE), ""!C3:R29"")), ROW($A$1:$A$24), FALSE)), ""=0"") + COUNTIF(ARRAYFORMULA(HLOOKUP($B20, IMPORTRANGE('Prelim Rankings U"&"nsorted'!$B$41, CONCAT(VLOOKUP($C20, 'Match Names'!$A$1:$D$22, 3, FALSE), ""!C3:R29"")), ROW($A$1:$A$24), FALSE)), ""=0"") + COUNTIF(ARRAYFORMULA(HLOOKUP($B20, IMPORTRANGE('Prelim Rankings Unsorted'!$B$42, CONCAT(VLOOKUP($C20, 'Match Names'!$A$1:$D$22, 4,"&" FALSE), ""!C3:R29"")), ROW($A$1:$A$24), FALSE)), ""=0"") + COUNTIF(ARRAYFORMULA(HLOOKUP($B20, IMPORTRANGE('Match Names'!$E$23, CONCAT(VLOOKUP($C20, 'Match Names'!$1:$22, 5, FALSE), ""!C3:R29"")), ROW($A$1:$A$24), FALSE)), ""=0"") + COUNTIF(ARRAYFORMULA(H"&"LOOKUP($B20, IMPORTRANGE('Match Names'!$F$23, CONCAT(VLOOKUP($C20, 'Match Names'!$1:$22, 6, FALSE), ""!C3:R29"")), ROW($A$1:$A$24), FALSE)), ""=0"") + COUNTIF(ARRAYFORMULA(HLOOKUP($B20, IMPORTRANGE('Match Names'!$G$23, CONCAT(VLOOKUP($C20, 'Match Names'!$"&"1:$22, 7, FALSE), ""!C3:R29"")), ROW($A$1:$A$24), FALSE)), ""=0"") + COUNTIF(ARRAYFORMULA(HLOOKUP($B20, IMPORTRANGE('Match Names'!$H$23, CONCAT(VLOOKUP($C20, 'Match Names'!$1:$22, 8, FALSE), ""!C3:R29"")), ROW($A$1:$A$24), FALSE)), ""=0"")"),0.0) -> 0 | G20: =IFERROR(__xludf.DUMMYFUNCTION("COUNTIF(ARRAYFORMULA(HLOOKUP($B20, IMPORTRANGE('Prelim Rankings Unsorted'!$B$40, CONCAT(VLOOKUP($C20, 'Match Names'!$A$1:$D$22, 2, FALSE), ""!C3:R29"")), ROW($A$1:$A$24), FALSE)), ""=-4"") + COUNTIF(ARRAYFORMULA(HLOOKUP($B20, IMPORTRANGE('Prelim Rankings "&"Unsorted'!$B$41, CONCAT(VLOOKUP($C20, 'Match Names'!$A$1:$D$22, 3, FALSE), ""!C3:R29"")), ROW($A$1:$A$24), FALSE)), ""=-4"") + COUNTIF(ARRAYFORMULA(HLOOKUP($B20, IMPORTRANGE('Prelim Rankings Unsorted'!$B$42, CONCAT(VLOOKUP($C20, 'Match Names'!$A$1:$D$22, "&"4, FALSE), ""!C3:R29"")), ROW($A$1:$A$24), FALSE)), ""=-4"") + COUNTIF(ARRAYFORMULA(HLOOKUP($B20, IMPORTRANGE('Match Names'!$E$23, CONCAT(VLOOKUP($C20, 'Match Names'!$1:$22, 5, FALSE), ""!C3:R29"")), ROW($A$1:$A$24), FALSE)), ""=-4"") + COUNTIF(ARRAYFORMU"&"LA(HLOOKUP($B20, IMPORTRANGE('Match Names'!$F$23, CONCAT(VLOOKUP($C20, 'Match Names'!$1:$22, 6, FALSE), ""!C3:R29"")), ROW($A$1:$A$24), FALSE)), ""=-4"") + COUNTIF(ARRAYFORMULA(HLOOKUP($B20, IMPORTRANGE('Match Names'!$G$23, CONCAT(VLOOKUP($C20, 'Match Nam"&"es'!$1:$22, 7, FALSE), ""!C3:R29"")), ROW($A$1:$A$24), FALSE)), ""=-4"") + COUNTIF(ARRAYFORMULA(HLOOKUP($B20, IMPORTRANGE('Match Names'!$H$23, CONCAT(VLOOKUP($C20, 'Match Names'!$1:$22, 8, FALSE), ""!C3:R29"")), ROW($A$1:$A$24), FALSE)), ""=-4"")"),0.0) -> 0 | H20: =IFERROR(ROUND(((E20*4)+(G20*-4))/(D20/23), 2), 0) -> 2 | AA20: X
A21: Einglass#1845 | B21: =VLOOKUP(CONCAT(A21, C21), 'Discord Username to Real Name'!C:D, 2, FALSE) -> Einglass#1845 | C21: William Mason | D21: =IFERROR(__xludf.DUMMYFUNCTION("(23 - COUNTIF(IFERROR(ARRAYFORMULA(HLOOKUP($B21, IMPORTRANGE('Prelim Rankings Unsorted'!$B$40, CONCAT(VLOOKUP($C21, 'Match Names'!$A$1:$D$22, 2, FALSE), ""!C3:R29"")), ROW($A$1:$A$24), FALSE)), $AA$9:$AA$31), ""=X"")) + (23 - COUNTIF(IFERROR(ARRAYFORMULA("&"HLOOKUP($B21, IMPORTRANGE('Prelim Rankings Unsorted'!$B$41, CONCAT(VLOOKUP($C21, 'Match Names'!$A$1:$D$22, 3, FALSE), ""!C3:R29"")), ROW($A$1:$A$24), FALSE)), $AA$9:$AA$31), ""=X"")) + (23 - COUNTIF(IFERROR(ARRAYFORMULA(HLOOKUP($B21, IMPORTRANGE('Prelim R"&"ankings Unsorted'!$B$42, CONCAT(VLOOKUP($C21, 'Match Names'!$A$1:$D$22, 4, FALSE), ""!C3:R29"")), ROW($A$1:$A$24), FALSE)), $AA$9:$AA$31), ""=X"")) + (23 - COUNTIF(IFERROR(ARRAYFORMULA(HLOOKUP($B21, IMPORTRANGE('Match Names'!$E$23, CONCAT(VLOOKUP($C21, 'M"&"atch Names'!$1:$22, 5, FALSE), ""!C3:R29"")), ROW($A$1:$A$24), FALSE)), $AA$9:$AA$31), ""=X"")) + (23 - COUNTIF(IFERROR(ARRAYFORMULA(HLOOKUP($B21, IMPORTRANGE('Match Names'!$F$23, CONCAT(VLOOKUP($C21, 'Match Names'!$1:$22, 6, FALSE), ""!C3:R29"")), ROW($A"&"$1:$A$24), FALSE)), $AA$9:$AA$31), ""=X"")) + (23 - COUNTIF(IFERROR(ARRAYFORMULA(HLOOKUP($B21, IMPORTRANGE('Match Names'!$G$23, CONCAT(VLOOKUP($C21, 'Match Names'!$1:$22, 7, FALSE), ""!C3:R29"")), ROW($A$1:$A$24), FALSE)), $AA$9:$AA$31), ""=X"")) + (23 - "&"COUNTIF(IFERROR(ARRAYFORMULA(HLOOKUP($B21, IMPORTRANGE('Match Names'!$H$23, CONCAT(VLOOKUP($C21, 'Match Names'!$1:$22, 8, FALSE), ""!C3:R29"")), ROW($A$1:$A$24), FALSE)), $AA$9:$AA$31), ""=X""))"),0.0) -> 0 | E21: =IFERROR(__xludf.DUMMYFUNCTION("COUNTIF(ARRAYFORMULA(HLOOKUP($B21, IMPORTRANGE('Prelim Rankings Unsorted'!$B$40, CONCAT(VLOOKUP($C21, 'Match Names'!$A$1:$D$22, 2, FALSE), ""!C3:R29"")), ROW($A$1:$A$24), FALSE)), ""=4"") + COUNTIF(ARRAYFORMULA(HLOOKUP($B21, IMPORTRANGE('Prelim Rankings U"&"nsorted'!$B$41, CONCAT(VLOOKUP($C21, 'Match Names'!$A$1:$D$22, 3, FALSE), ""!C3:R29"")), ROW($A$1:$A$24), FALSE)), ""=4"") + COUNTIF(ARRAYFORMULA(HLOOKUP($B21, IMPORTRANGE('Prelim Rankings Unsorted'!$B$42, CONCAT(VLOOKUP($C21, 'Match Names'!$A$1:$D$22, 4,"&" FALSE), ""!C3:R29"")), ROW($A$1:$A$24), FALSE)), ""=4"") + COUNTIF(ARRAYFORMULA(HLOOKUP($B21, IMPORTRANGE('Match Names'!$E$23, CONCAT(VLOOKUP($C21, 'Match Names'!$1:$22, 5, FALSE), ""!C3:R29"")), ROW($A$1:$A$24), FALSE)), ""=4"") + COUNTIF(ARRAYFORMULA(H"&"LOOKUP($B21, IMPORTRANGE('Match Names'!$F$23, CONCAT(VLOOKUP($C21, 'Match Names'!$1:$22, 6, FALSE), ""!C3:R29"")), ROW($A$1:$A$24), FALSE)), ""=4"") + COUNTIF(ARRAYFORMULA(HLOOKUP($B21, IMPORTRANGE('Match Names'!$G$23, CONCAT(VLOOKUP($C21, 'Match Names'!$"&"1:$22, 7, FALSE), ""!C3:R29"")), ROW($A$1:$A$24), FALSE)), ""=4"") + COUNTIF(ARRAYFORMULA(HLOOKUP($B21, IMPORTRANGE('Match Names'!$H$23, CONCAT(VLOOKUP($C21, 'Match Names'!$1:$22, 8, FALSE), ""!C3:R29"")), ROW($A$1:$A$24), FALSE)), ""=4"")"),0.0) -> 0 | F21: =IFERROR(__xludf.DUMMYFUNCTION("COUNTIF(ARRAYFORMULA(HLOOKUP($B21, IMPORTRANGE('Prelim Rankings Unsorted'!$B$40, CONCAT(VLOOKUP($C21, 'Match Names'!$A$1:$D$22, 2, FALSE), ""!C3:R29"")), ROW($A$1:$A$24), FALSE)), ""=0"") + COUNTIF(ARRAYFORMULA(HLOOKUP($B21, IMPORTRANGE('Prelim Rankings U"&"nsorted'!$B$41, CONCAT(VLOOKUP($C21, 'Match Names'!$A$1:$D$22, 3, FALSE), ""!C3:R29"")), ROW($A$1:$A$24), FALSE)), ""=0"") + COUNTIF(ARRAYFORMULA(HLOOKUP($B21, IMPORTRANGE('Prelim Rankings Unsorted'!$B$42, CONCAT(VLOOKUP($C21, 'Match Names'!$A$1:$D$22, 4,"&" FALSE), ""!C3:R29"")), ROW($A$1:$A$24), FALSE)), ""=0"") + COUNTIF(ARRAYFORMULA(HLOOKUP($B21, IMPORTRANGE('Match Names'!$E$23, CONCAT(VLOOKUP($C21, 'Match Names'!$1:$22, 5, FALSE), ""!C3:R29"")), ROW($A$1:$A$24), FALSE)), ""=0"") + COUNTIF(ARRAYFORMULA(H"&"LOOKUP($B21, IMPORTRANGE('Match Names'!$F$23, CONCAT(VLOOKUP($C21, 'Match Names'!$1:$22, 6, FALSE), ""!C3:R29"")), ROW($A$1:$A$24), FALSE)), ""=0"") + COUNTIF(ARRAYFORMULA(HLOOKUP($B21, IMPORTRANGE('Match Names'!$G$23, CONCAT(VLOOKUP($C21, 'Match Names'!$"&"1:$22, 7, FALSE), ""!C3:R29"")), ROW($A$1:$A$24), FALSE)), ""=0"") + COUNTIF(ARRAYFORMULA(HLOOKUP($B21, IMPORTRANGE('Match Names'!$H$23, CONCAT(VLOOKUP($C21, 'Match Names'!$1:$22, 8, FALSE), ""!C3:R29"")), ROW($A$1:$A$24), FALSE)), ""=0"")"),0.0) -> 0 | G21: =IFERROR(__xludf.DUMMYFUNCTION("COUNTIF(ARRAYFORMULA(HLOOKUP($B21, IMPORTRANGE('Prelim Rankings Unsorted'!$B$40, CONCAT(VLOOKUP($C21, 'Match Names'!$A$1:$D$22, 2, FALSE), ""!C3:R29"")), ROW($A$1:$A$24), FALSE)), ""=-4"") + COUNTIF(ARRAYFORMULA(HLOOKUP($B21, IMPORTRANGE('Prelim Rankings "&"Unsorted'!$B$41, CONCAT(VLOOKUP($C21, 'Match Names'!$A$1:$D$22, 3, FALSE), ""!C3:R29"")), ROW($A$1:$A$24), FALSE)), ""=-4"") + COUNTIF(ARRAYFORMULA(HLOOKUP($B21, IMPORTRANGE('Prelim Rankings Unsorted'!$B$42, CONCAT(VLOOKUP($C21, 'Match Names'!$A$1:$D$22, "&"4, FALSE), ""!C3:R29"")), ROW($A$1:$A$24), FALSE)), ""=-4"") + COUNTIF(ARRAYFORMULA(HLOOKUP($B21, IMPORTRANGE('Match Names'!$E$23, CONCAT(VLOOKUP($C21, 'Match Names'!$1:$22, 5, FALSE), ""!C3:R29"")), ROW($A$1:$A$24), FALSE)), ""=-4"") + COUNTIF(ARRAYFORMU"&"LA(HLOOKUP($B21, IMPORTRANGE('Match Names'!$F$23, CONCAT(VLOOKUP($C21, 'Match Names'!$1:$22, 6, FALSE), ""!C3:R29"")), ROW($A$1:$A$24), FALSE)), ""=-4"") + COUNTIF(ARRAYFORMULA(HLOOKUP($B21, IMPORTRANGE('Match Names'!$G$23, CONCAT(VLOOKUP($C21, 'Match Nam"&"es'!$1:$22, 7, FALSE), ""!C3:R29"")), ROW($A$1:$A$24), FALSE)), ""=-4"") + COUNTIF(ARRAYFORMULA(HLOOKUP($B21, IMPORTRANGE('Match Names'!$H$23, CONCAT(VLOOKUP($C21, 'Match Names'!$1:$22, 8, FALSE), ""!C3:R29"")), ROW($A$1:$A$24), FALSE)), ""=-4"")"),0.0) -> 0 | H21: =IFERROR(ROUND(((E21*4)+(G21*-4))/(D21/23), 2), 0) -> 0 | AA21: X
A22: KOZlegend | B22: =VLOOKUP(CONCAT(A22, C22), 'Discord Username to Real Name'!C:D, 2, FALSE) -> KOZlegend#1745 | C22: William Mason | D22: =IFERROR(__xludf.DUMMYFUNCTION("(23 - COUNTIF(IFERROR(ARRAYFORMULA(HLOOKUP($B22, IMPORTRANGE('Prelim Rankings Unsorted'!$B$40, CONCAT(VLOOKUP($C22, 'Match Names'!$A$1:$D$22, 2, FALSE), ""!C3:R29"")), ROW($A$1:$A$24), FALSE)), $AA$9:$AA$31), ""=X"")) + (23 - COUNTIF(IFERROR(ARRAYFORMULA("&"HLOOKUP($B22, IMPORTRANGE('Prelim Rankings Unsorted'!$B$41, CONCAT(VLOOKUP($C22, 'Match Names'!$A$1:$D$22, 3, FALSE), ""!C3:R29"")), ROW($A$1:$A$24), FALSE)), $AA$9:$AA$31), ""=X"")) + (23 - COUNTIF(IFERROR(ARRAYFORMULA(HLOOKUP($B22, IMPORTRANGE('Prelim R"&"ankings Unsorted'!$B$42, CONCAT(VLOOKUP($C22, 'Match Names'!$A$1:$D$22, 4, FALSE), ""!C3:R29"")), ROW($A$1:$A$24), FALSE)), $AA$9:$AA$31), ""=X"")) + (23 - COUNTIF(IFERROR(ARRAYFORMULA(HLOOKUP($B22, IMPORTRANGE('Match Names'!$E$23, CONCAT(VLOOKUP($C22, 'M"&"atch Names'!$1:$22, 5, FALSE), ""!C3:R29"")), ROW($A$1:$A$24), FALSE)), $AA$9:$AA$31), ""=X"")) + (23 - COUNTIF(IFERROR(ARRAYFORMULA(HLOOKUP($B22, IMPORTRANGE('Match Names'!$F$23, CONCAT(VLOOKUP($C22, 'Match Names'!$1:$22, 6, FALSE), ""!C3:R29"")), ROW($A"&"$1:$A$24), FALSE)), $AA$9:$AA$31), ""=X"")) + (23 - COUNTIF(IFERROR(ARRAYFORMULA(HLOOKUP($B22, IMPORTRANGE('Match Names'!$G$23, CONCAT(VLOOKUP($C22, 'Match Names'!$1:$22, 7, FALSE), ""!C3:R29"")), ROW($A$1:$A$24), FALSE)), $AA$9:$AA$31), ""=X"")) + (23 - "&"COUNTIF(IFERROR(ARRAYFORMULA(HLOOKUP($B22, IMPORTRANGE('Match Names'!$H$23, CONCAT(VLOOKUP($C22, 'Match Names'!$1:$22, 8, FALSE), ""!C3:R29"")), ROW($A$1:$A$24), FALSE)), $AA$9:$AA$31), ""=X""))"),92.0) -> 92 | E22: =IFERROR(__xludf.DUMMYFUNCTION("COUNTIF(ARRAYFORMULA(HLOOKUP($B22, IMPORTRANGE('Prelim Rankings Unsorted'!$B$40, CONCAT(VLOOKUP($C22, 'Match Names'!$A$1:$D$22, 2, FALSE), ""!C3:R29"")), ROW($A$1:$A$24), FALSE)), ""=4"") + COUNTIF(ARRAYFORMULA(HLOOKUP($B22, IMPORTRANGE('Prelim Rankings U"&"nsorted'!$B$41, CONCAT(VLOOKUP($C22, 'Match Names'!$A$1:$D$22, 3, FALSE), ""!C3:R29"")), ROW($A$1:$A$24), FALSE)), ""=4"") + COUNTIF(ARRAYFORMULA(HLOOKUP($B22, IMPORTRANGE('Prelim Rankings Unsorted'!$B$42, CONCAT(VLOOKUP($C22, 'Match Names'!$A$1:$D$22, 4,"&" FALSE), ""!C3:R29"")), ROW($A$1:$A$24), FALSE)), ""=4"") + COUNTIF(ARRAYFORMULA(HLOOKUP($B22, IMPORTRANGE('Match Names'!$E$23, CONCAT(VLOOKUP($C22, 'Match Names'!$1:$22, 5, FALSE), ""!C3:R29"")), ROW($A$1:$A$24), FALSE)), ""=4"") + COUNTIF(ARRAYFORMULA(H"&"LOOKUP($B22, IMPORTRANGE('Match Names'!$F$23, CONCAT(VLOOKUP($C22, 'Match Names'!$1:$22, 6, FALSE), ""!C3:R29"")), ROW($A$1:$A$24), FALSE)), ""=4"") + COUNTIF(ARRAYFORMULA(HLOOKUP($B22, IMPORTRANGE('Match Names'!$G$23, CONCAT(VLOOKUP($C22, 'Match Names'!$"&"1:$22, 7, FALSE), ""!C3:R29"")), ROW($A$1:$A$24), FALSE)), ""=4"") + COUNTIF(ARRAYFORMULA(HLOOKUP($B22, IMPORTRANGE('Match Names'!$H$23, CONCAT(VLOOKUP($C22, 'Match Names'!$1:$22, 8, FALSE), ""!C3:R29"")), ROW($A$1:$A$24), FALSE)), ""=4"")"),0.0) -> 0 | F22: =IFERROR(__xludf.DUMMYFUNCTION("COUNTIF(ARRAYFORMULA(HLOOKUP($B22, IMPORTRANGE('Prelim Rankings Unsorted'!$B$40, CONCAT(VLOOKUP($C22, 'Match Names'!$A$1:$D$22, 2, FALSE), ""!C3:R29"")), ROW($A$1:$A$24), FALSE)), ""=0"") + COUNTIF(ARRAYFORMULA(HLOOKUP($B22, IMPORTRANGE('Prelim Rankings U"&"nsorted'!$B$41, CONCAT(VLOOKUP($C22, 'Match Names'!$A$1:$D$22, 3, FALSE), ""!C3:R29"")), ROW($A$1:$A$24), FALSE)), ""=0"") + COUNTIF(ARRAYFORMULA(HLOOKUP($B22, IMPORTRANGE('Prelim Rankings Unsorted'!$B$42, CONCAT(VLOOKUP($C22, 'Match Names'!$A$1:$D$22, 4,"&" FALSE), ""!C3:R29"")), ROW($A$1:$A$24), FALSE)), ""=0"") + COUNTIF(ARRAYFORMULA(HLOOKUP($B22, IMPORTRANGE('Match Names'!$E$23, CONCAT(VLOOKUP($C22, 'Match Names'!$1:$22, 5, FALSE), ""!C3:R29"")), ROW($A$1:$A$24), FALSE)), ""=0"") + COUNTIF(ARRAYFORMULA(H"&"LOOKUP($B22, IMPORTRANGE('Match Names'!$F$23, CONCAT(VLOOKUP($C22, 'Match Names'!$1:$22, 6, FALSE), ""!C3:R29"")), ROW($A$1:$A$24), FALSE)), ""=0"") + COUNTIF(ARRAYFORMULA(HLOOKUP($B22, IMPORTRANGE('Match Names'!$G$23, CONCAT(VLOOKUP($C22, 'Match Names'!$"&"1:$22, 7, FALSE), ""!C3:R29"")), ROW($A$1:$A$24), FALSE)), ""=0"") + COUNTIF(ARRAYFORMULA(HLOOKUP($B22, IMPORTRANGE('Match Names'!$H$23, CONCAT(VLOOKUP($C22, 'Match Names'!$1:$22, 8, FALSE), ""!C3:R29"")), ROW($A$1:$A$24), FALSE)), ""=0"")"),2.0) -> 2 | G22: =IFERROR(__xludf.DUMMYFUNCTION("COUNTIF(ARRAYFORMULA(HLOOKUP($B22, IMPORTRANGE('Prelim Rankings Unsorted'!$B$40, CONCAT(VLOOKUP($C22, 'Match Names'!$A$1:$D$22, 2, FALSE), ""!C3:R29"")), ROW($A$1:$A$24), FALSE)), ""=-4"") + COUNTIF(ARRAYFORMULA(HLOOKUP($B22, IMPORTRANGE('Prelim Rankings "&"Unsorted'!$B$41, CONCAT(VLOOKUP($C22, 'Match Names'!$A$1:$D$22, 3, FALSE), ""!C3:R29"")), ROW($A$1:$A$24), FALSE)), ""=-4"") + COUNTIF(ARRAYFORMULA(HLOOKUP($B22, IMPORTRANGE('Prelim Rankings Unsorted'!$B$42, CONCAT(VLOOKUP($C22, 'Match Names'!$A$1:$D$22, "&"4, FALSE), ""!C3:R29"")), ROW($A$1:$A$24), FALSE)), ""=-4"") + COUNTIF(ARRAYFORMULA(HLOOKUP($B22, IMPORTRANGE('Match Names'!$E$23, CONCAT(VLOOKUP($C22, 'Match Names'!$1:$22, 5, FALSE), ""!C3:R29"")), ROW($A$1:$A$24), FALSE)), ""=-4"") + COUNTIF(ARRAYFORMU"&"LA(HLOOKUP($B22, IMPORTRANGE('Match Names'!$F$23, CONCAT(VLOOKUP($C22, 'Match Names'!$1:$22, 6, FALSE), ""!C3:R29"")), ROW($A$1:$A$24), FALSE)), ""=-4"") + COUNTIF(ARRAYFORMULA(HLOOKUP($B22, IMPORTRANGE('Match Names'!$G$23, CONCAT(VLOOKUP($C22, 'Match Nam"&"es'!$1:$22, 7, FALSE), ""!C3:R29"")), ROW($A$1:$A$24), FALSE)), ""=-4"") + COUNTIF(ARRAYFORMULA(HLOOKUP($B22, IMPORTRANGE('Match Names'!$H$23, CONCAT(VLOOKUP($C22, 'Match Names'!$1:$22, 8, FALSE), ""!C3:R29"")), ROW($A$1:$A$24), FALSE)), ""=-4"")"),0.0) -> 0 | H22: =IFERROR(ROUND(((E22*4)+(G22*-4))/(D22/23), 2), 0) -> 0 | AA22: X
A23: Hriday | B23: =VLOOKUP(CONCAT(A23, C23), 'Discord Username to Real Name'!C:D, 2, FALSE) -> hriday#5979 | C23: Scrubby Teletubbies | D23: =IFERROR(__xludf.DUMMYFUNCTION("(23 - COUNTIF(IFERROR(ARRAYFORMULA(HLOOKUP($B23, IMPORTRANGE('Prelim Rankings Unsorted'!$B$40, CONCAT(VLOOKUP($C23, 'Match Names'!$A$1:$D$22, 2, FALSE), ""!C3:R29"")), ROW($A$1:$A$24), FALSE)), $AA$9:$AA$31), ""=X"")) + (23 - COUNTIF(IFERROR(ARRAYFORMULA("&"HLOOKUP($B23, IMPORTRANGE('Prelim Rankings Unsorted'!$B$41, CONCAT(VLOOKUP($C23, 'Match Names'!$A$1:$D$22, 3, FALSE), ""!C3:R29"")), ROW($A$1:$A$24), FALSE)), $AA$9:$AA$31), ""=X"")) + (23 - COUNTIF(IFERROR(ARRAYFORMULA(HLOOKUP($B23, IMPORTRANGE('Prelim R"&"ankings Unsorted'!$B$42, CONCAT(VLOOKUP($C23, 'Match Names'!$A$1:$D$22, 4, FALSE), ""!C3:R29"")), ROW($A$1:$A$24), FALSE)), $AA$9:$AA$31), ""=X"")) + (23 - COUNTIF(IFERROR(ARRAYFORMULA(HLOOKUP($B23, IMPORTRANGE('Match Names'!$E$23, CONCAT(VLOOKUP($C23, 'M"&"atch Names'!$1:$22, 5, FALSE), ""!C3:R29"")), ROW($A$1:$A$24), FALSE)), $AA$9:$AA$31), ""=X"")) + (23 - COUNTIF(IFERROR(ARRAYFORMULA(HLOOKUP($B23, IMPORTRANGE('Match Names'!$F$23, CONCAT(VLOOKUP($C23, 'Match Names'!$1:$22, 6, FALSE), ""!C3:R29"")), ROW($A"&"$1:$A$24), FALSE)), $AA$9:$AA$31), ""=X"")) + (23 - COUNTIF(IFERROR(ARRAYFORMULA(HLOOKUP($B23, IMPORTRANGE('Match Names'!$G$23, CONCAT(VLOOKUP($C23, 'Match Names'!$1:$22, 7, FALSE), ""!C3:R29"")), ROW($A$1:$A$24), FALSE)), $AA$9:$AA$31), ""=X"")) + (23 - "&"COUNTIF(IFERROR(ARRAYFORMULA(HLOOKUP($B23, IMPORTRANGE('Match Names'!$H$23, CONCAT(VLOOKUP($C23, 'Match Names'!$1:$22, 8, FALSE), ""!C3:R29"")), ROW($A$1:$A$24), FALSE)), $AA$9:$AA$31), ""=X""))"),80.0) -> 80 | E23: =IFERROR(__xludf.DUMMYFUNCTION("COUNTIF(ARRAYFORMULA(HLOOKUP($B23, IMPORTRANGE('Prelim Rankings Unsorted'!$B$40, CONCAT(VLOOKUP($C23, 'Match Names'!$A$1:$D$22, 2, FALSE), ""!C3:R29"")), ROW($A$1:$A$24), FALSE)), ""=4"") + COUNTIF(ARRAYFORMULA(HLOOKUP($B23, IMPORTRANGE('Prelim Rankings U"&"nsorted'!$B$41, CONCAT(VLOOKUP($C23, 'Match Names'!$A$1:$D$22, 3, FALSE), ""!C3:R29"")), ROW($A$1:$A$24), FALSE)), ""=4"") + COUNTIF(ARRAYFORMULA(HLOOKUP($B23, IMPORTRANGE('Prelim Rankings Unsorted'!$B$42, CONCAT(VLOOKUP($C23, 'Match Names'!$A$1:$D$22, 4,"&" FALSE), ""!C3:R29"")), ROW($A$1:$A$24), FALSE)), ""=4"") + COUNTIF(ARRAYFORMULA(HLOOKUP($B23, IMPORTRANGE('Match Names'!$E$23, CONCAT(VLOOKUP($C23, 'Match Names'!$1:$22, 5, FALSE), ""!C3:R29"")), ROW($A$1:$A$24), FALSE)), ""=4"") + COUNTIF(ARRAYFORMULA(H"&"LOOKUP($B23, IMPORTRANGE('Match Names'!$F$23, CONCAT(VLOOKUP($C23, 'Match Names'!$1:$22, 6, FALSE), ""!C3:R29"")), ROW($A$1:$A$24), FALSE)), ""=4"") + COUNTIF(ARRAYFORMULA(HLOOKUP($B23, IMPORTRANGE('Match Names'!$G$23, CONCAT(VLOOKUP($C23, 'Match Names'!$"&"1:$22, 7, FALSE), ""!C3:R29"")), ROW($A$1:$A$24), FALSE)), ""=4"") + COUNTIF(ARRAYFORMULA(HLOOKUP($B23, IMPORTRANGE('Match Names'!$H$23, CONCAT(VLOOKUP($C23, 'Match Names'!$1:$22, 8, FALSE), ""!C3:R29"")), ROW($A$1:$A$24), FALSE)), ""=4"")"),5.0) -> 5 | F23: =IFERROR(__xludf.DUMMYFUNCTION("COUNTIF(ARRAYFORMULA(HLOOKUP($B23, IMPORTRANGE('Prelim Rankings Unsorted'!$B$40, CONCAT(VLOOKUP($C23, 'Match Names'!$A$1:$D$22, 2, FALSE), ""!C3:R29"")), ROW($A$1:$A$24), FALSE)), ""=0"") + COUNTIF(ARRAYFORMULA(HLOOKUP($B23, IMPORTRANGE('Prelim Rankings U"&"nsorted'!$B$41, CONCAT(VLOOKUP($C23, 'Match Names'!$A$1:$D$22, 3, FALSE), ""!C3:R29"")), ROW($A$1:$A$24), FALSE)), ""=0"") + COUNTIF(ARRAYFORMULA(HLOOKUP($B23, IMPORTRANGE('Prelim Rankings Unsorted'!$B$42, CONCAT(VLOOKUP($C23, 'Match Names'!$A$1:$D$22, 4,"&" FALSE), ""!C3:R29"")), ROW($A$1:$A$24), FALSE)), ""=0"") + COUNTIF(ARRAYFORMULA(HLOOKUP($B23, IMPORTRANGE('Match Names'!$E$23, CONCAT(VLOOKUP($C23, 'Match Names'!$1:$22, 5, FALSE), ""!C3:R29"")), ROW($A$1:$A$24), FALSE)), ""=0"") + COUNTIF(ARRAYFORMULA(H"&"LOOKUP($B23, IMPORTRANGE('Match Names'!$F$23, CONCAT(VLOOKUP($C23, 'Match Names'!$1:$22, 6, FALSE), ""!C3:R29"")), ROW($A$1:$A$24), FALSE)), ""=0"") + COUNTIF(ARRAYFORMULA(HLOOKUP($B23, IMPORTRANGE('Match Names'!$G$23, CONCAT(VLOOKUP($C23, 'Match Names'!$"&"1:$22, 7, FALSE), ""!C3:R29"")), ROW($A$1:$A$24), FALSE)), ""=0"") + COUNTIF(ARRAYFORMULA(HLOOKUP($B23, IMPORTRANGE('Match Names'!$H$23, CONCAT(VLOOKUP($C23, 'Match Names'!$1:$22, 8, FALSE), ""!C3:R29"")), ROW($A$1:$A$24), FALSE)), ""=0"")"),0.0) -> 0 | G23: =IFERROR(__xludf.DUMMYFUNCTION("COUNTIF(ARRAYFORMULA(HLOOKUP($B23, IMPORTRANGE('Prelim Rankings Unsorted'!$B$40, CONCAT(VLOOKUP($C23, 'Match Names'!$A$1:$D$22, 2, FALSE), ""!C3:R29"")), ROW($A$1:$A$24), FALSE)), ""=-4"") + COUNTIF(ARRAYFORMULA(HLOOKUP($B23, IMPORTRANGE('Prelim Rankings "&"Unsorted'!$B$41, CONCAT(VLOOKUP($C23, 'Match Names'!$A$1:$D$22, 3, FALSE), ""!C3:R29"")), ROW($A$1:$A$24), FALSE)), ""=-4"") + COUNTIF(ARRAYFORMULA(HLOOKUP($B23, IMPORTRANGE('Prelim Rankings Unsorted'!$B$42, CONCAT(VLOOKUP($C23, 'Match Names'!$A$1:$D$22, "&"4, FALSE), ""!C3:R29"")), ROW($A$1:$A$24), FALSE)), ""=-4"") + COUNTIF(ARRAYFORMULA(HLOOKUP($B23, IMPORTRANGE('Match Names'!$E$23, CONCAT(VLOOKUP($C23, 'Match Names'!$1:$22, 5, FALSE), ""!C3:R29"")), ROW($A$1:$A$24), FALSE)), ""=-4"") + COUNTIF(ARRAYFORMU"&"LA(HLOOKUP($B23, IMPORTRANGE('Match Names'!$F$23, CONCAT(VLOOKUP($C23, 'Match Names'!$1:$22, 6, FALSE), ""!C3:R29"")), ROW($A$1:$A$24), FALSE)), ""=-4"") + COUNTIF(ARRAYFORMULA(HLOOKUP($B23, IMPORTRANGE('Match Names'!$G$23, CONCAT(VLOOKUP($C23, 'Match Nam"&"es'!$1:$22, 7, FALSE), ""!C3:R29"")), ROW($A$1:$A$24), FALSE)), ""=-4"") + COUNTIF(ARRAYFORMULA(HLOOKUP($B23, IMPORTRANGE('Match Names'!$H$23, CONCAT(VLOOKUP($C23, 'Match Names'!$1:$22, 8, FALSE), ""!C3:R29"")), ROW($A$1:$A$24), FALSE)), ""=-4"")"),0.0) -> 0 | H23: =IFERROR(ROUND(((E23*4)+(G23*-4))/(D23/23), 2), 0) -> 5.75 | AA23: X
A24: Nathan | B24: =VLOOKUP(CONCAT(A24, C24), 'Discord Username to Real Name'!C:D, 2, FALSE) -> ashrug0002#8740 | C24: Scrubby Teletubbies | D24: =IFERROR(__xludf.DUMMYFUNCTION("(23 - COUNTIF(IFERROR(ARRAYFORMULA(HLOOKUP($B24, IMPORTRANGE('Prelim Rankings Unsorted'!$B$40, CONCAT(VLOOKUP($C24, 'Match Names'!$A$1:$D$22, 2, FALSE), ""!C3:R29"")), ROW($A$1:$A$24), FALSE)), $AA$9:$AA$31), ""=X"")) + (23 - COUNTIF(IFERROR(ARRAYFORMULA("&"HLOOKUP($B24, IMPORTRANGE('Prelim Rankings Unsorted'!$B$41, CONCAT(VLOOKUP($C24, 'Match Names'!$A$1:$D$22, 3, FALSE), ""!C3:R29"")), ROW($A$1:$A$24), FALSE)), $AA$9:$AA$31), ""=X"")) + (23 - COUNTIF(IFERROR(ARRAYFORMULA(HLOOKUP($B24, IMPORTRANGE('Prelim R"&"ankings Unsorted'!$B$42, CONCAT(VLOOKUP($C24, 'Match Names'!$A$1:$D$22, 4, FALSE), ""!C3:R29"")), ROW($A$1:$A$24), FALSE)), $AA$9:$AA$31), ""=X"")) + (23 - COUNTIF(IFERROR(ARRAYFORMULA(HLOOKUP($B24, IMPORTRANGE('Match Names'!$E$23, CONCAT(VLOOKUP($C24, 'M"&"atch Names'!$1:$22, 5, FALSE), ""!C3:R29"")), ROW($A$1:$A$24), FALSE)), $AA$9:$AA$31), ""=X"")) + (23 - COUNTIF(IFERROR(ARRAYFORMULA(HLOOKUP($B24, IMPORTRANGE('Match Names'!$F$23, CONCAT(VLOOKUP($C24, 'Match Names'!$1:$22, 6, FALSE), ""!C3:R29"")), ROW($A"&"$1:$A$24), FALSE)), $AA$9:$AA$31), ""=X"")) + (23 - COUNTIF(IFERROR(ARRAYFORMULA(HLOOKUP($B24, IMPORTRANGE('Match Names'!$G$23, CONCAT(VLOOKUP($C24, 'Match Names'!$1:$22, 7, FALSE), ""!C3:R29"")), ROW($A$1:$A$24), FALSE)), $AA$9:$AA$31), ""=X"")) + (23 - "&"COUNTIF(IFERROR(ARRAYFORMULA(HLOOKUP($B24, IMPORTRANGE('Match Names'!$H$23, CONCAT(VLOOKUP($C24, 'Match Names'!$1:$22, 8, FALSE), ""!C3:R29"")), ROW($A$1:$A$24), FALSE)), $AA$9:$AA$31), ""=X""))"),138.0) -> 138 | E24: =IFERROR(__xludf.DUMMYFUNCTION("COUNTIF(ARRAYFORMULA(HLOOKUP($B24, IMPORTRANGE('Prelim Rankings Unsorted'!$B$40, CONCAT(VLOOKUP($C24, 'Match Names'!$A$1:$D$22, 2, FALSE), ""!C3:R29"")), ROW($A$1:$A$24), FALSE)), ""=4"") + COUNTIF(ARRAYFORMULA(HLOOKUP($B24, IMPORTRANGE('Prelim Rankings U"&"nsorted'!$B$41, CONCAT(VLOOKUP($C24, 'Match Names'!$A$1:$D$22, 3, FALSE), ""!C3:R29"")), ROW($A$1:$A$24), FALSE)), ""=4"") + COUNTIF(ARRAYFORMULA(HLOOKUP($B24, IMPORTRANGE('Prelim Rankings Unsorted'!$B$42, CONCAT(VLOOKUP($C24, 'Match Names'!$A$1:$D$22, 4,"&" FALSE), ""!C3:R29"")), ROW($A$1:$A$24), FALSE)), ""=4"") + COUNTIF(ARRAYFORMULA(HLOOKUP($B24, IMPORTRANGE('Match Names'!$E$23, CONCAT(VLOOKUP($C24, 'Match Names'!$1:$22, 5, FALSE), ""!C3:R29"")), ROW($A$1:$A$24), FALSE)), ""=4"") + COUNTIF(ARRAYFORMULA(H"&"LOOKUP($B24, IMPORTRANGE('Match Names'!$F$23, CONCAT(VLOOKUP($C24, 'Match Names'!$1:$22, 6, FALSE), ""!C3:R29"")), ROW($A$1:$A$24), FALSE)), ""=4"") + COUNTIF(ARRAYFORMULA(HLOOKUP($B24, IMPORTRANGE('Match Names'!$G$23, CONCAT(VLOOKUP($C24, 'Match Names'!$"&"1:$22, 7, FALSE), ""!C3:R29"")), ROW($A$1:$A$24), FALSE)), ""=4"") + COUNTIF(ARRAYFORMULA(HLOOKUP($B24, IMPORTRANGE('Match Names'!$H$23, CONCAT(VLOOKUP($C24, 'Match Names'!$1:$22, 8, FALSE), ""!C3:R29"")), ROW($A$1:$A$24), FALSE)), ""=4"")"),15.0) -> 15 | F24: =IFERROR(__xludf.DUMMYFUNCTION("COUNTIF(ARRAYFORMULA(HLOOKUP($B24, IMPORTRANGE('Prelim Rankings Unsorted'!$B$40, CONCAT(VLOOKUP($C24, 'Match Names'!$A$1:$D$22, 2, FALSE), ""!C3:R29"")), ROW($A$1:$A$24), FALSE)), ""=0"") + COUNTIF(ARRAYFORMULA(HLOOKUP($B24, IMPORTRANGE('Prelim Rankings U"&"nsorted'!$B$41, CONCAT(VLOOKUP($C24, 'Match Names'!$A$1:$D$22, 3, FALSE), ""!C3:R29"")), ROW($A$1:$A$24), FALSE)), ""=0"") + COUNTIF(ARRAYFORMULA(HLOOKUP($B24, IMPORTRANGE('Prelim Rankings Unsorted'!$B$42, CONCAT(VLOOKUP($C24, 'Match Names'!$A$1:$D$22, 4,"&" FALSE), ""!C3:R29"")), ROW($A$1:$A$24), FALSE)), ""=0"") + COUNTIF(ARRAYFORMULA(HLOOKUP($B24, IMPORTRANGE('Match Names'!$E$23, CONCAT(VLOOKUP($C24, 'Match Names'!$1:$22, 5, FALSE), ""!C3:R29"")), ROW($A$1:$A$24), FALSE)), ""=0"") + COUNTIF(ARRAYFORMULA(H"&"LOOKUP($B24, IMPORTRANGE('Match Names'!$F$23, CONCAT(VLOOKUP($C24, 'Match Names'!$1:$22, 6, FALSE), ""!C3:R29"")), ROW($A$1:$A$24), FALSE)), ""=0"") + COUNTIF(ARRAYFORMULA(HLOOKUP($B24, IMPORTRANGE('Match Names'!$G$23, CONCAT(VLOOKUP($C24, 'Match Names'!$"&"1:$22, 7, FALSE), ""!C3:R29"")), ROW($A$1:$A$24), FALSE)), ""=0"") + COUNTIF(ARRAYFORMULA(HLOOKUP($B24, IMPORTRANGE('Match Names'!$H$23, CONCAT(VLOOKUP($C24, 'Match Names'!$1:$22, 8, FALSE), ""!C3:R29"")), ROW($A$1:$A$24), FALSE)), ""=0"")"),7.0) -> 7 | G24: =IFERROR(__xludf.DUMMYFUNCTION("COUNTIF(ARRAYFORMULA(HLOOKUP($B24, IMPORTRANGE('Prelim Rankings Unsorted'!$B$40, CONCAT(VLOOKUP($C24, 'Match Names'!$A$1:$D$22, 2, FALSE), ""!C3:R29"")), ROW($A$1:$A$24), FALSE)), ""=-4"") + COUNTIF(ARRAYFORMULA(HLOOKUP($B24, IMPORTRANGE('Prelim Rankings "&"Unsorted'!$B$41, CONCAT(VLOOKUP($C24, 'Match Names'!$A$1:$D$22, 3, FALSE), ""!C3:R29"")), ROW($A$1:$A$24), FALSE)), ""=-4"") + COUNTIF(ARRAYFORMULA(HLOOKUP($B24, IMPORTRANGE('Prelim Rankings Unsorted'!$B$42, CONCAT(VLOOKUP($C24, 'Match Names'!$A$1:$D$22, "&"4, FALSE), ""!C3:R29"")), ROW($A$1:$A$24), FALSE)), ""=-4"") + COUNTIF(ARRAYFORMULA(HLOOKUP($B24, IMPORTRANGE('Match Names'!$E$23, CONCAT(VLOOKUP($C24, 'Match Names'!$1:$22, 5, FALSE), ""!C3:R29"")), ROW($A$1:$A$24), FALSE)), ""=-4"") + COUNTIF(ARRAYFORMU"&"LA(HLOOKUP($B24, IMPORTRANGE('Match Names'!$F$23, CONCAT(VLOOKUP($C24, 'Match Names'!$1:$22, 6, FALSE), ""!C3:R29"")), ROW($A$1:$A$24), FALSE)), ""=-4"") + COUNTIF(ARRAYFORMULA(HLOOKUP($B24, IMPORTRANGE('Match Names'!$G$23, CONCAT(VLOOKUP($C24, 'Match Nam"&"es'!$1:$22, 7, FALSE), ""!C3:R29"")), ROW($A$1:$A$24), FALSE)), ""=-4"") + COUNTIF(ARRAYFORMULA(HLOOKUP($B24, IMPORTRANGE('Match Names'!$H$23, CONCAT(VLOOKUP($C24, 'Match Names'!$1:$22, 8, FALSE), ""!C3:R29"")), ROW($A$1:$A$24), FALSE)), ""=-4"")"),0.0) -> 0 | H24: =IFERROR(ROUND(((E24*4)+(G24*-4))/(D24/23), 2), 0) -> 10 | AA24: X
A25: Connor | B25: =VLOOKUP(CONCAT(A25, C25), 'Discord Username to Real Name'!C:D, 2, FALSE) -> Connor Zhao#9139 | C25: Scrubby Teletubbies | D25: =IFERROR(__xludf.DUMMYFUNCTION("(23 - COUNTIF(IFERROR(ARRAYFORMULA(HLOOKUP($B25, IMPORTRANGE('Prelim Rankings Unsorted'!$B$40, CONCAT(VLOOKUP($C25, 'Match Names'!$A$1:$D$22, 2, FALSE), ""!C3:R29"")), ROW($A$1:$A$24), FALSE)), $AA$9:$AA$31), ""=X"")) + (23 - COUNTIF(IFERROR(ARRAYFORMULA("&"HLOOKUP($B25, IMPORTRANGE('Prelim Rankings Unsorted'!$B$41, CONCAT(VLOOKUP($C25, 'Match Names'!$A$1:$D$22, 3, FALSE), ""!C3:R29"")), ROW($A$1:$A$24), FALSE)), $AA$9:$AA$31), ""=X"")) + (23 - COUNTIF(IFERROR(ARRAYFORMULA(HLOOKUP($B25, IMPORTRANGE('Prelim R"&"ankings Unsorted'!$B$42, CONCAT(VLOOKUP($C25, 'Match Names'!$A$1:$D$22, 4, FALSE), ""!C3:R29"")), ROW($A$1:$A$24), FALSE)), $AA$9:$AA$31), ""=X"")) + (23 - COUNTIF(IFERROR(ARRAYFORMULA(HLOOKUP($B25, IMPORTRANGE('Match Names'!$E$23, CONCAT(VLOOKUP($C25, 'M"&"atch Names'!$1:$22, 5, FALSE), ""!C3:R29"")), ROW($A$1:$A$24), FALSE)), $AA$9:$AA$31), ""=X"")) + (23 - COUNTIF(IFERROR(ARRAYFORMULA(HLOOKUP($B25, IMPORTRANGE('Match Names'!$F$23, CONCAT(VLOOKUP($C25, 'Match Names'!$1:$22, 6, FALSE), ""!C3:R29"")), ROW($A"&"$1:$A$24), FALSE)), $AA$9:$AA$31), ""=X"")) + (23 - COUNTIF(IFERROR(ARRAYFORMULA(HLOOKUP($B25, IMPORTRANGE('Match Names'!$G$23, CONCAT(VLOOKUP($C25, 'Match Names'!$1:$22, 7, FALSE), ""!C3:R29"")), ROW($A$1:$A$24), FALSE)), $AA$9:$AA$31), ""=X"")) + (23 - "&"COUNTIF(IFERROR(ARRAYFORMULA(HLOOKUP($B25, IMPORTRANGE('Match Names'!$H$23, CONCAT(VLOOKUP($C25, 'Match Names'!$1:$22, 8, FALSE), ""!C3:R29"")), ROW($A$1:$A$24), FALSE)), $AA$9:$AA$31), ""=X""))"),127.0) -> 127 | E25: =IFERROR(__xludf.DUMMYFUNCTION("COUNTIF(ARRAYFORMULA(HLOOKUP($B25, IMPORTRANGE('Prelim Rankings Unsorted'!$B$40, CONCAT(VLOOKUP($C25, 'Match Names'!$A$1:$D$22, 2, FALSE), ""!C3:R29"")), ROW($A$1:$A$24), FALSE)), ""=4"") + COUNTIF(ARRAYFORMULA(HLOOKUP($B25, IMPORTRANGE('Prelim Rankings U"&"nsorted'!$B$41, CONCAT(VLOOKUP($C25, 'Match Names'!$A$1:$D$22, 3, FALSE), ""!C3:R29"")), ROW($A$1:$A$24), FALSE)), ""=4"") + COUNTIF(ARRAYFORMULA(HLOOKUP($B25, IMPORTRANGE('Prelim Rankings Unsorted'!$B$42, CONCAT(VLOOKUP($C25, 'Match Names'!$A$1:$D$22, 4,"&" FALSE), ""!C3:R29"")), ROW($A$1:$A$24), FALSE)), ""=4"") + COUNTIF(ARRAYFORMULA(HLOOKUP($B25, IMPORTRANGE('Match Names'!$E$23, CONCAT(VLOOKUP($C25, 'Match Names'!$1:$22, 5, FALSE), ""!C3:R29"")), ROW($A$1:$A$24), FALSE)), ""=4"") + COUNTIF(ARRAYFORMULA(H"&"LOOKUP($B25, IMPORTRANGE('Match Names'!$F$23, CONCAT(VLOOKUP($C25, 'Match Names'!$1:$22, 6, FALSE), ""!C3:R29"")), ROW($A$1:$A$24), FALSE)), ""=4"") + COUNTIF(ARRAYFORMULA(HLOOKUP($B25, IMPORTRANGE('Match Names'!$G$23, CONCAT(VLOOKUP($C25, 'Match Names'!$"&"1:$22, 7, FALSE), ""!C3:R29"")), ROW($A$1:$A$24), FALSE)), ""=4"") + COUNTIF(ARRAYFORMULA(HLOOKUP($B25, IMPORTRANGE('Match Names'!$H$23, CONCAT(VLOOKUP($C25, 'Match Names'!$1:$22, 8, FALSE), ""!C3:R29"")), ROW($A$1:$A$24), FALSE)), ""=4"")"),9.0) -> 9 | F25: =IFERROR(__xludf.DUMMYFUNCTION("COUNTIF(ARRAYFORMULA(HLOOKUP($B25, IMPORTRANGE('Prelim Rankings Unsorted'!$B$40, CONCAT(VLOOKUP($C25, 'Match Names'!$A$1:$D$22, 2, FALSE), ""!C3:R29"")), ROW($A$1:$A$24), FALSE)), ""=0"") + COUNTIF(ARRAYFORMULA(HLOOKUP($B25, IMPORTRANGE('Prelim Rankings U"&"nsorted'!$B$41, CONCAT(VLOOKUP($C25, 'Match Names'!$A$1:$D$22, 3, FALSE), ""!C3:R29"")), ROW($A$1:$A$24), FALSE)), ""=0"") + COUNTIF(ARRAYFORMULA(HLOOKUP($B25, IMPORTRANGE('Prelim Rankings Unsorted'!$B$42, CONCAT(VLOOKUP($C25, 'Match Names'!$A$1:$D$22, 4,"&" FALSE), ""!C3:R29"")), ROW($A$1:$A$24), FALSE)), ""=0"") + COUNTIF(ARRAYFORMULA(HLOOKUP($B25, IMPORTRANGE('Match Names'!$E$23, CONCAT(VLOOKUP($C25, 'Match Names'!$1:$22, 5, FALSE), ""!C3:R29"")), ROW($A$1:$A$24), FALSE)), ""=0"") + COUNTIF(ARRAYFORMULA(H"&"LOOKUP($B25, IMPORTRANGE('Match Names'!$F$23, CONCAT(VLOOKUP($C25, 'Match Names'!$1:$22, 6, FALSE), ""!C3:R29"")), ROW($A$1:$A$24), FALSE)), ""=0"") + COUNTIF(ARRAYFORMULA(HLOOKUP($B25, IMPORTRANGE('Match Names'!$G$23, CONCAT(VLOOKUP($C25, 'Match Names'!$"&"1:$22, 7, FALSE), ""!C3:R29"")), ROW($A$1:$A$24), FALSE)), ""=0"") + COUNTIF(ARRAYFORMULA(HLOOKUP($B25, IMPORTRANGE('Match Names'!$H$23, CONCAT(VLOOKUP($C25, 'Match Names'!$1:$22, 8, FALSE), ""!C3:R29"")), ROW($A$1:$A$24), FALSE)), ""=0"")"),4.0) -> 4 | G25: =IFERROR(__xludf.DUMMYFUNCTION("COUNTIF(ARRAYFORMULA(HLOOKUP($B25, IMPORTRANGE('Prelim Rankings Unsorted'!$B$40, CONCAT(VLOOKUP($C25, 'Match Names'!$A$1:$D$22, 2, FALSE), ""!C3:R29"")), ROW($A$1:$A$24), FALSE)), ""=-4"") + COUNTIF(ARRAYFORMULA(HLOOKUP($B25, IMPORTRANGE('Prelim Rankings "&"Unsorted'!$B$41, CONCAT(VLOOKUP($C25, 'Match Names'!$A$1:$D$22, 3, FALSE), ""!C3:R29"")), ROW($A$1:$A$24), FALSE)), ""=-4"") + COUNTIF(ARRAYFORMULA(HLOOKUP($B25, IMPORTRANGE('Prelim Rankings Unsorted'!$B$42, CONCAT(VLOOKUP($C25, 'Match Names'!$A$1:$D$22, "&"4, FALSE), ""!C3:R29"")), ROW($A$1:$A$24), FALSE)), ""=-4"") + COUNTIF(ARRAYFORMULA(HLOOKUP($B25, IMPORTRANGE('Match Names'!$E$23, CONCAT(VLOOKUP($C25, 'Match Names'!$1:$22, 5, FALSE), ""!C3:R29"")), ROW($A$1:$A$24), FALSE)), ""=-4"") + COUNTIF(ARRAYFORMU"&"LA(HLOOKUP($B25, IMPORTRANGE('Match Names'!$F$23, CONCAT(VLOOKUP($C25, 'Match Names'!$1:$22, 6, FALSE), ""!C3:R29"")), ROW($A$1:$A$24), FALSE)), ""=-4"") + COUNTIF(ARRAYFORMULA(HLOOKUP($B25, IMPORTRANGE('Match Names'!$G$23, CONCAT(VLOOKUP($C25, 'Match Nam"&"es'!$1:$22, 7, FALSE), ""!C3:R29"")), ROW($A$1:$A$24), FALSE)), ""=-4"") + COUNTIF(ARRAYFORMULA(HLOOKUP($B25, IMPORTRANGE('Match Names'!$H$23, CONCAT(VLOOKUP($C25, 'Match Names'!$1:$22, 8, FALSE), ""!C3:R29"")), ROW($A$1:$A$24), FALSE)), ""=-4"")"),1.0) -> 1 | H25: =IFERROR(ROUND(((E25*4)+(G25*-4))/(D25/23), 2), 0) -> 5.8 | AA25: X
A26: Daniel | B26: =VLOOKUP(CONCAT(A26, C26), 'Discord Username to Real Name'!C:D, 2, FALSE) -> asiangold#6836 | C26: Scrubby Teletubbies | D26: =IFERROR(__xludf.DUMMYFUNCTION("(23 - COUNTIF(IFERROR(ARRAYFORMULA(HLOOKUP($B26, IMPORTRANGE('Prelim Rankings Unsorted'!$B$40, CONCAT(VLOOKUP($C26, 'Match Names'!$A$1:$D$22, 2, FALSE), ""!C3:R29"")), ROW($A$1:$A$24), FALSE)), $AA$9:$AA$31), ""=X"")) + (23 - COUNTIF(IFERROR(ARRAYFORMULA("&"HLOOKUP($B26, IMPORTRANGE('Prelim Rankings Unsorted'!$B$41, CONCAT(VLOOKUP($C26, 'Match Names'!$A$1:$D$22, 3, FALSE), ""!C3:R29"")), ROW($A$1:$A$24), FALSE)), $AA$9:$AA$31), ""=X"")) + (23 - COUNTIF(IFERROR(ARRAYFORMULA(HLOOKUP($B26, IMPORTRANGE('Prelim R"&"ankings Unsorted'!$B$42, CONCAT(VLOOKUP($C26, 'Match Names'!$A$1:$D$22, 4, FALSE), ""!C3:R29"")), ROW($A$1:$A$24), FALSE)), $AA$9:$AA$31), ""=X"")) + (23 - COUNTIF(IFERROR(ARRAYFORMULA(HLOOKUP($B26, IMPORTRANGE('Match Names'!$E$23, CONCAT(VLOOKUP($C26, 'M"&"atch Names'!$1:$22, 5, FALSE), ""!C3:R29"")), ROW($A$1:$A$24), FALSE)), $AA$9:$AA$31), ""=X"")) + (23 - COUNTIF(IFERROR(ARRAYFORMULA(HLOOKUP($B26, IMPORTRANGE('Match Names'!$F$23, CONCAT(VLOOKUP($C26, 'Match Names'!$1:$22, 6, FALSE), ""!C3:R29"")), ROW($A"&"$1:$A$24), FALSE)), $AA$9:$AA$31), ""=X"")) + (23 - COUNTIF(IFERROR(ARRAYFORMULA(HLOOKUP($B26, IMPORTRANGE('Match Names'!$G$23, CONCAT(VLOOKUP($C26, 'Match Names'!$1:$22, 7, FALSE), ""!C3:R29"")), ROW($A$1:$A$24), FALSE)), $AA$9:$AA$31), ""=X"")) + (23 - "&"COUNTIF(IFERROR(ARRAYFORMULA(HLOOKUP($B26, IMPORTRANGE('Match Names'!$H$23, CONCAT(VLOOKUP($C26, 'Match Names'!$1:$22, 8, FALSE), ""!C3:R29"")), ROW($A$1:$A$24), FALSE)), $AA$9:$AA$31), ""=X""))"),138.0) -> 138 | E26: =IFERROR(__xludf.DUMMYFUNCTION("COUNTIF(ARRAYFORMULA(HLOOKUP($B26, IMPORTRANGE('Prelim Rankings Unsorted'!$B$40, CONCAT(VLOOKUP($C26, 'Match Names'!$A$1:$D$22, 2, FALSE), ""!C3:R29"")), ROW($A$1:$A$24), FALSE)), ""=4"") + COUNTIF(ARRAYFORMULA(HLOOKUP($B26, IMPORTRANGE('Prelim Rankings U"&"nsorted'!$B$41, CONCAT(VLOOKUP($C26, 'Match Names'!$A$1:$D$22, 3, FALSE), ""!C3:R29"")), ROW($A$1:$A$24), FALSE)), ""=4"") + COUNTIF(ARRAYFORMULA(HLOOKUP($B26, IMPORTRANGE('Prelim Rankings Unsorted'!$B$42, CONCAT(VLOOKUP($C26, 'Match Names'!$A$1:$D$22, 4,"&" FALSE), ""!C3:R29"")), ROW($A$1:$A$24), FALSE)), ""=4"") + COUNTIF(ARRAYFORMULA(HLOOKUP($B26, IMPORTRANGE('Match Names'!$E$23, CONCAT(VLOOKUP($C26, 'Match Names'!$1:$22, 5, FALSE), ""!C3:R29"")), ROW($A$1:$A$24), FALSE)), ""=4"") + COUNTIF(ARRAYFORMULA(H"&"LOOKUP($B26, IMPORTRANGE('Match Names'!$F$23, CONCAT(VLOOKUP($C26, 'Match Names'!$1:$22, 6, FALSE), ""!C3:R29"")), ROW($A$1:$A$24), FALSE)), ""=4"") + COUNTIF(ARRAYFORMULA(HLOOKUP($B26, IMPORTRANGE('Match Names'!$G$23, CONCAT(VLOOKUP($C26, 'Match Names'!$"&"1:$22, 7, FALSE), ""!C3:R29"")), ROW($A$1:$A$24), FALSE)), ""=4"") + COUNTIF(ARRAYFORMULA(HLOOKUP($B26, IMPORTRANGE('Match Names'!$H$23, CONCAT(VLOOKUP($C26, 'Match Names'!$1:$22, 8, FALSE), ""!C3:R29"")), ROW($A$1:$A$24), FALSE)), ""=4"")"),19.0) -> 19 | F26: =IFERROR(__xludf.DUMMYFUNCTION("COUNTIF(ARRAYFORMULA(HLOOKUP($B26, IMPORTRANGE('Prelim Rankings Unsorted'!$B$40, CONCAT(VLOOKUP($C26, 'Match Names'!$A$1:$D$22, 2, FALSE), ""!C3:R29"")), ROW($A$1:$A$24), FALSE)), ""=0"") + COUNTIF(ARRAYFORMULA(HLOOKUP($B26, IMPORTRANGE('Prelim Rankings U"&"nsorted'!$B$41, CONCAT(VLOOKUP($C26, 'Match Names'!$A$1:$D$22, 3, FALSE), ""!C3:R29"")), ROW($A$1:$A$24), FALSE)), ""=0"") + COUNTIF(ARRAYFORMULA(HLOOKUP($B26, IMPORTRANGE('Prelim Rankings Unsorted'!$B$42, CONCAT(VLOOKUP($C26, 'Match Names'!$A$1:$D$22, 4,"&" FALSE), ""!C3:R29"")), ROW($A$1:$A$24), FALSE)), ""=0"") + COUNTIF(ARRAYFORMULA(HLOOKUP($B26, IMPORTRANGE('Match Names'!$E$23, CONCAT(VLOOKUP($C26, 'Match Names'!$1:$22, 5, FALSE), ""!C3:R29"")), ROW($A$1:$A$24), FALSE)), ""=0"") + COUNTIF(ARRAYFORMULA(H"&"LOOKUP($B26, IMPORTRANGE('Match Names'!$F$23, CONCAT(VLOOKUP($C26, 'Match Names'!$1:$22, 6, FALSE), ""!C3:R29"")), ROW($A$1:$A$24), FALSE)), ""=0"") + COUNTIF(ARRAYFORMULA(HLOOKUP($B26, IMPORTRANGE('Match Names'!$G$23, CONCAT(VLOOKUP($C26, 'Match Names'!$"&"1:$22, 7, FALSE), ""!C3:R29"")), ROW($A$1:$A$24), FALSE)), ""=0"") + COUNTIF(ARRAYFORMULA(HLOOKUP($B26, IMPORTRANGE('Match Names'!$H$23, CONCAT(VLOOKUP($C26, 'Match Names'!$1:$22, 8, FALSE), ""!C3:R29"")), ROW($A$1:$A$24), FALSE)), ""=0"")"),11.0) -> 11 | G26: =IFERROR(__xludf.DUMMYFUNCTION("COUNTIF(ARRAYFORMULA(HLOOKUP($B26, IMPORTRANGE('Prelim Rankings Unsorted'!$B$40, CONCAT(VLOOKUP($C26, 'Match Names'!$A$1:$D$22, 2, FALSE), ""!C3:R29"")), ROW($A$1:$A$24), FALSE)), ""=-4"") + COUNTIF(ARRAYFORMULA(HLOOKUP($B26, IMPORTRANGE('Prelim Rankings "&"Unsorted'!$B$41, CONCAT(VLOOKUP($C26, 'Match Names'!$A$1:$D$22, 3, FALSE), ""!C3:R29"")), ROW($A$1:$A$24), FALSE)), ""=-4"") + COUNTIF(ARRAYFORMULA(HLOOKUP($B26, IMPORTRANGE('Prelim Rankings Unsorted'!$B$42, CONCAT(VLOOKUP($C26, 'Match Names'!$A$1:$D$22, "&"4, FALSE), ""!C3:R29"")), ROW($A$1:$A$24), FALSE)), ""=-4"") + COUNTIF(ARRAYFORMULA(HLOOKUP($B26, IMPORTRANGE('Match Names'!$E$23, CONCAT(VLOOKUP($C26, 'Match Names'!$1:$22, 5, FALSE), ""!C3:R29"")), ROW($A$1:$A$24), FALSE)), ""=-4"") + COUNTIF(ARRAYFORMU"&"LA(HLOOKUP($B26, IMPORTRANGE('Match Names'!$F$23, CONCAT(VLOOKUP($C26, 'Match Names'!$1:$22, 6, FALSE), ""!C3:R29"")), ROW($A$1:$A$24), FALSE)), ""=-4"") + COUNTIF(ARRAYFORMULA(HLOOKUP($B26, IMPORTRANGE('Match Names'!$G$23, CONCAT(VLOOKUP($C26, 'Match Nam"&"es'!$1:$22, 7, FALSE), ""!C3:R29"")), ROW($A$1:$A$24), FALSE)), ""=-4"") + COUNTIF(ARRAYFORMULA(HLOOKUP($B26, IMPORTRANGE('Match Names'!$H$23, CONCAT(VLOOKUP($C26, 'Match Names'!$1:$22, 8, FALSE), ""!C3:R29"")), ROW($A$1:$A$24), FALSE)), ""=-4"")"),3.0) -> 3 | H26: =IFERROR(ROUND(((E26*4)+(G26*-4))/(D26/23), 2), 0) -> 10.67 | AA26: X
A27: Joshua | B27: =VLOOKUP(CONCAT(A27, C27), 'Discord Username to Real Name'!C:D, 2, FALSE) -> Nutritious Soup#4238 | C27: Scrubby Teletubbies | D27: =IFERROR(__xludf.DUMMYFUNCTION("(23 - COUNTIF(IFERROR(ARRAYFORMULA(HLOOKUP($B27, IMPORTRANGE('Prelim Rankings Unsorted'!$B$40, CONCAT(VLOOKUP($C27, 'Match Names'!$A$1:$D$22, 2, FALSE), ""!C3:R29"")), ROW($A$1:$A$24), FALSE)), $AA$9:$AA$31), ""=X"")) + (23 - COUNTIF(IFERROR(ARRAYFORMULA("&"HLOOKUP($B27, IMPORTRANGE('Prelim Rankings Unsorted'!$B$41, CONCAT(VLOOKUP($C27, 'Match Names'!$A$1:$D$22, 3, FALSE), ""!C3:R29"")), ROW($A$1:$A$24), FALSE)), $AA$9:$AA$31), ""=X"")) + (23 - COUNTIF(IFERROR(ARRAYFORMULA(HLOOKUP($B27, IMPORTRANGE('Prelim R"&"ankings Unsorted'!$B$42, CONCAT(VLOOKUP($C27, 'Match Names'!$A$1:$D$22, 4, FALSE), ""!C3:R29"")), ROW($A$1:$A$24), FALSE)), $AA$9:$AA$31), ""=X"")) + (23 - COUNTIF(IFERROR(ARRAYFORMULA(HLOOKUP($B27, IMPORTRANGE('Match Names'!$E$23, CONCAT(VLOOKUP($C27, 'M"&"atch Names'!$1:$22, 5, FALSE), ""!C3:R29"")), ROW($A$1:$A$24), FALSE)), $AA$9:$AA$31), ""=X"")) + (23 - COUNTIF(IFERROR(ARRAYFORMULA(HLOOKUP($B27, IMPORTRANGE('Match Names'!$F$23, CONCAT(VLOOKUP($C27, 'Match Names'!$1:$22, 6, FALSE), ""!C3:R29"")), ROW($A"&"$1:$A$24), FALSE)), $AA$9:$AA$31), ""=X"")) + (23 - COUNTIF(IFERROR(ARRAYFORMULA(HLOOKUP($B27, IMPORTRANGE('Match Names'!$G$23, CONCAT(VLOOKUP($C27, 'Match Names'!$1:$22, 7, FALSE), ""!C3:R29"")), ROW($A$1:$A$24), FALSE)), $AA$9:$AA$31), ""=X"")) + (23 - "&"COUNTIF(IFERROR(ARRAYFORMULA(HLOOKUP($B27, IMPORTRANGE('Match Names'!$H$23, CONCAT(VLOOKUP($C27, 'Match Names'!$1:$22, 8, FALSE), ""!C3:R29"")), ROW($A$1:$A$24), FALSE)), $AA$9:$AA$31), ""=X""))"),69.0) -> 69 | E27: =IFERROR(__xludf.DUMMYFUNCTION("COUNTIF(ARRAYFORMULA(HLOOKUP($B27, IMPORTRANGE('Prelim Rankings Unsorted'!$B$40, CONCAT(VLOOKUP($C27, 'Match Names'!$A$1:$D$22, 2, FALSE), ""!C3:R29"")), ROW($A$1:$A$24), FALSE)), ""=4"") + COUNTIF(ARRAYFORMULA(HLOOKUP($B27, IMPORTRANGE('Prelim Rankings U"&"nsorted'!$B$41, CONCAT(VLOOKUP($C27, 'Match Names'!$A$1:$D$22, 3, FALSE), ""!C3:R29"")), ROW($A$1:$A$24), FALSE)), ""=4"") + COUNTIF(ARRAYFORMULA(HLOOKUP($B27, IMPORTRANGE('Prelim Rankings Unsorted'!$B$42, CONCAT(VLOOKUP($C27, 'Match Names'!$A$1:$D$22, 4,"&" FALSE), ""!C3:R29"")), ROW($A$1:$A$24), FALSE)), ""=4"") + COUNTIF(ARRAYFORMULA(HLOOKUP($B27, IMPORTRANGE('Match Names'!$E$23, CONCAT(VLOOKUP($C27, 'Match Names'!$1:$22, 5, FALSE), ""!C3:R29"")), ROW($A$1:$A$24), FALSE)), ""=4"") + COUNTIF(ARRAYFORMULA(H"&"LOOKUP($B27, IMPORTRANGE('Match Names'!$F$23, CONCAT(VLOOKUP($C27, 'Match Names'!$1:$22, 6, FALSE), ""!C3:R29"")), ROW($A$1:$A$24), FALSE)), ""=4"") + COUNTIF(ARRAYFORMULA(HLOOKUP($B27, IMPORTRANGE('Match Names'!$G$23, CONCAT(VLOOKUP($C27, 'Match Names'!$"&"1:$22, 7, FALSE), ""!C3:R29"")), ROW($A$1:$A$24), FALSE)), ""=4"") + COUNTIF(ARRAYFORMULA(HLOOKUP($B27, IMPORTRANGE('Match Names'!$H$23, CONCAT(VLOOKUP($C27, 'Match Names'!$1:$22, 8, FALSE), ""!C3:R29"")), ROW($A$1:$A$24), FALSE)), ""=4"")"),0.0) -> 0 | F27: =IFERROR(__xludf.DUMMYFUNCTION("COUNTIF(ARRAYFORMULA(HLOOKUP($B27, IMPORTRANGE('Prelim Rankings Unsorted'!$B$40, CONCAT(VLOOKUP($C27, 'Match Names'!$A$1:$D$22, 2, FALSE), ""!C3:R29"")), ROW($A$1:$A$24), FALSE)), ""=0"") + COUNTIF(ARRAYFORMULA(HLOOKUP($B27, IMPORTRANGE('Prelim Rankings U"&"nsorted'!$B$41, CONCAT(VLOOKUP($C27, 'Match Names'!$A$1:$D$22, 3, FALSE), ""!C3:R29"")), ROW($A$1:$A$24), FALSE)), ""=0"") + COUNTIF(ARRAYFORMULA(HLOOKUP($B27, IMPORTRANGE('Prelim Rankings Unsorted'!$B$42, CONCAT(VLOOKUP($C27, 'Match Names'!$A$1:$D$22, 4,"&" FALSE), ""!C3:R29"")), ROW($A$1:$A$24), FALSE)), ""=0"") + COUNTIF(ARRAYFORMULA(HLOOKUP($B27, IMPORTRANGE('Match Names'!$E$23, CONCAT(VLOOKUP($C27, 'Match Names'!$1:$22, 5, FALSE), ""!C3:R29"")), ROW($A$1:$A$24), FALSE)), ""=0"") + COUNTIF(ARRAYFORMULA(H"&"LOOKUP($B27, IMPORTRANGE('Match Names'!$F$23, CONCAT(VLOOKUP($C27, 'Match Names'!$1:$22, 6, FALSE), ""!C3:R29"")), ROW($A$1:$A$24), FALSE)), ""=0"") + COUNTIF(ARRAYFORMULA(HLOOKUP($B27, IMPORTRANGE('Match Names'!$G$23, CONCAT(VLOOKUP($C27, 'Match Names'!$"&"1:$22, 7, FALSE), ""!C3:R29"")), ROW($A$1:$A$24), FALSE)), ""=0"") + COUNTIF(ARRAYFORMULA(HLOOKUP($B27, IMPORTRANGE('Match Names'!$H$23, CONCAT(VLOOKUP($C27, 'Match Names'!$1:$22, 8, FALSE), ""!C3:R29"")), ROW($A$1:$A$24), FALSE)), ""=0"")"),0.0) -> 0 | G27: =IFERROR(__xludf.DUMMYFUNCTION("COUNTIF(ARRAYFORMULA(HLOOKUP($B27, IMPORTRANGE('Prelim Rankings Unsorted'!$B$40, CONCAT(VLOOKUP($C27, 'Match Names'!$A$1:$D$22, 2, FALSE), ""!C3:R29"")), ROW($A$1:$A$24), FALSE)), ""=-4"") + COUNTIF(ARRAYFORMULA(HLOOKUP($B27, IMPORTRANGE('Prelim Rankings "&"Unsorted'!$B$41, CONCAT(VLOOKUP($C27, 'Match Names'!$A$1:$D$22, 3, FALSE), ""!C3:R29"")), ROW($A$1:$A$24), FALSE)), ""=-4"") + COUNTIF(ARRAYFORMULA(HLOOKUP($B27, IMPORTRANGE('Prelim Rankings Unsorted'!$B$42, CONCAT(VLOOKUP($C27, 'Match Names'!$A$1:$D$22, "&"4, FALSE), ""!C3:R29"")), ROW($A$1:$A$24), FALSE)), ""=-4"") + COUNTIF(ARRAYFORMULA(HLOOKUP($B27, IMPORTRANGE('Match Names'!$E$23, CONCAT(VLOOKUP($C27, 'Match Names'!$1:$22, 5, FALSE), ""!C3:R29"")), ROW($A$1:$A$24), FALSE)), ""=-4"") + COUNTIF(ARRAYFORMU"&"LA(HLOOKUP($B27, IMPORTRANGE('Match Names'!$F$23, CONCAT(VLOOKUP($C27, 'Match Names'!$1:$22, 6, FALSE), ""!C3:R29"")), ROW($A$1:$A$24), FALSE)), ""=-4"") + COUNTIF(ARRAYFORMULA(HLOOKUP($B27, IMPORTRANGE('Match Names'!$G$23, CONCAT(VLOOKUP($C27, 'Match Nam"&"es'!$1:$22, 7, FALSE), ""!C3:R29"")), ROW($A$1:$A$24), FALSE)), ""=-4"") + COUNTIF(ARRAYFORMULA(HLOOKUP($B27, IMPORTRANGE('Match Names'!$H$23, CONCAT(VLOOKUP($C27, 'Match Names'!$1:$22, 8, FALSE), ""!C3:R29"")), ROW($A$1:$A$24), FALSE)), ""=-4"")"),0.0) -> 0 | H27: =IFERROR(ROUND(((E27*4)+(G27*-4))/(D27/23), 2), 0) -> 0 | AA27: X
A28: Allison | B28: =VLOOKUP(CONCAT(A28, C28), 'Discord Username to Real Name'!C:D, 2, FALSE) -> a Aquilae#6100 | C28: U-235 Soup | D28: =IFERROR(__xludf.DUMMYFUNCTION("(23 - COUNTIF(IFERROR(ARRAYFORMULA(HLOOKUP($B28, IMPORTRANGE('Prelim Rankings Unsorted'!$B$40, CONCAT(VLOOKUP($C28, 'Match Names'!$A$1:$D$22, 2, FALSE), ""!C3:R29"")), ROW($A$1:$A$24), FALSE)), $AA$9:$AA$31), ""=X"")) + (23 - COUNTIF(IFERROR(ARRAYFORMULA("&"HLOOKUP($B28, IMPORTRANGE('Prelim Rankings Unsorted'!$B$41, CONCAT(VLOOKUP($C28, 'Match Names'!$A$1:$D$22, 3, FALSE), ""!C3:R29"")), ROW($A$1:$A$24), FALSE)), $AA$9:$AA$31), ""=X"")) + (23 - COUNTIF(IFERROR(ARRAYFORMULA(HLOOKUP($B28, IMPORTRANGE('Prelim R"&"ankings Unsorted'!$B$42, CONCAT(VLOOKUP($C28, 'Match Names'!$A$1:$D$22, 4, FALSE), ""!C3:R29"")), ROW($A$1:$A$24), FALSE)), $AA$9:$AA$31), ""=X"")) + (23 - COUNTIF(IFERROR(ARRAYFORMULA(HLOOKUP($B28, IMPORTRANGE('Match Names'!$E$23, CONCAT(VLOOKUP($C28, 'M"&"atch Names'!$1:$22, 5, FALSE), ""!C3:R29"")), ROW($A$1:$A$24), FALSE)), $AA$9:$AA$31), ""=X"")) + (23 - COUNTIF(IFERROR(ARRAYFORMULA(HLOOKUP($B28, IMPORTRANGE('Match Names'!$F$23, CONCAT(VLOOKUP($C28, 'Match Names'!$1:$22, 6, FALSE), ""!C3:R29"")), ROW($A"&"$1:$A$24), FALSE)), $AA$9:$AA$31), ""=X"")) + (23 - COUNTIF(IFERROR(ARRAYFORMULA(HLOOKUP($B28, IMPORTRANGE('Match Names'!$G$23, CONCAT(VLOOKUP($C28, 'Match Names'!$1:$22, 7, FALSE), ""!C3:R29"")), ROW($A$1:$A$24), FALSE)), $AA$9:$AA$31), ""=X"")) + (23 - "&"COUNTIF(IFERROR(ARRAYFORMULA(HLOOKUP($B28, IMPORTRANGE('Match Names'!$H$23, CONCAT(VLOOKUP($C28, 'Match Names'!$1:$22, 8, FALSE), ""!C3:R29"")), ROW($A$1:$A$24), FALSE)), $AA$9:$AA$31), ""=X""))"),138.0) -> 138 | E28: =IFERROR(__xludf.DUMMYFUNCTION("COUNTIF(ARRAYFORMULA(HLOOKUP($B28, IMPORTRANGE('Prelim Rankings Unsorted'!$B$40, CONCAT(VLOOKUP($C28, 'Match Names'!$A$1:$D$22, 2, FALSE), ""!C3:R29"")), ROW($A$1:$A$24), FALSE)), ""=4"") + COUNTIF(ARRAYFORMULA(HLOOKUP($B28, IMPORTRANGE('Prelim Rankings U"&"nsorted'!$B$41, CONCAT(VLOOKUP($C28, 'Match Names'!$A$1:$D$22, 3, FALSE), ""!C3:R29"")), ROW($A$1:$A$24), FALSE)), ""=4"") + COUNTIF(ARRAYFORMULA(HLOOKUP($B28, IMPORTRANGE('Prelim Rankings Unsorted'!$B$42, CONCAT(VLOOKUP($C28, 'Match Names'!$A$1:$D$22, 4,"&" FALSE), ""!C3:R29"")), ROW($A$1:$A$24), FALSE)), ""=4"") + COUNTIF(ARRAYFORMULA(HLOOKUP($B28, IMPORTRANGE('Match Names'!$E$23, CONCAT(VLOOKUP($C28, 'Match Names'!$1:$22, 5, FALSE), ""!C3:R29"")), ROW($A$1:$A$24), FALSE)), ""=4"") + COUNTIF(ARRAYFORMULA(H"&"LOOKUP($B28, IMPORTRANGE('Match Names'!$F$23, CONCAT(VLOOKUP($C28, 'Match Names'!$1:$22, 6, FALSE), ""!C3:R29"")), ROW($A$1:$A$24), FALSE)), ""=4"") + COUNTIF(ARRAYFORMULA(HLOOKUP($B28, IMPORTRANGE('Match Names'!$G$23, CONCAT(VLOOKUP($C28, 'Match Names'!$"&"1:$22, 7, FALSE), ""!C3:R29"")), ROW($A$1:$A$24), FALSE)), ""=4"") + COUNTIF(ARRAYFORMULA(HLOOKUP($B28, IMPORTRANGE('Match Names'!$H$23, CONCAT(VLOOKUP($C28, 'Match Names'!$1:$22, 8, FALSE), ""!C3:R29"")), ROW($A$1:$A$24), FALSE)), ""=4"")"),27.0) -> 27 | F28: =IFERROR(__xludf.DUMMYFUNCTION("COUNTIF(ARRAYFORMULA(HLOOKUP($B28, IMPORTRANGE('Prelim Rankings Unsorted'!$B$40, CONCAT(VLOOKUP($C28, 'Match Names'!$A$1:$D$22, 2, FALSE), ""!C3:R29"")), ROW($A$1:$A$24), FALSE)), ""=0"") + COUNTIF(ARRAYFORMULA(HLOOKUP($B28, IMPORTRANGE('Prelim Rankings U"&"nsorted'!$B$41, CONCAT(VLOOKUP($C28, 'Match Names'!$A$1:$D$22, 3, FALSE), ""!C3:R29"")), ROW($A$1:$A$24), FALSE)), ""=0"") + COUNTIF(ARRAYFORMULA(HLOOKUP($B28, IMPORTRANGE('Prelim Rankings Unsorted'!$B$42, CONCAT(VLOOKUP($C28, 'Match Names'!$A$1:$D$22, 4,"&" FALSE), ""!C3:R29"")), ROW($A$1:$A$24), FALSE)), ""=0"") + COUNTIF(ARRAYFORMULA(HLOOKUP($B28, IMPORTRANGE('Match Names'!$E$23, CONCAT(VLOOKUP($C28, 'Match Names'!$1:$22, 5, FALSE), ""!C3:R29"")), ROW($A$1:$A$24), FALSE)), ""=0"") + COUNTIF(ARRAYFORMULA(H"&"LOOKUP($B28, IMPORTRANGE('Match Names'!$F$23, CONCAT(VLOOKUP($C28, 'Match Names'!$1:$22, 6, FALSE), ""!C3:R29"")), ROW($A$1:$A$24), FALSE)), ""=0"") + COUNTIF(ARRAYFORMULA(HLOOKUP($B28, IMPORTRANGE('Match Names'!$G$23, CONCAT(VLOOKUP($C28, 'Match Names'!$"&"1:$22, 7, FALSE), ""!C3:R29"")), ROW($A$1:$A$24), FALSE)), ""=0"") + COUNTIF(ARRAYFORMULA(HLOOKUP($B28, IMPORTRANGE('Match Names'!$H$23, CONCAT(VLOOKUP($C28, 'Match Names'!$1:$22, 8, FALSE), ""!C3:R29"")), ROW($A$1:$A$24), FALSE)), ""=0"")"),14.0) -> 14 | G28: =IFERROR(__xludf.DUMMYFUNCTION("COUNTIF(ARRAYFORMULA(HLOOKUP($B28, IMPORTRANGE('Prelim Rankings Unsorted'!$B$40, CONCAT(VLOOKUP($C28, 'Match Names'!$A$1:$D$22, 2, FALSE), ""!C3:R29"")), ROW($A$1:$A$24), FALSE)), ""=-4"") + COUNTIF(ARRAYFORMULA(HLOOKUP($B28, IMPORTRANGE('Prelim Rankings "&"Unsorted'!$B$41, CONCAT(VLOOKUP($C28, 'Match Names'!$A$1:$D$22, 3, FALSE), ""!C3:R29"")), ROW($A$1:$A$24), FALSE)), ""=-4"") + COUNTIF(ARRAYFORMULA(HLOOKUP($B28, IMPORTRANGE('Prelim Rankings Unsorted'!$B$42, CONCAT(VLOOKUP($C28, 'Match Names'!$A$1:$D$22, "&"4, FALSE), ""!C3:R29"")), ROW($A$1:$A$24), FALSE)), ""=-4"") + COUNTIF(ARRAYFORMULA(HLOOKUP($B28, IMPORTRANGE('Match Names'!$E$23, CONCAT(VLOOKUP($C28, 'Match Names'!$1:$22, 5, FALSE), ""!C3:R29"")), ROW($A$1:$A$24), FALSE)), ""=-4"") + COUNTIF(ARRAYFORMU"&"LA(HLOOKUP($B28, IMPORTRANGE('Match Names'!$F$23, CONCAT(VLOOKUP($C28, 'Match Names'!$1:$22, 6, FALSE), ""!C3:R29"")), ROW($A$1:$A$24), FALSE)), ""=-4"") + COUNTIF(ARRAYFORMULA(HLOOKUP($B28, IMPORTRANGE('Match Names'!$G$23, CONCAT(VLOOKUP($C28, 'Match Nam"&"es'!$1:$22, 7, FALSE), ""!C3:R29"")), ROW($A$1:$A$24), FALSE)), ""=-4"") + COUNTIF(ARRAYFORMULA(HLOOKUP($B28, IMPORTRANGE('Match Names'!$H$23, CONCAT(VLOOKUP($C28, 'Match Names'!$1:$22, 8, FALSE), ""!C3:R29"")), ROW($A$1:$A$24), FALSE)), ""=-4"")"),1.0) -> 1 | H28: =IFERROR(ROUND(((E28*4)+(G28*-4))/(D28/23), 2), 0) -> 17.33 | AA28: X
A29: Emi | B29: =VLOOKUP(CONCAT(A29, C29), 'Discord Username to Real Name'!C:D, 2, FALSE) -> emu#0818 | C29: U-235 Soup | D29: =IFERROR(__xludf.DUMMYFUNCTION("(23 - COUNTIF(IFERROR(ARRAYFORMULA(HLOOKUP($B29, IMPORTRANGE('Prelim Rankings Unsorted'!$B$40, CONCAT(VLOOKUP($C29, 'Match Names'!$A$1:$D$22, 2, FALSE), ""!C3:R29"")), ROW($A$1:$A$24), FALSE)), $AA$9:$AA$31), ""=X"")) + (23 - COUNTIF(IFERROR(ARRAYFORMULA("&"HLOOKUP($B29, IMPORTRANGE('Prelim Rankings Unsorted'!$B$41, CONCAT(VLOOKUP($C29, 'Match Names'!$A$1:$D$22, 3, FALSE), ""!C3:R29"")), ROW($A$1:$A$24), FALSE)), $AA$9:$AA$31), ""=X"")) + (23 - COUNTIF(IFERROR(ARRAYFORMULA(HLOOKUP($B29, IMPORTRANGE('Prelim R"&"ankings Unsorted'!$B$42, CONCAT(VLOOKUP($C29, 'Match Names'!$A$1:$D$22, 4, FALSE), ""!C3:R29"")), ROW($A$1:$A$24), FALSE)), $AA$9:$AA$31), ""=X"")) + (23 - COUNTIF(IFERROR(ARRAYFORMULA(HLOOKUP($B29, IMPORTRANGE('Match Names'!$E$23, CONCAT(VLOOKUP($C29, 'M"&"atch Names'!$1:$22, 5, FALSE), ""!C3:R29"")), ROW($A$1:$A$24), FALSE)), $AA$9:$AA$31), ""=X"")) + (23 - COUNTIF(IFERROR(ARRAYFORMULA(HLOOKUP($B29, IMPORTRANGE('Match Names'!$F$23, CONCAT(VLOOKUP($C29, 'Match Names'!$1:$22, 6, FALSE), ""!C3:R29"")), ROW($A"&"$1:$A$24), FALSE)), $AA$9:$AA$31), ""=X"")) + (23 - COUNTIF(IFERROR(ARRAYFORMULA(HLOOKUP($B29, IMPORTRANGE('Match Names'!$G$23, CONCAT(VLOOKUP($C29, 'Match Names'!$1:$22, 7, FALSE), ""!C3:R29"")), ROW($A$1:$A$24), FALSE)), $AA$9:$AA$31), ""=X"")) + (23 - "&"COUNTIF(IFERROR(ARRAYFORMULA(HLOOKUP($B29, IMPORTRANGE('Match Names'!$H$23, CONCAT(VLOOKUP($C29, 'Match Names'!$1:$22, 8, FALSE), ""!C3:R29"")), ROW($A$1:$A$24), FALSE)), $AA$9:$AA$31), ""=X""))"),115.0) -> 115 | E29: =IFERROR(__xludf.DUMMYFUNCTION("COUNTIF(ARRAYFORMULA(HLOOKUP($B29, IMPORTRANGE('Prelim Rankings Unsorted'!$B$40, CONCAT(VLOOKUP($C29, 'Match Names'!$A$1:$D$22, 2, FALSE), ""!C3:R29"")), ROW($A$1:$A$24), FALSE)), ""=4"") + COUNTIF(ARRAYFORMULA(HLOOKUP($B29, IMPORTRANGE('Prelim Rankings U"&"nsorted'!$B$41, CONCAT(VLOOKUP($C29, 'Match Names'!$A$1:$D$22, 3, FALSE), ""!C3:R29"")), ROW($A$1:$A$24), FALSE)), ""=4"") + COUNTIF(ARRAYFORMULA(HLOOKUP($B29, IMPORTRANGE('Prelim Rankings Unsorted'!$B$42, CONCAT(VLOOKUP($C29, 'Match Names'!$A$1:$D$22, 4,"&" FALSE), ""!C3:R29"")), ROW($A$1:$A$24), FALSE)), ""=4"") + COUNTIF(ARRAYFORMULA(HLOOKUP($B29, IMPORTRANGE('Match Names'!$E$23, CONCAT(VLOOKUP($C29, 'Match Names'!$1:$22, 5, FALSE), ""!C3:R29"")), ROW($A$1:$A$24), FALSE)), ""=4"") + COUNTIF(ARRAYFORMULA(H"&"LOOKUP($B29, IMPORTRANGE('Match Names'!$F$23, CONCAT(VLOOKUP($C29, 'Match Names'!$1:$22, 6, FALSE), ""!C3:R29"")), ROW($A$1:$A$24), FALSE)), ""=4"") + COUNTIF(ARRAYFORMULA(HLOOKUP($B29, IMPORTRANGE('Match Names'!$G$23, CONCAT(VLOOKUP($C29, 'Match Names'!$"&"1:$22, 7, FALSE), ""!C3:R29"")), ROW($A$1:$A$24), FALSE)), ""=4"") + COUNTIF(ARRAYFORMULA(HLOOKUP($B29, IMPORTRANGE('Match Names'!$H$23, CONCAT(VLOOKUP($C29, 'Match Names'!$1:$22, 8, FALSE), ""!C3:R29"")), ROW($A$1:$A$24), FALSE)), ""=4"")"),2.0) -> 2 | F29: =IFERROR(__xludf.DUMMYFUNCTION("COUNTIF(ARRAYFORMULA(HLOOKUP($B29, IMPORTRANGE('Prelim Rankings Unsorted'!$B$40, CONCAT(VLOOKUP($C29, 'Match Names'!$A$1:$D$22, 2, FALSE), ""!C3:R29"")), ROW($A$1:$A$24), FALSE)), ""=0"") + COUNTIF(ARRAYFORMULA(HLOOKUP($B29, IMPORTRANGE('Prelim Rankings U"&"nsorted'!$B$41, CONCAT(VLOOKUP($C29, 'Match Names'!$A$1:$D$22, 3, FALSE), ""!C3:R29"")), ROW($A$1:$A$24), FALSE)), ""=0"") + COUNTIF(ARRAYFORMULA(HLOOKUP($B29, IMPORTRANGE('Prelim Rankings Unsorted'!$B$42, CONCAT(VLOOKUP($C29, 'Match Names'!$A$1:$D$22, 4,"&" FALSE), ""!C3:R29"")), ROW($A$1:$A$24), FALSE)), ""=0"") + COUNTIF(ARRAYFORMULA(HLOOKUP($B29, IMPORTRANGE('Match Names'!$E$23, CONCAT(VLOOKUP($C29, 'Match Names'!$1:$22, 5, FALSE), ""!C3:R29"")), ROW($A$1:$A$24), FALSE)), ""=0"") + COUNTIF(ARRAYFORMULA(H"&"LOOKUP($B29, IMPORTRANGE('Match Names'!$F$23, CONCAT(VLOOKUP($C29, 'Match Names'!$1:$22, 6, FALSE), ""!C3:R29"")), ROW($A$1:$A$24), FALSE)), ""=0"") + COUNTIF(ARRAYFORMULA(HLOOKUP($B29, IMPORTRANGE('Match Names'!$G$23, CONCAT(VLOOKUP($C29, 'Match Names'!$"&"1:$22, 7, FALSE), ""!C3:R29"")), ROW($A$1:$A$24), FALSE)), ""=0"") + COUNTIF(ARRAYFORMULA(HLOOKUP($B29, IMPORTRANGE('Match Names'!$H$23, CONCAT(VLOOKUP($C29, 'Match Names'!$1:$22, 8, FALSE), ""!C3:R29"")), ROW($A$1:$A$24), FALSE)), ""=0"")"),3.0) -> 3 | G29: =IFERROR(__xludf.DUMMYFUNCTION("COUNTIF(ARRAYFORMULA(HLOOKUP($B29, IMPORTRANGE('Prelim Rankings Unsorted'!$B$40, CONCAT(VLOOKUP($C29, 'Match Names'!$A$1:$D$22, 2, FALSE), ""!C3:R29"")), ROW($A$1:$A$24), FALSE)), ""=-4"") + COUNTIF(ARRAYFORMULA(HLOOKUP($B29, IMPORTRANGE('Prelim Rankings "&"Unsorted'!$B$41, CONCAT(VLOOKUP($C29, 'Match Names'!$A$1:$D$22, 3, FALSE), ""!C3:R29"")), ROW($A$1:$A$24), FALSE)), ""=-4"") + COUNTIF(ARRAYFORMULA(HLOOKUP($B29, IMPORTRANGE('Prelim Rankings Unsorted'!$B$42, CONCAT(VLOOKUP($C29, 'Match Names'!$A$1:$D$22, "&"4, FALSE), ""!C3:R29"")), ROW($A$1:$A$24), FALSE)), ""=-4"") + COUNTIF(ARRAYFORMULA(HLOOKUP($B29, IMPORTRANGE('Match Names'!$E$23, CONCAT(VLOOKUP($C29, 'Match Names'!$1:$22, 5, FALSE), ""!C3:R29"")), ROW($A$1:$A$24), FALSE)), ""=-4"") + COUNTIF(ARRAYFORMU"&"LA(HLOOKUP($B29, IMPORTRANGE('Match Names'!$F$23, CONCAT(VLOOKUP($C29, 'Match Names'!$1:$22, 6, FALSE), ""!C3:R29"")), ROW($A$1:$A$24), FALSE)), ""=-4"") + COUNTIF(ARRAYFORMULA(HLOOKUP($B29, IMPORTRANGE('Match Names'!$G$23, CONCAT(VLOOKUP($C29, 'Match Nam"&"es'!$1:$22, 7, FALSE), ""!C3:R29"")), ROW($A$1:$A$24), FALSE)), ""=-4"") + COUNTIF(ARRAYFORMULA(HLOOKUP($B29, IMPORTRANGE('Match Names'!$H$23, CONCAT(VLOOKUP($C29, 'Match Names'!$1:$22, 8, FALSE), ""!C3:R29"")), ROW($A$1:$A$24), FALSE)), ""=-4"")"),0.0) -> 0 | H29: =IFERROR(ROUND(((E29*4)+(G29*-4))/(D29/23), 2), 0) -> 1.6 | AA29: X
A30: Chloe | B30: =VLOOKUP(CONCAT(A30, C30), 'Discord Username to Real Name'!C:D, 2, FALSE) -> sachiko#9539 | C30: U-235 Soup | D30: =IFERROR(__xludf.DUMMYFUNCTION("(23 - COUNTIF(IFERROR(ARRAYFORMULA(HLOOKUP($B30, IMPORTRANGE('Prelim Rankings Unsorted'!$B$40, CONCAT(VLOOKUP($C30, 'Match Names'!$A$1:$D$22, 2, FALSE), ""!C3:R29"")), ROW($A$1:$A$24), FALSE)), $AA$9:$AA$31), ""=X"")) + (23 - COUNTIF(IFERROR(ARRAYFORMULA("&"HLOOKUP($B30, IMPORTRANGE('Prelim Rankings Unsorted'!$B$41, CONCAT(VLOOKUP($C30, 'Match Names'!$A$1:$D$22, 3, FALSE), ""!C3:R29"")), ROW($A$1:$A$24), FALSE)), $AA$9:$AA$31), ""=X"")) + (23 - COUNTIF(IFERROR(ARRAYFORMULA(HLOOKUP($B30, IMPORTRANGE('Prelim R"&"ankings Unsorted'!$B$42, CONCAT(VLOOKUP($C30, 'Match Names'!$A$1:$D$22, 4, FALSE), ""!C3:R29"")), ROW($A$1:$A$24), FALSE)), $AA$9:$AA$31), ""=X"")) + (23 - COUNTIF(IFERROR(ARRAYFORMULA(HLOOKUP($B30, IMPORTRANGE('Match Names'!$E$23, CONCAT(VLOOKUP($C30, 'M"&"atch Names'!$1:$22, 5, FALSE), ""!C3:R29"")), ROW($A$1:$A$24), FALSE)), $AA$9:$AA$31), ""=X"")) + (23 - COUNTIF(IFERROR(ARRAYFORMULA(HLOOKUP($B30, IMPORTRANGE('Match Names'!$F$23, CONCAT(VLOOKUP($C30, 'Match Names'!$1:$22, 6, FALSE), ""!C3:R29"")), ROW($A"&"$1:$A$24), FALSE)), $AA$9:$AA$31), ""=X"")) + (23 - COUNTIF(IFERROR(ARRAYFORMULA(HLOOKUP($B30, IMPORTRANGE('Match Names'!$G$23, CONCAT(VLOOKUP($C30, 'Match Names'!$1:$22, 7, FALSE), ""!C3:R29"")), ROW($A$1:$A$24), FALSE)), $AA$9:$AA$31), ""=X"")) + (23 - "&"COUNTIF(IFERROR(ARRAYFORMULA(HLOOKUP($B30, IMPORTRANGE('Match Names'!$H$23, CONCAT(VLOOKUP($C30, 'Match Names'!$1:$22, 8, FALSE), ""!C3:R29"")), ROW($A$1:$A$24), FALSE)), $AA$9:$AA$31), ""=X""))"),126.0) -> 126 | E30: =IFERROR(__xludf.DUMMYFUNCTION("COUNTIF(ARRAYFORMULA(HLOOKUP($B30, IMPORTRANGE('Prelim Rankings Unsorted'!$B$40, CONCAT(VLOOKUP($C30, 'Match Names'!$A$1:$D$22, 2, FALSE), ""!C3:R29"")), ROW($A$1:$A$24), FALSE)), ""=4"") + COUNTIF(ARRAYFORMULA(HLOOKUP($B30, IMPORTRANGE('Prelim Rankings U"&"nsorted'!$B$41, CONCAT(VLOOKUP($C30, 'Match Names'!$A$1:$D$22, 3, FALSE), ""!C3:R29"")), ROW($A$1:$A$24), FALSE)), ""=4"") + COUNTIF(ARRAYFORMULA(HLOOKUP($B30, IMPORTRANGE('Prelim Rankings Unsorted'!$B$42, CONCAT(VLOOKUP($C30, 'Match Names'!$A$1:$D$22, 4,"&" FALSE), ""!C3:R29"")), ROW($A$1:$A$24), FALSE)), ""=4"") + COUNTIF(ARRAYFORMULA(HLOOKUP($B30, IMPORTRANGE('Match Names'!$E$23, CONCAT(VLOOKUP($C30, 'Match Names'!$1:$22, 5, FALSE), ""!C3:R29"")), ROW($A$1:$A$24), FALSE)), ""=4"") + COUNTIF(ARRAYFORMULA(H"&"LOOKUP($B30, IMPORTRANGE('Match Names'!$F$23, CONCAT(VLOOKUP($C30, 'Match Names'!$1:$22, 6, FALSE), ""!C3:R29"")), ROW($A$1:$A$24), FALSE)), ""=4"") + COUNTIF(ARRAYFORMULA(HLOOKUP($B30, IMPORTRANGE('Match Names'!$G$23, CONCAT(VLOOKUP($C30, 'Match Names'!$"&"1:$22, 7, FALSE), ""!C3:R29"")), ROW($A$1:$A$24), FALSE)), ""=4"") + COUNTIF(ARRAYFORMULA(HLOOKUP($B30, IMPORTRANGE('Match Names'!$H$23, CONCAT(VLOOKUP($C30, 'Match Names'!$1:$22, 8, FALSE), ""!C3:R29"")), ROW($A$1:$A$24), FALSE)), ""=4"")"),3.0) -> 3 | F30: =IFERROR(__xludf.DUMMYFUNCTION("COUNTIF(ARRAYFORMULA(HLOOKUP($B30, IMPORTRANGE('Prelim Rankings Unsorted'!$B$40, CONCAT(VLOOKUP($C30, 'Match Names'!$A$1:$D$22, 2, FALSE), ""!C3:R29"")), ROW($A$1:$A$24), FALSE)), ""=0"") + COUNTIF(ARRAYFORMULA(HLOOKUP($B30, IMPORTRANGE('Prelim Rankings U"&"nsorted'!$B$41, CONCAT(VLOOKUP($C30, 'Match Names'!$A$1:$D$22, 3, FALSE), ""!C3:R29"")), ROW($A$1:$A$24), FALSE)), ""=0"") + COUNTIF(ARRAYFORMULA(HLOOKUP($B30, IMPORTRANGE('Prelim Rankings Unsorted'!$B$42, CONCAT(VLOOKUP($C30, 'Match Names'!$A$1:$D$22, 4,"&" FALSE), ""!C3:R29"")), ROW($A$1:$A$24), FALSE)), ""=0"") + COUNTIF(ARRAYFORMULA(HLOOKUP($B30, IMPORTRANGE('Match Names'!$E$23, CONCAT(VLOOKUP($C30, 'Match Names'!$1:$22, 5, FALSE), ""!C3:R29"")), ROW($A$1:$A$24), FALSE)), ""=0"") + COUNTIF(ARRAYFORMULA(H"&"LOOKUP($B30, IMPORTRANGE('Match Names'!$F$23, CONCAT(VLOOKUP($C30, 'Match Names'!$1:$22, 6, FALSE), ""!C3:R29"")), ROW($A$1:$A$24), FALSE)), ""=0"") + COUNTIF(ARRAYFORMULA(HLOOKUP($B30, IMPORTRANGE('Match Names'!$G$23, CONCAT(VLOOKUP($C30, 'Match Names'!$"&"1:$22, 7, FALSE), ""!C3:R29"")), ROW($A$1:$A$24), FALSE)), ""=0"") + COUNTIF(ARRAYFORMULA(HLOOKUP($B30, IMPORTRANGE('Match Names'!$H$23, CONCAT(VLOOKUP($C30, 'Match Names'!$1:$22, 8, FALSE), ""!C3:R29"")), ROW($A$1:$A$24), FALSE)), ""=0"")"),2.0) -> 2 | G30: =IFERROR(__xludf.DUMMYFUNCTION("COUNTIF(ARRAYFORMULA(HLOOKUP($B30, IMPORTRANGE('Prelim Rankings Unsorted'!$B$40, CONCAT(VLOOKUP($C30, 'Match Names'!$A$1:$D$22, 2, FALSE), ""!C3:R29"")), ROW($A$1:$A$24), FALSE)), ""=-4"") + COUNTIF(ARRAYFORMULA(HLOOKUP($B30, IMPORTRANGE('Prelim Rankings "&"Unsorted'!$B$41, CONCAT(VLOOKUP($C30, 'Match Names'!$A$1:$D$22, 3, FALSE), ""!C3:R29"")), ROW($A$1:$A$24), FALSE)), ""=-4"") + COUNTIF(ARRAYFORMULA(HLOOKUP($B30, IMPORTRANGE('Prelim Rankings Unsorted'!$B$42, CONCAT(VLOOKUP($C30, 'Match Names'!$A$1:$D$22, "&"4, FALSE), ""!C3:R29"")), ROW($A$1:$A$24), FALSE)), ""=-4"") + COUNTIF(ARRAYFORMULA(HLOOKUP($B30, IMPORTRANGE('Match Names'!$E$23, CONCAT(VLOOKUP($C30, 'Match Names'!$1:$22, 5, FALSE), ""!C3:R29"")), ROW($A$1:$A$24), FALSE)), ""=-4"") + COUNTIF(ARRAYFORMU"&"LA(HLOOKUP($B30, IMPORTRANGE('Match Names'!$F$23, CONCAT(VLOOKUP($C30, 'Match Names'!$1:$22, 6, FALSE), ""!C3:R29"")), ROW($A$1:$A$24), FALSE)), ""=-4"") + COUNTIF(ARRAYFORMULA(HLOOKUP($B30, IMPORTRANGE('Match Names'!$G$23, CONCAT(VLOOKUP($C30, 'Match Nam"&"es'!$1:$22, 7, FALSE), ""!C3:R29"")), ROW($A$1:$A$24), FALSE)), ""=-4"") + COUNTIF(ARRAYFORMULA(HLOOKUP($B30, IMPORTRANGE('Match Names'!$H$23, CONCAT(VLOOKUP($C30, 'Match Names'!$1:$22, 8, FALSE), ""!C3:R29"")), ROW($A$1:$A$24), FALSE)), ""=-4"")"),0.0) -> 0 | H30: =IFERROR(ROUND(((E30*4)+(G30*-4))/(D30/23), 2), 0) -> 2.19 | AA30: X
A31: Audrey | B31: =VLOOKUP(CONCAT(A31, C31), 'Discord Username to Real Name'!C:D, 2, FALSE) -> audrey#4828 | C31: U-235 Soup | D31: =IFERROR(__xludf.DUMMYFUNCTION("(23 - COUNTIF(IFERROR(ARRAYFORMULA(HLOOKUP($B31, IMPORTRANGE('Prelim Rankings Unsorted'!$B$40, CONCAT(VLOOKUP($C31, 'Match Names'!$A$1:$D$22, 2, FALSE), ""!C3:R29"")), ROW($A$1:$A$24), FALSE)), $AA$9:$AA$31), ""=X"")) + (23 - COUNTIF(IFERROR(ARRAYFORMULA("&"HLOOKUP($B31, IMPORTRANGE('Prelim Rankings Unsorted'!$B$41, CONCAT(VLOOKUP($C31, 'Match Names'!$A$1:$D$22, 3, FALSE), ""!C3:R29"")), ROW($A$1:$A$24), FALSE)), $AA$9:$AA$31), ""=X"")) + (23 - COUNTIF(IFERROR(ARRAYFORMULA(HLOOKUP($B31, IMPORTRANGE('Prelim R"&"ankings Unsorted'!$B$42, CONCAT(VLOOKUP($C31, 'Match Names'!$A$1:$D$22, 4, FALSE), ""!C3:R29"")), ROW($A$1:$A$24), FALSE)), $AA$9:$AA$31), ""=X"")) + (23 - COUNTIF(IFERROR(ARRAYFORMULA(HLOOKUP($B31, IMPORTRANGE('Match Names'!$E$23, CONCAT(VLOOKUP($C31, 'M"&"atch Names'!$1:$22, 5, FALSE), ""!C3:R29"")), ROW($A$1:$A$24), FALSE)), $AA$9:$AA$31), ""=X"")) + (23 - COUNTIF(IFERROR(ARRAYFORMULA(HLOOKUP($B31, IMPORTRANGE('Match Names'!$F$23, CONCAT(VLOOKUP($C31, 'Match Names'!$1:$22, 6, FALSE), ""!C3:R29"")), ROW($A"&"$1:$A$24), FALSE)), $AA$9:$AA$31), ""=X"")) + (23 - COUNTIF(IFERROR(ARRAYFORMULA(HLOOKUP($B31, IMPORTRANGE('Match Names'!$G$23, CONCAT(VLOOKUP($C31, 'Match Names'!$1:$22, 7, FALSE), ""!C3:R29"")), ROW($A$1:$A$24), FALSE)), $AA$9:$AA$31), ""=X"")) + (23 - "&"COUNTIF(IFERROR(ARRAYFORMULA(HLOOKUP($B31, IMPORTRANGE('Match Names'!$H$23, CONCAT(VLOOKUP($C31, 'Match Names'!$1:$22, 8, FALSE), ""!C3:R29"")), ROW($A$1:$A$24), FALSE)), $AA$9:$AA$31), ""=X""))"),34.0) -> 34 | E31: =IFERROR(__xludf.DUMMYFUNCTION("COUNTIF(ARRAYFORMULA(HLOOKUP($B31, IMPORTRANGE('Prelim Rankings Unsorted'!$B$40, CONCAT(VLOOKUP($C31, 'Match Names'!$A$1:$D$22, 2, FALSE), ""!C3:R29"")), ROW($A$1:$A$24), FALSE)), ""=4"") + COUNTIF(ARRAYFORMULA(HLOOKUP($B31, IMPORTRANGE('Prelim Rankings U"&"nsorted'!$B$41, CONCAT(VLOOKUP($C31, 'Match Names'!$A$1:$D$22, 3, FALSE), ""!C3:R29"")), ROW($A$1:$A$24), FALSE)), ""=4"") + COUNTIF(ARRAYFORMULA(HLOOKUP($B31, IMPORTRANGE('Prelim Rankings Unsorted'!$B$42, CONCAT(VLOOKUP($C31, 'Match Names'!$A$1:$D$22, 4,"&" FALSE), ""!C3:R29"")), ROW($A$1:$A$24), FALSE)), ""=4"") + COUNTIF(ARRAYFORMULA(HLOOKUP($B31, IMPORTRANGE('Match Names'!$E$23, CONCAT(VLOOKUP($C31, 'Match Names'!$1:$22, 5, FALSE), ""!C3:R29"")), ROW($A$1:$A$24), FALSE)), ""=4"") + COUNTIF(ARRAYFORMULA(H"&"LOOKUP($B31, IMPORTRANGE('Match Names'!$F$23, CONCAT(VLOOKUP($C31, 'Match Names'!$1:$22, 6, FALSE), ""!C3:R29"")), ROW($A$1:$A$24), FALSE)), ""=4"") + COUNTIF(ARRAYFORMULA(HLOOKUP($B31, IMPORTRANGE('Match Names'!$G$23, CONCAT(VLOOKUP($C31, 'Match Names'!$"&"1:$22, 7, FALSE), ""!C3:R29"")), ROW($A$1:$A$24), FALSE)), ""=4"") + COUNTIF(ARRAYFORMULA(HLOOKUP($B31, IMPORTRANGE('Match Names'!$H$23, CONCAT(VLOOKUP($C31, 'Match Names'!$1:$22, 8, FALSE), ""!C3:R29"")), ROW($A$1:$A$24), FALSE)), ""=4"")"),0.0) -> 0 | F31: =IFERROR(__xludf.DUMMYFUNCTION("COUNTIF(ARRAYFORMULA(HLOOKUP($B31, IMPORTRANGE('Prelim Rankings Unsorted'!$B$40, CONCAT(VLOOKUP($C31, 'Match Names'!$A$1:$D$22, 2, FALSE), ""!C3:R29"")), ROW($A$1:$A$24), FALSE)), ""=0"") + COUNTIF(ARRAYFORMULA(HLOOKUP($B31, IMPORTRANGE('Prelim Rankings U"&"nsorted'!$B$41, CONCAT(VLOOKUP($C31, 'Match Names'!$A$1:$D$22, 3, FALSE), ""!C3:R29"")), ROW($A$1:$A$24), FALSE)), ""=0"") + COUNTIF(ARRAYFORMULA(HLOOKUP($B31, IMPORTRANGE('Prelim Rankings Unsorted'!$B$42, CONCAT(VLOOKUP($C31, 'Match Names'!$A$1:$D$22, 4,"&" FALSE), ""!C3:R29"")), ROW($A$1:$A$24), FALSE)), ""=0"") + COUNTIF(ARRAYFORMULA(HLOOKUP($B31, IMPORTRANGE('Match Names'!$E$23, CONCAT(VLOOKUP($C31, 'Match Names'!$1:$22, 5, FALSE), ""!C3:R29"")), ROW($A$1:$A$24), FALSE)), ""=0"") + COUNTIF(ARRAYFORMULA(H"&"LOOKUP($B31, IMPORTRANGE('Match Names'!$F$23, CONCAT(VLOOKUP($C31, 'Match Names'!$1:$22, 6, FALSE), ""!C3:R29"")), ROW($A$1:$A$24), FALSE)), ""=0"") + COUNTIF(ARRAYFORMULA(HLOOKUP($B31, IMPORTRANGE('Match Names'!$G$23, CONCAT(VLOOKUP($C31, 'Match Names'!$"&"1:$22, 7, FALSE), ""!C3:R29"")), ROW($A$1:$A$24), FALSE)), ""=0"") + COUNTIF(ARRAYFORMULA(HLOOKUP($B31, IMPORTRANGE('Match Names'!$H$23, CONCAT(VLOOKUP($C31, 'Match Names'!$1:$22, 8, FALSE), ""!C3:R29"")), ROW($A$1:$A$24), FALSE)), ""=0"")"),1.0) -> 1 | G31: =IFERROR(__xludf.DUMMYFUNCTION("COUNTIF(ARRAYFORMULA(HLOOKUP($B31, IMPORTRANGE('Prelim Rankings Unsorted'!$B$40, CONCAT(VLOOKUP($C31, 'Match Names'!$A$1:$D$22, 2, FALSE), ""!C3:R29"")), ROW($A$1:$A$24), FALSE)), ""=-4"") + COUNTIF(ARRAYFORMULA(HLOOKUP($B31, IMPORTRANGE('Prelim Rankings "&"Unsorted'!$B$41, CONCAT(VLOOKUP($C31, 'Match Names'!$A$1:$D$22, 3, FALSE), ""!C3:R29"")), ROW($A$1:$A$24), FALSE)), ""=-4"") + COUNTIF(ARRAYFORMULA(HLOOKUP($B31, IMPORTRANGE('Prelim Rankings Unsorted'!$B$42, CONCAT(VLOOKUP($C31, 'Match Names'!$A$1:$D$22, "&"4, FALSE), ""!C3:R29"")), ROW($A$1:$A$24), FALSE)), ""=-4"") + COUNTIF(ARRAYFORMULA(HLOOKUP($B31, IMPORTRANGE('Match Names'!$E$23, CONCAT(VLOOKUP($C31, 'Match Names'!$1:$22, 5, FALSE), ""!C3:R29"")), ROW($A$1:$A$24), FALSE)), ""=-4"") + COUNTIF(ARRAYFORMU"&"LA(HLOOKUP($B31, IMPORTRANGE('Match Names'!$F$23, CONCAT(VLOOKUP($C31, 'Match Names'!$1:$22, 6, FALSE), ""!C3:R29"")), ROW($A$1:$A$24), FALSE)), ""=-4"") + COUNTIF(ARRAYFORMULA(HLOOKUP($B31, IMPORTRANGE('Match Names'!$G$23, CONCAT(VLOOKUP($C31, 'Match Nam"&"es'!$1:$22, 7, FALSE), ""!C3:R29"")), ROW($A$1:$A$24), FALSE)), ""=-4"") + COUNTIF(ARRAYFORMULA(HLOOKUP($B31, IMPORTRANGE('Match Names'!$H$23, CONCAT(VLOOKUP($C31, 'Match Names'!$1:$22, 8, FALSE), ""!C3:R29"")), ROW($A$1:$A$24), FALSE)), ""=-4"")"),0.0) -> 0 | H31: =IFERROR(ROUND(((E31*4)+(G31*-4))/(D31/23), 2), 0) -> 0 | AA31: X
A32: Logan | B32: =VLOOKUP(CONCAT(A32, C32), 'Discord Username to Real Name'!C:D, 2, FALSE) -> Logan L.#8589 | C32: U-235 Soup | D32: =IFERROR(__xludf.DUMMYFUNCTION("(23 - COUNTIF(IFERROR(ARRAYFORMULA(HLOOKUP($B32, IMPORTRANGE('Prelim Rankings Unsorted'!$B$40, CONCAT(VLOOKUP($C32, 'Match Names'!$A$1:$D$22, 2, FALSE), ""!C3:R29"")), ROW($A$1:$A$24), FALSE)), $AA$9:$AA$31), ""=X"")) + (23 - COUNTIF(IFERROR(ARRAYFORMULA("&"HLOOKUP($B32, IMPORTRANGE('Prelim Rankings Unsorted'!$B$41, CONCAT(VLOOKUP($C32, 'Match Names'!$A$1:$D$22, 3, FALSE), ""!C3:R29"")), ROW($A$1:$A$24), FALSE)), $AA$9:$AA$31), ""=X"")) + (23 - COUNTIF(IFERROR(ARRAYFORMULA(HLOOKUP($B32, IMPORTRANGE('Prelim R"&"ankings Unsorted'!$B$42, CONCAT(VLOOKUP($C32, 'Match Names'!$A$1:$D$22, 4, FALSE), ""!C3:R29"")), ROW($A$1:$A$24), FALSE)), $AA$9:$AA$31), ""=X"")) + (23 - COUNTIF(IFERROR(ARRAYFORMULA(HLOOKUP($B32, IMPORTRANGE('Match Names'!$E$23, CONCAT(VLOOKUP($C32, 'M"&"atch Names'!$1:$22, 5, FALSE), ""!C3:R29"")), ROW($A$1:$A$24), FALSE)), $AA$9:$AA$31), ""=X"")) + (23 - COUNTIF(IFERROR(ARRAYFORMULA(HLOOKUP($B32, IMPORTRANGE('Match Names'!$F$23, CONCAT(VLOOKUP($C32, 'Match Names'!$1:$22, 6, FALSE), ""!C3:R29"")), ROW($A"&"$1:$A$24), FALSE)), $AA$9:$AA$31), ""=X"")) + (23 - COUNTIF(IFERROR(ARRAYFORMULA(HLOOKUP($B32, IMPORTRANGE('Match Names'!$G$23, CONCAT(VLOOKUP($C32, 'Match Names'!$1:$22, 7, FALSE), ""!C3:R29"")), ROW($A$1:$A$24), FALSE)), $AA$9:$AA$31), ""=X"")) + (23 - "&"COUNTIF(IFERROR(ARRAYFORMULA(HLOOKUP($B32, IMPORTRANGE('Match Names'!$H$23, CONCAT(VLOOKUP($C32, 'Match Names'!$1:$22, 8, FALSE), ""!C3:R29"")), ROW($A$1:$A$24), FALSE)), $AA$9:$AA$31), ""=X""))"),127.0) -> 127 | E32: =IFERROR(__xludf.DUMMYFUNCTION("COUNTIF(ARRAYFORMULA(HLOOKUP($B32, IMPORTRANGE('Prelim Rankings Unsorted'!$B$40, CONCAT(VLOOKUP($C32, 'Match Names'!$A$1:$D$22, 2, FALSE), ""!C3:R29"")), ROW($A$1:$A$24), FALSE)), ""=4"") + COUNTIF(ARRAYFORMULA(HLOOKUP($B32, IMPORTRANGE('Prelim Rankings U"&"nsorted'!$B$41, CONCAT(VLOOKUP($C32, 'Match Names'!$A$1:$D$22, 3, FALSE), ""!C3:R29"")), ROW($A$1:$A$24), FALSE)), ""=4"") + COUNTIF(ARRAYFORMULA(HLOOKUP($B32, IMPORTRANGE('Prelim Rankings Unsorted'!$B$42, CONCAT(VLOOKUP($C32, 'Match Names'!$A$1:$D$22, 4,"&" FALSE), ""!C3:R29"")), ROW($A$1:$A$24), FALSE)), ""=4"") + COUNTIF(ARRAYFORMULA(HLOOKUP($B32, IMPORTRANGE('Match Names'!$E$23, CONCAT(VLOOKUP($C32, 'Match Names'!$1:$22, 5, FALSE), ""!C3:R29"")), ROW($A$1:$A$24), FALSE)), ""=4"") + COUNTIF(ARRAYFORMULA(H"&"LOOKUP($B32, IMPORTRANGE('Match Names'!$F$23, CONCAT(VLOOKUP($C32, 'Match Names'!$1:$22, 6, FALSE), ""!C3:R29"")), ROW($A$1:$A$24), FALSE)), ""=4"") + COUNTIF(ARRAYFORMULA(HLOOKUP($B32, IMPORTRANGE('Match Names'!$G$23, CONCAT(VLOOKUP($C32, 'Match Names'!$"&"1:$22, 7, FALSE), ""!C3:R29"")), ROW($A$1:$A$24), FALSE)), ""=4"") + COUNTIF(ARRAYFORMULA(HLOOKUP($B32, IMPORTRANGE('Match Names'!$H$23, CONCAT(VLOOKUP($C32, 'Match Names'!$1:$22, 8, FALSE), ""!C3:R29"")), ROW($A$1:$A$24), FALSE)), ""=4"")"),10.0) -> 10 | F32: =IFERROR(__xludf.DUMMYFUNCTION("COUNTIF(ARRAYFORMULA(HLOOKUP($B32, IMPORTRANGE('Prelim Rankings Unsorted'!$B$40, CONCAT(VLOOKUP($C32, 'Match Names'!$A$1:$D$22, 2, FALSE), ""!C3:R29"")), ROW($A$1:$A$24), FALSE)), ""=0"") + COUNTIF(ARRAYFORMULA(HLOOKUP($B32, IMPORTRANGE('Prelim Rankings U"&"nsorted'!$B$41, CONCAT(VLOOKUP($C32, 'Match Names'!$A$1:$D$22, 3, FALSE), ""!C3:R29"")), ROW($A$1:$A$24), FALSE)), ""=0"") + COUNTIF(ARRAYFORMULA(HLOOKUP($B32, IMPORTRANGE('Prelim Rankings Unsorted'!$B$42, CONCAT(VLOOKUP($C32, 'Match Names'!$A$1:$D$22, 4,"&" FALSE), ""!C3:R29"")), ROW($A$1:$A$24), FALSE)), ""=0"") + COUNTIF(ARRAYFORMULA(HLOOKUP($B32, IMPORTRANGE('Match Names'!$E$23, CONCAT(VLOOKUP($C32, 'Match Names'!$1:$22, 5, FALSE), ""!C3:R29"")), ROW($A$1:$A$24), FALSE)), ""=0"") + COUNTIF(ARRAYFORMULA(H"&"LOOKUP($B32, IMPORTRANGE('Match Names'!$F$23, CONCAT(VLOOKUP($C32, 'Match Names'!$1:$22, 6, FALSE), ""!C3:R29"")), ROW($A$1:$A$24), FALSE)), ""=0"") + COUNTIF(ARRAYFORMULA(HLOOKUP($B32, IMPORTRANGE('Match Names'!$G$23, CONCAT(VLOOKUP($C32, 'Match Names'!$"&"1:$22, 7, FALSE), ""!C3:R29"")), ROW($A$1:$A$24), FALSE)), ""=0"") + COUNTIF(ARRAYFORMULA(HLOOKUP($B32, IMPORTRANGE('Match Names'!$H$23, CONCAT(VLOOKUP($C32, 'Match Names'!$1:$22, 8, FALSE), ""!C3:R29"")), ROW($A$1:$A$24), FALSE)), ""=0"")"),11.0) -> 11 | G32: =IFERROR(__xludf.DUMMYFUNCTION("COUNTIF(ARRAYFORMULA(HLOOKUP($B32, IMPORTRANGE('Prelim Rankings Unsorted'!$B$40, CONCAT(VLOOKUP($C32, 'Match Names'!$A$1:$D$22, 2, FALSE), ""!C3:R29"")), ROW($A$1:$A$24), FALSE)), ""=-4"") + COUNTIF(ARRAYFORMULA(HLOOKUP($B32, IMPORTRANGE('Prelim Rankings "&"Unsorted'!$B$41, CONCAT(VLOOKUP($C32, 'Match Names'!$A$1:$D$22, 3, FALSE), ""!C3:R29"")), ROW($A$1:$A$24), FALSE)), ""=-4"") + COUNTIF(ARRAYFORMULA(HLOOKUP($B32, IMPORTRANGE('Prelim Rankings Unsorted'!$B$42, CONCAT(VLOOKUP($C32, 'Match Names'!$A$1:$D$22, "&"4, FALSE), ""!C3:R29"")), ROW($A$1:$A$24), FALSE)), ""=-4"") + COUNTIF(ARRAYFORMULA(HLOOKUP($B32, IMPORTRANGE('Match Names'!$E$23, CONCAT(VLOOKUP($C32, 'Match Names'!$1:$22, 5, FALSE), ""!C3:R29"")), ROW($A$1:$A$24), FALSE)), ""=-4"") + COUNTIF(ARRAYFORMU"&"LA(HLOOKUP($B32, IMPORTRANGE('Match Names'!$F$23, CONCAT(VLOOKUP($C32, 'Match Names'!$1:$22, 6, FALSE), ""!C3:R29"")), ROW($A$1:$A$24), FALSE)), ""=-4"") + COUNTIF(ARRAYFORMULA(HLOOKUP($B32, IMPORTRANGE('Match Names'!$G$23, CONCAT(VLOOKUP($C32, 'Match Nam"&"es'!$1:$22, 7, FALSE), ""!C3:R29"")), ROW($A$1:$A$24), FALSE)), ""=-4"") + COUNTIF(ARRAYFORMULA(HLOOKUP($B32, IMPORTRANGE('Match Names'!$H$23, CONCAT(VLOOKUP($C32, 'Match Names'!$1:$22, 8, FALSE), ""!C3:R29"")), ROW($A$1:$A$24), FALSE)), ""=-4"")"),2.0) -> 2 | H32: =IFERROR(ROUND(((E32*4)+(G32*-4))/(D32/23), 2), 0) -> 5.8
A33: Ryan | B33: =VLOOKUP(CONCAT(A33, C33), 'Discord Username to Real Name'!C:D, 2, FALSE) -> (Stitch)^2#3169 | C33: Galena Popsicles | D33: =IFERROR(__xludf.DUMMYFUNCTION("(23 - COUNTIF(IFERROR(ARRAYFORMULA(HLOOKUP($B33, IMPORTRANGE('Prelim Rankings Unsorted'!$B$40, CONCAT(VLOOKUP($C33, 'Match Names'!$A$1:$D$22, 2, FALSE), ""!C3:R29"")), ROW($A$1:$A$24), FALSE)), $AA$9:$AA$31), ""=X"")) + (23 - COUNTIF(IFERROR(ARRAYFORMULA("&"HLOOKUP($B33, IMPORTRANGE('Prelim Rankings Unsorted'!$B$41, CONCAT(VLOOKUP($C33, 'Match Names'!$A$1:$D$22, 3, FALSE), ""!C3:R29"")), ROW($A$1:$A$24), FALSE)), $AA$9:$AA$31), ""=X"")) + (23 - COUNTIF(IFERROR(ARRAYFORMULA(HLOOKUP($B33, IMPORTRANGE('Prelim R"&"ankings Unsorted'!$B$42, CONCAT(VLOOKUP($C33, 'Match Names'!$A$1:$D$22, 4, FALSE), ""!C3:R29"")), ROW($A$1:$A$24), FALSE)), $AA$9:$AA$31), ""=X"")) + (23 - COUNTIF(IFERROR(ARRAYFORMULA(HLOOKUP($B33, IMPORTRANGE('Match Names'!$E$23, CONCAT(VLOOKUP($C33, 'M"&"atch Names'!$1:$22, 5, FALSE), ""!C3:R29"")), ROW($A$1:$A$24), FALSE)), $AA$9:$AA$31), ""=X"")) + (23 - COUNTIF(IFERROR(ARRAYFORMULA(HLOOKUP($B33, IMPORTRANGE('Match Names'!$F$23, CONCAT(VLOOKUP($C33, 'Match Names'!$1:$22, 6, FALSE), ""!C3:R29"")), ROW($A"&"$1:$A$24), FALSE)), $AA$9:$AA$31), ""=X"")) + (23 - COUNTIF(IFERROR(ARRAYFORMULA(HLOOKUP($B33, IMPORTRANGE('Match Names'!$G$23, CONCAT(VLOOKUP($C33, 'Match Names'!$1:$22, 7, FALSE), ""!C3:R29"")), ROW($A$1:$A$24), FALSE)), $AA$9:$AA$31), ""=X"")) + (23 - "&"COUNTIF(IFERROR(ARRAYFORMULA(HLOOKUP($B33, IMPORTRANGE('Match Names'!$H$23, CONCAT(VLOOKUP($C33, 'Match Names'!$1:$22, 8, FALSE), ""!C3:R29"")), ROW($A$1:$A$24), FALSE)), $AA$9:$AA$31), ""=X""))"),138.0) -> 138 | E33: =IFERROR(__xludf.DUMMYFUNCTION("COUNTIF(ARRAYFORMULA(HLOOKUP($B33, IMPORTRANGE('Prelim Rankings Unsorted'!$B$40, CONCAT(VLOOKUP($C33, 'Match Names'!$A$1:$D$22, 2, FALSE), ""!C3:R29"")), ROW($A$1:$A$24), FALSE)), ""=4"") + COUNTIF(ARRAYFORMULA(HLOOKUP($B33, IMPORTRANGE('Prelim Rankings U"&"nsorted'!$B$41, CONCAT(VLOOKUP($C33, 'Match Names'!$A$1:$D$22, 3, FALSE), ""!C3:R29"")), ROW($A$1:$A$24), FALSE)), ""=4"") + COUNTIF(ARRAYFORMULA(HLOOKUP($B33, IMPORTRANGE('Prelim Rankings Unsorted'!$B$42, CONCAT(VLOOKUP($C33, 'Match Names'!$A$1:$D$22, 4,"&" FALSE), ""!C3:R29"")), ROW($A$1:$A$24), FALSE)), ""=4"") + COUNTIF(ARRAYFORMULA(HLOOKUP($B33, IMPORTRANGE('Match Names'!$E$23, CONCAT(VLOOKUP($C33, 'Match Names'!$1:$22, 5, FALSE), ""!C3:R29"")), ROW($A$1:$A$24), FALSE)), ""=4"") + COUNTIF(ARRAYFORMULA(H"&"LOOKUP($B33, IMPORTRANGE('Match Names'!$F$23, CONCAT(VLOOKUP($C33, 'Match Names'!$1:$22, 6, FALSE), ""!C3:R29"")), ROW($A$1:$A$24), FALSE)), ""=4"") + COUNTIF(ARRAYFORMULA(HLOOKUP($B33, IMPORTRANGE('Match Names'!$G$23, CONCAT(VLOOKUP($C33, 'Match Names'!$"&"1:$22, 7, FALSE), ""!C3:R29"")), ROW($A$1:$A$24), FALSE)), ""=4"") + COUNTIF(ARRAYFORMULA(HLOOKUP($B33, IMPORTRANGE('Match Names'!$H$23, CONCAT(VLOOKUP($C33, 'Match Names'!$1:$22, 8, FALSE), ""!C3:R29"")), ROW($A$1:$A$24), FALSE)), ""=4"")"),26.0) -> 26 | F33: =IFERROR(__xludf.DUMMYFUNCTION("COUNTIF(ARRAYFORMULA(HLOOKUP($B33, IMPORTRANGE('Prelim Rankings Unsorted'!$B$40, CONCAT(VLOOKUP($C33, 'Match Names'!$A$1:$D$22, 2, FALSE), ""!C3:R29"")), ROW($A$1:$A$24), FALSE)), ""=0"") + COUNTIF(ARRAYFORMULA(HLOOKUP($B33, IMPORTRANGE('Prelim Rankings U"&"nsorted'!$B$41, CONCAT(VLOOKUP($C33, 'Match Names'!$A$1:$D$22, 3, FALSE), ""!C3:R29"")), ROW($A$1:$A$24), FALSE)), ""=0"") + COUNTIF(ARRAYFORMULA(HLOOKUP($B33, IMPORTRANGE('Prelim Rankings Unsorted'!$B$42, CONCAT(VLOOKUP($C33, 'Match Names'!$A$1:$D$22, 4,"&" FALSE), ""!C3:R29"")), ROW($A$1:$A$24), FALSE)), ""=0"") + COUNTIF(ARRAYFORMULA(HLOOKUP($B33, IMPORTRANGE('Match Names'!$E$23, CONCAT(VLOOKUP($C33, 'Match Names'!$1:$22, 5, FALSE), ""!C3:R29"")), ROW($A$1:$A$24), FALSE)), ""=0"") + COUNTIF(ARRAYFORMULA(H"&"LOOKUP($B33, IMPORTRANGE('Match Names'!$F$23, CONCAT(VLOOKUP($C33, 'Match Names'!$1:$22, 6, FALSE), ""!C3:R29"")), ROW($A$1:$A$24), FALSE)), ""=0"") + COUNTIF(ARRAYFORMULA(HLOOKUP($B33, IMPORTRANGE('Match Names'!$G$23, CONCAT(VLOOKUP($C33, 'Match Names'!$"&"1:$22, 7, FALSE), ""!C3:R29"")), ROW($A$1:$A$24), FALSE)), ""=0"") + COUNTIF(ARRAYFORMULA(HLOOKUP($B33, IMPORTRANGE('Match Names'!$H$23, CONCAT(VLOOKUP($C33, 'Match Names'!$1:$22, 8, FALSE), ""!C3:R29"")), ROW($A$1:$A$24), FALSE)), ""=0"")"),31.0) -> 31 | G33: =IFERROR(__xludf.DUMMYFUNCTION("COUNTIF(ARRAYFORMULA(HLOOKUP($B33, IMPORTRANGE('Prelim Rankings Unsorted'!$B$40, CONCAT(VLOOKUP($C33, 'Match Names'!$A$1:$D$22, 2, FALSE), ""!C3:R29"")), ROW($A$1:$A$24), FALSE)), ""=-4"") + COUNTIF(ARRAYFORMULA(HLOOKUP($B33, IMPORTRANGE('Prelim Rankings "&"Unsorted'!$B$41, CONCAT(VLOOKUP($C33, 'Match Names'!$A$1:$D$22, 3, FALSE), ""!C3:R29"")), ROW($A$1:$A$24), FALSE)), ""=-4"") + COUNTIF(ARRAYFORMULA(HLOOKUP($B33, IMPORTRANGE('Prelim Rankings Unsorted'!$B$42, CONCAT(VLOOKUP($C33, 'Match Names'!$A$1:$D$22, "&"4, FALSE), ""!C3:R29"")), ROW($A$1:$A$24), FALSE)), ""=-4"") + COUNTIF(ARRAYFORMULA(HLOOKUP($B33, IMPORTRANGE('Match Names'!$E$23, CONCAT(VLOOKUP($C33, 'Match Names'!$1:$22, 5, FALSE), ""!C3:R29"")), ROW($A$1:$A$24), FALSE)), ""=-4"") + COUNTIF(ARRAYFORMU"&"LA(HLOOKUP($B33, IMPORTRANGE('Match Names'!$F$23, CONCAT(VLOOKUP($C33, 'Match Names'!$1:$22, 6, FALSE), ""!C3:R29"")), ROW($A$1:$A$24), FALSE)), ""=-4"") + COUNTIF(ARRAYFORMULA(HLOOKUP($B33, IMPORTRANGE('Match Names'!$G$23, CONCAT(VLOOKUP($C33, 'Match Nam"&"es'!$1:$22, 7, FALSE), ""!C3:R29"")), ROW($A$1:$A$24), FALSE)), ""=-4"") + COUNTIF(ARRAYFORMULA(HLOOKUP($B33, IMPORTRANGE('Match Names'!$H$23, CONCAT(VLOOKUP($C33, 'Match Names'!$1:$22, 8, FALSE), ""!C3:R29"")), ROW($A$1:$A$24), FALSE)), ""=-4"")"),0.0) -> 0 | H33: =IFERROR(ROUND(((E33*4)+(G33*-4))/(D33/23), 2), 0) -> 17.33
A34: Adam | B34: =VLOOKUP(CONCAT(A34, C34), 'Discord Username to Real Name'!C:D, 2, FALSE) -> Oshimimers#4758 | C34: Galena Popsicles | D34: =IFERROR(__xludf.DUMMYFUNCTION("(23 - COUNTIF(IFERROR(ARRAYFORMULA(HLOOKUP($B34, IMPORTRANGE('Prelim Rankings Unsorted'!$B$40, CONCAT(VLOOKUP($C34, 'Match Names'!$A$1:$D$22, 2, FALSE), ""!C3:R29"")), ROW($A$1:$A$24), FALSE)), $AA$9:$AA$31), ""=X"")) + (23 - COUNTIF(IFERROR(ARRAYFORMULA("&"HLOOKUP($B34, IMPORTRANGE('Prelim Rankings Unsorted'!$B$41, CONCAT(VLOOKUP($C34, 'Match Names'!$A$1:$D$22, 3, FALSE), ""!C3:R29"")), ROW($A$1:$A$24), FALSE)), $AA$9:$AA$31), ""=X"")) + (23 - COUNTIF(IFERROR(ARRAYFORMULA(HLOOKUP($B34, IMPORTRANGE('Prelim R"&"ankings Unsorted'!$B$42, CONCAT(VLOOKUP($C34, 'Match Names'!$A$1:$D$22, 4, FALSE), ""!C3:R29"")), ROW($A$1:$A$24), FALSE)), $AA$9:$AA$31), ""=X"")) + (23 - COUNTIF(IFERROR(ARRAYFORMULA(HLOOKUP($B34, IMPORTRANGE('Match Names'!$E$23, CONCAT(VLOOKUP($C34, 'M"&"atch Names'!$1:$22, 5, FALSE), ""!C3:R29"")), ROW($A$1:$A$24), FALSE)), $AA$9:$AA$31), ""=X"")) + (23 - COUNTIF(IFERROR(ARRAYFORMULA(HLOOKUP($B34, IMPORTRANGE('Match Names'!$F$23, CONCAT(VLOOKUP($C34, 'Match Names'!$1:$22, 6, FALSE), ""!C3:R29"")), ROW($A"&"$1:$A$24), FALSE)), $AA$9:$AA$31), ""=X"")) + (23 - COUNTIF(IFERROR(ARRAYFORMULA(HLOOKUP($B34, IMPORTRANGE('Match Names'!$G$23, CONCAT(VLOOKUP($C34, 'Match Names'!$1:$22, 7, FALSE), ""!C3:R29"")), ROW($A$1:$A$24), FALSE)), $AA$9:$AA$31), ""=X"")) + (23 - "&"COUNTIF(IFERROR(ARRAYFORMULA(HLOOKUP($B34, IMPORTRANGE('Match Names'!$H$23, CONCAT(VLOOKUP($C34, 'Match Names'!$1:$22, 8, FALSE), ""!C3:R29"")), ROW($A$1:$A$24), FALSE)), $AA$9:$AA$31), ""=X""))"),138.0) -> 138 | E34: =IFERROR(__xludf.DUMMYFUNCTION("COUNTIF(ARRAYFORMULA(HLOOKUP($B34, IMPORTRANGE('Prelim Rankings Unsorted'!$B$40, CONCAT(VLOOKUP($C34, 'Match Names'!$A$1:$D$22, 2, FALSE), ""!C3:R29"")), ROW($A$1:$A$24), FALSE)), ""=4"") + COUNTIF(ARRAYFORMULA(HLOOKUP($B34, IMPORTRANGE('Prelim Rankings U"&"nsorted'!$B$41, CONCAT(VLOOKUP($C34, 'Match Names'!$A$1:$D$22, 3, FALSE), ""!C3:R29"")), ROW($A$1:$A$24), FALSE)), ""=4"") + COUNTIF(ARRAYFORMULA(HLOOKUP($B34, IMPORTRANGE('Prelim Rankings Unsorted'!$B$42, CONCAT(VLOOKUP($C34, 'Match Names'!$A$1:$D$22, 4,"&" FALSE), ""!C3:R29"")), ROW($A$1:$A$24), FALSE)), ""=4"") + COUNTIF(ARRAYFORMULA(HLOOKUP($B34, IMPORTRANGE('Match Names'!$E$23, CONCAT(VLOOKUP($C34, 'Match Names'!$1:$22, 5, FALSE), ""!C3:R29"")), ROW($A$1:$A$24), FALSE)), ""=4"") + COUNTIF(ARRAYFORMULA(H"&"LOOKUP($B34, IMPORTRANGE('Match Names'!$F$23, CONCAT(VLOOKUP($C34, 'Match Names'!$1:$22, 6, FALSE), ""!C3:R29"")), ROW($A$1:$A$24), FALSE)), ""=4"") + COUNTIF(ARRAYFORMULA(HLOOKUP($B34, IMPORTRANGE('Match Names'!$G$23, CONCAT(VLOOKUP($C34, 'Match Names'!$"&"1:$22, 7, FALSE), ""!C3:R29"")), ROW($A$1:$A$24), FALSE)), ""=4"") + COUNTIF(ARRAYFORMULA(HLOOKUP($B34, IMPORTRANGE('Match Names'!$H$23, CONCAT(VLOOKUP($C34, 'Match Names'!$1:$22, 8, FALSE), ""!C3:R29"")), ROW($A$1:$A$24), FALSE)), ""=4"")"),14.0) -> 14 | F34: =IFERROR(__xludf.DUMMYFUNCTION("COUNTIF(ARRAYFORMULA(HLOOKUP($B34, IMPORTRANGE('Prelim Rankings Unsorted'!$B$40, CONCAT(VLOOKUP($C34, 'Match Names'!$A$1:$D$22, 2, FALSE), ""!C3:R29"")), ROW($A$1:$A$24), FALSE)), ""=0"") + COUNTIF(ARRAYFORMULA(HLOOKUP($B34, IMPORTRANGE('Prelim Rankings U"&"nsorted'!$B$41, CONCAT(VLOOKUP($C34, 'Match Names'!$A$1:$D$22, 3, FALSE), ""!C3:R29"")), ROW($A$1:$A$24), FALSE)), ""=0"") + COUNTIF(ARRAYFORMULA(HLOOKUP($B34, IMPORTRANGE('Prelim Rankings Unsorted'!$B$42, CONCAT(VLOOKUP($C34, 'Match Names'!$A$1:$D$22, 4,"&" FALSE), ""!C3:R29"")), ROW($A$1:$A$24), FALSE)), ""=0"") + COUNTIF(ARRAYFORMULA(HLOOKUP($B34, IMPORTRANGE('Match Names'!$E$23, CONCAT(VLOOKUP($C34, 'Match Names'!$1:$22, 5, FALSE), ""!C3:R29"")), ROW($A$1:$A$24), FALSE)), ""=0"") + COUNTIF(ARRAYFORMULA(H"&"LOOKUP($B34, IMPORTRANGE('Match Names'!$F$23, CONCAT(VLOOKUP($C34, 'Match Names'!$1:$22, 6, FALSE), ""!C3:R29"")), ROW($A$1:$A$24), FALSE)), ""=0"") + COUNTIF(ARRAYFORMULA(HLOOKUP($B34, IMPORTRANGE('Match Names'!$G$23, CONCAT(VLOOKUP($C34, 'Match Names'!$"&"1:$22, 7, FALSE), ""!C3:R29"")), ROW($A$1:$A$24), FALSE)), ""=0"") + COUNTIF(ARRAYFORMULA(HLOOKUP($B34, IMPORTRANGE('Match Names'!$H$23, CONCAT(VLOOKUP($C34, 'Match Names'!$1:$22, 8, FALSE), ""!C3:R29"")), ROW($A$1:$A$24), FALSE)), ""=0"")"),4.0) -> 4 | G34: =IFERROR(__xludf.DUMMYFUNCTION("COUNTIF(ARRAYFORMULA(HLOOKUP($B34, IMPORTRANGE('Prelim Rankings Unsorted'!$B$40, CONCAT(VLOOKUP($C34, 'Match Names'!$A$1:$D$22, 2, FALSE), ""!C3:R29"")), ROW($A$1:$A$24), FALSE)), ""=-4"") + COUNTIF(ARRAYFORMULA(HLOOKUP($B34, IMPORTRANGE('Prelim Rankings "&"Unsorted'!$B$41, CONCAT(VLOOKUP($C34, 'Match Names'!$A$1:$D$22, 3, FALSE), ""!C3:R29"")), ROW($A$1:$A$24), FALSE)), ""=-4"") + COUNTIF(ARRAYFORMULA(HLOOKUP($B34, IMPORTRANGE('Prelim Rankings Unsorted'!$B$42, CONCAT(VLOOKUP($C34, 'Match Names'!$A$1:$D$22, "&"4, FALSE), ""!C3:R29"")), ROW($A$1:$A$24), FALSE)), ""=-4"") + COUNTIF(ARRAYFORMULA(HLOOKUP($B34, IMPORTRANGE('Match Names'!$E$23, CONCAT(VLOOKUP($C34, 'Match Names'!$1:$22, 5, FALSE), ""!C3:R29"")), ROW($A$1:$A$24), FALSE)), ""=-4"") + COUNTIF(ARRAYFORMU"&"LA(HLOOKUP($B34, IMPORTRANGE('Match Names'!$F$23, CONCAT(VLOOKUP($C34, 'Match Names'!$1:$22, 6, FALSE), ""!C3:R29"")), ROW($A$1:$A$24), FALSE)), ""=-4"") + COUNTIF(ARRAYFORMULA(HLOOKUP($B34, IMPORTRANGE('Match Names'!$G$23, CONCAT(VLOOKUP($C34, 'Match Nam"&"es'!$1:$22, 7, FALSE), ""!C3:R29"")), ROW($A$1:$A$24), FALSE)), ""=-4"") + COUNTIF(ARRAYFORMULA(HLOOKUP($B34, IMPORTRANGE('Match Names'!$H$23, CONCAT(VLOOKUP($C34, 'Match Names'!$1:$22, 8, FALSE), ""!C3:R29"")), ROW($A$1:$A$24), FALSE)), ""=-4"")"),2.0) -> 2 | H34: =IFERROR(ROUND(((E34*4)+(G34*-4))/(D34/23), 2), 0) -> 8
