Workbook

Sheet Raw
A1: id | B1: gameRecordId | C1: score | D1: whoBuzzedGID | E1: teamId | F1: teamName | G1: isTeamA | H1: isEmpty | I1: questionNum | J1: Cat
A2: 137011 | B2: 468 | C2: 14 | D2: 104495540205548736558 | E2: 12 | F2: =vlookup(E2,Teams!A:B,2,false) -> Davidson | G2: TRUE | H2: FALSE | I2: 1 | J2: =vlookup(I2,Cats!$A:$B,2,false) -> X | K2: {=unique(D2:D13931)} -> 104495540205548736558
A3: 137012 | B3: 468 | C3: 0 | D3: NULL | E3: 33 | F3: =vlookup(E3,Teams!A:B,2,false) -> NCSSM B | G3: FALSE | H3: TRUE | I3: 1 | J3: =vlookup(I3,Cats!$A:$B,2,false) -> X | K3: NULL
A4: 137013 | B4: 468 | C4: 14 | D4: 110168841047541949979 | E4: 12 | F4: =vlookup(E4,Teams!A:B,2,false) -> Davidson | G4: TRUE | H4: FALSE | I4: 2 | J4: =vlookup(I4,Cats!$A:$B,2,false) -> M | K4: 110168841047541949979
A5: 137014 | B5: 468 | C5: 0 | D5: 112292901990108303517 | E5: 33 | F5: =vlookup(E5,Teams!A:B,2,false) -> NCSSM B | G5: FALSE | H5: FALSE | I5: 2 | J5: =vlookup(I5,Cats!$A:$B,2,false) -> M | K5: 112292901990108303517
A6: 137015 | B6: 468 | C6: 14 | D6: 115276086652629571643 | E6: 12 | F6: =vlookup(E6,Teams!A:B,2,false) -> Davidson | G6: TRUE | H6: FALSE | I6: 3 | J6: =vlookup(I6,Cats!$A:$B,2,false) -> C | K6: 115276086652629571643
A7: 137016 | B7: 468 | C7: 0 | D7: NULL | E7: 33 | F7: =vlookup(E7,Teams!A:B,2,false) -> NCSSM B | G7: FALSE | H7: TRUE | I7: 3 | J7: =vlookup(I7,Cats!$A:$B,2,false) -> C | K7: 100047951893265954908
A8: 137017 | B8: 468 | C8: 14 | D8: 104495540205548736558 | E8: 12 | F8: =vlookup(E8,Teams!A:B,2,false) -> Davidson | G8: TRUE | H8: FALSE | I8: 4 | J8: =vlookup(I8,Cats!$A:$B,2,false) -> E | K8: 114613659765661937761
A9: 137018 | B9: 468 | C9: 0 | D9: NULL | E9: 33 | F9: =vlookup(E9,Teams!A:B,2,false) -> NCSSM B | G9: FALSE | H9: TRUE | I9: 4 | J9: =vlookup(I9,Cats!$A:$B,2,false) -> E | K9: 114801746103647609036
A10: 137019 | B10: 468 | C10: 14 | D10: 115276086652629571643 | E10: 12 | F10: =vlookup(E10,Teams!A:B,2,false) -> Davidson | G10: TRUE | H10: FALSE | I10: 5 | J10: =vlookup(I10,Cats!$A:$B,2,false) -> B | K10: 111867724755469328406
A11: 137020 | B11: 468 | C11: 0 | D11: NULL | E11: 33 | F11: =vlookup(E11,Teams!A:B,2,false) -> NCSSM B | G11: FALSE | H11: TRUE | I11: 5 | J11: =vlookup(I11,Cats!$A:$B,2,false) -> B | K11: 107520337771987267201
A12: 137021 | B12: 468 | C12: 0 | D12: NULL | E12: 12 | F12: =vlookup(E12,Teams!A:B,2,false) -> Davidson | G12: TRUE | H12: TRUE | I12: 6 | J12: =vlookup(I12,Cats!$A:$B,2,false) -> P | K12: 115701416956189742203
A13: 137022 | B13: 468 | C13: 14 | D13: 100047951893265954908 | E13: 33 | F13: =vlookup(E13,Teams!A:B,2,false) -> NCSSM B | G13: FALSE | H13: FALSE | I13: 6 | J13: =vlookup(I13,Cats!$A:$B,2,false) -> P | K13: 116174047268011279731
A14: 137023 | B14: 468 | C14: 14 | D14: 115276086652629571643 | E14: 12 | F14: =vlookup(E14,Teams!A:B,2,false) -> Davidson | G14: TRUE | H14: FALSE | I14: 7 | J14: =vlookup(I14,Cats!$A:$B,2,false) -> X | K14: 109119414141479472132
... A208: 137217 | B208: 472 | C208: 0 | D208: NULL | E208: 10 | F208: =vlookup(E208,Teams!A:B,2,false) -> Collierville | G208: TRUE | H208: TRUE | I208: 8 | J208: =vlookup(I208,Cats!$A:$B,2,false) -> M | K208: 104065900705702704789
A209: 137218 | B209: 472 | C209: 4 | D209: 116807051909331854620 | E209: 14 | F209: =vlookup(E209,Teams!A:B,2,false) -> Dulles | G209: FALSE | H209: FALSE | I209: 8 | J209: =vlookup(I209,Cats!$A:$B,2,false) -> M
A210: 137219 | B210: 472 | C210: 0 | D210: NULL | E210: 10 | F210: =vlookup(E210,Teams!A:B,2,false) -> Collierville | G210: TRUE | H210: TRUE | I210: 9 | J210: =vlookup(I210,Cats!$A:$B,2,false) -> C
A211: 137220 | B211: 472 | C211: 14 | D211: 114720212150770111881 | E211: 14 | F211: =vlookup(E211,Teams!A:B,2,false) -> Dulles | G211: FALSE | H211: FALSE | I211: 9 | J211: =vlookup(I211,Cats!$A:$B,2,false) -> C
A212: 137221 | B212: 472 | C212: 14 | D212: 102412219695323063157 | E212: 10 | F212: =vlookup(E212,Teams!A:B,2,false) -> Collierville | G212: TRUE | H212: FALSE | I212: 10 | J212: =vlookup(I212,Cats!$A:$B,2,false) -> E
A213: 137222 | B213: 472 | C213: 0 | D213: NULL | E213: 14 | F213: =vlookup(E213,Teams!A:B,2,false) -> Dulles | G213: FALSE | H213: TRUE | I213: 10 | J213: =vlookup(I213,Cats!$A:$B,2,false) -> E
A214: 137223 | B214: 472 | C214: 4 | D214: 108063248698294076855 | E214: 10 | F214: =vlookup(E214,Teams!A:B,2,false) -> Collierville | G214: TRUE | H214: FALSE | I214: 11 | J214: =vlookup(I214,Cats!$A:$B,2,false) -> B
A215: 137224 | B215: 472 | C215: 0 | D215: NULL | E215: 14 | F215: =vlookup(E215,Teams!A:B,2,false) -> Dulles | G215: FALSE | H215: TRUE | I215: 11 | J215: =vlookup(I215,Cats!$A:$B,2,false) -> B
A216: 137225 | B216: 472 | C216: 0 | D216: NULL | E216: 10 | F216: =vlookup(E216,Teams!A:B,2,false) -> Collierville | G216: TRUE | H216: TRUE | I216: 12 | J216: =vlookup(I216,Cats!$A:$B,2,false) -> P
A217: 137226 | B217: 472 | C217: 14 | D217: 114720212150770111881 | E217: 14 | F217: =vlookup(E217,Teams!A:B,2,false) -> Dulles | G217: FALSE | H217: FALSE | I217: 12 | J217: =vlookup(I217,Cats!$A:$B,2,false) -> P
A218: 137227 | B218: 472 | C218: 14 | D218: 104931437805203389949 | E218: 10 | F218: =vlookup(E218,Teams!A:B,2,false) -> Collierville | G218: TRUE | H218: FALSE | I218: 13 | J218: =vlookup(I218,Cats!$A:$B,2,false) -> X
A219: 137228 | B219: 472 | C219: 0 | D219: NULL | E219: 14 | F219: =vlookup(E219,Teams!A:B,2,false) -> Dulles | G219: FALSE | H219: TRUE | I219: 13 | J219: =vlookup(I219,Cats!$A:$B,2,false) -> X
A220: 137229 | B220: 472 | C220: 0 | D220: NULL | E220: 10 | F220: =vlookup(E220,Teams!A:B,2,false) -> Collierville | G220: TRUE | H220: TRUE | I220: 14 | J220: =vlookup(I220,Cats!$A:$B,2,false) -> M
... A6869: 143878 | B6869: 610 | C6869: 0 | D6869: 117280045524168167150 | E6869: 35 | F6869: =vlookup(E6869,Teams!A:B,2,false) -> NoHo | G6869: FALSE | H6869: FALSE | I6869: 24 | J6869: =vlookup(I6869,Cats!$A:$B,2,false) -> P

Sheet PrelimRaw
A1: id | B1: gameRecordId | C1: score | D1: whoBuzzedGID | E1: teamId | F1: teamName | G1: isTeamA | H1: isEmpty | I1: questionNum | J1: Cat
A2: 137011 | B2: 468 | C2: 14 | D2: 104495540205548736558 | E2: 12 | F2: =vlookup(E2,Teams!A:B,2,false) -> Davidson | G2: TRUE | H2: FALSE | I2: 1 | J2: =vlookup(I2,Cats!$A:$B,2,false) -> X
A3: 137012 | B3: 468 | C3: 0 | D3: NULL | E3: 33 | F3: =vlookup(E3,Teams!A:B,2,false) -> NCSSM B | G3: FALSE | H3: TRUE | I3: 1 | J3: =vlookup(I3,Cats!$A:$B,2,false) -> X
A4: 137013 | B4: 468 | C4: 14 | D4: 110168841047541949979 | E4: 12 | F4: =vlookup(E4,Teams!A:B,2,false) -> Davidson | G4: TRUE | H4: FALSE | I4: 2 | J4: =vlookup(I4,Cats!$A:$B,2,false) -> M
A5: 137014 | B5: 468 | C5: 0 | D5: 112292901990108303517 | E5: 33 | F5: =vlookup(E5,Teams!A:B,2,false) -> NCSSM B | G5: FALSE | H5: FALSE | I5: 2 | J5: =vlookup(I5,Cats!$A:$B,2,false) -> M
A6: 137015 | B6: 468 | C6: 14 | D6: 115276086652629571643 | E6: 12 | F6: =vlookup(E6,Teams!A:B,2,false) -> Davidson | G6: TRUE | H6: FALSE | I6: 3 | J6: =vlookup(I6,Cats!$A:$B,2,false) -> C
A7: 137016 | B7: 468 | C7: 0 | D7: NULL | E7: 33 | F7: =vlookup(E7,Teams!A:B,2,false) -> NCSSM B | G7: FALSE | H7: TRUE | I7: 3 | J7: =vlookup(I7,Cats!$A:$B,2,false) -> C
A8: 137017 | B8: 468 | C8: 14 | D8: 104495540205548736558 | E8: 12 | F8: =vlookup(E8,Teams!A:B,2,false) -> Davidson | G8: TRUE | H8: FALSE | I8: 4 | J8: =vlookup(I8,Cats!$A:$B,2,false) -> E
A9: 137018 | B9: 468 | C9: 0 | D9: NULL | E9: 33 | F9: =vlookup(E9,Teams!A:B,2,false) -> NCSSM B | G9: FALSE | H9: TRUE | I9: 4 | J9: =vlookup(I9,Cats!$A:$B,2,false) -> E
A10: 137019 | B10: 468 | C10: 14 | D10: 115276086652629571643 | E10: 12 | F10: =vlookup(E10,Teams!A:B,2,false) -> Davidson | G10: TRUE | H10: FALSE | I10: 5 | J10: =vlookup(I10,Cats!$A:$B,2,false) -> B
A11: 137020 | B11: 468 | C11: 0 | D11: NULL | E11: 33 | F11: =vlookup(E11,Teams!A:B,2,false) -> NCSSM B | G11: FALSE | H11: TRUE | I11: 5 | J11: =vlookup(I11,Cats!$A:$B,2,false) -> B
A12: 137021 | B12: 468 | C12: 0 | D12: NULL | E12: 12 | F12: =vlookup(E12,Teams!A:B,2,false) -> Davidson | G12: TRUE | H12: TRUE | I12: 6 | J12: =vlookup(I12,Cats!$A:$B,2,false) -> P
A13: 137022 | B13: 468 | C13: 14 | D13: 100047951893265954908 | E13: 33 | F13: =vlookup(E13,Teams!A:B,2,false) -> NCSSM B | G13: FALSE | H13: FALSE | I13: 6 | J13: =vlookup(I13,Cats!$A:$B,2,false) -> P
... A5765: 142774 | B5765: 587 | C5765: 0 | D5765: 110488059036326763108 | E5765: 32 | F5765: =vlookup(E5765,Teams!A:B,2,false) -> NCSSM A | G5765: FALSE | H5765: FALSE | I5765: 24 | J5765: =vlookup(I5765,Cats!$A:$B,2,false) -> P

Sheet Prelims
A1: ID | B1: Name | C1: Team | D1: GP | E1: TUH | F1: TU | G1: X | H1: Neg | I1: # Buzz | J1: % Buzz | K1: Acc | L1: Points | M1: PPG | N1: X PPG | O1: M PPG | P1: C PPG | Q1: E PPG | R1: B PPG | S1: P PPG
A2: 104421903707714227310 | B2: =vlookup($A2,Users!$B$1:$H1000,3,false) -> Anurag | C2: =vlookup($A2,Users!$B$1:$H1000,6,false) -> Centennial | D2: =vlookup($C2,Teams!$B:$D,3,false) -> 5 | E2: =D2*24 -> 120 | F2: =countifs(PrelimRaw!$D$1:$D1000,$A2,PrelimRaw!$C$1:$C1000,4)+countifs(PrelimRaw!$D$1:$D1000,$A2,PrelimRaw!$C$1:$C1000,14) -> 58 | G2: =countifs(PrelimRaw!$D$1:$D1000,$A2,PrelimRaw!$C$1:$C1000,0) -> 20 | H2: =countifs(PrelimRaw!$D$1:$D1000,$A2,PrelimRaw!$C$1:$C1000,-4) -> 5 | I2: =F2+G2+H2 -> 83 | J2: =I2/E2 -> 0.69166667 | K2: =iferror(F2/I2,0) -> 0.69879518 | L2: =4*F2-4*H2 -> 212 | M2: =L2/D2 -> 42.4 | N2: =vlookup($A2,'X-Risk'!$A:$M,13,false) -> 8 | O2: =vlookup($A2,Math!$A:$M,13,false) -> 7.2 | P2: =vlookup($A2,Chemistry!$A:$M,13,false) -> 12 | Q2: =vlookup($A2,EarthSpace!$A:$M,13,false) -> 1.6 | R2: =vlookup($A2,Biology!$A:$M,13,false) -> 5.6 | S2: =vlookup($A2,Physics!$A:$M,13,false) -> 8
A3: 101949633011269793228 | B3: =vlookup($A3,Users!$B$1:$H1000,3,false) -> Joshua | C3: =vlookup($A3,Users!$B$1:$H1000,6,false) -> Brookfield | D3: =vlookup($C3,Teams!$B:$D,3,false) -> 5 | E3: =D3*24 -> 120 | F3: =countifs(PrelimRaw!$D$1:$D1000,$A3,PrelimRaw!$C$1:$C1000,4)+countifs(PrelimRaw!$D$1:$D1000,$A3,PrelimRaw!$C$1:$C1000,14) -> 47 | G3: =countifs(PrelimRaw!$D$1:$D1000,$A3,PrelimRaw!$C$1:$C1000,0) -> 13 | H3: =countifs(PrelimRaw!$D$1:$D1000,$A3,PrelimRaw!$C$1:$C1000,-4) -> 0 | I3: =F3+G3+H3 -> 60 | J3: =I3/E3 -> 0.5 | K3: =iferror(F3/I3,0) -> 0.78333333 | L3: =4*F3-4*H3 -> 188 | M3: =L3/D3 -> 37.6 | N3: =vlookup($A3,'X-Risk'!$A:$M,13,false) -> 7.2 | O3: =vlookup($A3,Math!$A:$M,13,false) -> 4 | P3: =vlookup($A3,Chemistry!$A:$M,13,false) -> 5.6 | Q3: =vlookup($A3,EarthSpace!$A:$M,13,false) -> 5.6 | R3: =vlookup($A3,Biology!$A:$M,13,false) -> 5.6 | S3: =vlookup($A3,Physics!$A:$M,13,false) -> 9.6
A4: 106777291229721234908 | B4: =vlookup($A4,Users!$B$1:$H1000,3,false) -> Yufei | C4: =vlookup($A4,Users!$B$1:$H1000,6,false) -> University | D4: =vlookup($C4,Teams!$B:$D,3,false) -> 5 | E4: =D4*24 -> 120 | F4: =countifs(PrelimRaw!$D$1:$D1000,$A4,PrelimRaw!$C$1:$C1000,4)+countifs(PrelimRaw!$D$1:$D1000,$A4,PrelimRaw!$C$1:$C1000,14) -> 48 | G4: =countifs(PrelimRaw!$D$1:$D1000,$A4,PrelimRaw!$C$1:$C1000,0) -> 7 | H4: =countifs(PrelimRaw!$D$1:$D1000,$A4,PrelimRaw!$C$1:$C1000,-4) -> 6 | I4: =F4+G4+H4 -> 61 | J4: =I4/E4 -> 0.50833333 | K4: =iferror(F4/I4,0) -> 0.78688525 | L4: =4*F4-4*H4 -> 168 | M4: =L4/D4 -> 33.6 | N4: =vlookup($A4,'X-Risk'!$A:$M,13,false) -> 5.6 | O4: =vlookup($A4,Math!$A:$M,13,false) -> 4.8 | P4: =vlookup($A4,Chemistry!$A:$M,13,false) -> 6.4 | Q4: =vlookup($A4,EarthSpace!$A:$M,13,false) -> 5.6 | R4: =vlookup($A4,Biology!$A:$M,13,false) -> 6.4 | S4: =vlookup($A4,Physics!$A:$M,13,false) -> 4.8
A5: 100741934745181838949 | B5: =vlookup($A5,Users!$B$1:$H1000,3,false) -> Vishnu | C5: =vlookup($A5,Users!$B$1:$H1000,6,false) -> Lakeside | D5: =vlookup($C5,Teams!$B:$D,3,false) -> 5 | E5: =D5*24 -> 120 | F5: =countifs(PrelimRaw!$D$1:$D1000,$A5,PrelimRaw!$C$1:$C1000,4)+countifs(PrelimRaw!$D$1:$D1000,$A5,PrelimRaw!$C$1:$C1000,14) -> 43 | G5: =countifs(PrelimRaw!$D$1:$D1000,$A5,PrelimRaw!$C$1:$C1000,0) -> 11 | H5: =countifs(PrelimRaw!$D$1:$D1000,$A5,PrelimRaw!$C$1:$C1000,-4) -> 2 | I5: =F5+G5+H5 -> 56 | J5: =I5/E5 -> 0.46666667 | K5: =iferror(F5/I5,0) -> 0.76785714 | L5: =4*F5-4*H5 -> 164 | M5: =L5/D5 -> 32.8 | N5: =vlookup($A5,'X-Risk'!$A:$M,13,false) -> 4 | O5: =vlookup($A5,Math!$A:$M,13,false) -> 6.4 | P5: =vlookup($A5,Chemistry!$A:$M,13,false) -> 5.6 | Q5: =vlookup($A5,EarthSpace!$A:$M,13,false) -> 8.8 | R5: =vlookup($A5,Biology!$A:$M,13,false) -> 4 | S5: =vlookup($A5,Physics!$A:$M,13,false) -> 4
A6: 114720212150770111881 | B6: =vlookup($A6,Users!$B$1:$H1000,3,false) -> Viraj | C6: =vlookup($A6,Users!$B$1:$H1000,6,false) -> Dulles | D6: =vlookup($C6,Teams!$B:$D,3,false) -> 5 | E6: =D6*24 -> 120 | F6: =countifs(PrelimRaw!$D$1:$D1000,$A6,PrelimRaw!$C$1:$C1000,4)+countifs(PrelimRaw!$D$1:$D1000,$A6,PrelimRaw!$C$1:$C1000,14) -> 35 | G6: =countifs(PrelimRaw!$D$1:$D1000,$A6,PrelimRaw!$C$1:$C1000,0) -> 2 | H6: =countifs(PrelimRaw!$D$1:$D1000,$A6,PrelimRaw!$C$1:$C1000,-4) -> 1 | I6: =F6+G6+H6 -> 38 | J6: =I6/E6 -> 0.31666667 | K6: =iferror(F6/I6,0) -> 0.92105263 | L6: =4*F6-4*H6 -> 136 | M6: =L6/D6 -> 27.2 | N6: =vlookup($A6,'X-Risk'!$A:$M,13,false) -> 2.4 | O6: =vlookup($A6,Math!$A:$M,13,false) -> 3.2 | P6: =vlookup($A6,Chemistry!$A:$M,13,false) -> 12.8 | Q6: =vlookup($A6,EarthSpace!$A:$M,13,false) -> 1.6 | R6: =vlookup($A6,Biology!$A:$M,13,false) -> 1.6 | S6: =vlookup($A6,Physics!$A:$M,13,false) -> 5.6
A7: 108223652435775478403 | B7: =vlookup($A7,Users!$B$1:$H1000,3,false) -> Caleb | C7: =vlookup($A7,Users!$B$1:$H1000,6,false) -> Blair A | D7: =vlookup($C7,Teams!$B:$D,3,false) -> 5 | E7: =D7*24 -> 120 | F7: =countifs(PrelimRaw!$D$1:$D1000,$A7,PrelimRaw!$C$1:$C1000,4)+countifs(PrelimRaw!$D$1:$D1000,$A7,PrelimRaw!$C$1:$C1000,14) -> 43 | G7: =countifs(PrelimRaw!$D$1:$D1000,$A7,PrelimRaw!$C$1:$C1000,0) -> 5 | H7: =countifs(PrelimRaw!$D$1:$D1000,$A7,PrelimRaw!$C$1:$C1000,-4) -> 10 | I7: =F7+G7+H7 -> 58 | J7: =I7/E7 -> 0.48333333 | K7: =iferror(F7/I7,0) -> 0.74137931 | L7: =4*F7-4*H7 -> 132 | M7: =L7/D7 -> 26.4 | N7: =vlookup($A7,'X-Risk'!$A:$M,13,false) -> 4.8 | O7: =vlookup($A7,Math!$A:$M,13,false) -> 0.8 | P7: =vlookup($A7,Chemistry!$A:$M,13,false) -> 10.4 | Q7: =vlookup($A7,EarthSpace!$A:$M,13,false) -> 1.6 | R7: =vlookup($A7,Biology!$A:$M,13,false) -> 8.8 | S7: =vlookup($A7,Physics!$A:$M,13,false) -> 0
A8: 115589370929340579338 | B8: =vlookup($A8,Users!$B$1:$H1000,3,false) -> Aditya | C8: =vlookup($A8,Users!$B$1:$H1000,6,false) -> Mira Loma | D8: =vlookup($C8,Teams!$B:$D,3,false) -> 5 | E8: =D8*24 -> 120 | F8: =countifs(PrelimRaw!$D$1:$D1000,$A8,PrelimRaw!$C$1:$C1000,4)+countifs(PrelimRaw!$D$1:$D1000,$A8,PrelimRaw!$C$1:$C1000,14) -> 39 | G8: =countifs(PrelimRaw!$D$1:$D1000,$A8,PrelimRaw!$C$1:$C1000,0) -> 10 | H8: =countifs(PrelimRaw!$D$1:$D1000,$A8,PrelimRaw!$C$1:$C1000,-4) -> 6 | I8: =F8+G8+H8 -> 55 | J8: =I8/E8 -> 0.45833333 | K8: =iferror(F8/I8,0) -> 0.70909091 | L8: =4*F8-4*H8 -> 132 | M8: =L8/D8 -> 26.4 | N8: =vlookup($A8,'X-Risk'!$A:$M,13,false) -> 6.4 | O8: =vlookup($A8,Math!$A:$M,13,false) -> 2.4 | P8: =vlookup($A8,Chemistry!$A:$M,13,false) -> 3.2 | Q8: =vlookup($A8,EarthSpace!$A:$M,13,false) -> 3.2 | R8: =vlookup($A8,Biology!$A:$M,13,false) -> 10.4 | S8: =vlookup($A8,Physics!$A:$M,13,false) -> 0.8
A9: 105378163543476641273 | B9: =vlookup($A9,Users!$B$1:$H1000,3,false) -> Elias | C9: =vlookup($A9,Users!$B$1:$H1000,6,false) -> ASFA | D9: =vlookup($C9,Teams!$B:$D,3,false) -> 5 | E9: =D9*24 -> 120 | F9: =countifs(PrelimRaw!$D$1:$D1000,$A9,PrelimRaw!$C$1:$C1000,4)+countifs(PrelimRaw!$D$1:$D1000,$A9,PrelimRaw!$C$1:$C1000,14) -> 34 | G9: =countifs(PrelimRaw!$D$1:$D1000,$A9,PrelimRaw!$C$1:$C1000,0) -> 24 | H9: =countifs(PrelimRaw!$D$1:$D1000,$A9,PrelimRaw!$C$1:$C1000,-4) -> 3 | I9: =F9+G9+H9 -> 61 | J9: =I9/E9 -> 0.50833333 | K9: =iferror(F9/I9,0) -> 0.55737705 | L9: =4*F9-4*H9 -> 124 | M9: =L9/D9 -> 24.8 | N9: =vlookup($A9,'X-Risk'!$A:$M,13,false) -> 3.2 | O9: =vlookup($A9,Math!$A:$M,13,false) -> 7.2 | P9: =vlookup($A9,Chemistry!$A:$M,13,false) -> 8 | Q9: =vlookup($A9,EarthSpace!$A:$M,13,false) -> 5.6 | R9: =vlookup($A9,Biology!$A:$M,13,false) -> 0 | S9: =vlookup($A9,Physics!$A:$M,13,false) -> 0.8
A10: 100552342580135245961 | B10: =vlookup($A10,Users!$B$1:$H1000,3,false) -> Connor | C10: =vlookup($A10,Users!$B$1:$H1000,6,false) -> NoHo B | D10: =vlookup($C10,Teams!$B:$D,3,false) -> 5 | E10: =D10*24 -> 120 | F10: =countifs(PrelimRaw!$D$1:$D1000,$A10,PrelimRaw!$C$1:$C1000,4)+countifs(PrelimRaw!$D$1:$D1000,$A10,PrelimRaw!$C$1:$C1000,14) -> 35 | G10: =countifs(PrelimRaw!$D$1:$D1000,$A10,PrelimRaw!$C$1:$C1000,0) -> 19 | H10: =countifs(PrelimRaw!$D$1:$D1000,$A10,PrelimRaw!$C$1:$C1000,-4) -> 4 | I10: =F10+G10+H10 -> 58 | J10: =I10/E10 -> 0.48333333 | K10: =iferror(F10/I10,0) -> 0.60344828 | L10: =4*F10-4*H10 -> 124 | M10: =L10/D10 -> 24.8 | N10: =vlookup($A10,'X-Risk'!$A:$M,13,false) -> 4 | O10: =vlookup($A10,Math!$A:$M,13,false) -> 3.2 | P10: =vlookup($A10,Chemistry!$A:$M,13,false) -> 8.8 | Q10: =vlookup($A10,EarthSpace!$A:$M,13,false) -> 2.4 | R10: =vlookup($A10,Biology!$A:$M,13,false) -> 1.6 | S10: =vlookup($A10,Physics!$A:$M,13,false) -> 4.8
A11: 103951081173066298964 | B11: =vlookup($A11,Users!$B$1:$H1000,3,false) -> Harry | C11: =vlookup($A11,Users!$B$1:$H1000,6,false) -> Middleton | D11: =vlookup($C11,Teams!$B:$D,3,false) -> 5 | E11: =D11*24 -> 120 | F11: =countifs(PrelimRaw!$D$1:$D1000,$A11,PrelimRaw!$C$1:$C1000,4)+countifs(PrelimRaw!$D$1:$D1000,$A11,PrelimRaw!$C$1:$C1000,14) -> 30 | G11: =countifs(PrelimRaw!$D$1:$D1000,$A11,PrelimRaw!$C$1:$C1000,0) -> 7 | H11: =countifs(PrelimRaw!$D$1:$D1000,$A11,PrelimRaw!$C$1:$C1000,-4) -> 0 | I11: =F11+G11+H11 -> 37 | J11: =I11/E11 -> 0.30833333 | K11: =iferror(F11/I11,0) -> 0.81081081 | L11: =4*F11-4*H11 -> 120 | M11: =L11/D11 -> 24 | N11: =vlookup($A11,'X-Risk'!$A:$M,13,false) -> 5.6 | O11: =vlookup($A11,Math!$A:$M,13,false) -> 4.8 | P11: =vlookup($A11,Chemistry!$A:$M,13,false) -> 8.8 | Q11: =vlookup($A11,EarthSpace!$A:$M,13,false) -> 3.2 | R11: =vlookup($A11,Biology!$A:$M,13,false) -> 0.8 | S11: =vlookup($A11,Physics!$A:$M,13,false) -> 0.8
A12: 104714961629414741842 | B12: =vlookup($A12,Users!$B$1:$H1000,3,false) -> Evin | C12: =vlookup($A12,Users!$B$1:$H1000,6,false) -> Lexington A | D12: =vlookup($C12,Teams!$B:$D,3,false) -> 5 | E12: =D12*24 -> 120 | F12: =countifs(PrelimRaw!$D$1:$D1000,$A12,PrelimRaw!$C$1:$C1000,4)+countifs(PrelimRaw!$D$1:$D1000,$A12,PrelimRaw!$C$1:$C1000,14) -> 32 | G12: =countifs(PrelimRaw!$D$1:$D1000,$A12,PrelimRaw!$C$1:$C1000,0) -> 6 | H12: =countifs(PrelimRaw!$D$1:$D1000,$A12,PrelimRaw!$C$1:$C1000,-4) -> 3 | I12: =F12+G12+H12 -> 41 | J12: =I12/E12 -> 0.34166667 | K12: =iferror(F12/I12,0) -> 0.7804878 | L12: =4*F12-4*H12 -> 116 | M12: =L12/D12 -> 23.2 | N12: =vlookup($A12,'X-Risk'!$A:$M,13,false) -> 4.8 | O12: =vlookup($A12,Math!$A:$M,13,false) -> 7.2 | P12: =vlookup($A12,Chemistry!$A:$M,13,false) -> -0.8 | Q12: =vlookup($A12,EarthSpace!$A:$M,13,false) -> 0.8 | R12: =vlookup($A12,Biology!$A:$M,13,false) -> 1.6 | S12: =vlookup($A12,Physics!$A:$M,13,false) -> 9.6
A13: 105885321269112639389 | B13: =vlookup($A13,Users!$B$1:$H1000,3,false) -> Edward | C13: =vlookup($A13,Users!$B$1:$H1000,6,false) -> Shen | D13: =vlookup($C13,Teams!$B:$D,3,false) -> 5 | E13: =D13*24 -> 120 | F13: =countifs(PrelimRaw!$D$1:$D1000,$A13,PrelimRaw!$C$1:$C1000,4)+countifs(PrelimRaw!$D$1:$D1000,$A13,PrelimRaw!$C$1:$C1000,14) -> 30 | G13: =countifs(PrelimRaw!$D$1:$D1000,$A13,PrelimRaw!$C$1:$C1000,0) -> 12 | H13: =countifs(PrelimRaw!$D$1:$D1000,$A13,PrelimRaw!$C$1:$C1000,-4) -> 1 | I13: =F13+G13+H13 -> 43 | J13: =I13/E13 -> 0.35833333 | K13: =iferror(F13/I13,0) -> 0.69767442 | L13: =4*F13-4*H13 -> 116 | M13: =L13/D13 -> 23.2 | N13: =vlookup($A13,'X-Risk'!$A:$M,13,false) -> 2.4 | O13: =vlookup($A13,Math!$A:$M,13,false) -> 0.8 | P13: =vlookup($A13,Chemistry!$A:$M,13,false) -> 4 | Q13: =vlookup($A13,EarthSpace!$A:$M,13,false) -> 5.6 | R13: =vlookup($A13,Biology!$A:$M,13,false) -> 7.2 | S13: =vlookup($A13,Physics!$A:$M,13,false) -> 3.2
A14: 117280045524168167150 | B14: =vlookup($A14,Users!$B$1:$H1000,3,false) -> Boheng | C14: =vlookup($A14,Users!$B$1:$H1000,6,false) -> NoHo | D14: =vlookup($C14,Teams!$B:$D,3,false) -> 5 | E14: =D14*24 -> 120 | F14: =countifs(PrelimRaw!$D$1:$D1000,$A14,PrelimRaw!$C$1:$C1000,4)+countifs(PrelimRaw!$D$1:$D1000,$A14,PrelimRaw!$C$1:$C1000,14) -> 29 | G14: =countifs(PrelimRaw!$D$1:$D1000,$A14,PrelimRaw!$C$1:$C1000,0) -> 5 | H14: =countifs(PrelimRaw!$D$1:$D1000,$A14,PrelimRaw!$C$1:$C1000,-4) -> 0 | I14: =F14+G14+H14 -> 34 | J14: =I14/E14 -> 0.28333333 | K14: =iferror(F14/I14,0) -> 0.85294118 | L14: =4*F14-4*H14 -> 116 | M14: =L14/D14 -> 23.2 | N14: =vlookup($A14,'X-Risk'!$A:$M,13,false) -> 4 | O14: =vlookup($A14,Math!$A:$M,13,false) -> 9.6 | P14: =vlookup($A14,Chemistry!$A:$M,13,false) -> 1.6 | Q14: =vlookup($A14,EarthSpace!$A:$M,13,false) -> 0 | R14: =vlookup($A14,Biology!$A:$M,13,false) -> 0.8 | S14: =vlookup($A14,Physics!$A:$M,13,false) -> 6.4
A15: 100452237492909123862 | B15: =vlookup($A15,Users!$B$1:$H1000,3,false) -> Kaiwen | C15: =vlookup($A15,Users!$B$1:$H1000,6,false) -> Enloe B | D15: =vlookup($C15,Teams!$B:$D,3,false) -> 5 | E15: =D15*24 -> 120 | F15: =countifs(PrelimRaw!$D$1:$D1000,$A15,PrelimRaw!$C$1:$C1000,4)+countifs(PrelimRaw!$D$1:$D1000,$A15,PrelimRaw!$C$1:$C1000,14) -> 34 | G15: =countifs(PrelimRaw!$D$1:$D1000,$A15,PrelimRaw!$C$1:$C1000,0) -> 6 | H15: =countifs(PrelimRaw!$D$1:$D1000,$A15,PrelimRaw!$C$1:$C1000,-4) -> 6 | I15: =F15+G15+H15 -> 46 | J15: =I15/E15 -> 0.38333333 | K15: =iferror(F15/I15,0) -> 0.73913043 | L15: =4*F15-4*H15 -> 112 | M15: =L15/D15 -> 22.4 | N15: =vlookup($A15,'X-Risk'!$A:$M,13,false) -> 4 | O15: =vlookup($A15,Math!$A:$M,13,false) -> 0.8 | P15: =vlookup($A15,Chemistry!$A:$M,13,false) -> 7.2 | Q15: =vlookup($A15,EarthSpace!$A:$M,13,false) -> 2.4 | R15: =vlookup($A15,Biology!$A:$M,13,false) -> 0 | S15: =vlookup($A15,Physics!$A:$M,13,false) -> 8
A16: 106172791161887099127 | B16: =vlookup($A16,Users!$B$1:$H1000,3,false) -> Ryan | C16: =vlookup($A16,Users!$B$1:$H1000,6,false) -> Iolani | D16: =vlookup($C16,Teams!$B:$D,3,false) -> 5 | E16: =D16*24 -> 120 | F16: =countifs(PrelimRaw!$D$1:$D1000,$A16,PrelimRaw!$C$1:$C1000,4)+countifs(PrelimRaw!$D$1:$D1000,$A16,PrelimRaw!$C$1:$C1000,14) -> 26 | G16: =countifs(PrelimRaw!$D$1:$D1000,$A16,PrelimRaw!$C$1:$C1000,0) -> 19 | H16: =countifs(PrelimRaw!$D$1:$D1000,$A16,PrelimRaw!$C$1:$C1000,-4) -> 0 | I16: =F16+G16+H16 -> 45 | J16: =I16/E16 -> 0.375 | K16: =iferror(F16/I16,0) -> 0.57777778 | L16: =4*F16-4*H16 -> 104 | M16: =L16/D16 -> 20.8 | N16: =vlookup($A16,'X-Risk'!$A:$M,13,false) -> 3.2 | O16: =vlookup($A16,Math!$A:$M,13,false) -> 1.6 | P16: =vlookup($A16,Chemistry!$A:$M,13,false) -> 4.8 | Q16: =vlookup($A16,EarthSpace!$A:$M,13,false) -> 5.6 | R16: =vlookup($A16,Biology!$A:$M,13,false) -> 2.4 | S16: =vlookup($A16,Physics!$A:$M,13,false) -> 3.2
A17: 101259634814577741936 | B17: =vlookup($A17,Users!$B$1:$H1000,3,false) -> Samuel | C17: =vlookup($A17,Users!$B$1:$H1000,6,false) -> MSJ | D17: =vlookup($C17,Teams!$B:$D,3,false) -> 5 | E17: =D17*24 -> 120 | F17: =countifs(PrelimRaw!$D$1:$D1000,$A17,PrelimRaw!$C$1:$C1000,4)+countifs(PrelimRaw!$D$1:$D1000,$A17,PrelimRaw!$C$1:$C1000,14) -> 31 | G17: =countifs(PrelimRaw!$D$1:$D1000,$A17,PrelimRaw!$C$1:$C1000,0) -> 2 | H17: =countifs(PrelimRaw!$D$1:$D1000,$A17,PrelimRaw!$C$1:$C1000,-4) -> 6 | I17: =F17+G17+H17 -> 39 | J17: =I17/E17 -> 0.325 | K17: =iferror(F17/I17,0) -> 0.79487179 | L17: =4*F17-4*H17 -> 100 | M17: =L17/D17 -> 20 | N17: =vlookup($A17,'X-Risk'!$A:$M,13,false) -> 3.2 | O17: =vlookup($A17,Math!$A:$M,13,false) -> 7.2 | P17: =vlookup($A17,Chemistry!$A:$M,13,false) -> -0.8 | Q17: =vlookup($A17,EarthSpace!$A:$M,13,false) -> 2.4 | R17: =vlookup($A17,Biology!$A:$M,13,false) -> 0.8 | S17: =vlookup($A17,Physics!$A:$M,13,false) -> 8
A18: 100460385825974417248 | B18: =vlookup($A18,Users!$B$1:$H1000,3,false) -> Mason | C18: =vlookup($A18,Users!$B$1:$H1000,6,false) -> Westminster | D18: =vlookup($C18,Teams!$B:$D,3,false) -> 5 | E18: =D18*24 -> 120 | F18: =countifs(PrelimRaw!$D$1:$D1000,$A18,PrelimRaw!$C$1:$C1000,4)+countifs(PrelimRaw!$D$1:$D1000,$A18,PrelimRaw!$C$1:$C1000,14) -> 32 | G18: =countifs(PrelimRaw!$D$1:$D1000,$A18,PrelimRaw!$C$1:$C1000,0) -> 12 | H18: =countifs(PrelimRaw!$D$1:$D1000,$A18,PrelimRaw!$C$1:$C1000,-4) -> 7 | I18: =F18+G18+H18 -> 51 | J18: =I18/E18 -> 0.425 | K18: =iferror(F18/I18,0) -> 0.62745098 | L18: =4*F18-4*H18 -> 100 | M18: =L18/D18 -> 20 | N18: =vlookup($A18,'X-Risk'!$A:$M,13,false) -> 6.4 | O18: =vlookup($A18,Math!$A:$M,13,false) -> 0 | P18: =vlookup($A18,Chemistry!$A:$M,13,false) -> 1.6 | Q18: =vlookup($A18,EarthSpace!$A:$M,13,false) -> 3.2 | R18: =vlookup($A18,Biology!$A:$M,13,false) -> 5.6 | S18: =vlookup($A18,Physics!$A:$M,13,false) -> 3.2
A19: 115694056893101775002 | B19: =vlookup($A19,Users!$B$1:$H1000,3,false) -> Aaditya | C19: =vlookup($A19,Users!$B$1:$H1000,6,false) -> Cupertino | D19: =vlookup($C19,Teams!$B:$D,3,false) -> 5 | E19: =D19*24 -> 120 | F19: =countifs(PrelimRaw!$D$1:$D1000,$A19,PrelimRaw!$C$1:$C1000,4)+countifs(PrelimRaw!$D$1:$D1000,$A19,PrelimRaw!$C$1:$C1000,14) -> 26 | G19: =countifs(PrelimRaw!$D$1:$D1000,$A19,PrelimRaw!$C$1:$C1000,0) -> 7 | H19: =countifs(PrelimRaw!$D$1:$D1000,$A19,PrelimRaw!$C$1:$C1000,-4) -> 1 | I19: =F19+G19+H19 -> 34 | J19: =I19/E19 -> 0.28333333 | K19: =iferror(F19/I19,0) -> 0.76470588 | L19: =4*F19-4*H19 -> 100 | M19: =L19/D19 -> 20 | N19: =vlookup($A19,'X-Risk'!$A:$M,13,false) -> 4 | O19: =vlookup($A19,Math!$A:$M,13,false) -> 0 | P19: =vlookup($A19,Chemistry!$A:$M,13,false) -> 4.8 | Q19: =vlookup($A19,EarthSpace!$A:$M,13,false) -> 1.6 | R19: =vlookup($A19,Biology!$A:$M,13,false) -> 8.8 | S19: =vlookup($A19,Physics!$A:$M,13,false) -> 0.8
A20: 107077468607348826234 | B20: =vlookup($A20,Users!$B$1:$H1000,3,false) -> Colin | C20: =vlookup($A20,Users!$B$1:$H1000,6,false) -> Enloe A | D20: =vlookup($C20,Teams!$B:$D,3,false) -> 5 | E20: =D20*24 -> 120 | F20: =countifs(PrelimRaw!$D$1:$D1000,$A20,PrelimRaw!$C$1:$C1000,4)+countifs(PrelimRaw!$D$1:$D1000,$A20,PrelimRaw!$C$1:$C1000,14) -> 27 | G20: =countifs(PrelimRaw!$D$1:$D1000,$A20,PrelimRaw!$C$1:$C1000,0) -> 6 | H20: =countifs(PrelimRaw!$D$1:$D1000,$A20,PrelimRaw!$C$1:$C1000,-4) -> 4 | I20: =F20+G20+H20 -> 37 | J20: =I20/E20 -> 0.30833333 | K20: =iferror(F20/I20,0) -> 0.72972973 | L20: =4*F20-4*H20 -> 92 | M20: =L20/D20 -> 18.4 | N20: =vlookup($A20,'X-Risk'!$A:$M,13,false) -> 2.4 | O20: =vlookup($A20,Math!$A:$M,13,false) -> 2.4 | P20: =vlookup($A20,Chemistry!$A:$M,13,false) -> 4 | Q20: =vlookup($A20,EarthSpace!$A:$M,13,false) -> 0.8 | R20: =vlookup($A20,Biology!$A:$M,13,false) -> 0 | S20: =vlookup($A20,Physics!$A:$M,13,false) -> 8.8
A21: 107520337771987267201 | B21: =vlookup($A21,Users!$B$1:$H1000,3,false) -> Andrey | C21: =vlookup($A21,Users!$B$1:$H1000,6,false) -> Buchholz A | D21: =vlookup($C21,Teams!$B:$D,3,false) -> 5 | E21: =D21*24 -> 120 | F21: =countifs(PrelimRaw!$D$1:$D1000,$A21,PrelimRaw!$C$1:$C1000,4)+countifs(PrelimRaw!$D$1:$D1000,$A21,PrelimRaw!$C$1:$C1000,14) -> 30 | G21: =countifs(PrelimRaw!$D$1:$D1000,$A21,PrelimRaw!$C$1:$C1000,0) -> 6 | H21: =countifs(PrelimRaw!$D$1:$D1000,$A21,PrelimRaw!$C$1:$C1000,-4) -> 8 | I21: =F21+G21+H21 -> 44 | J21: =I21/E21 -> 0.36666667 | K21: =iferror(F21/I21,0) -> 0.68181818 | L21: =4*F21-4*H21 -> 88 | M21: =L21/D21 -> 17.6 | N21: =vlookup($A21,'X-Risk'!$A:$M,13,false) -> 2.4 | O21: =vlookup($A21,Math!$A:$M,13,false) -> 1.6 | P21: =vlookup($A21,Chemistry!$A:$M,13,false) -> 0.8 | Q21: =vlookup($A21,EarthSpace!$A:$M,13,false) -> 4.8 | R21: =vlookup($A21,Biology!$A:$M,13,false) -> 7.2 | S21: =vlookup($A21,Physics!$A:$M,13,false) -> 0.8
A22: 110844812019204409144 | B22: =vlookup($A22,Users!$B$1:$H1000,3,false) -> Jake | C22: =vlookup($A22,Users!$B$1:$H1000,6,false) -> Cupertino | D22: =vlookup($C22,Teams!$B:$D,3,false) -> 5 | E22: =D22*24 -> 120 | F22: =countifs(PrelimRaw!$D$1:$D1000,$A22,PrelimRaw!$C$1:$C1000,4)+countifs(PrelimRaw!$D$1:$D1000,$A22,PrelimRaw!$C$1:$C1000,14) -> 24 | G22: =countifs(PrelimRaw!$D$1:$D1000,$A22,PrelimRaw!$C$1:$C1000,0) -> 9 | H22: =countifs(PrelimRaw!$D$1:$D1000,$A22,PrelimRaw!$C$1:$C1000,-4) -> 2 | I22: =F22+G22+H22 -> 35 | J22: =I22/E22 -> 0.29166667 | K22: =iferror(F22/I22,0) -> 0.68571429 | L22: =4*F22-4*H22 -> 88 | M22: =L22/D22 -> 17.6 | N22: =vlookup($A22,'X-Risk'!$A:$M,13,false) -> 2.4 | O22: =vlookup($A22,Math!$A:$M,13,false) -> 5.6 | P22: =vlookup($A22,Chemistry!$A:$M,13,false) -> 1.6 | Q22: =vlookup($A22,EarthSpace!$A:$M,13,false) -> 1.6 | R22: =vlookup($A22,Biology!$A:$M,13,false) -> 0 | S22: =vlookup($A22,Physics!$A:$M,13,false) -> 6.4
A23: 110072705132871488717 | B23: =vlookup($A23,Users!$B$1:$H1000,3,false) -> Mihir | C23: =vlookup($A23,Users!$B$1:$H1000,6,false) -> Niskayuna | D23: =vlookup($C23,Teams!$B:$D,3,false) -> 5 | E23: =D23*24 -> 120 | F23: =countifs(PrelimRaw!$D$1:$D1000,$A23,PrelimRaw!$C$1:$C1000,4)+countifs(PrelimRaw!$D$1:$D1000,$A23,PrelimRaw!$C$1:$C1000,14) -> 21 | G23: =countifs(PrelimRaw!$D$1:$D1000,$A23,PrelimRaw!$C$1:$C1000,0) -> 34 | H23: =countifs(PrelimRaw!$D$1:$D1000,$A23,PrelimRaw!$C$1:$C1000,-4) -> 0 | I23: =F23+G23+H23 -> 55 | J23: =I23/E23 -> 0.45833333 | K23: =iferror(F23/I23,0) -> 0.38181818 | L23: =4*F23-4*H23 -> 84 | M23: =L23/D23 -> 16.8 | N23: =vlookup($A23,'X-Risk'!$A:$M,13,false) -> 4.8 | O23: =vlookup($A23,Math!$A:$M,13,false) -> 3.2 | P23: =vlookup($A23,Chemistry!$A:$M,13,false) -> 1.6 | Q23: =vlookup($A23,EarthSpace!$A:$M,13,false) -> 0.8 | R23: =vlookup($A23,Biology!$A:$M,13,false) -> 5.6 | S23: =vlookup($A23,Physics!$A:$M,13,false) -> 0.8
A24: 100662456472081319887 | B24: =vlookup($A24,Users!$B$1:$H1000,3,false) -> Daniel | C24: =vlookup($A24,Users!$B$1:$H1000,6,false) -> Lexington B | D24: =vlookup($C24,Teams!$B:$D,3,false) -> 5 | E24: =D24*24 -> 120 | F24: =countifs(PrelimRaw!$D$1:$D1000,$A24,PrelimRaw!$C$1:$C1000,4)+countifs(PrelimRaw!$D$1:$D1000,$A24,PrelimRaw!$C$1:$C1000,14) -> 24 | G24: =countifs(PrelimRaw!$D$1:$D1000,$A24,PrelimRaw!$C$1:$C1000,0) -> 14 | H24: =countifs(PrelimRaw!$D$1:$D1000,$A24,PrelimRaw!$C$1:$C1000,-4) -> 3 | I24: =F24+G24+H24 -> 41 | J24: =I24/E24 -> 0.34166667 | K24: =iferror(F24/I24,0) -> 0.58536585 | L24: =4*F24-4*H24 -> 84 | M24: =L24/D24 -> 16.8 | N24: =vlookup($A24,'X-Risk'!$A:$M,13,false) -> 4.8 | O24: =vlookup($A24,Math!$A:$M,13,false) -> 0 | P24: =vlookup($A24,Chemistry!$A:$M,13,false) -> 1.6 | Q24: =vlookup($A24,EarthSpace!$A:$M,13,false) -> 7.2 | R24: =vlookup($A24,Biology!$A:$M,13,false) -> 1.6 | S24: =vlookup($A24,Physics!$A:$M,13,false) -> 1.6
A25: 106913584674750189410 | B25: =vlookup($A25,Users!$B$1:$H1000,3,false) -> Alex | C25: =vlookup($A25,Users!$B$1:$H1000,6,false) -> NoHo | D25: =vlookup($C25,Teams!$B:$D,3,false) -> 5 | E25: =D25*24 -> 120 | F25: =countifs(PrelimRaw!$D$1:$D1000,$A25,PrelimRaw!$C$1:$C1000,4)+countifs(PrelimRaw!$D$1:$D1000,$A25,PrelimRaw!$C$1:$C1000,14) -> 25 | G25: =countifs(PrelimRaw!$D$1:$D1000,$A25,PrelimRaw!$C$1:$C1000,0) -> 6 | H25: =countifs(PrelimRaw!$D$1:$D1000,$A25,PrelimRaw!$C$1:$C1000,-4) -> 4 | I25: =F25+G25+H25 -> 35 | J25: =I25/E25 -> 0.29166667 | K25: =iferror(F25/I25,0) -> 0.71428571 | L25: =4*F25-4*H25 -> 84 | M25: =L25/D25 -> 16.8 | N25: =vlookup($A25,'X-Risk'!$A:$M,13,false) -> 5.6 | O25: =vlookup($A25,Math!$A:$M,13,false) -> 0 | P25: =vlookup($A25,Chemistry!$A:$M,13,false) -> 2.4 | Q25: =vlookup($A25,EarthSpace!$A:$M,13,false) -> 8.8 | R25: =vlookup($A25,Biology!$A:$M,13,false) -> -0.8 | S25: =vlookup($A25,Physics!$A:$M,13,false) -> 0.8
A26: 104495540205548736558 | B26: =vlookup($A26,Users!$B$1:$H1000,3,false) -> Emmy | C26: =vlookup($A26,Users!$B$1:$H1000,6,false) -> Davidson | D26: =vlookup($C26,Teams!$B:$D,3,false) -> 5 | E26: =D26*24 -> 120 | F26: =countifs(PrelimRaw!$D$1:$D1000,$A26,PrelimRaw!$C$1:$C1000,4)+countifs(PrelimRaw!$D$1:$D1000,$A26,PrelimRaw!$C$1:$C1000,14) -> 24 | G26: =countifs(PrelimRaw!$D$1:$D1000,$A26,PrelimRaw!$C$1:$C1000,0) -> 6 | H26: =countifs(PrelimRaw!$D$1:$D1000,$A26,PrelimRaw!$C$1:$C1000,-4) -> 4 | I26: =F26+G26+H26 -> 34 | J26: =I26/E26 -> 0.28333333 | K26: =iferror(F26/I26,0) -> 0.70588235 | L26: =4*F26-4*H26 -> 80 | M26: =L26/D26 -> 16 | N26: =vlookup($A26,'X-Risk'!$A:$M,13,false) -> 2.4 | O26: =vlookup($A26,Math!$A:$M,13,false) -> 0 | P26: =vlookup($A26,Chemistry!$A:$M,13,false) -> 2.4 | Q26: =vlookup($A26,EarthSpace!$A:$M,13,false) -> 8 | R26: =vlookup($A26,Biology!$A:$M,13,false) -> 0.8 | S26: =vlookup($A26,Physics!$A:$M,13,false) -> 2.4
A27: 117343382433914933310 | B27: =vlookup($A27,Users!$B$1:$H1000,3,false) -> Aneesh | C27: =vlookup($A27,Users!$B$1:$H1000,6,false) -> Wayzata | D27: =vlookup($C27,Teams!$B:$D,3,false) -> 5 | E27: =D27*24 -> 120 | F27: =countifs(PrelimRaw!$D$1:$D1000,$A27,PrelimRaw!$C$1:$C1000,4)+countifs(PrelimRaw!$D$1:$D1000,$A27,PrelimRaw!$C$1:$C1000,14) -> 23 | G27: =countifs(PrelimRaw!$D$1:$D1000,$A27,PrelimRaw!$C$1:$C1000,0) -> 8 | H27: =countifs(PrelimRaw!$D$1:$D1000,$A27,PrelimRaw!$C$1:$C1000,-4) -> 3 | I27: =F27+G27+H27 -> 34 | J27: =I27/E27 -> 0.28333333 | K27: =iferror(F27/I27,0) -> 0.67647059 | L27: =4*F27-4*H27 -> 80 | M27: =L27/D27 -> 16 | N27: =vlookup($A27,'X-Risk'!$A:$M,13,false) -> 2.4 | O27: =vlookup($A27,Math!$A:$M,13,false) -> 0 | P27: =vlookup($A27,Chemistry!$A:$M,13,false) -> 2.4 | Q27: =vlookup($A27,EarthSpace!$A:$M,13,false) -> 0.8 | R27: =vlookup($A27,Biology!$A:$M,13,false) -> 10.4 | S27: =vlookup($A27,Physics!$A:$M,13,false) -> 0
A28: 118074352666382404421 | B28: =vlookup($A28,Users!$B$1:$H1000,3,false) -> Harsh | C28: =vlookup($A28,Users!$B$1:$H1000,6,false) -> Green Hope | D28: =vlookup($C28,Teams!$B:$D,3,false) -> 5 | E28: =D28*24 -> 120 | F28: =countifs(PrelimRaw!$D$1:$D1000,$A28,PrelimRaw!$C$1:$C1000,4)+countifs(PrelimRaw!$D$1:$D1000,$A28,PrelimRaw!$C$1:$C1000,14) -> 21 | G28: =countifs(PrelimRaw!$D$1:$D1000,$A28,PrelimRaw!$C$1:$C1000,0) -> 13 | H28: =countifs(PrelimRaw!$D$1:$D1000,$A28,PrelimRaw!$C$1:$C1000,-4) -> 1 | I28: =F28+G28+H28 -> 35 | J28: =I28/E28 -> 0.29166667 | K28: =iferror(F28/I28,0) -> 0.6 | L28: =4*F28-4*H28 -> 80 | M28: =L28/D28 -> 16 | N28: =vlookup($A28,'X-Risk'!$A:$M,13,false) -> 0 | O28: =vlookup($A28,Math!$A:$M,13,false) -> 0 | P28: =vlookup($A28,Chemistry!$A:$M,13,false) -> 3.2 | Q28: =vlookup($A28,EarthSpace!$A:$M,13,false) -> 6.4 | R28: =vlookup($A28,Biology!$A:$M,13,false) -> 0.8 | S28: =vlookup($A28,Physics!$A:$M,13,false) -> 5.6
A29: 116807051909331854620 | B29: =vlookup($A29,Users!$B$1:$H1000,3,false) -> Rushil | C29: =vlookup($A29,Users!$B$1:$H1000,6,false) -> Dulles | D29: =vlookup($C29,Teams!$B:$D,3,false) -> 5 | E29: =D29*24 -> 120 | F29: =countifs(PrelimRaw!$D$1:$D1000,$A29,PrelimRaw!$C$1:$C1000,4)+countifs(PrelimRaw!$D$1:$D1000,$A29,PrelimRaw!$C$1:$C1000,14) -> 19 | G29: =countifs(PrelimRaw!$D$1:$D1000,$A29,PrelimRaw!$C$1:$C1000,0) -> 5 | H29: =countifs(PrelimRaw!$D$1:$D1000,$A29,PrelimRaw!$C$1:$C1000,-4) -> 0 | I29: =F29+G29+H29 -> 24 | J29: =I29/E29 -> 0.2 | K29: =iferror(F29/I29,0) -> 0.79166667 | L29: =4*F29-4*H29 -> 76 | M29: =L29/D29 -> 15.2 | N29: =vlookup($A29,'X-Risk'!$A:$M,13,false) -> 0.8 | O29: =vlookup($A29,Math!$A:$M,13,false) -> 4.8 | P29: =vlookup($A29,Chemistry!$A:$M,13,false) -> 0 | Q29: =vlookup($A29,EarthSpace!$A:$M,13,false) -> 2.4 | R29: =vlookup($A29,Biology!$A:$M,13,false) -> 0 | S29: =vlookup($A29,Physics!$A:$M,13,false) -> 7.2
A30: 115701416956189742203 | B30: =vlookup($A30,Users!$B$1:$H1000,3,false) -> Gugan | C30: =vlookup($A30,Users!$B$1:$H1000,6,false) -> Blair C | D30: =vlookup($C30,Teams!$B:$D,3,false) -> 5 | E30: =D30*24 -> 120 | F30: =countifs(PrelimRaw!$D$1:$D1000,$A30,PrelimRaw!$C$1:$C1000,4)+countifs(PrelimRaw!$D$1:$D1000,$A30,PrelimRaw!$C$1:$C1000,14) -> 18 | G30: =countifs(PrelimRaw!$D$1:$D1000,$A30,PrelimRaw!$C$1:$C1000,0) -> 10 | H30: =countifs(PrelimRaw!$D$1:$D1000,$A30,PrelimRaw!$C$1:$C1000,-4) -> 1 | I30: =F30+G30+H30 -> 29 | J30: =I30/E30 -> 0.24166667 | K30: =iferror(F30/I30,0) -> 0.62068966 | L30: =4*F30-4*H30 -> 68 | M30: =L30/D30 -> 13.6 | N30: =vlookup($A30,'X-Risk'!$A:$M,13,false) -> 3.2 | O30: =vlookup($A30,Math!$A:$M,13,false) -> 0.8 | P30: =vlookup($A30,Chemistry!$A:$M,13,false) -> 4 | Q30: =vlookup($A30,EarthSpace!$A:$M,13,false) -> 0.8 | R30: =vlookup($A30,Biology!$A:$M,13,false) -> 0 | S30: =vlookup($A30,Physics!$A:$M,13,false) -> 4.8
A31: 114036554181471873823 | B31: =vlookup($A31,Users!$B$1:$H1000,3,false) -> Aldric | C31: =vlookup($A31,Users!$B$1:$H1000,6,false) -> WWPN | D31: =vlookup($C31,Teams!$B:$D,3,false) -> 5 | E31: =D31*24 -> 120 | F31: =countifs(PrelimRaw!$D$1:$D1000,$A31,PrelimRaw!$C$1:$C1000,4)+countifs(PrelimRaw!$D$1:$D1000,$A31,PrelimRaw!$C$1:$C1000,14) -> 20 | G31: =countifs(PrelimRaw!$D$1:$D1000,$A31,PrelimRaw!$C$1:$C1000,0) -> 7 | H31: =countifs(PrelimRaw!$D$1:$D1000,$A31,PrelimRaw!$C$1:$C1000,-4) -> 3 | I31: =F31+G31+H31 -> 30 | J31: =I31/E31 -> 0.25 | K31: =iferror(F31/I31,0) -> 0.66666667 | L31: =4*F31-4*H31 -> 68 | M31: =L31/D31 -> 13.6 | N31: =vlookup($A31,'X-Risk'!$A:$M,13,false) -> 4.8 | O31: =vlookup($A31,Math!$A:$M,13,false) -> 0 | P31: =vlookup($A31,Chemistry!$A:$M,13,false) -> 0.8 | Q31: =vlookup($A31,EarthSpace!$A:$M,13,false) -> 4 | R31: =vlookup($A31,Biology!$A:$M,13,false) -> 0 | S31: =vlookup($A31,Physics!$A:$M,13,false) -> 4
A32: 116748200742147664071 | B32: =vlookup($A32,Users!$B$1:$H1000,3,false) -> Tristan | C32: =vlookup($A32,Users!$B$1:$H1000,6,false) -> Interlake B | D32: =vlookup($C32,Teams!$B:$D,3,false) -> 5 | E32: =D32*24 -> 120 | F32: =countifs(PrelimRaw!$D$1:$D1000,$A32,PrelimRaw!$C$1:$C1000,4)+countifs(PrelimRaw!$D$1:$D1000,$A32,PrelimRaw!$C$1:$C1000,14) -> 17 | G32: =countifs(PrelimRaw!$D$1:$D1000,$A32,PrelimRaw!$C$1:$C1000,0) -> 10 | H32: =countifs(PrelimRaw!$D$1:$D1000,$A32,PrelimRaw!$C$1:$C1000,-4) -> 0 | I32: =F32+G32+H32 -> 27 | J32: =I32/E32 -> 0.225 | K32: =iferror(F32/I32,0) -> 0.62962963 | L32: =4*F32-4*H32 -> 68 | M32: =L32/D32 -> 13.6 | N32: =vlookup($A32,'X-Risk'!$A:$M,13,false) -> 1.6 | O32: =vlookup($A32,Math!$A:$M,13,false) -> 8.8 | P32: =vlookup($A32,Chemistry!$A:$M,13,false) -> 0.8 | Q32: =vlookup($A32,EarthSpace!$A:$M,13,false) -> 0 | R32: =vlookup($A32,Biology!$A:$M,13,false) -> 0 | S32: =vlookup($A32,Physics!$A:$M,13,false) -> 2.4
A33: 100018707023206150456 | B33: =vlookup($A33,Users!$B$1:$H1000,3,false) -> Flora | C33: =vlookup($A33,Users!$B$1:$H1000,6,false) -> Canyon Crest | D33: =vlookup($C33,Teams!$B:$D,3,false) -> 5 | E33: =D33*24 -> 120 | F33: =countifs(PrelimRaw!$D$1:$D1000,$A33,PrelimRaw!$C$1:$C1000,4)+countifs(PrelimRaw!$D$1:$D1000,$A33,PrelimRaw!$C$1:$C1000,14) -> 19 | G33: =countifs(PrelimRaw!$D$1:$D1000,$A33,PrelimRaw!$C$1:$C1000,0) -> 12 | H33: =countifs(PrelimRaw!$D$1:$D1000,$A33,PrelimRaw!$C$1:$C1000,-4) -> 2 | I33: =F33+G33+H33 -> 33 | J33: =I33/E33 -> 0.275 | K33: =iferror(F33/I33,0) -> 0.57575758 | L33: =4*F33-4*H33 -> 68 | M33: =L33/D33 -> 13.6 | N33: =vlookup($A33,'X-Risk'!$A:$M,13,false) -> 2.4 | O33: =vlookup($A33,Math!$A:$M,13,false) -> 0 | P33: =vlookup($A33,Chemistry!$A:$M,13,false) -> 0.8 | Q33: =vlookup($A33,EarthSpace!$A:$M,13,false) -> 5.6 | R33: =vlookup($A33,Biology!$A:$M,13,false) -> 1.6 | S33: =vlookup($A33,Physics!$A:$M,13,false) -> 3.2
A34: 104616720600882690364 | B34: =vlookup($A34,Users!$B$1:$H1000,3,false) -> Kai | C34: =vlookup($A34,Users!$B$1:$H1000,6,false) -> Naperville North | D34: =vlookup($C34,Teams!$B:$D,3,false) -> 5 | E34: =D34*24 -> 120 | F34: =countifs(PrelimRaw!$D$1:$D1000,$A34,PrelimRaw!$C$1:$C1000,4)+countifs(PrelimRaw!$D$1:$D1000,$A34,PrelimRaw!$C$1:$C1000,14) -> 17 | G34: =countifs(PrelimRaw!$D$1:$D1000,$A34,PrelimRaw!$C$1:$C1000,0) -> 11 | H34: =countifs(PrelimRaw!$D$1:$D1000,$A34,PrelimRaw!$C$1:$C1000,-4) -> 0 | I34: =F34+G34+H34 -> 28 | J34: =I34/E34 -> 0.23333333 | K34: =iferror(F34/I34,0) -> 0.60714286 | L34: =4*F34-4*H34 -> 68 | M34: =L34/D34 -> 13.6 | N34: =vlookup($A34,'X-Risk'!$A:$M,13,false) -> 1.6 | O34: =vlookup($A34,Math!$A:$M,13,false) -> 3.2 | P34: =vlookup($A34,Chemistry!$A:$M,13,false) -> 1.6 | Q34: =vlookup($A34,EarthSpace!$A:$M,13,false) -> 1.6 | R34: =vlookup($A34,Biology!$A:$M,13,false) -> 0 | S34: =vlookup($A34,Physics!$A:$M,13,false) -> 5.6
A35: 108152382525909487295 | B35: =vlookup($A35,Users!$B$1:$H1000,3,false) -> Joseph | C35: =vlookup($A35,Users!$B$1:$H1000,6,false) -> RMHS | D35: =vlookup($C35,Teams!$B:$D,3,false) -> 5 | E35: =D35*24 -> 120 | F35: =countifs(PrelimRaw!$D$1:$D1000,$A35,PrelimRaw!$C$1:$C1000,4)+countifs(PrelimRaw!$D$1:$D1000,$A35,PrelimRaw!$C$1:$C1000,14) -> 25 | G35: =countifs(PrelimRaw!$D$1:$D1000,$A35,PrelimRaw!$C$1:$C1000,0) -> 16 | H35: =countifs(PrelimRaw!$D$1:$D1000,$A35,PrelimRaw!$C$1:$C1000,-4) -> 8 | I35: =F35+G35+H35 -> 49 | J35: =I35/E35 -> 0.40833333 | K35: =iferror(F35/I35,0) -> 0.51020408 | L35: =4*F35-4*H35 -> 68 | M35: =L35/D35 -> 13.6 | N35: =vlookup($A35,'X-Risk'!$A:$M,13,false) -> 1.6 | O35: =vlookup($A35,Math!$A:$M,13,false) -> 0 | P35: =vlookup($A35,Chemistry!$A:$M,13,false) -> 1.6 | Q35: =vlookup($A35,EarthSpace!$A:$M,13,false) -> 3.2 | R35: =vlookup($A35,Biology!$A:$M,13,false) -> 4 | S35: =vlookup($A35,Physics!$A:$M,13,false) -> 3.2
A36: 106220113041500550653 | B36: =vlookup($A36,Users!$B$1:$H1000,3,false) -> Rohan | C36: =vlookup($A36,Users!$B$1:$H1000,6,false) -> Ladue | D36: =vlookup($C36,Teams!$B:$D,3,false) -> 5 | E36: =D36*24 -> 120 | F36: =countifs(PrelimRaw!$D$1:$D1000,$A36,PrelimRaw!$C$1:$C1000,4)+countifs(PrelimRaw!$D$1:$D1000,$A36,PrelimRaw!$C$1:$C1000,14) -> 16 | G36: =countifs(PrelimRaw!$D$1:$D1000,$A36,PrelimRaw!$C$1:$C1000,0) -> 8 | H36: =countifs(PrelimRaw!$D$1:$D1000,$A36,PrelimRaw!$C$1:$C1000,-4) -> 0 | I36: =F36+G36+H36 -> 24 | J36: =I36/E36 -> 0.2 | K36: =iferror(F36/I36,0) -> 0.66666667 | L36: =4*F36-4*H36 -> 64 | M36: =L36/D36 -> 12.8 | N36: =vlookup($A36,'X-Risk'!$A:$M,13,false) -> 0.8 | O36: =vlookup($A36,Math!$A:$M,13,false) -> 0 | P36: =vlookup($A36,Chemistry!$A:$M,13,false) -> 7.2 | Q36: =vlookup($A36,EarthSpace!$A:$M,13,false) -> 0.8 | R36: =vlookup($A36,Biology!$A:$M,13,false) -> 2.4 | S36: =vlookup($A36,Physics!$A:$M,13,false) -> 1.6
A37: 113689800994596883699 | B37: =vlookup($A37,Users!$B$1:$H1000,3,false) -> Gokulanath | C37: =vlookup($A37,Users!$B$1:$H1000,6,false) -> MSJ | D37: =vlookup($C37,Teams!$B:$D,3,false) -> 5 | E37: =D37*24 -> 120 | F37: =countifs(PrelimRaw!$D$1:$D1000,$A37,PrelimRaw!$C$1:$C1000,4)+countifs(PrelimRaw!$D$1:$D1000,$A37,PrelimRaw!$C$1:$C1000,14) -> 16 | G37: =countifs(PrelimRaw!$D$1:$D1000,$A37,PrelimRaw!$C$1:$C1000,0) -> 2 | H37: =countifs(PrelimRaw!$D$1:$D1000,$A37,PrelimRaw!$C$1:$C1000,-4) -> 0 | I37: =F37+G37+H37 -> 18 | J37: =I37/E37 -> 0.15 | K37: =iferror(F37/I37,0) -> 0.88888889 | L37: =4*F37-4*H37 -> 64 | M37: =L37/D37 -> 12.8 | N37: =vlookup($A37,'X-Risk'!$A:$M,13,false) -> 0.8 | O37: =vlookup($A37,Math!$A:$M,13,false) -> 0 | P37: =vlookup($A37,Chemistry!$A:$M,13,false) -> 3.2 | Q37: =vlookup($A37,EarthSpace!$A:$M,13,false) -> 0.8 | R37: =vlookup($A37,Biology!$A:$M,13,false) -> 8 | S37: =vlookup($A37,Physics!$A:$M,13,false) -> 0
A38: 105596510344333656930 | B38: =vlookup($A38,Users!$B$1:$H1000,3,false) -> Evan | C38: =vlookup($A38,Users!$B$1:$H1000,6,false) -> Tesla STEM | D38: =vlookup($C38,Teams!$B:$D,3,false) -> 5 | E38: =D38*24 -> 120 | F38: =countifs(PrelimRaw!$D$1:$D1000,$A38,PrelimRaw!$C$1:$C1000,4)+countifs(PrelimRaw!$D$1:$D1000,$A38,PrelimRaw!$C$1:$C1000,14) -> 16 | G38: =countifs(PrelimRaw!$D$1:$D1000,$A38,PrelimRaw!$C$1:$C1000,0) -> 6 | H38: =countifs(PrelimRaw!$D$1:$D1000,$A38,PrelimRaw!$C$1:$C1000,-4) -> 0 | I38: =F38+G38+H38 -> 22 | J38: =I38/E38 -> 0.18333333 | K38: =iferror(F38/I38,0) -> 0.72727273 | L38: =4*F38-4*H38 -> 64 | M38: =L38/D38 -> 12.8 | N38: =vlookup($A38,'X-Risk'!$A:$M,13,false) -> 0 | O38: =vlookup($A38,Math!$A:$M,13,false) -> 6.4 | P38: =vlookup($A38,Chemistry!$A:$M,13,false) -> 0 | Q38: =vlookup($A38,EarthSpace!$A:$M,13,false) -> 0 | R38: =vlookup($A38,Biology!$A:$M,13,false) -> 0.8 | S38: =vlookup($A38,Physics!$A:$M,13,false) -> 5.6
A39: 104040670752305026947 | B39: =vlookup($A39,Users!$B$1:$H1000,3,false) -> Tanmay | C39: =vlookup($A39,Users!$B$1:$H1000,6,false) -> Lexington B | D39: =vlookup($C39,Teams!$B:$D,3,false) -> 5 | E39: =D39*24 -> 120 | F39: =countifs(PrelimRaw!$D$1:$D1000,$A39,PrelimRaw!$C$1:$C1000,4)+countifs(PrelimRaw!$D$1:$D1000,$A39,PrelimRaw!$C$1:$C1000,14) -> 16 | G39: =countifs(PrelimRaw!$D$1:$D1000,$A39,PrelimRaw!$C$1:$C1000,0) -> 3 | H39: =countifs(PrelimRaw!$D$1:$D1000,$A39,PrelimRaw!$C$1:$C1000,-4) -> 0 | I39: =F39+G39+H39 -> 19 | J39: =I39/E39 -> 0.15833333 | K39: =iferror(F39/I39,0) -> 0.84210526 | L39: =4*F39-4*H39 -> 64 | M39: =L39/D39 -> 12.8 | N39: =vlookup($A39,'X-Risk'!$A:$M,13,false) -> 1.6 | O39: =vlookup($A39,Math!$A:$M,13,false) -> 1.6 | P39: =vlookup($A39,Chemistry!$A:$M,13,false) -> 2.4 | Q39: =vlookup($A39,EarthSpace!$A:$M,13,false) -> 0 | R39: =vlookup($A39,Biology!$A:$M,13,false) -> 0 | S39: =vlookup($A39,Physics!$A:$M,13,false) -> 7.2
A40: 109155816154210333669 | B40: =vlookup($A40,Users!$B$1:$H1000,3,false) -> Phoenix | C40: =vlookup($A40,Users!$B$1:$H1000,6,false) -> Seven Lakes | D40: =vlookup($C40,Teams!$B:$D,3,false) -> 5 | E40: =D40*24 -> 120 | F40: =countifs(PrelimRaw!$D$1:$D1000,$A40,PrelimRaw!$C$1:$C1000,4)+countifs(PrelimRaw!$D$1:$D1000,$A40,PrelimRaw!$C$1:$C1000,14) -> 23 | G40: =countifs(PrelimRaw!$D$1:$D1000,$A40,PrelimRaw!$C$1:$C1000,0) -> 6 | H40: =countifs(PrelimRaw!$D$1:$D1000,$A40,PrelimRaw!$C$1:$C1000,-4) -> 7 | I40: =F40+G40+H40 -> 36 | J40: =I40/E40 -> 0.3 | K40: =iferror(F40/I40,0) -> 0.63888889 | L40: =4*F40-4*H40 -> 64 | M40: =L40/D40 -> 12.8 | N40: =vlookup($A40,'X-Risk'!$A:$M,13,false) -> 4 | O40: =vlookup($A40,Math!$A:$M,13,false) -> 0.8 | P40: =vlookup($A40,Chemistry!$A:$M,13,false) -> 6.4 | Q40: =vlookup($A40,EarthSpace!$A:$M,13,false) -> 0.8 | R40: =vlookup($A40,Biology!$A:$M,13,false) -> -0.8 | S40: =vlookup($A40,Physics!$A:$M,13,false) -> 1.6
A41: 108704086552620618598 | B41: =vlookup($A41,Users!$B$1:$H1000,3,false) -> Justin | C41: =vlookup($A41,Users!$B$1:$H1000,6,false) -> Blair A | D41: =vlookup($C41,Teams!$B:$D,3,false) -> 5 | E41: =D41*24 -> 120 | F41: =countifs(PrelimRaw!$D$1:$D1000,$A41,PrelimRaw!$C$1:$C1000,4)+countifs(PrelimRaw!$D$1:$D1000,$A41,PrelimRaw!$C$1:$C1000,14) -> 17 | G41: =countifs(PrelimRaw!$D$1:$D1000,$A41,PrelimRaw!$C$1:$C1000,0) -> 5 | H41: =countifs(PrelimRaw!$D$1:$D1000,$A41,PrelimRaw!$C$1:$C1000,-4) -> 1 | I41: =F41+G41+H41 -> 23 | J41: =I41/E41 -> 0.19166667 | K41: =iferror(F41/I41,0) -> 0.73913043 | L41: =4*F41-4*H41 -> 64 | M41: =L41/D41 -> 12.8 | N41: =vlookup($A41,'X-Risk'!$A:$M,13,false) -> 4 | O41: =vlookup($A41,Math!$A:$M,13,false) -> 2.4 | P41: =vlookup($A41,Chemistry!$A:$M,13,false) -> 0 | Q41: =vlookup($A41,EarthSpace!$A:$M,13,false) -> 3.2 | R41: =vlookup($A41,Biology!$A:$M,13,false) -> 0 | S41: =vlookup($A41,Physics!$A:$M,13,false) -> 3.2
A42: 118390381458063805008 | B42: =vlookup($A42,Users!$B$1:$H1000,3,false) -> Ray | C42: =vlookup($A42,Users!$B$1:$H1000,6,false) -> Middleton | D42: =vlookup($C42,Teams!$B:$D,3,false) -> 5 | E42: =D42*24 -> 120 | F42: =countifs(PrelimRaw!$D$1:$D1000,$A42,PrelimRaw!$C$1:$C1000,4)+countifs(PrelimRaw!$D$1:$D1000,$A42,PrelimRaw!$C$1:$C1000,14) -> 18 | G42: =countifs(PrelimRaw!$D$1:$D1000,$A42,PrelimRaw!$C$1:$C1000,0) -> 5 | H42: =countifs(PrelimRaw!$D$1:$D1000,$A42,PrelimRaw!$C$1:$C1000,-4) -> 3 | I42: =F42+G42+H42 -> 26 | J42: =I42/E42 -> 0.21666667 | K42: =iferror(F42/I42,0) -> 0.69230769 | L42: =4*F42-4*H42 -> 60 | M42: =L42/D42 -> 12 | N42: =vlookup($A42,'X-Risk'!$A:$M,13,false) -> 2.4 | O42: =vlookup($A42,Math!$A:$M,13,false) -> 1.6 | P42: =vlookup($A42,Chemistry!$A:$M,13,false) -> 0 | Q42: =vlookup($A42,EarthSpace!$A:$M,13,false) -> 4.8 | R42: =vlookup($A42,Biology!$A:$M,13,false) -> 0.8 | S42: =vlookup($A42,Physics!$A:$M,13,false) -> 2.4
A43: 115851460800773085420 | B43: =vlookup($A43,Users!$B$1:$H1000,3,false) -> Nipun | C43: =vlookup($A43,Users!$B$1:$H1000,6,false) -> Mira Loma | D43: =vlookup($C43,Teams!$B:$D,3,false) -> 5 | E43: =D43*24 -> 120 | F43: =countifs(PrelimRaw!$D$1:$D1000,$A43,PrelimRaw!$C$1:$C1000,4)+countifs(PrelimRaw!$D$1:$D1000,$A43,PrelimRaw!$C$1:$C1000,14) -> 17 | G43: =countifs(PrelimRaw!$D$1:$D1000,$A43,PrelimRaw!$C$1:$C1000,0) -> 2 | H43: =countifs(PrelimRaw!$D$1:$D1000,$A43,PrelimRaw!$C$1:$C1000,-4) -> 2 | I43: =F43+G43+H43 -> 21 | J43: =I43/E43 -> 0.175 | K43: =iferror(F43/I43,0) -> 0.80952381 | L43: =4*F43-4*H43 -> 60 | M43: =L43/D43 -> 12 | N43: =vlookup($A43,'X-Risk'!$A:$M,13,false) -> 0.8 | O43: =vlookup($A43,Math!$A:$M,13,false) -> 3.2 | P43: =vlookup($A43,Chemistry!$A:$M,13,false) -> 5.6 | Q43: =vlookup($A43,EarthSpace!$A:$M,13,false) -> 0.8 | R43: =vlookup($A43,Biology!$A:$M,13,false) -> 1.6 | S43: =vlookup($A43,Physics!$A:$M,13,false) -> 0
A44: 103149509251326375653 | B44: =vlookup($A44,Users!$B$1:$H1000,3,false) -> Sami | C44: =vlookup($A44,Users!$B$1:$H1000,6,false) -> Tesla STEM | D44: =vlookup($C44,Teams!$B:$D,3,false) -> 5 | E44: =D44*24 -> 120 | F44: =countifs(PrelimRaw!$D$1:$D1000,$A44,PrelimRaw!$C$1:$C1000,4)+countifs(PrelimRaw!$D$1:$D1000,$A44,PrelimRaw!$C$1:$C1000,14) -> 16 | G44: =countifs(PrelimRaw!$D$1:$D1000,$A44,PrelimRaw!$C$1:$C1000,0) -> 5 | H44: =countifs(PrelimRaw!$D$1:$D1000,$A44,PrelimRaw!$C$1:$C1000,-4) -> 1 | I44: =F44+G44+H44 -> 22 | J44: =I44/E44 -> 0.18333333 | K44: =iferror(F44/I44,0) -> 0.72727273 | L44: =4*F44-4*H44 -> 60 | M44: =L44/D44 -> 12 | N44: =vlookup($A44,'X-Risk'!$A:$M,13,false) -> 2.4 | O44: =vlookup($A44,Math!$A:$M,13,false) -> 1.6 | P44: =vlookup($A44,Chemistry!$A:$M,13,false) -> 3.2 | Q44: =vlookup($A44,EarthSpace!$A:$M,13,false) -> 0 | R44: =vlookup($A44,Biology!$A:$M,13,false) -> 0 | S44: =vlookup($A44,Physics!$A:$M,13,false) -> 4.8
A45: 109978766604048481991 | B45: =vlookup($A45,Users!$B$1:$H1000,3,false) -> Avanesh | C45: =vlookup($A45,Users!$B$1:$H1000,6,false) -> NCSSM A | D45: =vlookup($C45,Teams!$B:$D,3,false) -> 5 | E45: =D45*24 -> 120 | F45: =countifs(PrelimRaw!$D$1:$D1000,$A45,PrelimRaw!$C$1:$C1000,4)+countifs(PrelimRaw!$D$1:$D1000,$A45,PrelimRaw!$C$1:$C1000,14) -> 18 | G45: =countifs(PrelimRaw!$D$1:$D1000,$A45,PrelimRaw!$C$1:$C1000,0) -> 12 | H45: =countifs(PrelimRaw!$D$1:$D1000,$A45,PrelimRaw!$C$1:$C1000,-4) -> 3 | I45: =F45+G45+H45 -> 33 | J45: =I45/E45 -> 0.275 | K45: =iferror(F45/I45,0) -> 0.54545455 | L45: =4*F45-4*H45 -> 60 | M45: =L45/D45 -> 12 | N45: =vlookup($A45,'X-Risk'!$A:$M,13,false) -> 1.6 | O45: =vlookup($A45,Math!$A:$M,13,false) -> 0 | P45: =vlookup($A45,Chemistry!$A:$M,13,false) -> 5.6 | Q45: =vlookup($A45,EarthSpace!$A:$M,13,false) -> 0.8 | R45: =vlookup($A45,Biology!$A:$M,13,false) -> 4 | S45: =vlookup($A45,Physics!$A:$M,13,false) -> 0
A46: 113294899636057844310 | B46: =vlookup($A46,Users!$B$1:$H1000,3,false) -> Eric | C46: =vlookup($A46,Users!$B$1:$H1000,6,false) -> Wayzata | D46: =vlookup($C46,Teams!$B:$D,3,false) -> 5 | E46: =D46*24 -> 120 | F46: =countifs(PrelimRaw!$D$1:$D1000,$A46,PrelimRaw!$C$1:$C1000,4)+countifs(PrelimRaw!$D$1:$D1000,$A46,PrelimRaw!$C$1:$C1000,14) -> 17 | G46: =countifs(PrelimRaw!$D$1:$D1000,$A46,PrelimRaw!$C$1:$C1000,0) -> 19 | H46: =countifs(PrelimRaw!$D$1:$D1000,$A46,PrelimRaw!$C$1:$C1000,-4) -> 2 | I46: =F46+G46+H46 -> 38 | J46: =I46/E46 -> 0.31666667 | K46: =iferror(F46/I46,0) -> 0.44736842 | L46: =4*F46-4*H46 -> 60 | M46: =L46/D46 -> 12 | N46: =vlookup($A46,'X-Risk'!$A:$M,13,false) -> 0.8 | O46: =vlookup($A46,Math!$A:$M,13,false) -> 6.4 | P46: =vlookup($A46,Chemistry!$A:$M,13,false) -> 0.8 | Q46: =vlookup($A46,EarthSpace!$A:$M,13,false) -> 1.6 | R46: =vlookup($A46,Biology!$A:$M,13,false) -> 0 | S46: =vlookup($A46,Physics!$A:$M,13,false) -> 2.4
A47: 115554784043972686221 | B47: =vlookup($A47,Users!$B$1:$H1000,3,false) -> Kartik | C47: =vlookup($A47,Users!$B$1:$H1000,6,false) -> Brookfield | D47: =vlookup($C47,Teams!$B:$D,3,false) -> 5 | E47: =D47*24 -> 120 | F47: =countifs(PrelimRaw!$D$1:$D1000,$A47,PrelimRaw!$C$1:$C1000,4)+countifs(PrelimRaw!$D$1:$D1000,$A47,PrelimRaw!$C$1:$C1000,14) -> 15 | G47: =countifs(PrelimRaw!$D$1:$D1000,$A47,PrelimRaw!$C$1:$C1000,0) -> 4 | H47: =countifs(PrelimRaw!$D$1:$D1000,$A47,PrelimRaw!$C$1:$C1000,-4) -> 0 | I47: =F47+G47+H47 -> 19 | J47: =I47/E47 -> 0.15833333 | K47: =iferror(F47/I47,0) -> 0.78947368 | L47: =4*F47-4*H47 -> 60 | M47: =L47/D47 -> 12 | N47: =vlookup($A47,'X-Risk'!$A:$M,13,false) -> 0 | O47: =vlookup($A47,Math!$A:$M,13,false) -> 8 | P47: =vlookup($A47,Chemistry!$A:$M,13,false) -> 0 | Q47: =vlookup($A47,EarthSpace!$A:$M,13,false) -> 0.8 | R47: =vlookup($A47,Biology!$A:$M,13,false) -> 0 | S47: =vlookup($A47,Physics!$A:$M,13,false) -> 3.2
A48: 107042395165060849928 | B48: =vlookup($A48,Users!$B$1:$H1000,3,false) -> Thaddeus | C48: =vlookup($A48,Users!$B$1:$H1000,6,false) -> Venice | D48: =vlookup($C48,Teams!$B:$D,3,false) -> 5 | E48: =D48*24 -> 120 | F48: =countifs(PrelimRaw!$D$1:$D1000,$A48,PrelimRaw!$C$1:$C1000,4)+countifs(PrelimRaw!$D$1:$D1000,$A48,PrelimRaw!$C$1:$C1000,14) -> 16 | G48: =countifs(PrelimRaw!$D$1:$D1000,$A48,PrelimRaw!$C$1:$C1000,0) -> 6 | H48: =countifs(PrelimRaw!$D$1:$D1000,$A48,PrelimRaw!$C$1:$C1000,-4) -> 1 | I48: =F48+G48+H48 -> 23 | J48: =I48/E48 -> 0.19166667 | K48: =iferror(F48/I48,0) -> 0.69565217 | L48: =4*F48-4*H48 -> 60 | M48: =L48/D48 -> 12 | N48: =vlookup($A48,'X-Risk'!$A:$M,13,false) -> 4.8 | O48: =vlookup($A48,Math!$A:$M,13,false) -> 0 | P48: =vlookup($A48,Chemistry!$A:$M,13,false) -> 0 | Q48: =vlookup($A48,EarthSpace!$A:$M,13,false) -> 6.4 | R48: =vlookup($A48,Biology!$A:$M,13,false) -> 0 | S48: =vlookup($A48,Physics!$A:$M,13,false) -> 0.8
A49: 113391701272142422718 | B49: =vlookup($A49,Users!$B$1:$H1000,3,false) -> Allison | C49: =vlookup($A49,Users!$B$1:$H1000,6,false) -> Iolani | D49: =vlookup($C49,Teams!$B:$D,3,false) -> 5 | E49: =D49*24 -> 120 | F49: =countifs(PrelimRaw!$D$1:$D1000,$A49,PrelimRaw!$C$1:$C1000,4)+countifs(PrelimRaw!$D$1:$D1000,$A49,PrelimRaw!$C$1:$C1000,14) -> 14 | G49: =countifs(PrelimRaw!$D$1:$D1000,$A49,PrelimRaw!$C$1:$C1000,0) -> 7 | H49: =countifs(PrelimRaw!$D$1:$D1000,$A49,PrelimRaw!$C$1:$C1000,-4) -> 0 | I49: =F49+G49+H49 -> 21 | J49: =I49/E49 -> 0.175 | K49: =iferror(F49/I49,0) -> 0.66666667 | L49: =4*F49-4*H49 -> 56 | M49: =L49/D49 -> 11.2 | N49: =vlookup($A49,'X-Risk'!$A:$M,13,false) -> 0.8 | O49: =vlookup($A49,Math!$A:$M,13,false) -> 1.6 | P49: =vlookup($A49,Chemistry!$A:$M,13,false) -> 1.6 | Q49: =vlookup($A49,EarthSpace!$A:$M,13,false) -> 4 | R49: =vlookup($A49,Biology!$A:$M,13,false) -> 0 | S49: =vlookup($A49,Physics!$A:$M,13,false) -> 3.2
A50: 107799769413037396453 | B50: =vlookup($A50,Users!$B$1:$H1000,3,false) -> Krutharth | C50: =vlookup($A50,Users!$B$1:$H1000,6,false) -> WWPN | D50: =vlookup($C50,Teams!$B:$D,3,false) -> 5 | E50: =D50*24 -> 120 | F50: =countifs(PrelimRaw!$D$1:$D1000,$A50,PrelimRaw!$C$1:$C1000,4)+countifs(PrelimRaw!$D$1:$D1000,$A50,PrelimRaw!$C$1:$C1000,14) -> 15 | G50: =countifs(PrelimRaw!$D$1:$D1000,$A50,PrelimRaw!$C$1:$C1000,0) -> 5 | H50: =countifs(PrelimRaw!$D$1:$D1000,$A50,PrelimRaw!$C$1:$C1000,-4) -> 1 | I50: =F50+G50+H50 -> 21 | J50: =I50/E50 -> 0.175 | K50: =iferror(F50/I50,0) -> 0.71428571 | L50: =4*F50-4*H50 -> 56 | M50: =L50/D50 -> 11.2 | N50: =vlookup($A50,'X-Risk'!$A:$M,13,false) -> 0.8 | O50: =vlookup($A50,Math!$A:$M,13,false) -> 0 | P50: =vlookup($A50,Chemistry!$A:$M,13,false) -> 0 | Q50: =vlookup($A50,EarthSpace!$A:$M,13,false) -> 0 | R50: =vlookup($A50,Biology!$A:$M,13,false) -> 10.4 | S50: =vlookup($A50,Physics!$A:$M,13,false) -> 0
A51: 117134652620208275166 | B51: =vlookup($A51,Users!$B$1:$H1000,3,false) -> Owen | C51: =vlookup($A51,Users!$B$1:$H1000,6,false) -> Middleton | D51: =vlookup($C51,Teams!$B:$D,3,false) -> 5 | E51: =D51*24 -> 120 | F51: =countifs(PrelimRaw!$D$1:$D1000,$A51,PrelimRaw!$C$1:$C1000,4)+countifs(PrelimRaw!$D$1:$D1000,$A51,PrelimRaw!$C$1:$C1000,14) -> 15 | G51: =countifs(PrelimRaw!$D$1:$D1000,$A51,PrelimRaw!$C$1:$C1000,0) -> 2 | H51: =countifs(PrelimRaw!$D$1:$D1000,$A51,PrelimRaw!$C$1:$C1000,-4) -> 1 | I51: =F51+G51+H51 -> 18 | J51: =I51/E51 -> 0.15 | K51: =iferror(F51/I51,0) -> 0.83333333 | L51: =4*F51-4*H51 -> 56 | M51: =L51/D51 -> 11.2 | N51: =vlookup($A51,'X-Risk'!$A:$M,13,false) -> 2.4 | O51: =vlookup($A51,Math!$A:$M,13,false) -> 0 | P51: =vlookup($A51,Chemistry!$A:$M,13,false) -> 0.8 | Q51: =vlookup($A51,EarthSpace!$A:$M,13,false) -> 0.8 | R51: =vlookup($A51,Biology!$A:$M,13,false) -> 7.2 | S51: =vlookup($A51,Physics!$A:$M,13,false) -> 0
A52: 117345748745962515810 | B52: =vlookup($A52,Users!$B$1:$H1000,3,false) -> Aditya | C52: =vlookup($A52,Users!$B$1:$H1000,6,false) -> Pullman | D52: =vlookup($C52,Teams!$B:$D,3,false) -> 5 | E52: =D52*24 -> 120 | F52: =countifs(PrelimRaw!$D$1:$D1000,$A52,PrelimRaw!$C$1:$C1000,4)+countifs(PrelimRaw!$D$1:$D1000,$A52,PrelimRaw!$C$1:$C1000,14) -> 15 | G52: =countifs(PrelimRaw!$D$1:$D1000,$A52,PrelimRaw!$C$1:$C1000,0) -> 6 | H52: =countifs(PrelimRaw!$D$1:$D1000,$A52,PrelimRaw!$C$1:$C1000,-4) -> 1 | I52: =F52+G52+H52 -> 22 | J52: =I52/E52 -> 0.18333333 | K52: =iferror(F52/I52,0) -> 0.68181818 | L52: =4*F52-4*H52 -> 56 | M52: =L52/D52 -> 11.2 | N52: =vlookup($A52,'X-Risk'!$A:$M,13,false) -> 0.8 | O52: =vlookup($A52,Math!$A:$M,13,false) -> 5.6 | P52: =vlookup($A52,Chemistry!$A:$M,13,false) -> 2.4 | Q52: =vlookup($A52,EarthSpace!$A:$M,13,false) -> 0 | R52: =vlookup($A52,Biology!$A:$M,13,false) -> 0 | S52: =vlookup($A52,Physics!$A:$M,13,false) -> 2.4
A53: 104408870717380419808 | B53: =vlookup($A53,Users!$B$1:$H1000,3,false) -> David | C53: =vlookup($A53,Users!$B$1:$H1000,6,false) -> Lynbrook | D53: =vlookup($C53,Teams!$B:$D,3,false) -> 5 | E53: =D53*24 -> 120 | F53: =countifs(PrelimRaw!$D$1:$D1000,$A53,PrelimRaw!$C$1:$C1000,4)+countifs(PrelimRaw!$D$1:$D1000,$A53,PrelimRaw!$C$1:$C1000,14) -> 16 | G53: =countifs(PrelimRaw!$D$1:$D1000,$A53,PrelimRaw!$C$1:$C1000,0) -> 8 | H53: =countifs(PrelimRaw!$D$1:$D1000,$A53,PrelimRaw!$C$1:$C1000,-4) -> 2 | I53: =F53+G53+H53 -> 26 | J53: =I53/E53 -> 0.21666667 | K53: =iferror(F53/I53,0) -> 0.61538462 | L53: =4*F53-4*H53 -> 56 | M53: =L53/D53 -> 11.2 | N53: =vlookup($A53,'X-Risk'!$A:$M,13,false) -> 0.8 | O53: =vlookup($A53,Math!$A:$M,13,false) -> 4 | P53: =vlookup($A53,Chemistry!$A:$M,13,false) -> 2.4 | Q53: =vlookup($A53,EarthSpace!$A:$M,13,false) -> 0.8 | R53: =vlookup($A53,Biology!$A:$M,13,false) -> 1.6 | S53: =vlookup($A53,Physics!$A:$M,13,false) -> 1.6
A54: 100737823064401076042 | B54: =vlookup($A54,Users!$B$1:$H1000,3,false) -> Sharvaa | C54: =vlookup($A54,Users!$B$1:$H1000,6,false) -> AHS Broward | D54: =vlookup($C54,Teams!$B:$D,3,false) -> 5 | E54: =D54*24 -> 120 | F54: =countifs(PrelimRaw!$D$1:$D1000,$A54,PrelimRaw!$C$1:$C1000,4)+countifs(PrelimRaw!$D$1:$D1000,$A54,PrelimRaw!$C$1:$C1000,14) -> 14 | G54: =countifs(PrelimRaw!$D$1:$D1000,$A54,PrelimRaw!$C$1:$C1000,0) -> 12 | H54: =countifs(PrelimRaw!$D$1:$D1000,$A54,PrelimRaw!$C$1:$C1000,-4) -> 0 | I54: =F54+G54+H54 -> 26 | J54: =I54/E54 -> 0.21666667 | K54: =iferror(F54/I54,0) -> 0.53846154 | L54: =4*F54-4*H54 -> 56 | M54: =L54/D54 -> 11.2 | N54: =vlookup($A54,'X-Risk'!$A:$M,13,false) -> 0 | O54: =vlookup($A54,Math!$A:$M,13,false) -> 5.6 | P54: =vlookup($A54,Chemistry!$A:$M,13,false) -> 2.4 | Q54: =vlookup($A54,EarthSpace!$A:$M,13,false) -> 1.6 | R54: =vlookup($A54,Biology!$A:$M,13,false) -> 0 | S54: =vlookup($A54,Physics!$A:$M,13,false) -> 1.6
A55: 109792848417434458614 | B55: =vlookup($A55,Users!$B$1:$H1000,3,false) -> Owen | C55: =vlookup($A55,Users!$B$1:$H1000,6,false) -> Interlake A | D55: =vlookup($C55,Teams!$B:$D,3,false) -> 5 | E55: =D55*24 -> 120 | F55: =countifs(PrelimRaw!$D$1:$D1000,$A55,PrelimRaw!$C$1:$C1000,4)+countifs(PrelimRaw!$D$1:$D1000,$A55,PrelimRaw!$C$1:$C1000,14) -> 15 | G55: =countifs(PrelimRaw!$D$1:$D1000,$A55,PrelimRaw!$C$1:$C1000,0) -> 7 | H55: =countifs(PrelimRaw!$D$1:$D1000,$A55,PrelimRaw!$C$1:$C1000,-4) -> 1 | I55: =F55+G55+H55 -> 23 | J55: =I55/E55 -> 0.19166667 | K55: =iferror(F55/I55,0) -> 0.65217391 | L55: =4*F55-4*H55 -> 56 | M55: =L55/D55 -> 11.2 | N55: =vlookup($A55,'X-Risk'!$A:$M,13,false) -> 2.4 | O55: =vlookup($A55,Math!$A:$M,13,false) -> 1.6 | P55: =vlookup($A55,Chemistry!$A:$M,13,false) -> 4.8 | Q55: =vlookup($A55,EarthSpace!$A:$M,13,false) -> 0.8 | R55: =vlookup($A55,Biology!$A:$M,13,false) -> 0 | S55: =vlookup($A55,Physics!$A:$M,13,false) -> 1.6
A56: 110835626147750924304 | B56: =vlookup($A56,Users!$B$1:$H1000,3,false) -> Lidia | C56: =vlookup($A56,Users!$B$1:$H1000,6,false) -> Venice | D56: =vlookup($C56,Teams!$B:$D,3,false) -> 5 | E56: =D56*24 -> 120 | F56: =countifs(PrelimRaw!$D$1:$D1000,$A56,PrelimRaw!$C$1:$C1000,4)+countifs(PrelimRaw!$D$1:$D1000,$A56,PrelimRaw!$C$1:$C1000,14) -> 15 | G56: =countifs(PrelimRaw!$D$1:$D1000,$A56,PrelimRaw!$C$1:$C1000,0) -> 4 | H56: =countifs(PrelimRaw!$D$1:$D1000,$A56,PrelimRaw!$C$1:$C1000,-4) -> 1 | I56: =F56+G56+H56 -> 20 | J56: =I56/E56 -> 0.16666667 | K56: =iferror(F56/I56,0) -> 0.75 | L56: =4*F56-4*H56 -> 56 | M56: =L56/D56 -> 11.2 | N56: =vlookup($A56,'X-Risk'!$A:$M,13,false) -> 0 | O56: =vlookup($A56,Math!$A:$M,13,false) -> 0.8 | P56: =vlookup($A56,Chemistry!$A:$M,13,false) -> 3.2 | Q56: =vlookup($A56,EarthSpace!$A:$M,13,false) -> 0 | R56: =vlookup($A56,Biology!$A:$M,13,false) -> 7.2 | S56: =vlookup($A56,Physics!$A:$M,13,false) -> 0
A57: 115276086652629571643 | B57: =vlookup($A57,Users!$B$1:$H1000,3,false) -> Akshansh | C57: =vlookup($A57,Users!$B$1:$H1000,6,false) -> Davidson | D57: =vlookup($C57,Teams!$B:$D,3,false) -> 5 | E57: =D57*24 -> 120 | F57: =countifs(PrelimRaw!$D$1:$D1000,$A57,PrelimRaw!$C$1:$C1000,4)+countifs(PrelimRaw!$D$1:$D1000,$A57,PrelimRaw!$C$1:$C1000,14) -> 15 | G57: =countifs(PrelimRaw!$D$1:$D1000,$A57,PrelimRaw!$C$1:$C1000,0) -> 7 | H57: =countifs(PrelimRaw!$D$1:$D1000,$A57,PrelimRaw!$C$1:$C1000,-4) -> 2 | I57: =F57+G57+H57 -> 24 | J57: =I57/E57 -> 0.2 | K57: =iferror(F57/I57,0) -> 0.625 | L57: =4*F57-4*H57 -> 52 | M57: =L57/D57 -> 10.4 | N57: =vlookup($A57,'X-Risk'!$A:$M,13,false) -> 5.6 | O57: =vlookup($A57,Math!$A:$M,13,false) -> 0 | P57: =vlookup($A57,Chemistry!$A:$M,13,false) -> 0 | Q57: =vlookup($A57,EarthSpace!$A:$M,13,false) -> 0.8 | R57: =vlookup($A57,Biology!$A:$M,13,false) -> 1.6 | S57: =vlookup($A57,Physics!$A:$M,13,false) -> 2.4
A58: 111750213711898583169 | B58: =vlookup($A58,Users!$B$1:$H1000,3,false) -> Vedang | C58: =vlookup($A58,Users!$B$1:$H1000,6,false) -> Enloe B | D58: =vlookup($C58,Teams!$B:$D,3,false) -> 5 | E58: =D58*24 -> 120 | F58: =countifs(PrelimRaw!$D$1:$D1000,$A58,PrelimRaw!$C$1:$C1000,4)+countifs(PrelimRaw!$D$1:$D1000,$A58,PrelimRaw!$C$1:$C1000,14) -> 14 | G58: =countifs(PrelimRaw!$D$1:$D1000,$A58,PrelimRaw!$C$1:$C1000,0) -> 1 | H58: =countifs(PrelimRaw!$D$1:$D1000,$A58,PrelimRaw!$C$1:$C1000,-4) -> 1 | I58: =F58+G58+H58 -> 16 | J58: =I58/E58 -> 0.13333333 | K58: =iferror(F58/I58,0) -> 0.875 | L58: =4*F58-4*H58 -> 52 | M58: =L58/D58 -> 10.4 | N58: =vlookup($A58,'X-Risk'!$A:$M,13,false) -> 3.2 | O58: =vlookup($A58,Math!$A:$M,13,false) -> 0 | P58: =vlookup($A58,Chemistry!$A:$M,13,false) -> 0 | Q58: =vlookup($A58,EarthSpace!$A:$M,13,false) -> 4.8 | R58: =vlookup($A58,Biology!$A:$M,13,false) -> 2.4 | S58: =vlookup($A58,Physics!$A:$M,13,false) -> 0
A59: 113908820878848887404 | B59: =vlookup($A59,Users!$B$1:$H1000,3,false) -> Michael | C59: =vlookup($A59,Users!$B$1:$H1000,6,false) -> Collierville | D59: =vlookup($C59,Teams!$B:$D,3,false) -> 5 | E59: =D59*24 -> 120 | F59: =countifs(PrelimRaw!$D$1:$D1000,$A59,PrelimRaw!$C$1:$C1000,4)+countifs(PrelimRaw!$D$1:$D1000,$A59,PrelimRaw!$C$1:$C1000,14) -> 13 | G59: =countifs(PrelimRaw!$D$1:$D1000,$A59,PrelimRaw!$C$1:$C1000,0) -> 17 | H59: =countifs(PrelimRaw!$D$1:$D1000,$A59,PrelimRaw!$C$1:$C1000,-4) -> 0 | I59: =F59+G59+H59 -> 30 | J59: =I59/E59 -> 0.25 | K59: =iferror(F59/I59,0) -> 0.43333333 | L59: =4*F59-4*H59 -> 52 | M59: =L59/D59 -> 10.4 | N59: =vlookup($A59,'X-Risk'!$A:$M,13,false) -> 1.6 | O59: =vlookup($A59,Math!$A:$M,13,false) -> 1.6 | P59: =vlookup($A59,Chemistry!$A:$M,13,false) -> 0 | Q59: =vlookup($A59,EarthSpace!$A:$M,13,false) -> 5.6 | R59: =vlookup($A59,Biology!$A:$M,13,false) -> 0 | S59: =vlookup($A59,Physics!$A:$M,13,false) -> 1.6
A60: 115232514521695086012 | B60: =vlookup($A60,Users!$B$1:$H1000,3,false) -> Andrew | C60: =vlookup($A60,Users!$B$1:$H1000,6,false) -> Naperville North | D60: =vlookup($C60,Teams!$B:$D,3,false) -> 5 | E60: =D60*24 -> 120 | F60: =countifs(PrelimRaw!$D$1:$D1000,$A60,PrelimRaw!$C$1:$C1000,4)+countifs(PrelimRaw!$D$1:$D1000,$A60,PrelimRaw!$C$1:$C1000,14) -> 14 | G60: =countifs(PrelimRaw!$D$1:$D1000,$A60,PrelimRaw!$C$1:$C1000,0) -> 5 | H60: =countifs(PrelimRaw!$D$1:$D1000,$A60,PrelimRaw!$C$1:$C1000,-4) -> 1 | I60: =F60+G60+H60 -> 20 | J60: =I60/E60 -> 0.16666667 | K60: =iferror(F60/I60,0) -> 0.7 | L60: =4*F60-4*H60 -> 52 | M60: =L60/D60 -> 10.4 | N60: =vlookup($A60,'X-Risk'!$A:$M,13,false) -> 0.8 | O60: =vlookup($A60,Math!$A:$M,13,false) -> 1.6 | P60: =vlookup($A60,Chemistry!$A:$M,13,false) -> 2.4 | Q60: =vlookup($A60,EarthSpace!$A:$M,13,false) -> 2.4 | R60: =vlookup($A60,Biology!$A:$M,13,false) -> 1.6 | S60: =vlookup($A60,Physics!$A:$M,13,false) -> 1.6
A61: 101501433098992094400 | B61: =vlookup($A61,Users!$B$1:$H1000,3,false) -> Anagh | C61: =vlookup($A61,Users!$B$1:$H1000,6,false) -> JP Stevens | D61: =vlookup($C61,Teams!$B:$D,3,false) -> 5 | E61: =D61*24 -> 120 | F61: =countifs(PrelimRaw!$D$1:$D1000,$A61,PrelimRaw!$C$1:$C1000,4)+countifs(PrelimRaw!$D$1:$D1000,$A61,PrelimRaw!$C$1:$C1000,14) -> 13 | G61: =countifs(PrelimRaw!$D$1:$D1000,$A61,PrelimRaw!$C$1:$C1000,0) -> 12 | H61: =countifs(PrelimRaw!$D$1:$D1000,$A61,PrelimRaw!$C$1:$C1000,-4) -> 0 | I61: =F61+G61+H61 -> 25 | J61: =I61/E61 -> 0.20833333 | K61: =iferror(F61/I61,0) -> 0.52 | L61: =4*F61-4*H61 -> 52 | M61: =L61/D61 -> 10.4 | N61: =vlookup($A61,'X-Risk'!$A:$M,13,false) -> 3.2 | O61: =vlookup($A61,Math!$A:$M,13,false) -> 1.6 | P61: =vlookup($A61,Chemistry!$A:$M,13,false) -> 0 | Q61: =vlookup($A61,EarthSpace!$A:$M,13,false) -> 1.6 | R61: =vlookup($A61,Biology!$A:$M,13,false) -> 1.6 | S61: =vlookup($A61,Physics!$A:$M,13,false) -> 2.4
A62: 117706526453675630883 | B62: =vlookup($A62,Users!$B$1:$H1000,3,false) -> Melinda | C62: =vlookup($A62,Users!$B$1:$H1000,6,false) -> Troy | D62: =vlookup($C62,Teams!$B:$D,3,false) -> 5 | E62: =D62*24 -> 120 | F62: =countifs(PrelimRaw!$D$1:$D1000,$A62,PrelimRaw!$C$1:$C1000,4)+countifs(PrelimRaw!$D$1:$D1000,$A62,PrelimRaw!$C$1:$C1000,14) -> 18 | G62: =countifs(PrelimRaw!$D$1:$D1000,$A62,PrelimRaw!$C$1:$C1000,0) -> 3 | H62: =countifs(PrelimRaw!$D$1:$D1000,$A62,PrelimRaw!$C$1:$C1000,-4) -> 5 | I62: =F62+G62+H62 -> 26 | J62: =I62/E62 -> 0.21666667 | K62: =iferror(F62/I62,0) -> 0.69230769 | L62: =4*F62-4*H62 -> 52 | M62: =L62/D62 -> 10.4 | N62: =vlookup($A62,'X-Risk'!$A:$M,13,false) -> -0.8 | O62: =vlookup($A62,Math!$A:$M,13,false) -> 0.8 | P62: =vlookup($A62,Chemistry!$A:$M,13,false) -> 2.4 | Q62: =vlookup($A62,EarthSpace!$A:$M,13,false) -> 2.4 | R62: =vlookup($A62,Biology!$A:$M,13,false) -> 5.6 | S62: =vlookup($A62,Physics!$A:$M,13,false) -> 0
A63: 103332457605509284391 | B63: =vlookup($A63,Users!$B$1:$H1000,3,false) -> Alex | C63: =vlookup($A63,Users!$B$1:$H1000,6,false) -> Green Hope | D63: =vlookup($C63,Teams!$B:$D,3,false) -> 5 | E63: =D63*24 -> 120 | F63: =countifs(PrelimRaw!$D$1:$D1000,$A63,PrelimRaw!$C$1:$C1000,4)+countifs(PrelimRaw!$D$1:$D1000,$A63,PrelimRaw!$C$1:$C1000,14) -> 14 | G63: =countifs(PrelimRaw!$D$1:$D1000,$A63,PrelimRaw!$C$1:$C1000,0) -> 3 | H63: =countifs(PrelimRaw!$D$1:$D1000,$A63,PrelimRaw!$C$1:$C1000,-4) -> 1 | I63: =F63+G63+H63 -> 18 | J63: =I63/E63 -> 0.15 | K63: =iferror(F63/I63,0) -> 0.77777778 | L63: =4*F63-4*H63 -> 52 | M63: =L63/D63 -> 10.4 | N63: =vlookup($A63,'X-Risk'!$A:$M,13,false) -> 3.2 | O63: =vlookup($A63,Math!$A:$M,13,false) -> 0 | P63: =vlookup($A63,Chemistry!$A:$M,13,false) -> 4 | Q63: =vlookup($A63,EarthSpace!$A:$M,13,false) -> 2.4 | R63: =vlookup($A63,Biology!$A:$M,13,false) -> 0 | S63: =vlookup($A63,Physics!$A:$M,13,false) -> 0.8
A64: 116527780279762297843 | B64: =vlookup($A64,Users!$B$1:$H1000,3,false) -> Feodor | C64: =vlookup($A64,Users!$B$1:$H1000,6,false) -> University | D64: =vlookup($C64,Teams!$B:$D,3,false) -> 5 | E64: =D64*24 -> 120 | F64: =countifs(PrelimRaw!$D$1:$D1000,$A64,PrelimRaw!$C$1:$C1000,4)+countifs(PrelimRaw!$D$1:$D1000,$A64,PrelimRaw!$C$1:$C1000,14) -> 14 | G64: =countifs(PrelimRaw!$D$1:$D1000,$A64,PrelimRaw!$C$1:$C1000,0) -> 1 | H64: =countifs(PrelimRaw!$D$1:$D1000,$A64,PrelimRaw!$C$1:$C1000,-4) -> 1 | I64: =F64+G64+H64 -> 16 | J64: =I64/E64 -> 0.13333333 | K64: =iferror(F64/I64,0) -> 0.875 | L64: =4*F64-4*H64 -> 52 | M64: =L64/D64 -> 10.4 | N64: =vlookup($A64,'X-Risk'!$A:$M,13,false) -> 0.8 | O64: =vlookup($A64,Math!$A:$M,13,false) -> 4.8 | P64: =vlookup($A64,Chemistry!$A:$M,13,false) -> 0.8 | Q64: =vlookup($A64,EarthSpace!$A:$M,13,false) -> 0 | R64: =vlookup($A64,Biology!$A:$M,13,false) -> 0 | S64: =vlookup($A64,Physics!$A:$M,13,false) -> 4
A65: 110234665672978783434 | B65: =vlookup($A65,Users!$B$1:$H1000,3,false) -> Aditya | C65: =vlookup($A65,Users!$B$1:$H1000,6,false) -> Ladue | D65: =vlookup($C65,Teams!$B:$D,3,false) -> 5 | E65: =D65*24 -> 120 | F65: =countifs(PrelimRaw!$D$1:$D1000,$A65,PrelimRaw!$C$1:$C1000,4)+countifs(PrelimRaw!$D$1:$D1000,$A65,PrelimRaw!$C$1:$C1000,14) -> 13 | G65: =countifs(PrelimRaw!$D$1:$D1000,$A65,PrelimRaw!$C$1:$C1000,0) -> 8 | H65: =countifs(PrelimRaw!$D$1:$D1000,$A65,PrelimRaw!$C$1:$C1000,-4) -> 1 | I65: =F65+G65+H65 -> 22 | J65: =I65/E65 -> 0.18333333 | K65: =iferror(F65/I65,0) -> 0.59090909 | L65: =4*F65-4*H65 -> 48 | M65: =L65/D65 -> 9.6 | N65: =vlookup($A65,'X-Risk'!$A:$M,13,false) -> 0.8 | O65: =vlookup($A65,Math!$A:$M,13,false) -> 3.2 | P65: =vlookup($A65,Chemistry!$A:$M,13,false) -> 0 | Q65: =vlookup($A65,EarthSpace!$A:$M,13,false) -> 0.8 | R65: =vlookup($A65,Biology!$A:$M,13,false) -> 2.4 | S65: =vlookup($A65,Physics!$A:$M,13,false) -> 2.4
A66: 114856671133570071487 | B66: =vlookup($A66,Users!$B$1:$H1000,3,false) -> Richard | C66: =vlookup($A66,Users!$B$1:$H1000,6,false) -> NoHo | D66: =vlookup($C66,Teams!$B:$D,3,false) -> 5 | E66: =D66*24 -> 120 | F66: =countifs(PrelimRaw!$D$1:$D1000,$A66,PrelimRaw!$C$1:$C1000,4)+countifs(PrelimRaw!$D$1:$D1000,$A66,PrelimRaw!$C$1:$C1000,14) -> 13 | G66: =countifs(PrelimRaw!$D$1:$D1000,$A66,PrelimRaw!$C$1:$C1000,0) -> 2 | H66: =countifs(PrelimRaw!$D$1:$D1000,$A66,PrelimRaw!$C$1:$C1000,-4) -> 1 | I66: =F66+G66+H66 -> 16 | J66: =I66/E66 -> 0.13333333 | K66: =iferror(F66/I66,0) -> 0.8125 | L66: =4*F66-4*H66 -> 48 | M66: =L66/D66 -> 9.6 | N66: =vlookup($A66,'X-Risk'!$A:$M,13,false) -> 0.8 | O66: =vlookup($A66,Math!$A:$M,13,false) -> 0 | P66: =vlookup($A66,Chemistry!$A:$M,13,false) -> 0 | Q66: =vlookup($A66,EarthSpace!$A:$M,13,false) -> 0 | R66: =vlookup($A66,Biology!$A:$M,13,false) -> 6.4 | S66: =vlookup($A66,Physics!$A:$M,13,false) -> 2.4
A67: 101317157337125275679 | B67: =vlookup($A67,Users!$B$1:$H1000,3,false) -> Stephen | C67: =vlookup($A67,Users!$B$1:$H1000,6,false) -> Blair A | D67: =vlookup($C67,Teams!$B:$D,3,false) -> 5 | E67: =D67*24 -> 120 | F67: =countifs(PrelimRaw!$D$1:$D1000,$A67,PrelimRaw!$C$1:$C1000,4)+countifs(PrelimRaw!$D$1:$D1000,$A67,PrelimRaw!$C$1:$C1000,14) -> 14 | G67: =countifs(PrelimRaw!$D$1:$D1000,$A67,PrelimRaw!$C$1:$C1000,0) -> 1 | H67: =countifs(PrelimRaw!$D$1:$D1000,$A67,PrelimRaw!$C$1:$C1000,-4) -> 2 | I67: =F67+G67+H67 -> 17 | J67: =I67/E67 -> 0.14166667 | K67: =iferror(F67/I67,0) -> 0.82352941 | L67: =4*F67-4*H67 -> 48 | M67: =L67/D67 -> 9.6 | N67: =vlookup($A67,'X-Risk'!$A:$M,13,false) -> 1.6 | O67: =vlookup($A67,Math!$A:$M,13,false) -> 4 | P67: =vlookup($A67,Chemistry!$A:$M,13,false) -> 0 | Q67: =vlookup($A67,EarthSpace!$A:$M,13,false) -> 0.8 | R67: =vlookup($A67,Biology!$A:$M,13,false) -> 0 | S67: =vlookup($A67,Physics!$A:$M,13,false) -> 3.2
A68: 112719889437811238210 | B68: =vlookup($A68,Users!$B$1:$H1000,3,false) -> Michael | C68: =vlookup($A68,Users!$B$1:$H1000,6,false) -> Buchholz B | D68: =vlookup($C68,Teams!$B:$D,3,false) -> 5 | E68: =D68*24 -> 120 | F68: =countifs(PrelimRaw!$D$1:$D1000,$A68,PrelimRaw!$C$1:$C1000,4)+countifs(PrelimRaw!$D$1:$D1000,$A68,PrelimRaw!$C$1:$C1000,14) -> 14 | G68: =countifs(PrelimRaw!$D$1:$D1000,$A68,PrelimRaw!$C$1:$C1000,0) -> 8 | H68: =countifs(PrelimRaw!$D$1:$D1000,$A68,PrelimRaw!$C$1:$C1000,-4) -> 2 | I68: =F68+G68+H68 -> 24 | J68: =I68/E68 -> 0.2 | K68: =iferror(F68/I68,0) -> 0.58333333 | L68: =4*F68-4*H68 -> 48 | M68: =L68/D68 -> 9.6 | N68: =vlookup($A68,'X-Risk'!$A:$M,13,false) -> 1.6 | O68: =vlookup($A68,Math!$A:$M,13,false) -> 3.2 | P68: =vlookup($A68,Chemistry!$A:$M,13,false) -> 1.6 | Q68: =vlookup($A68,EarthSpace!$A:$M,13,false) -> 3.2 | R68: =vlookup($A68,Biology!$A:$M,13,false) -> -0.8 | S68: =vlookup($A68,Physics!$A:$M,13,false) -> 0.8
A69: 100047951893265954908 | B69: =vlookup($A69,Users!$B$1:$H1000,3,false) -> Edward | C69: =vlookup($A69,Users!$B$1:$H1000,6,false) -> NCSSM B | D69: =vlookup($C69,Teams!$B:$D,3,false) -> 5 | E69: =D69*24 -> 120 | F69: =countifs(PrelimRaw!$D$1:$D1000,$A69,PrelimRaw!$C$1:$C1000,4)+countifs(PrelimRaw!$D$1:$D1000,$A69,PrelimRaw!$C$1:$C1000,14) -> 14 | G69: =countifs(PrelimRaw!$D$1:$D1000,$A69,PrelimRaw!$C$1:$C1000,0) -> 10 | H69: =countifs(PrelimRaw!$D$1:$D1000,$A69,PrelimRaw!$C$1:$C1000,-4) -> 3 | I69: =F69+G69+H69 -> 27 | J69: =I69/E69 -> 0.225 | K69: =iferror(F69/I69,0) -> 0.51851852 | L69: =4*F69-4*H69 -> 44 | M69: =L69/D69 -> 8.8 | N69: =vlookup($A69,'X-Risk'!$A:$M,13,false) -> 0.8 | O69: =vlookup($A69,Math!$A:$M,13,false) -> 2.4 | P69: =vlookup($A69,Chemistry!$A:$M,13,false) -> 0.8 | Q69: =vlookup($A69,EarthSpace!$A:$M,13,false) -> 0.8 | R69: =vlookup($A69,Biology!$A:$M,13,false) -> -0.8 | S69: =vlookup($A69,Physics!$A:$M,13,false) -> 4.8
A70: 117501969074158402878 | B70: =vlookup($A70,Users!$B$1:$H1000,3,false) -> Aaron | C70: =vlookup($A70,Users!$B$1:$H1000,6,false) -> Ladue | D70: =vlookup($C70,Teams!$B:$D,3,false) -> 5 | E70: =D70*24 -> 120 | F70: =countifs(PrelimRaw!$D$1:$D1000,$A70,PrelimRaw!$C$1:$C1000,4)+countifs(PrelimRaw!$D$1:$D1000,$A70,PrelimRaw!$C$1:$C1000,14) -> 11 | G70: =countifs(PrelimRaw!$D$1:$D1000,$A70,PrelimRaw!$C$1:$C1000,0) -> 3 | H70: =countifs(PrelimRaw!$D$1:$D1000,$A70,PrelimRaw!$C$1:$C1000,-4) -> 0 | I70: =F70+G70+H70 -> 14 | J70: =I70/E70 -> 0.11666667 | K70: =iferror(F70/I70,0) -> 0.78571429 | L70: =4*F70-4*H70 -> 44 | M70: =L70/D70 -> 8.8 | N70: =vlookup($A70,'X-Risk'!$A:$M,13,false) -> 0.8 | O70: =vlookup($A70,Math!$A:$M,13,false) -> 6.4 | P70: =vlookup($A70,Chemistry!$A:$M,13,false) -> 0.8 | Q70: =vlookup($A70,EarthSpace!$A:$M,13,false) -> 0 | R70: =vlookup($A70,Biology!$A:$M,13,false) -> 0 | S70: =vlookup($A70,Physics!$A:$M,13,false) -> 0.8
A71: 107031227865195095099 | B71: =vlookup($A71,Users!$B$1:$H1000,3,false) -> Rohit | C71: =vlookup($A71,Users!$B$1:$H1000,6,false) -> Enloe A | D71: =vlookup($C71,Teams!$B:$D,3,false) -> 5 | E71: =D71*24 -> 120 | F71: =countifs(PrelimRaw!$D$1:$D1000,$A71,PrelimRaw!$C$1:$C1000,4)+countifs(PrelimRaw!$D$1:$D1000,$A71,PrelimRaw!$C$1:$C1000,14) -> 15 | G71: =countifs(PrelimRaw!$D$1:$D1000,$A71,PrelimRaw!$C$1:$C1000,0) -> 0 | H71: =countifs(PrelimRaw!$D$1:$D1000,$A71,PrelimRaw!$C$1:$C1000,-4) -> 4 | I71: =F71+G71+H71 -> 19 | J71: =I71/E71 -> 0.15833333 | K71: =iferror(F71/I71,0) -> 0.78947368 | L71: =4*F71-4*H71 -> 44 | M71: =L71/D71 -> 8.8 | N71: =vlookup($A71,'X-Risk'!$A:$M,13,false) -> 2.4 | O71: =vlookup($A71,Math!$A:$M,13,false) -> 0 | P71: =vlookup($A71,Chemistry!$A:$M,13,false) -> 1.6 | Q71: =vlookup($A71,EarthSpace!$A:$M,13,false) -> 4.8 | R71: =vlookup($A71,Biology!$A:$M,13,false) -> 0 | S71: =vlookup($A71,Physics!$A:$M,13,false) -> 0
A72: 105242878308209435704 | B72: =vlookup($A72,Users!$B$1:$H1000,3,false) -> Shiv | C72: =vlookup($A72,Users!$B$1:$H1000,6,false) -> Interlake B | D72: =vlookup($C72,Teams!$B:$D,3,false) -> 5 | E72: =D72*24 -> 120 | F72: =countifs(PrelimRaw!$D$1:$D1000,$A72,PrelimRaw!$C$1:$C1000,4)+countifs(PrelimRaw!$D$1:$D1000,$A72,PrelimRaw!$C$1:$C1000,14) -> 14 | G72: =countifs(PrelimRaw!$D$1:$D1000,$A72,PrelimRaw!$C$1:$C1000,0) -> 6 | H72: =countifs(PrelimRaw!$D$1:$D1000,$A72,PrelimRaw!$C$1:$C1000,-4) -> 3 | I72: =F72+G72+H72 -> 23 | J72: =I72/E72 -> 0.19166667 | K72: =iferror(F72/I72,0) -> 0.60869565 | L72: =4*F72-4*H72 -> 44 | M72: =L72/D72 -> 8.8 | N72: =vlookup($A72,'X-Risk'!$A:$M,13,false) -> 0 | O72: =vlookup($A72,Math!$A:$M,13,false) -> 0 | P72: =vlookup($A72,Chemistry!$A:$M,13,false) -> 4.8 | Q72: =vlookup($A72,EarthSpace!$A:$M,13,false) -> 1.6 | R72: =vlookup($A72,Biology!$A:$M,13,false) -> 0 | S72: =vlookup($A72,Physics!$A:$M,13,false) -> 2.4
A73: 112586971259710679808 | B73: =vlookup($A73,Users!$B$1:$H1000,3,false) -> Grace | C73: =vlookup($A73,Users!$B$1:$H1000,6,false) -> Interlake B | D73: =vlookup($C73,Teams!$B:$D,3,false) -> 5 | E73: =D73*24 -> 120 | F73: =countifs(PrelimRaw!$D$1:$D1000,$A73,PrelimRaw!$C$1:$C1000,4)+countifs(PrelimRaw!$D$1:$D1000,$A73,PrelimRaw!$C$1:$C1000,14) -> 12 | G73: =countifs(PrelimRaw!$D$1:$D1000,$A73,PrelimRaw!$C$1:$C1000,0) -> 5 | H73: =countifs(PrelimRaw!$D$1:$D1000,$A73,PrelimRaw!$C$1:$C1000,-4) -> 1 | I73: =F73+G73+H73 -> 18 | J73: =I73/E73 -> 0.15 | K73: =iferror(F73/I73,0) -> 0.66666667 | L73: =4*F73-4*H73 -> 44 | M73: =L73/D73 -> 8.8 | N73: =vlookup($A73,'X-Risk'!$A:$M,13,false) -> 1.6 | O73: =vlookup($A73,Math!$A:$M,13,false) -> 0 | P73: =vlookup($A73,Chemistry!$A:$M,13,false) -> 0 | Q73: =vlookup($A73,EarthSpace!$A:$M,13,false) -> 0 | R73: =vlookup($A73,Biology!$A:$M,13,false) -> 7.2 | S73: =vlookup($A73,Physics!$A:$M,13,false) -> 0
A74: 102614641038283851943 | B74: =vlookup($A74,Users!$B$1:$H1000,3,false) -> Aashray | C74: =vlookup($A74,Users!$B$1:$H1000,6,false) -> Tesla STEM | D74: =vlookup($C74,Teams!$B:$D,3,false) -> 5 | E74: =D74*24 -> 120 | F74: =countifs(PrelimRaw!$D$1:$D1000,$A74,PrelimRaw!$C$1:$C1000,4)+countifs(PrelimRaw!$D$1:$D1000,$A74,PrelimRaw!$C$1:$C1000,14) -> 14 | G74: =countifs(PrelimRaw!$D$1:$D1000,$A74,PrelimRaw!$C$1:$C1000,0) -> 5 | H74: =countifs(PrelimRaw!$D$1:$D1000,$A74,PrelimRaw!$C$1:$C1000,-4) -> 3 | I74: =F74+G74+H74 -> 22 | J74: =I74/E74 -> 0.18333333 | K74: =iferror(F74/I74,0) -> 0.63636364 | L74: =4*F74-4*H74 -> 44 | M74: =L74/D74 -> 8.8 | N74: =vlookup($A74,'X-Risk'!$A:$M,13,false) -> 4.8 | O74: =vlookup($A74,Math!$A:$M,13,false) -> 0 | P74: =vlookup($A74,Chemistry!$A:$M,13,false) -> 0 | Q74: =vlookup($A74,EarthSpace!$A:$M,13,false) -> 4 | R74: =vlookup($A74,Biology!$A:$M,13,false) -> 0 | S74: =vlookup($A74,Physics!$A:$M,13,false) -> 0
A75: 110297046011568433830 | B75: =vlookup($A75,Users!$B$1:$H1000,3,false) -> Daniel | C75: =vlookup($A75,Users!$B$1:$H1000,6,false) -> Interlake A | D75: =vlookup($C75,Teams!$B:$D,3,false) -> 5 | E75: =D75*24 -> 120 | F75: =countifs(PrelimRaw!$D$1:$D1000,$A75,PrelimRaw!$C$1:$C1000,4)+countifs(PrelimRaw!$D$1:$D1000,$A75,PrelimRaw!$C$1:$C1000,14) -> 14 | G75: =countifs(PrelimRaw!$D$1:$D1000,$A75,PrelimRaw!$C$1:$C1000,0) -> 11 | H75: =countifs(PrelimRaw!$D$1:$D1000,$A75,PrelimRaw!$C$1:$C1000,-4) -> 3 | I75: =F75+G75+H75 -> 28 | J75: =I75/E75 -> 0.23333333 | K75: =iferror(F75/I75,0) -> 0.5 | L75: =4*F75-4*H75 -> 44 | M75: =L75/D75 -> 8.8 | N75: =vlookup($A75,'X-Risk'!$A:$M,13,false) -> 0.8 | O75: =vlookup($A75,Math!$A:$M,13,false) -> 4.8 | P75: =vlookup($A75,Chemistry!$A:$M,13,false) -> 0 | Q75: =vlookup($A75,EarthSpace!$A:$M,13,false) -> 0 | R75: =vlookup($A75,Biology!$A:$M,13,false) -> 0 | S75: =vlookup($A75,Physics!$A:$M,13,false) -> 3.2
A76: 107171641803497272922 | B76: =vlookup($A76,Users!$B$1:$H1000,3,false) -> Michael | C76: =vlookup($A76,Users!$B$1:$H1000,6,false) -> Venice | D76: =vlookup($C76,Teams!$B:$D,3,false) -> 5 | E76: =D76*24 -> 120 | F76: =countifs(PrelimRaw!$D$1:$D1000,$A76,PrelimRaw!$C$1:$C1000,4)+countifs(PrelimRaw!$D$1:$D1000,$A76,PrelimRaw!$C$1:$C1000,14) -> 11 | G76: =countifs(PrelimRaw!$D$1:$D1000,$A76,PrelimRaw!$C$1:$C1000,0) -> 5 | H76: =countifs(PrelimRaw!$D$1:$D1000,$A76,PrelimRaw!$C$1:$C1000,-4) -> 0 | I76: =F76+G76+H76 -> 16 | J76: =I76/E76 -> 0.13333333 | K76: =iferror(F76/I76,0) -> 0.6875 | L76: =4*F76-4*H76 -> 44 | M76: =L76/D76 -> 8.8 | N76: =vlookup($A76,'X-Risk'!$A:$M,13,false) -> 2.4 | O76: =vlookup($A76,Math!$A:$M,13,false) -> 1.6 | P76: =vlookup($A76,Chemistry!$A:$M,13,false) -> 2.4 | Q76: =vlookup($A76,EarthSpace!$A:$M,13,false) -> 2.4 | R76: =vlookup($A76,Biology!$A:$M,13,false) -> 0 | S76: =vlookup($A76,Physics!$A:$M,13,false) -> 0
A77: 102037216112638588674 | B77: =vlookup($A77,Users!$B$1:$H1000,3,false) -> Jack | C77: =vlookup($A77,Users!$B$1:$H1000,6,false) -> AHS Broward | D77: =vlookup($C77,Teams!$B:$D,3,false) -> 5 | E77: =D77*24 -> 120 | F77: =countifs(PrelimRaw!$D$1:$D1000,$A77,PrelimRaw!$C$1:$C1000,4)+countifs(PrelimRaw!$D$1:$D1000,$A77,PrelimRaw!$C$1:$C1000,14) -> 12 | G77: =countifs(PrelimRaw!$D$1:$D1000,$A77,PrelimRaw!$C$1:$C1000,0) -> 6 | H77: =countifs(PrelimRaw!$D$1:$D1000,$A77,PrelimRaw!$C$1:$C1000,-4) -> 1 | I77: =F77+G77+H77 -> 19 | J77: =I77/E77 -> 0.15833333 | K77: =iferror(F77/I77,0) -> 0.63157895 | L77: =4*F77-4*H77 -> 44 | M77: =L77/D77 -> 8.8 | N77: =vlookup($A77,'X-Risk'!$A:$M,13,false) -> 3.2 | O77: =vlookup($A77,Math!$A:$M,13,false) -> 2.4 | P77: =vlookup($A77,Chemistry!$A:$M,13,false) -> -0.8 | Q77: =vlookup($A77,EarthSpace!$A:$M,13,false) -> 3.2 | R77: =vlookup($A77,Biology!$A:$M,13,false) -> 0 | S77: =vlookup($A77,Physics!$A:$M,13,false) -> 0.8
A78: 109119414141479472132 | B78: =vlookup($A78,Users!$B$1:$H1000,3,false) -> Nicholas | C78: =vlookup($A78,Users!$B$1:$H1000,6,false) -> Buchholz A | D78: =vlookup($C78,Teams!$B:$D,3,false) -> 5 | E78: =D78*24 -> 120 | F78: =countifs(PrelimRaw!$D$1:$D1000,$A78,PrelimRaw!$C$1:$C1000,4)+countifs(PrelimRaw!$D$1:$D1000,$A78,PrelimRaw!$C$1:$C1000,14) -> 11 | G78: =countifs(PrelimRaw!$D$1:$D1000,$A78,PrelimRaw!$C$1:$C1000,0) -> 6 | H78: =countifs(PrelimRaw!$D$1:$D1000,$A78,PrelimRaw!$C$1:$C1000,-4) -> 1 | I78: =F78+G78+H78 -> 18 | J78: =I78/E78 -> 0.15 | K78: =iferror(F78/I78,0) -> 0.61111111 | L78: =4*F78-4*H78 -> 40 | M78: =L78/D78 -> 8 | N78: =vlookup($A78,'X-Risk'!$A:$M,13,false) -> 0 | O78: =vlookup($A78,Math!$A:$M,13,false) -> 0.8 | P78: =vlookup($A78,Chemistry!$A:$M,13,false) -> 7.2 | Q78: =vlookup($A78,EarthSpace!$A:$M,13,false) -> 0 | R78: =vlookup($A78,Biology!$A:$M,13,false) -> 0 | S78: =vlookup($A78,Physics!$A:$M,13,false) -> 0
A79: 116583274461171274280 | B79: =vlookup($A79,Users!$B$1:$H1000,3,false) -> Anuprabha | C79: =vlookup($A79,Users!$B$1:$H1000,6,false) -> Lexington A | D79: =vlookup($C79,Teams!$B:$D,3,false) -> 5 | E79: =D79*24 -> 120 | F79: =countifs(PrelimRaw!$D$1:$D1000,$A79,PrelimRaw!$C$1:$C1000,4)+countifs(PrelimRaw!$D$1:$D1000,$A79,PrelimRaw!$C$1:$C1000,14) -> 11 | G79: =countifs(PrelimRaw!$D$1:$D1000,$A79,PrelimRaw!$C$1:$C1000,0) -> 6 | H79: =countifs(PrelimRaw!$D$1:$D1000,$A79,PrelimRaw!$C$1:$C1000,-4) -> 1 | I79: =F79+G79+H79 -> 18 | J79: =I79/E79 -> 0.15 | K79: =iferror(F79/I79,0) -> 0.61111111 | L79: =4*F79-4*H79 -> 40 | M79: =L79/D79 -> 8 | N79: =vlookup($A79,'X-Risk'!$A:$M,13,false) -> 0.8 | O79: =vlookup($A79,Math!$A:$M,13,false) -> 0 | P79: =vlookup($A79,Chemistry!$A:$M,13,false) -> 4.8 | Q79: =vlookup($A79,EarthSpace!$A:$M,13,false) -> 0 | R79: =vlookup($A79,Biology!$A:$M,13,false) -> 0.8 | S79: =vlookup($A79,Physics!$A:$M,13,false) -> 1.6
A80: 109879436144902504206 | B80: =vlookup($A80,Users!$B$1:$H1000,3,false) -> Yuvan | C80: =vlookup($A80,Users!$B$1:$H1000,6,false) -> Ladue | D80: =vlookup($C80,Teams!$B:$D,3,false) -> 5 | E80: =D80*24 -> 120 | F80: =countifs(PrelimRaw!$D$1:$D1000,$A80,PrelimRaw!$C$1:$C1000,4)+countifs(PrelimRaw!$D$1:$D1000,$A80,PrelimRaw!$C$1:$C1000,14) -> 10 | G80: =countifs(PrelimRaw!$D$1:$D1000,$A80,PrelimRaw!$C$1:$C1000,0) -> 3 | H80: =countifs(PrelimRaw!$D$1:$D1000,$A80,PrelimRaw!$C$1:$C1000,-4) -> 0 | I80: =F80+G80+H80 -> 13 | J80: =I80/E80 -> 0.10833333 | K80: =iferror(F80/I80,0) -> 0.76923077 | L80: =4*F80-4*H80 -> 40 | M80: =L80/D80 -> 8 | N80: =vlookup($A80,'X-Risk'!$A:$M,13,false) -> 4 | O80: =vlookup($A80,Math!$A:$M,13,false) -> 0 | P80: =vlookup($A80,Chemistry!$A:$M,13,false) -> 1.6 | Q80: =vlookup($A80,EarthSpace!$A:$M,13,false) -> 1.6 | R80: =vlookup($A80,Biology!$A:$M,13,false) -> 0.8 | S80: =vlookup($A80,Physics!$A:$M,13,false) -> 0
A81: 103709610629741383646 | B81: =vlookup($A81,Users!$B$1:$H1000,3,false) -> Rishabh | C81: =vlookup($A81,Users!$B$1:$H1000,6,false) -> Enloe A | D81: =vlookup($C81,Teams!$B:$D,3,false) -> 5 | E81: =D81*24 -> 120 | F81: =countifs(PrelimRaw!$D$1:$D1000,$A81,PrelimRaw!$C$1:$C1000,4)+countifs(PrelimRaw!$D$1:$D1000,$A81,PrelimRaw!$C$1:$C1000,14) -> 12 | G81: =countifs(PrelimRaw!$D$1:$D1000,$A81,PrelimRaw!$C$1:$C1000,0) -> 3 | H81: =countifs(PrelimRaw!$D$1:$D1000,$A81,PrelimRaw!$C$1:$C1000,-4) -> 2 | I81: =F81+G81+H81 -> 17 | J81: =I81/E81 -> 0.14166667 | K81: =iferror(F81/I81,0) -> 0.70588235 | L81: =4*F81-4*H81 -> 40 | M81: =L81/D81 -> 8 | N81: =vlookup($A81,'X-Risk'!$A:$M,13,false) -> 0 | O81: =vlookup($A81,Math!$A:$M,13,false) -> 0.8 | P81: =vlookup($A81,Chemistry!$A:$M,13,false) -> 0 | Q81: =vlookup($A81,EarthSpace!$A:$M,13,false) -> 0 | R81: =vlookup($A81,Biology!$A:$M,13,false) -> 7.2 | S81: =vlookup($A81,Physics!$A:$M,13,false) -> 0
A82: 112365538603424634117 | B82: =vlookup($A82,Users!$B$1:$H1000,3,false) -> Sarthak | C82: =vlookup($A82,Users!$B$1:$H1000,6,false) -> Mira Loma | D82: =vlookup($C82,Teams!$B:$D,3,false) -> 5 | E82: =D82*24 -> 120 | F82: =countifs(PrelimRaw!$D$1:$D1000,$A82,PrelimRaw!$C$1:$C1000,4)+countifs(PrelimRaw!$D$1:$D1000,$A82,PrelimRaw!$C$1:$C1000,14) -> 10 | G82: =countifs(PrelimRaw!$D$1:$D1000,$A82,PrelimRaw!$C$1:$C1000,0) -> 0 | H82: =countifs(PrelimRaw!$D$1:$D1000,$A82,PrelimRaw!$C$1:$C1000,-4) -> 0 | I82: =F82+G82+H82 -> 10 | J82: =I82/E82 -> 0.083333333 | K82: =iferror(F82/I82,0) -> 1 | L82: =4*F82-4*H82 -> 40 | M82: =L82/D82 -> 8 | N82: =vlookup($A82,'X-Risk'!$A:$M,13,false) -> 0 | O82: =vlookup($A82,Math!$A:$M,13,false) -> 1.6 | P82: =vlookup($A82,Chemistry!$A:$M,13,false) -> 0.8 | Q82: =vlookup($A82,EarthSpace!$A:$M,13,false) -> 0 | R82: =vlookup($A82,Biology!$A:$M,13,false) -> 0.8 | S82: =vlookup($A82,Physics!$A:$M,13,false) -> 4.8
A83: 104938043645343145874 | B83: =vlookup($A83,Users!$B$1:$H1000,3,false) -> Samuel | C83: =vlookup($A83,Users!$B$1:$H1000,6,false) -> Lynbrook | D83: =vlookup($C83,Teams!$B:$D,3,false) -> 5 | E83: =D83*24 -> 120 | F83: =countifs(PrelimRaw!$D$1:$D1000,$A83,PrelimRaw!$C$1:$C1000,4)+countifs(PrelimRaw!$D$1:$D1000,$A83,PrelimRaw!$C$1:$C1000,14) -> 13 | G83: =countifs(PrelimRaw!$D$1:$D1000,$A83,PrelimRaw!$C$1:$C1000,0) -> 2 | H83: =countifs(PrelimRaw!$D$1:$D1000,$A83,PrelimRaw!$C$1:$C1000,-4) -> 3 | I83: =F83+G83+H83 -> 18 | J83: =I83/E83 -> 0.15 | K83: =iferror(F83/I83,0) -> 0.72222222 | L83: =4*F83-4*H83 -> 40 | M83: =L83/D83 -> 8 | N83: =vlookup($A83,'X-Risk'!$A:$M,13,false) -> 3.2 | O83: =vlookup($A83,Math!$A:$M,13,false) -> 0 | P83: =vlookup($A83,Chemistry!$A:$M,13,false) -> 0 | Q83: =vlookup($A83,EarthSpace!$A:$M,13,false) -> 4 | R83: =vlookup($A83,Biology!$A:$M,13,false) -> 0.8 | S83: =vlookup($A83,Physics!$A:$M,13,false) -> 0
A84: 115944924078140172506 | B84: =vlookup($A84,Users!$B$1:$H1000,3,false) -> Sebi | C84: =vlookup($A84,Users!$B$1:$H1000,6,false) -> Tesla STEM | D84: =vlookup($C84,Teams!$B:$D,3,false) -> 5 | E84: =D84*24 -> 120 | F84: =countifs(PrelimRaw!$D$1:$D1000,$A84,PrelimRaw!$C$1:$C1000,4)+countifs(PrelimRaw!$D$1:$D1000,$A84,PrelimRaw!$C$1:$C1000,14) -> 10 | G84: =countifs(PrelimRaw!$D$1:$D1000,$A84,PrelimRaw!$C$1:$C1000,0) -> 3 | H84: =countifs(PrelimRaw!$D$1:$D1000,$A84,PrelimRaw!$C$1:$C1000,-4) -> 0 | I84: =F84+G84+H84 -> 13 | J84: =I84/E84 -> 0.10833333 | K84: =iferror(F84/I84,0) -> 0.76923077 | L84: =4*F84-4*H84 -> 40 | M84: =L84/D84 -> 8 | N84: =vlookup($A84,'X-Risk'!$A:$M,13,false) -> 1.6 | O84: =vlookup($A84,Math!$A:$M,13,false) -> 0 | P84: =vlookup($A84,Chemistry!$A:$M,13,false) -> 6.4 | Q84: =vlookup($A84,EarthSpace!$A:$M,13,false) -> 0 | R84: =vlookup($A84,Biology!$A:$M,13,false) -> 0 | S84: =vlookup($A84,Physics!$A:$M,13,false) -> 0
A85: 110488059036326763108 | B85: =vlookup($A85,Users!$B$1:$H1000,3,false) -> Aditya | C85: =vlookup($A85,Users!$B$1:$H1000,6,false) -> NCSSM A | D85: =vlookup($C85,Teams!$B:$D,3,false) -> 5 | E85: =D85*24 -> 120 | F85: =countifs(PrelimRaw!$D$1:$D1000,$A85,PrelimRaw!$C$1:$C1000,4)+countifs(PrelimRaw!$D$1:$D1000,$A85,PrelimRaw!$C$1:$C1000,14) -> 11 | G85: =countifs(PrelimRaw!$D$1:$D1000,$A85,PrelimRaw!$C$1:$C1000,0) -> 3 | H85: =countifs(PrelimRaw!$D$1:$D1000,$A85,PrelimRaw!$C$1:$C1000,-4) -> 1 | I85: =F85+G85+H85 -> 15 | J85: =I85/E85 -> 0.125 | K85: =iferror(F85/I85,0) -> 0.73333333 | L85: =4*F85-4*H85 -> 40 | M85: =L85/D85 -> 8 | N85: =vlookup($A85,'X-Risk'!$A:$M,13,false) -> 0 | O85: =vlookup($A85,Math!$A:$M,13,false) -> 0 | P85: =vlookup($A85,Chemistry!$A:$M,13,false) -> 0 | Q85: =vlookup($A85,EarthSpace!$A:$M,13,false) -> 0.8 | R85: =vlookup($A85,Biology!$A:$M,13,false) -> 0 | S85: =vlookup($A85,Physics!$A:$M,13,false) -> 7.2
A86: 104442899034172790993 | B86: =vlookup($A86,Users!$B$1:$H1000,3,false) -> Bo | C86: =vlookup($A86,Users!$B$1:$H1000,6,false) -> NCSSM A | D86: =vlookup($C86,Teams!$B:$D,3,false) -> 5 | E86: =D86*24 -> 120 | F86: =countifs(PrelimRaw!$D$1:$D1000,$A86,PrelimRaw!$C$1:$C1000,4)+countifs(PrelimRaw!$D$1:$D1000,$A86,PrelimRaw!$C$1:$C1000,14) -> 12 | G86: =countifs(PrelimRaw!$D$1:$D1000,$A86,PrelimRaw!$C$1:$C1000,0) -> 9 | H86: =countifs(PrelimRaw!$D$1:$D1000,$A86,PrelimRaw!$C$1:$C1000,-4) -> 2 | I86: =F86+G86+H86 -> 23 | J86: =I86/E86 -> 0.19166667 | K86: =iferror(F86/I86,0) -> 0.52173913 | L86: =4*F86-4*H86 -> 40 | M86: =L86/D86 -> 8 | N86: =vlookup($A86,'X-Risk'!$A:$M,13,false) -> 4 | O86: =vlookup($A86,Math!$A:$M,13,false) -> 0 | P86: =vlookup($A86,Chemistry!$A:$M,13,false) -> 3.2 | Q86: =vlookup($A86,EarthSpace!$A:$M,13,false) -> -0.8 | R86: =vlookup($A86,Biology!$A:$M,13,false) -> 1.6 | S86: =vlookup($A86,Physics!$A:$M,13,false) -> 0
A87: 105742581620835495719 | B87: =vlookup($A87,Users!$B$1:$H1000,3,false) -> Rishabh | C87: =vlookup($A87,Users!$B$1:$H1000,6,false) -> Interlake A | D87: =vlookup($C87,Teams!$B:$D,3,false) -> 5 | E87: =D87*24 -> 120 | F87: =countifs(PrelimRaw!$D$1:$D1000,$A87,PrelimRaw!$C$1:$C1000,4)+countifs(PrelimRaw!$D$1:$D1000,$A87,PrelimRaw!$C$1:$C1000,14) -> 14 | G87: =countifs(PrelimRaw!$D$1:$D1000,$A87,PrelimRaw!$C$1:$C1000,0) -> 5 | H87: =countifs(PrelimRaw!$D$1:$D1000,$A87,PrelimRaw!$C$1:$C1000,-4) -> 4 | I87: =F87+G87+H87 -> 23 | J87: =I87/E87 -> 0.19166667 | K87: =iferror(F87/I87,0) -> 0.60869565 | L87: =4*F87-4*H87 -> 40 | M87: =L87/D87 -> 8 | N87: =vlookup($A87,'X-Risk'!$A:$M,13,false) -> 4 | O87: =vlookup($A87,Math!$A:$M,13,false) -> -0.8 | P87: =vlookup($A87,Chemistry!$A:$M,13,false) -> 0 | Q87: =vlookup($A87,EarthSpace!$A:$M,13,false) -> 4.8 | R87: =vlookup($A87,Biology!$A:$M,13,false) -> 0 | S87: =vlookup($A87,Physics!$A:$M,13,false) -> 0
A88: 102433573298910923510 | B88: =vlookup($A88,Users!$B$1:$H1000,3,false) -> Albert | C88: =vlookup($A88,Users!$B$1:$H1000,6,false) -> Westminster | D88: =vlookup($C88,Teams!$B:$D,3,false) -> 5 | E88: =D88*24 -> 120 | F88: =countifs(PrelimRaw!$D$1:$D1000,$A88,PrelimRaw!$C$1:$C1000,4)+countifs(PrelimRaw!$D$1:$D1000,$A88,PrelimRaw!$C$1:$C1000,14) -> 12 | G88: =countifs(PrelimRaw!$D$1:$D1000,$A88,PrelimRaw!$C$1:$C1000,0) -> 7 | H88: =countifs(PrelimRaw!$D$1:$D1000,$A88,PrelimRaw!$C$1:$C1000,-4) -> 2 | I88: =F88+G88+H88 -> 21 | J88: =I88/E88 -> 0.175 | K88: =iferror(F88/I88,0) -> 0.57142857 | L88: =4*F88-4*H88 -> 40 | M88: =L88/D88 -> 8 | N88: =vlookup($A88,'X-Risk'!$A:$M,13,false) -> 0 | O88: =vlookup($A88,Math!$A:$M,13,false) -> 0.8 | P88: =vlookup($A88,Chemistry!$A:$M,13,false) -> 7.2 | Q88: =vlookup($A88,EarthSpace!$A:$M,13,false) -> 0 | R88: =vlookup($A88,Biology!$A:$M,13,false) -> 0 | S88: =vlookup($A88,Physics!$A:$M,13,false) -> 0
A89: 116174047268011279731 | B89: =vlookup($A89,Users!$B$1:$H1000,3,false) -> Evan | C89: =vlookup($A89,Users!$B$1:$H1000,6,false) -> Blair C | D89: =vlookup($C89,Teams!$B:$D,3,false) -> 5 | E89: =D89*24 -> 120 | F89: =countifs(PrelimRaw!$D$1:$D1000,$A89,PrelimRaw!$C$1:$C1000,4)+countifs(PrelimRaw!$D$1:$D1000,$A89,PrelimRaw!$C$1:$C1000,14) -> 10 | G89: =countifs(PrelimRaw!$D$1:$D1000,$A89,PrelimRaw!$C$1:$C1000,0) -> 22 | H89: =countifs(PrelimRaw!$D$1:$D1000,$A89,PrelimRaw!$C$1:$C1000,-4) -> 1 | I89: =F89+G89+H89 -> 33 | J89: =I89/E89 -> 0.275 | K89: =iferror(F89/I89,0) -> 0.3030303 | L89: =4*F89-4*H89 -> 36 | M89: =L89/D89 -> 7.2 | N89: =vlookup($A89,'X-Risk'!$A:$M,13,false) -> 0.8 | O89: =vlookup($A89,Math!$A:$M,13,false) -> 4 | P89: =vlookup($A89,Chemistry!$A:$M,13,false) -> 0 | Q89: =vlookup($A89,EarthSpace!$A:$M,13,false) -> 1.6 | R89: =vlookup($A89,Biology!$A:$M,13,false) -> 0.8 | S89: =vlookup($A89,Physics!$A:$M,13,false) -> 0
A90: 107873271882898565947 | B90: =vlookup($A90,Users!$B$1:$H1000,3,false) -> Sukrith | C90: =vlookup($A90,Users!$B$1:$H1000,6,false) -> Enloe B | D90: =vlookup($C90,Teams!$B:$D,3,false) -> 5 | E90: =D90*24 -> 120 | F90: =countifs(PrelimRaw!$D$1:$D1000,$A90,PrelimRaw!$C$1:$C1000,4)+countifs(PrelimRaw!$D$1:$D1000,$A90,PrelimRaw!$C$1:$C1000,14) -> 9 | G90: =countifs(PrelimRaw!$D$1:$D1000,$A90,PrelimRaw!$C$1:$C1000,0) -> 5 | H90: =countifs(PrelimRaw!$D$1:$D1000,$A90,PrelimRaw!$C$1:$C1000,-4) -> 0 | I90: =F90+G90+H90 -> 14 | J90: =I90/E90 -> 0.11666667 | K90: =iferror(F90/I90,0) -> 0.64285714 | L90: =4*F90-4*H90 -> 36 | M90: =L90/D90 -> 7.2 | N90: =vlookup($A90,'X-Risk'!$A:$M,13,false) -> 0 | O90: =vlookup($A90,Math!$A:$M,13,false) -> 5.6 | P90: =vlookup($A90,Chemistry!$A:$M,13,false) -> 0 | Q90: =vlookup($A90,EarthSpace!$A:$M,13,false) -> 1.6 | R90: =vlookup($A90,Biology!$A:$M,13,false) -> 0 | S90: =vlookup($A90,Physics!$A:$M,13,false) -> 0
A91: 102859328266430575517 | B91: =vlookup($A91,Users!$B$1:$H1000,3,false) -> Josh | C91: =vlookup($A91,Users!$B$1:$H1000,6,false) -> PRISMS | D91: =vlookup($C91,Teams!$B:$D,3,false) -> 5 | E91: =D91*24 -> 120 | F91: =countifs(PrelimRaw!$D$1:$D1000,$A91,PrelimRaw!$C$1:$C1000,4)+countifs(PrelimRaw!$D$1:$D1000,$A91,PrelimRaw!$C$1:$C1000,14) -> 13 | G91: =countifs(PrelimRaw!$D$1:$D1000,$A91,PrelimRaw!$C$1:$C1000,0) -> 16 | H91: =countifs(PrelimRaw!$D$1:$D1000,$A91,PrelimRaw!$C$1:$C1000,-4) -> 4 | I91: =F91+G91+H91 -> 33 | J91: =I91/E91 -> 0.275 | K91: =iferror(F91/I91,0) -> 0.39393939 | L91: =4*F91-4*H91 -> 36 | M91: =L91/D91 -> 7.2 | N91: =vlookup($A91,'X-Risk'!$A:$M,13,false) -> 3.2 | O91: =vlookup($A91,Math!$A:$M,13,false) -> 0.8 | P91: =vlookup($A91,Chemistry!$A:$M,13,false) -> 0 | Q91: =vlookup($A91,EarthSpace!$A:$M,13,false) -> 0 | R91: =vlookup($A91,Biology!$A:$M,13,false) -> 0.8 | S91: =vlookup($A91,Physics!$A:$M,13,false) -> 2.4
A92: 101173888685770212785 | B92: =vlookup($A92,Users!$B$1:$H1000,3,false) -> Darrien | C92: =vlookup($A92,Users!$B$1:$H1000,6,false) -> Interlake B | D92: =vlookup($C92,Teams!$B:$D,3,false) -> 5 | E92: =D92*24 -> 120 | F92: =countifs(PrelimRaw!$D$1:$D1000,$A92,PrelimRaw!$C$1:$C1000,4)+countifs(PrelimRaw!$D$1:$D1000,$A92,PrelimRaw!$C$1:$C1000,14) -> 11 | G92: =countifs(PrelimRaw!$D$1:$D1000,$A92,PrelimRaw!$C$1:$C1000,0) -> 9 | H92: =countifs(PrelimRaw!$D$1:$D1000,$A92,PrelimRaw!$C$1:$C1000,-4) -> 2 | I92: =F92+G92+H92 -> 22 | J92: =I92/E92 -> 0.18333333 | K92: =iferror(F92/I92,0) -> 0.5 | L92: =4*F92-4*H92 -> 36 | M92: =L92/D92 -> 7.2 | N92: =vlookup($A92,'X-Risk'!$A:$M,13,false) -> 4.8 | O92: =vlookup($A92,Math!$A:$M,13,false) -> -0.8 | P92: =vlookup($A92,Chemistry!$A:$M,13,false) -> 0 | Q92: =vlookup($A92,EarthSpace!$A:$M,13,false) -> 2.4 | R92: =vlookup($A92,Biology!$A:$M,13,false) -> 0.8 | S92: =vlookup($A92,Physics!$A:$M,13,false) -> 0
A93: 102174516359677110803 | B93: =vlookup($A93,Users!$B$1:$H1000,3,false) -> Rithvik | C93: =vlookup($A93,Users!$B$1:$H1000,6,false) -> AHS Broward | D93: =vlookup($C93,Teams!$B:$D,3,false) -> 5 | E93: =D93*24 -> 120 | F93: =countifs(PrelimRaw!$D$1:$D1000,$A93,PrelimRaw!$C$1:$C1000,4)+countifs(PrelimRaw!$D$1:$D1000,$A93,PrelimRaw!$C$1:$C1000,14) -> 9 | G93: =countifs(PrelimRaw!$D$1:$D1000,$A93,PrelimRaw!$C$1:$C1000,0) -> 6 | H93: =countifs(PrelimRaw!$D$1:$D1000,$A93,PrelimRaw!$C$1:$C1000,-4) -> 0 | I93: =F93+G93+H93 -> 15 | J93: =I93/E93 -> 0.125 | K93: =iferror(F93/I93,0) -> 0.6 | L93: =4*F93-4*H93 -> 36 | M93: =L93/D93 -> 7.2 | N93: =vlookup($A93,'X-Risk'!$A:$M,13,false) -> 0 | O93: =vlookup($A93,Math!$A:$M,13,false) -> 1.6 | P93: =vlookup($A93,Chemistry!$A:$M,13,false) -> 0 | Q93: =vlookup($A93,EarthSpace!$A:$M,13,false) -> 0 | R93: =vlookup($A93,Biology!$A:$M,13,false) -> 5.6 | S93: =vlookup($A93,Physics!$A:$M,13,false) -> 0
A94: 113349271189450703676 | B94: =vlookup($A94,Users!$B$1:$H1000,3,false) -> Eli | C94: =vlookup($A94,Users!$B$1:$H1000,6,false) -> NCSSM A | D94: =vlookup($C94,Teams!$B:$D,3,false) -> 5 | E94: =D94*24 -> 120 | F94: =countifs(PrelimRaw!$D$1:$D1000,$A94,PrelimRaw!$C$1:$C1000,4)+countifs(PrelimRaw!$D$1:$D1000,$A94,PrelimRaw!$C$1:$C1000,14) -> 9 | G94: =countifs(PrelimRaw!$D$1:$D1000,$A94,PrelimRaw!$C$1:$C1000,0) -> 6 | H94: =countifs(PrelimRaw!$D$1:$D1000,$A94,PrelimRaw!$C$1:$C1000,-4) -> 0 | I94: =F94+G94+H94 -> 15 | J94: =I94/E94 -> 0.125 | K94: =iferror(F94/I94,0) -> 0.6 | L94: =4*F94-4*H94 -> 36 | M94: =L94/D94 -> 7.2 | N94: =vlookup($A94,'X-Risk'!$A:$M,13,false) -> 0.8 | O94: =vlookup($A94,Math!$A:$M,13,false) -> 5.6 | P94: =vlookup($A94,Chemistry!$A:$M,13,false) -> 0 | Q94: =vlookup($A94,EarthSpace!$A:$M,13,false) -> 0 | R94: =vlookup($A94,Biology!$A:$M,13,false) -> 0 | S94: =vlookup($A94,Physics!$A:$M,13,false) -> 0.8
A95: 106863910939636164441 | B95: =vlookup($A95,Users!$B$1:$H1000,3,false) -> Vishal | C95: =vlookup($A95,Users!$B$1:$H1000,6,false) -> Seven Lakes | D95: =vlookup($C95,Teams!$B:$D,3,false) -> 5 | E95: =D95*24 -> 120 | F95: =countifs(PrelimRaw!$D$1:$D1000,$A95,PrelimRaw!$C$1:$C1000,4)+countifs(PrelimRaw!$D$1:$D1000,$A95,PrelimRaw!$C$1:$C1000,14) -> 12 | G95: =countifs(PrelimRaw!$D$1:$D1000,$A95,PrelimRaw!$C$1:$C1000,0) -> 8 | H95: =countifs(PrelimRaw!$D$1:$D1000,$A95,PrelimRaw!$C$1:$C1000,-4) -> 3 | I95: =F95+G95+H95 -> 23 | J95: =I95/E95 -> 0.19166667 | K95: =iferror(F95/I95,0) -> 0.52173913 | L95: =4*F95-4*H95 -> 36 | M95: =L95/D95 -> 7.2 | N95: =vlookup($A95,'X-Risk'!$A:$M,13,false) -> 0 | O95: =vlookup($A95,Math!$A:$M,13,false) -> 0.8 | P95: =vlookup($A95,Chemistry!$A:$M,13,false) -> 0 | Q95: =vlookup($A95,EarthSpace!$A:$M,13,false) -> 0 | R95: =vlookup($A95,Biology!$A:$M,13,false) -> 6.4 | S95: =vlookup($A95,Physics!$A:$M,13,false) -> 0
A96: 113952299244584832148 | B96: =vlookup($A96,Users!$B$1:$H1000,3,false) -> Annie | C96: =vlookup($A96,Users!$B$1:$H1000,6,false) -> RMHS | D96: =vlookup($C96,Teams!$B:$D,3,false) -> 5 | E96: =D96*24 -> 120 | F96: =countifs(PrelimRaw!$D$1:$D1000,$A96,PrelimRaw!$C$1:$C1000,4)+countifs(PrelimRaw!$D$1:$D1000,$A96,PrelimRaw!$C$1:$C1000,14) -> 9 | G96: =countifs(PrelimRaw!$D$1:$D1000,$A96,PrelimRaw!$C$1:$C1000,0) -> 5 | H96: =countifs(PrelimRaw!$D$1:$D1000,$A96,PrelimRaw!$C$1:$C1000,-4) -> 0 | I96: =F96+G96+H96 -> 14 | J96: =I96/E96 -> 0.11666667 | K96: =iferror(F96/I96,0) -> 0.64285714 | L96: =4*F96-4*H96 -> 36 | M96: =L96/D96 -> 7.2 | N96: =vlookup($A96,'X-Risk'!$A:$M,13,false) -> 0 | O96: =vlookup($A96,Math!$A:$M,13,false) -> 7.2 | P96: =vlookup($A96,Chemistry!$A:$M,13,false) -> 0 | Q96: =vlookup($A96,EarthSpace!$A:$M,13,false) -> 0 | R96: =vlookup($A96,Biology!$A:$M,13,false) -> 0 | S96: =vlookup($A96,Physics!$A:$M,13,false) -> 0
A97: 110168841047541949979 | B97: =vlookup($A97,Users!$B$1:$H1000,3,false) -> Ethan | C97: =vlookup($A97,Users!$B$1:$H1000,6,false) -> Davidson | D97: =vlookup($C97,Teams!$B:$D,3,false) -> 5 | E97: =D97*24 -> 120 | F97: =countifs(PrelimRaw!$D$1:$D1000,$A97,PrelimRaw!$C$1:$C1000,4)+countifs(PrelimRaw!$D$1:$D1000,$A97,PrelimRaw!$C$1:$C1000,14) -> 9 | G97: =countifs(PrelimRaw!$D$1:$D1000,$A97,PrelimRaw!$C$1:$C1000,0) -> 3 | H97: =countifs(PrelimRaw!$D$1:$D1000,$A97,PrelimRaw!$C$1:$C1000,-4) -> 1 | I97: =F97+G97+H97 -> 13 | J97: =I97/E97 -> 0.10833333 | K97: =iferror(F97/I97,0) -> 0.69230769 | L97: =4*F97-4*H97 -> 32 | M97: =L97/D97 -> 6.4 | N97: =vlookup($A97,'X-Risk'!$A:$M,13,false) -> 0 | O97: =vlookup($A97,Math!$A:$M,13,false) -> 3.2 | P97: =vlookup($A97,Chemistry!$A:$M,13,false) -> 0 | Q97: =vlookup($A97,EarthSpace!$A:$M,13,false) -> 0 | R97: =vlookup($A97,Biology!$A:$M,13,false) -> 0 | S97: =vlookup($A97,Physics!$A:$M,13,false) -> 3.2
A98: 110956956173698327729 | B98: =vlookup($A98,Users!$B$1:$H1000,3,false) -> Ahan | C98: =vlookup($A98,Users!$B$1:$H1000,6,false) -> Buchholz A | D98: =vlookup($C98,Teams!$B:$D,3,false) -> 5 | E98: =D98*24 -> 120 | F98: =countifs(PrelimRaw!$D$1:$D1000,$A98,PrelimRaw!$C$1:$C1000,4)+countifs(PrelimRaw!$D$1:$D1000,$A98,PrelimRaw!$C$1:$C1000,14) -> 11 | G98: =countifs(PrelimRaw!$D$1:$D1000,$A98,PrelimRaw!$C$1:$C1000,0) -> 5 | H98: =countifs(PrelimRaw!$D$1:$D1000,$A98,PrelimRaw!$C$1:$C1000,-4) -> 3 | I98: =F98+G98+H98 -> 19 | J98: =I98/E98 -> 0.15833333 | K98: =iferror(F98/I98,0) -> 0.57894737 | L98: =4*F98-4*H98 -> 32 | M98: =L98/D98 -> 6.4 | N98: =vlookup($A98,'X-Risk'!$A:$M,13,false) -> 0 | O98: =vlookup($A98,Math!$A:$M,13,false) -> 4 | P98: =vlookup($A98,Chemistry!$A:$M,13,false) -> 0.8 | Q98: =vlookup($A98,EarthSpace!$A:$M,13,false) -> 0 | R98: =vlookup($A98,Biology!$A:$M,13,false) -> 0 | S98: =vlookup($A98,Physics!$A:$M,13,false) -> 1.6
A99: 113718832731163653200 | B99: =vlookup($A99,Users!$B$1:$H1000,3,false) -> Sahas | C99: =vlookup($A99,Users!$B$1:$H1000,6,false) -> MSJ | D99: =vlookup($C99,Teams!$B:$D,3,false) -> 5 | E99: =D99*24 -> 120 | F99: =countifs(PrelimRaw!$D$1:$D1000,$A99,PrelimRaw!$C$1:$C1000,4)+countifs(PrelimRaw!$D$1:$D1000,$A99,PrelimRaw!$C$1:$C1000,14) -> 11 | G99: =countifs(PrelimRaw!$D$1:$D1000,$A99,PrelimRaw!$C$1:$C1000,0) -> 4 | H99: =countifs(PrelimRaw!$D$1:$D1000,$A99,PrelimRaw!$C$1:$C1000,-4) -> 3 | I99: =F99+G99+H99 -> 18 | J99: =I99/E99 -> 0.15 | K99: =iferror(F99/I99,0) -> 0.61111111 | L99: =4*F99-4*H99 -> 32 | M99: =L99/D99 -> 6.4 | N99: =vlookup($A99,'X-Risk'!$A:$M,13,false) -> 4 | O99: =vlookup($A99,Math!$A:$M,13,false) -> 0 | P99: =vlookup($A99,Chemistry!$A:$M,13,false) -> 1.6 | Q99: =vlookup($A99,EarthSpace!$A:$M,13,false) -> 0 | R99: =vlookup($A99,Biology!$A:$M,13,false) -> 0.8 | S99: =vlookup($A99,Physics!$A:$M,13,false) -> 0
A100: 107941462146309474360 | B100: =vlookup($A100,Users!$B$1:$H1000,3,false) -> Annie | C100: =vlookup($A100,Users!$B$1:$H1000,6,false) -> MSJ | D100: =vlookup($C100,Teams!$B:$D,3,false) -> 5 | E100: =D100*24 -> 120 | F100: =countifs(PrelimRaw!$D$1:$D1000,$A100,PrelimRaw!$C$1:$C1000,4)+countifs(PrelimRaw!$D$1:$D1000,$A100,PrelimRaw!$C$1:$C1000,14) -> 9 | G100: =countifs(PrelimRaw!$D$1:$D1000,$A100,PrelimRaw!$C$1:$C1000,0) -> 1 | H100: =countifs(PrelimRaw!$D$1:$D1000,$A100,PrelimRaw!$C$1:$C1000,-4) -> 1 | I100: =F100+G100+H100 -> 11 | J100: =I100/E100 -> 0.091666667 | K100: =iferror(F100/I100,0) -> 0.81818182 | L100: =4*F100-4*H100 -> 32 | M100: =L100/D100 -> 6.4 | N100: =vlookup($A100,'X-Risk'!$A:$M,13,false) -> 0.8 | O100: =vlookup($A100,Math!$A:$M,13,false) -> 0.8 | P100: =vlookup($A100,Chemistry!$A:$M,13,false) -> 4.8 | Q100: =vlookup($A100,EarthSpace!$A:$M,13,false) -> 0 | R100: =vlookup($A100,Biology!$A:$M,13,false) -> 0 | S100: =vlookup($A100,Physics!$A:$M,13,false) -> 0
...

Sheet Full
A1: ID | B1: Name | C1: Team | D1: GP | E1: TUH | F1: TU | G1: X | H1: Neg | I1: # Buzz | J1: % Buzz | K1: Acc | L1: Points | M1: PPG | N1: X PPG | O1: M PPG | P1: C PPG | Q1: E PPG | R1: B PPG | S1: P PPG
A2: 101949633011269793228 | B2: =vlookup($A2,Users!$B$1:$H1000,3,false) -> Joshua | C2: =vlookup($A2,Users!$B$1:$H1000,6,false) -> Brookfield | D2: =vlookup($C2,Teams!$B:$D,2,false) -> 7 | E2: =D2*24 -> 168 | F2: =countifs(Raw!$D$1:$D1000,$A2,Raw!$C$1:$C1000,4)+countifs(Raw!$D$1:$D1000,$A2,Raw!$C$1:$C1000,14) -> 61 | G2: =countifs(Raw!$D$1:$D1000,$A2,Raw!$C$1:$C1000,0) -> 25 | H2: =countifs(Raw!$D$1:$D1000,$A2,Raw!$C$1:$C1000,-4) -> 2 | I2: =F2+G2+H2 -> 88 | J2: =I2/E2 -> 0.52380952 | K2: =iferror(F2/I2,0) -> 0.69318182 | L2: =4*F2-4*H2 -> 236 | M2: =L2/D2 -> 33.714286 | N2: =vlookup($A2,'X-Risk Full'!$A:$M,13,false) -> 6.8571429 | O2: =vlookup($A2,'Math Full'!$A:$M,13,false) -> 5.1428571 | P2: =vlookup($A2,'Chemistry Full'!$A:$M,13,false) -> 2.8571429 | Q2: =vlookup($A2,'EarthSpace Full'!$A:$M,13,false) -> 6.2857143 | R2: =vlookup($A2,'Biology Full'!$A:$M,13,false) -> 4.5714286 | S2: =vlookup($A2,'Physics Full'!$A:$M,13,false) -> 8
A3: 100741934745181838949 | B3: =vlookup($A3,Users!$B$1:$H1000,3,false) -> Vishnu | C3: =vlookup($A3,Users!$B$1:$H1000,6,false) -> Lakeside | D3: =vlookup($C3,Teams!$B:$D,2,false) -> 5 | E3: =D3*24 -> 120 | F3: =countifs(Raw!$D$1:$D1000,$A3,Raw!$C$1:$C1000,4)+countifs(Raw!$D$1:$D1000,$A3,Raw!$C$1:$C1000,14) -> 43 | G3: =countifs(Raw!$D$1:$D1000,$A3,Raw!$C$1:$C1000,0) -> 11 | H3: =countifs(Raw!$D$1:$D1000,$A3,Raw!$C$1:$C1000,-4) -> 2 | I3: =F3+G3+H3 -> 56 | J3: =I3/E3 -> 0.46666667 | K3: =iferror(F3/I3,0) -> 0.76785714 | L3: =4*F3-4*H3 -> 164 | M3: =L3/D3 -> 32.8 | N3: =vlookup($A3,'X-Risk Full'!$A:$M,13,false) -> 4 | O3: =vlookup($A3,'Math Full'!$A:$M,13,false) -> 6.4 | P3: =vlookup($A3,'Chemistry Full'!$A:$M,13,false) -> 5.6 | Q3: =vlookup($A3,'EarthSpace Full'!$A:$M,13,false) -> 8.8 | R3: =vlookup($A3,'Biology Full'!$A:$M,13,false) -> 4 | S3: =vlookup($A3,'Physics Full'!$A:$M,13,false) -> 4
A4: 104421903707714227310 | B4: =vlookup($A4,Users!$B$1:$H1000,3,false) -> Anurag | C4: =vlookup($A4,Users!$B$1:$H1000,6,false) -> Centennial | D4: =vlookup($C4,Teams!$B:$D,2,false) -> 11 | E4: =D4*24 -> 264 | F4: =countifs(Raw!$D$1:$D1000,$A4,Raw!$C$1:$C1000,4)+countifs(Raw!$D$1:$D1000,$A4,Raw!$C$1:$C1000,14) -> 101 | G4: =countifs(Raw!$D$1:$D1000,$A4,Raw!$C$1:$C1000,0) -> 70 | H4: =countifs(Raw!$D$1:$D1000,$A4,Raw!$C$1:$C1000,-4) -> 11 | I4: =F4+G4+H4 -> 182 | J4: =I4/E4 -> 0.68939394 | K4: =iferror(F4/I4,0) -> 0.55494505 | L4: =4*F4-4*H4 -> 360 | M4: =L4/D4 -> 32.727273 | N4: =vlookup($A4,'X-Risk Full'!$A:$M,13,false) -> 5.8181818 | O4: =vlookup($A4,'Math Full'!$A:$M,13,false) -> 7.2727273 | P4: =vlookup($A4,'Chemistry Full'!$A:$M,13,false) -> 10.181818 | Q4: =vlookup($A4,'EarthSpace Full'!$A:$M,13,false) -> 2.5454545 | R4: =vlookup($A4,'Biology Full'!$A:$M,13,false) -> 2.1818182 | S4: =vlookup($A4,'Physics Full'!$A:$M,13,false) -> 4.7272727
A5: 106777291229721234908 | B5: =vlookup($A5,Users!$B$1:$H1000,3,false) -> Yufei | C5: =vlookup($A5,Users!$B$1:$H1000,6,false) -> University | D5: =vlookup($C5,Teams!$B:$D,2,false) -> 8 | E5: =D5*24 -> 192 | F5: =countifs(Raw!$D$1:$D1000,$A5,Raw!$C$1:$C1000,4)+countifs(Raw!$D$1:$D1000,$A5,Raw!$C$1:$C1000,14) -> 62 | G5: =countifs(Raw!$D$1:$D1000,$A5,Raw!$C$1:$C1000,0) -> 20 | H5: =countifs(Raw!$D$1:$D1000,$A5,Raw!$C$1:$C1000,-4) -> 8 | I5: =F5+G5+H5 -> 90 | J5: =I5/E5 -> 0.46875 | K5: =iferror(F5/I5,0) -> 0.68888889 | L5: =4*F5-4*H5 -> 216 | M5: =L5/D5 -> 27 | N5: =vlookup($A5,'X-Risk Full'!$A:$M,13,false) -> 5 | O5: =vlookup($A5,'Math Full'!$A:$M,13,false) -> 3.5 | P5: =vlookup($A5,'Chemistry Full'!$A:$M,13,false) -> 5 | Q5: =vlookup($A5,'EarthSpace Full'!$A:$M,13,false) -> 3.5 | R5: =vlookup($A5,'Biology Full'!$A:$M,13,false) -> 7 | S5: =vlookup($A5,'Physics Full'!$A:$M,13,false) -> 3
A6: 105378163543476641273 | B6: =vlookup($A6,Users!$B$1:$H1000,3,false) -> Elias | C6: =vlookup($A6,Users!$B$1:$H1000,6,false) -> ASFA | D6: =vlookup($C6,Teams!$B:$D,2,false) -> 5 | E6: =D6*24 -> 120 | F6: =countifs(Raw!$D$1:$D1000,$A6,Raw!$C$1:$C1000,4)+countifs(Raw!$D$1:$D1000,$A6,Raw!$C$1:$C1000,14) -> 34 | G6: =countifs(Raw!$D$1:$D1000,$A6,Raw!$C$1:$C1000,0) -> 24 | H6: =countifs(Raw!$D$1:$D1000,$A6,Raw!$C$1:$C1000,-4) -> 3 | I6: =F6+G6+H6 -> 61 | J6: =I6/E6 -> 0.50833333 | K6: =iferror(F6/I6,0) -> 0.55737705 | L6: =4*F6-4*H6 -> 124 | M6: =L6/D6 -> 24.8 | N6: =vlookup($A6,'X-Risk Full'!$A:$M,13,false) -> 3.2 | O6: =vlookup($A6,'Math Full'!$A:$M,13,false) -> 7.2 | P6: =vlookup($A6,'Chemistry Full'!$A:$M,13,false) -> 8 | Q6: =vlookup($A6,'EarthSpace Full'!$A:$M,13,false) -> 5.6 | R6: =vlookup($A6,'Biology Full'!$A:$M,13,false) -> 0 | S6: =vlookup($A6,'Physics Full'!$A:$M,13,false) -> 0.8
A7: 100552342580135245961 | B7: =vlookup($A7,Users!$B$1:$H1000,3,false) -> Connor | C7: =vlookup($A7,Users!$B$1:$H1000,6,false) -> NoHo B | D7: =vlookup($C7,Teams!$B:$D,2,false) -> 5 | E7: =D7*24 -> 120 | F7: =countifs(Raw!$D$1:$D1000,$A7,Raw!$C$1:$C1000,4)+countifs(Raw!$D$1:$D1000,$A7,Raw!$C$1:$C1000,14) -> 35 | G7: =countifs(Raw!$D$1:$D1000,$A7,Raw!$C$1:$C1000,0) -> 19 | H7: =countifs(Raw!$D$1:$D1000,$A7,Raw!$C$1:$C1000,-4) -> 4 | I7: =F7+G7+H7 -> 58 | J7: =I7/E7 -> 0.48333333 | K7: =iferror(F7/I7,0) -> 0.60344828 | L7: =4*F7-4*H7 -> 124 | M7: =L7/D7 -> 24.8 | N7: =vlookup($A7,'X-Risk Full'!$A:$M,13,false) -> 4 | O7: =vlookup($A7,'Math Full'!$A:$M,13,false) -> 3.2 | P7: =vlookup($A7,'Chemistry Full'!$A:$M,13,false) -> 8.8 | Q7: =vlookup($A7,'EarthSpace Full'!$A:$M,13,false) -> 2.4 | R7: =vlookup($A7,'Biology Full'!$A:$M,13,false) -> 1.6 | S7: =vlookup($A7,'Physics Full'!$A:$M,13,false) -> 4.8
A8: 103951081173066298964 | B8: =vlookup($A8,Users!$B$1:$H1000,3,false) -> Harry | C8: =vlookup($A8,Users!$B$1:$H1000,6,false) -> Middleton | D8: =vlookup($C8,Teams!$B:$D,2,false) -> 5 | E8: =D8*24 -> 120 | F8: =countifs(Raw!$D$1:$D1000,$A8,Raw!$C$1:$C1000,4)+countifs(Raw!$D$1:$D1000,$A8,Raw!$C$1:$C1000,14) -> 30 | G8: =countifs(Raw!$D$1:$D1000,$A8,Raw!$C$1:$C1000,0) -> 7 | H8: =countifs(Raw!$D$1:$D1000,$A8,Raw!$C$1:$C1000,-4) -> 0 | I8: =F8+G8+H8 -> 37 | J8: =I8/E8 -> 0.30833333 | K8: =iferror(F8/I8,0) -> 0.81081081 | L8: =4*F8-4*H8 -> 120 | M8: =L8/D8 -> 24 | N8: =vlookup($A8,'X-Risk Full'!$A:$M,13,false) -> 5.6 | O8: =vlookup($A8,'Math Full'!$A:$M,13,false) -> 4.8 | P8: =vlookup($A8,'Chemistry Full'!$A:$M,13,false) -> 8.8 | Q8: =vlookup($A8,'EarthSpace Full'!$A:$M,13,false) -> 3.2 | R8: =vlookup($A8,'Biology Full'!$A:$M,13,false) -> 0.8 | S8: =vlookup($A8,'Physics Full'!$A:$M,13,false) -> 0.8
A9: 105885321269112639389 | B9: =vlookup($A9,Users!$B$1:$H1000,3,false) -> Edward | C9: =vlookup($A9,Users!$B$1:$H1000,6,false) -> Shen | D9: =vlookup($C9,Teams!$B:$D,2,false) -> 5 | E9: =D9*24 -> 120 | F9: =countifs(Raw!$D$1:$D1000,$A9,Raw!$C$1:$C1000,4)+countifs(Raw!$D$1:$D1000,$A9,Raw!$C$1:$C1000,14) -> 30 | G9: =countifs(Raw!$D$1:$D1000,$A9,Raw!$C$1:$C1000,0) -> 12 | H9: =countifs(Raw!$D$1:$D1000,$A9,Raw!$C$1:$C1000,-4) -> 1 | I9: =F9+G9+H9 -> 43 | J9: =I9/E9 -> 0.35833333 | K9: =iferror(F9/I9,0) -> 0.69767442 | L9: =4*F9-4*H9 -> 116 | M9: =L9/D9 -> 23.2 | N9: =vlookup($A9,'X-Risk Full'!$A:$M,13,false) -> 2.4 | O9: =vlookup($A9,'Math Full'!$A:$M,13,false) -> 0.8 | P9: =vlookup($A9,'Chemistry Full'!$A:$M,13,false) -> 4 | Q9: =vlookup($A9,'EarthSpace Full'!$A:$M,13,false) -> 5.6 | R9: =vlookup($A9,'Biology Full'!$A:$M,13,false) -> 7.2 | S9: =vlookup($A9,'Physics Full'!$A:$M,13,false) -> 3.2
A10: 108223652435775478403 | B10: =vlookup($A10,Users!$B$1:$H1000,3,false) -> Caleb | C10: =vlookup($A10,Users!$B$1:$H1000,6,false) -> Blair A | D10: =vlookup($C10,Teams!$B:$D,2,false) -> 9 | E10: =D10*24 -> 216 | F10: =countifs(Raw!$D$1:$D1000,$A10,Raw!$C$1:$C1000,4)+countifs(Raw!$D$1:$D1000,$A10,Raw!$C$1:$C1000,14) -> 65 | G10: =countifs(Raw!$D$1:$D1000,$A10,Raw!$C$1:$C1000,0) -> 22 | H10: =countifs(Raw!$D$1:$D1000,$A10,Raw!$C$1:$C1000,-4) -> 13 | I10: =F10+G10+H10 -> 100 | J10: =I10/E10 -> 0.46296296 | K10: =iferror(F10/I10,0) -> 0.65 | L10: =4*F10-4*H10 -> 208 | M10: =L10/D10 -> 23.111111 | N10: =vlookup($A10,'X-Risk Full'!$A:$M,13,false) -> 5.3333333 | O10: =vlookup($A10,'Math Full'!$A:$M,13,false) -> 0.44444444 | P10: =vlookup($A10,'Chemistry Full'!$A:$M,13,false) -> 8 | Q10: =vlookup($A10,'EarthSpace Full'!$A:$M,13,false) -> 1.7777778 | R10: =vlookup($A10,'Biology Full'!$A:$M,13,false) -> 6.6666667 | S10: =vlookup($A10,'Physics Full'!$A:$M,13,false) -> 0.88888889
A11: 100452237492909123862 | B11: =vlookup($A11,Users!$B$1:$H1000,3,false) -> Kaiwen | C11: =vlookup($A11,Users!$B$1:$H1000,6,false) -> Enloe B | D11: =vlookup($C11,Teams!$B:$D,2,false) -> 7 | E11: =D11*24 -> 168 | F11: =countifs(Raw!$D$1:$D1000,$A11,Raw!$C$1:$C1000,4)+countifs(Raw!$D$1:$D1000,$A11,Raw!$C$1:$C1000,14) -> 43 | G11: =countifs(Raw!$D$1:$D1000,$A11,Raw!$C$1:$C1000,0) -> 14 | H11: =countifs(Raw!$D$1:$D1000,$A11,Raw!$C$1:$C1000,-4) -> 6 | I11: =F11+G11+H11 -> 63 | J11: =I11/E11 -> 0.375 | K11: =iferror(F11/I11,0) -> 0.68253968 | L11: =4*F11-4*H11 -> 148 | M11: =L11/D11 -> 21.142857 | N11: =vlookup($A11,'X-Risk Full'!$A:$M,13,false) -> 5.7142857 | O11: =vlookup($A11,'Math Full'!$A:$M,13,false) -> 1.1428571 | P11: =vlookup($A11,'Chemistry Full'!$A:$M,13,false) -> 5.7142857 | Q11: =vlookup($A11,'EarthSpace Full'!$A:$M,13,false) -> 2.2857143 | R11: =vlookup($A11,'Biology Full'!$A:$M,13,false) -> 0 | S11: =vlookup($A11,'Physics Full'!$A:$M,13,false) -> 6.2857143
A12: 106172791161887099127 | B12: =vlookup($A12,Users!$B$1:$H1000,3,false) -> Ryan | C12: =vlookup($A12,Users!$B$1:$H1000,6,false) -> Iolani | D12: =vlookup($C12,Teams!$B:$D,2,false) -> 5 | E12: =D12*24 -> 120 | F12: =countifs(Raw!$D$1:$D1000,$A12,Raw!$C$1:$C1000,4)+countifs(Raw!$D$1:$D1000,$A12,Raw!$C$1:$C1000,14) -> 26 | G12: =countifs(Raw!$D$1:$D1000,$A12,Raw!$C$1:$C1000,0) -> 19 | H12: =countifs(Raw!$D$1:$D1000,$A12,Raw!$C$1:$C1000,-4) -> 0 | I12: =F12+G12+H12 -> 45 | J12: =I12/E12 -> 0.375 | K12: =iferror(F12/I12,0) -> 0.57777778 | L12: =4*F12-4*H12 -> 104 | M12: =L12/D12 -> 20.8 | N12: =vlookup($A12,'X-Risk Full'!$A:$M,13,false) -> 3.2 | O12: =vlookup($A12,'Math Full'!$A:$M,13,false) -> 1.6 | P12: =vlookup($A12,'Chemistry Full'!$A:$M,13,false) -> 4.8 | Q12: =vlookup($A12,'EarthSpace Full'!$A:$M,13,false) -> 5.6 | R12: =vlookup($A12,'Biology Full'!$A:$M,13,false) -> 2.4 | S12: =vlookup($A12,'Physics Full'!$A:$M,13,false) -> 3.2
A13: 114720212150770111881 | B13: =vlookup($A13,Users!$B$1:$H1000,3,false) -> Viraj | C13: =vlookup($A13,Users!$B$1:$H1000,6,false) -> Dulles | D13: =vlookup($C13,Teams!$B:$D,2,false) -> 9 | E13: =D13*24 -> 216 | F13: =countifs(Raw!$D$1:$D1000,$A13,Raw!$C$1:$C1000,4)+countifs(Raw!$D$1:$D1000,$A13,Raw!$C$1:$C1000,14) -> 50 | G13: =countifs(Raw!$D$1:$D1000,$A13,Raw!$C$1:$C1000,0) -> 9 | H13: =countifs(Raw!$D$1:$D1000,$A13,Raw!$C$1:$C1000,-4) -> 5 | I13: =F13+G13+H13 -> 64 | J13: =I13/E13 -> 0.2962963 | K13: =iferror(F13/I13,0) -> 0.78125 | L13: =4*F13-4*H13 -> 180 | M13: =L13/D13 -> 20 | N13: =vlookup($A13,'X-Risk Full'!$A:$M,13,false) -> 2.2222222 | O13: =vlookup($A13,'Math Full'!$A:$M,13,false) -> 2.2222222 | P13: =vlookup($A13,'Chemistry Full'!$A:$M,13,false) -> 7.5555556 | Q13: =vlookup($A13,'EarthSpace Full'!$A:$M,13,false) -> 2.2222222 | R13: =vlookup($A13,'Biology Full'!$A:$M,13,false) -> 1.3333333 | S13: =vlookup($A13,'Physics Full'!$A:$M,13,false) -> 4.4444444
A14: 104714961629414741842 | B14: =vlookup($A14,Users!$B$1:$H1000,3,false) -> Evin | C14: =vlookup($A14,Users!$B$1:$H1000,6,false) -> Lexington A | D14: =vlookup($C14,Teams!$B:$D,2,false) -> 7 | E14: =D14*24 -> 168 | F14: =countifs(Raw!$D$1:$D1000,$A14,Raw!$C$1:$C1000,4)+countifs(Raw!$D$1:$D1000,$A14,Raw!$C$1:$C1000,14) -> 38 | G14: =countifs(Raw!$D$1:$D1000,$A14,Raw!$C$1:$C1000,0) -> 12 | H14: =countifs(Raw!$D$1:$D1000,$A14,Raw!$C$1:$C1000,-4) -> 3 | I14: =F14+G14+H14 -> 53 | J14: =I14/E14 -> 0.31547619 | K14: =iferror(F14/I14,0) -> 0.71698113 | L14: =4*F14-4*H14 -> 140 | M14: =L14/D14 -> 20 | N14: =vlookup($A14,'X-Risk Full'!$A:$M,13,false) -> 4.5714286 | O14: =vlookup($A14,'Math Full'!$A:$M,13,false) -> 6.2857143 | P14: =vlookup($A14,'Chemistry Full'!$A:$M,13,false) -> -0.57142857 | Q14: =vlookup($A14,'EarthSpace Full'!$A:$M,13,false) -> 1.1428571 | R14: =vlookup($A14,'Biology Full'!$A:$M,13,false) -> 1.1428571 | S14: =vlookup($A14,'Physics Full'!$A:$M,13,false) -> 7.4285714
A15: 100460385825974417248 | B15: =vlookup($A15,Users!$B$1:$H1000,3,false) -> Mason | C15: =vlookup($A15,Users!$B$1:$H1000,6,false) -> Westminster | D15: =vlookup($C15,Teams!$B:$D,2,false) -> 5 | E15: =D15*24 -> 120 | F15: =countifs(Raw!$D$1:$D1000,$A15,Raw!$C$1:$C1000,4)+countifs(Raw!$D$1:$D1000,$A15,Raw!$C$1:$C1000,14) -> 32 | G15: =countifs(Raw!$D$1:$D1000,$A15,Raw!$C$1:$C1000,0) -> 12 | H15: =countifs(Raw!$D$1:$D1000,$A15,Raw!$C$1:$C1000,-4) -> 7 | I15: =F15+G15+H15 -> 51 | J15: =I15/E15 -> 0.425 | K15: =iferror(F15/I15,0) -> 0.62745098 | L15: =4*F15-4*H15 -> 100 | M15: =L15/D15 -> 20 | N15: =vlookup($A15,'X-Risk Full'!$A:$M,13,false) -> 6.4 | O15: =vlookup($A15,'Math Full'!$A:$M,13,false) -> 0 | P15: =vlookup($A15,'Chemistry Full'!$A:$M,13,false) -> 1.6 | Q15: =vlookup($A15,'EarthSpace Full'!$A:$M,13,false) -> 3.2 | R15: =vlookup($A15,'Biology Full'!$A:$M,13,false) -> 5.6 | S15: =vlookup($A15,'Physics Full'!$A:$M,13,false) -> 3.2
A16: 115694056893101775002 | B16: =vlookup($A16,Users!$B$1:$H1000,3,false) -> Aaditya | C16: =vlookup($A16,Users!$B$1:$H1000,6,false) -> Cupertino | D16: =vlookup($C16,Teams!$B:$D,2,false) -> 5 | E16: =D16*24 -> 120 | F16: =countifs(Raw!$D$1:$D1000,$A16,Raw!$C$1:$C1000,4)+countifs(Raw!$D$1:$D1000,$A16,Raw!$C$1:$C1000,14) -> 26 | G16: =countifs(Raw!$D$1:$D1000,$A16,Raw!$C$1:$C1000,0) -> 7 | H16: =countifs(Raw!$D$1:$D1000,$A16,Raw!$C$1:$C1000,-4) -> 1 | I16: =F16+G16+H16 -> 34 | J16: =I16/E16 -> 0.28333333 | K16: =iferror(F16/I16,0) -> 0.76470588 | L16: =4*F16-4*H16 -> 100 | M16: =L16/D16 -> 20 | N16: =vlookup($A16,'X-Risk Full'!$A:$M,13,false) -> 4 | O16: =vlookup($A16,'Math Full'!$A:$M,13,false) -> 0 | P16: =vlookup($A16,'Chemistry Full'!$A:$M,13,false) -> 4.8 | Q16: =vlookup($A16,'EarthSpace Full'!$A:$M,13,false) -> 1.6 | R16: =vlookup($A16,'Biology Full'!$A:$M,13,false) -> 8.8 | S16: =vlookup($A16,'Physics Full'!$A:$M,13,false) -> 0.8
A17: 115589370929340579338 | B17: =vlookup($A17,Users!$B$1:$H1000,3,false) -> Aditya | C17: =vlookup($A17,Users!$B$1:$H1000,6,false) -> Mira Loma | D17: =vlookup($C17,Teams!$B:$D,2,false) -> 11 | E17: =D17*24 -> 264 | F17: =countifs(Raw!$D$1:$D1000,$A17,Raw!$C$1:$C1000,4)+countifs(Raw!$D$1:$D1000,$A17,Raw!$C$1:$C1000,14) -> 75 | G17: =countifs(Raw!$D$1:$D1000,$A17,Raw!$C$1:$C1000,0) -> 40 | H17: =countifs(Raw!$D$1:$D1000,$A17,Raw!$C$1:$C1000,-4) -> 20 | I17: =F17+G17+H17 -> 135 | J17: =I17/E17 -> 0.51136364 | K17: =iferror(F17/I17,0) -> 0.55555556 | L17: =4*F17-4*H17 -> 220 | M17: =L17/D17 -> 20 | N17: =vlookup($A17,'X-Risk Full'!$A:$M,13,false) -> 5.0909091 | O17: =vlookup($A17,'Math Full'!$A:$M,13,false) -> 1.4545455 | P17: =vlookup($A17,'Chemistry Full'!$A:$M,13,false) -> 2.9090909 | Q17: =vlookup($A17,'EarthSpace Full'!$A:$M,13,false) -> 1.4545455 | R17: =vlookup($A17,'Biology Full'!$A:$M,13,false) -> 8.3636364 | S17: =vlookup($A17,'Physics Full'!$A:$M,13,false) -> 0.72727273
A18: 107077468607348826234 | B18: =vlookup($A18,Users!$B$1:$H1000,3,false) -> Colin | C18: =vlookup($A18,Users!$B$1:$H1000,6,false) -> Enloe A | D18: =vlookup($C18,Teams!$B:$D,2,false) -> 5 | E18: =D18*24 -> 120 | F18: =countifs(Raw!$D$1:$D1000,$A18,Raw!$C$1:$C1000,4)+countifs(Raw!$D$1:$D1000,$A18,Raw!$C$1:$C1000,14) -> 27 | G18: =countifs(Raw!$D$1:$D1000,$A18,Raw!$C$1:$C1000,0) -> 6 | H18: =countifs(Raw!$D$1:$D1000,$A18,Raw!$C$1:$C1000,-4) -> 4 | I18: =F18+G18+H18 -> 37 | J18: =I18/E18 -> 0.30833333 | K18: =iferror(F18/I18,0) -> 0.72972973 | L18: =4*F18-4*H18 -> 92 | M18: =L18/D18 -> 18.4 | N18: =vlookup($A18,'X-Risk Full'!$A:$M,13,false) -> 2.4 | O18: =vlookup($A18,'Math Full'!$A:$M,13,false) -> 2.4 | P18: =vlookup($A18,'Chemistry Full'!$A:$M,13,false) -> 4 | Q18: =vlookup($A18,'EarthSpace Full'!$A:$M,13,false) -> 0.8 | R18: =vlookup($A18,'Biology Full'!$A:$M,13,false) -> 0 | S18: =vlookup($A18,'Physics Full'!$A:$M,13,false) -> 8.8
A19: 107520337771987267201 | B19: =vlookup($A19,Users!$B$1:$H1000,3,false) -> Andrey | C19: =vlookup($A19,Users!$B$1:$H1000,6,false) -> Buchholz A | D19: =vlookup($C19,Teams!$B:$D,2,false) -> 5 | E19: =D19*24 -> 120 | F19: =countifs(Raw!$D$1:$D1000,$A19,Raw!$C$1:$C1000,4)+countifs(Raw!$D$1:$D1000,$A19,Raw!$C$1:$C1000,14) -> 30 | G19: =countifs(Raw!$D$1:$D1000,$A19,Raw!$C$1:$C1000,0) -> 6 | H19: =countifs(Raw!$D$1:$D1000,$A19,Raw!$C$1:$C1000,-4) -> 8 | I19: =F19+G19+H19 -> 44 | J19: =I19/E19 -> 0.36666667 | K19: =iferror(F19/I19,0) -> 0.68181818 | L19: =4*F19-4*H19 -> 88 | M19: =L19/D19 -> 17.6 | N19: =vlookup($A19,'X-Risk Full'!$A:$M,13,false) -> 2.4 | O19: =vlookup($A19,'Math Full'!$A:$M,13,false) -> 1.6 | P19: =vlookup($A19,'Chemistry Full'!$A:$M,13,false) -> 0.8 | Q19: =vlookup($A19,'EarthSpace Full'!$A:$M,13,false) -> 4.8 | R19: =vlookup($A19,'Biology Full'!$A:$M,13,false) -> 7.2 | S19: =vlookup($A19,'Physics Full'!$A:$M,13,false) -> 0.8
A20: 110844812019204409144 | B20: =vlookup($A20,Users!$B$1:$H1000,3,false) -> Jake | C20: =vlookup($A20,Users!$B$1:$H1000,6,false) -> Cupertino | D20: =vlookup($C20,Teams!$B:$D,2,false) -> 5 | E20: =D20*24 -> 120 | F20: =countifs(Raw!$D$1:$D1000,$A20,Raw!$C$1:$C1000,4)+countifs(Raw!$D$1:$D1000,$A20,Raw!$C$1:$C1000,14) -> 24 | G20: =countifs(Raw!$D$1:$D1000,$A20,Raw!$C$1:$C1000,0) -> 9 | H20: =countifs(Raw!$D$1:$D1000,$A20,Raw!$C$1:$C1000,-4) -> 2 | I20: =F20+G20+H20 -> 35 | J20: =I20/E20 -> 0.29166667 | K20: =iferror(F20/I20,0) -> 0.68571429 | L20: =4*F20-4*H20 -> 88 | M20: =L20/D20 -> 17.6 | N20: =vlookup($A20,'X-Risk Full'!$A:$M,13,false) -> 2.4 | O20: =vlookup($A20,'Math Full'!$A:$M,13,false) -> 5.6 | P20: =vlookup($A20,'Chemistry Full'!$A:$M,13,false) -> 1.6 | Q20: =vlookup($A20,'EarthSpace Full'!$A:$M,13,false) -> 1.6 | R20: =vlookup($A20,'Biology Full'!$A:$M,13,false) -> 0 | S20: =vlookup($A20,'Physics Full'!$A:$M,13,false) -> 6.4
A21: 110072705132871488717 | B21: =vlookup($A21,Users!$B$1:$H1000,3,false) -> Mihir | C21: =vlookup($A21,Users!$B$1:$H1000,6,false) -> Niskayuna | D21: =vlookup($C21,Teams!$B:$D,2,false) -> 5 | E21: =D21*24 -> 120 | F21: =countifs(Raw!$D$1:$D1000,$A21,Raw!$C$1:$C1000,4)+countifs(Raw!$D$1:$D1000,$A21,Raw!$C$1:$C1000,14) -> 21 | G21: =countifs(Raw!$D$1:$D1000,$A21,Raw!$C$1:$C1000,0) -> 34 | H21: =countifs(Raw!$D$1:$D1000,$A21,Raw!$C$1:$C1000,-4) -> 0 | I21: =F21+G21+H21 -> 55 | J21: =I21/E21 -> 0.45833333 | K21: =iferror(F21/I21,0) -> 0.38181818 | L21: =4*F21-4*H21 -> 84 | M21: =L21/D21 -> 16.8 | N21: =vlookup($A21,'X-Risk Full'!$A:$M,13,false) -> 4.8 | O21: =vlookup($A21,'Math Full'!$A:$M,13,false) -> 3.2 | P21: =vlookup($A21,'Chemistry Full'!$A:$M,13,false) -> 1.6 | Q21: =vlookup($A21,'EarthSpace Full'!$A:$M,13,false) -> 0.8 | R21: =vlookup($A21,'Biology Full'!$A:$M,13,false) -> 5.6 | S21: =vlookup($A21,'Physics Full'!$A:$M,13,false) -> 0.8
A22: 104495540205548736558 | B22: =vlookup($A22,Users!$B$1:$H1000,3,false) -> Emmy | C22: =vlookup($A22,Users!$B$1:$H1000,6,false) -> Davidson | D22: =vlookup($C22,Teams!$B:$D,2,false) -> 6 | E22: =D22*24 -> 144 | F22: =countifs(Raw!$D$1:$D1000,$A22,Raw!$C$1:$C1000,4)+countifs(Raw!$D$1:$D1000,$A22,Raw!$C$1:$C1000,14) -> 28 | G22: =countifs(Raw!$D$1:$D1000,$A22,Raw!$C$1:$C1000,0) -> 10 | H22: =countifs(Raw!$D$1:$D1000,$A22,Raw!$C$1:$C1000,-4) -> 4 | I22: =F22+G22+H22 -> 42 | J22: =I22/E22 -> 0.29166667 | K22: =iferror(F22/I22,0) -> 0.66666667 | L22: =4*F22-4*H22 -> 96 | M22: =L22/D22 -> 16 | N22: =vlookup($A22,'X-Risk Full'!$A:$M,13,false) -> 3.3333333 | O22: =vlookup($A22,'Math Full'!$A:$M,13,false) -> 0 | P22: =vlookup($A22,'Chemistry Full'!$A:$M,13,false) -> 2.6666667 | Q22: =vlookup($A22,'EarthSpace Full'!$A:$M,13,false) -> 7.3333333 | R22: =vlookup($A22,'Biology Full'!$A:$M,13,false) -> 0.66666667 | S22: =vlookup($A22,'Physics Full'!$A:$M,13,false) -> 2
A23: 100662456472081319887 | B23: =vlookup($A23,Users!$B$1:$H1000,3,false) -> Daniel | C23: =vlookup($A23,Users!$B$1:$H1000,6,false) -> Lexington B | D23: =vlookup($C23,Teams!$B:$D,2,false) -> 6 | E23: =D23*24 -> 144 | F23: =countifs(Raw!$D$1:$D1000,$A23,Raw!$C$1:$C1000,4)+countifs(Raw!$D$1:$D1000,$A23,Raw!$C$1:$C1000,14) -> 28 | G23: =countifs(Raw!$D$1:$D1000,$A23,Raw!$C$1:$C1000,0) -> 14 | H23: =countifs(Raw!$D$1:$D1000,$A23,Raw!$C$1:$C1000,-4) -> 4 | I23: =F23+G23+H23 -> 46 | J23: =I23/E23 -> 0.31944444 | K23: =iferror(F23/I23,0) -> 0.60869565 | L23: =4*F23-4*H23 -> 96 | M23: =L23/D23 -> 16 | N23: =vlookup($A23,'X-Risk Full'!$A:$M,13,false) -> 3.3333333 | O23: =vlookup($A23,'Math Full'!$A:$M,13,false) -> 0 | P23: =vlookup($A23,'Chemistry Full'!$A:$M,13,false) -> 2.6666667 | Q23: =vlookup($A23,'EarthSpace Full'!$A:$M,13,false) -> 7.3333333 | R23: =vlookup($A23,'Biology Full'!$A:$M,13,false) -> 1.3333333 | S23: =vlookup($A23,'Physics Full'!$A:$M,13,false) -> 1.3333333
A24: 117343382433914933310 | B24: =vlookup($A24,Users!$B$1:$H1000,3,false) -> Aneesh | C24: =vlookup($A24,Users!$B$1:$H1000,6,false) -> Wayzata | D24: =vlookup($C24,Teams!$B:$D,2,false) -> 5 | E24: =D24*24 -> 120 | F24: =countifs(Raw!$D$1:$D1000,$A24,Raw!$C$1:$C1000,4)+countifs(Raw!$D$1:$D1000,$A24,Raw!$C$1:$C1000,14) -> 23 | G24: =countifs(Raw!$D$1:$D1000,$A24,Raw!$C$1:$C1000,0) -> 8 | H24: =countifs(Raw!$D$1:$D1000,$A24,Raw!$C$1:$C1000,-4) -> 3 | I24: =F24+G24+H24 -> 34 | J24: =I24/E24 -> 0.28333333 | K24: =iferror(F24/I24,0) -> 0.67647059 | L24: =4*F24-4*H24 -> 80 | M24: =L24/D24 -> 16 | N24: =vlookup($A24,'X-Risk Full'!$A:$M,13,false) -> 2.4 | O24: =vlookup($A24,'Math Full'!$A:$M,13,false) -> 0 | P24: =vlookup($A24,'Chemistry Full'!$A:$M,13,false) -> 2.4 | Q24: =vlookup($A24,'EarthSpace Full'!$A:$M,13,false) -> 0.8 | R24: =vlookup($A24,'Biology Full'!$A:$M,13,false) -> 10.4 | S24: =vlookup($A24,'Physics Full'!$A:$M,13,false) -> 0
A25: 117280045524168167150 | B25: =vlookup($A25,Users!$B$1:$H1000,3,false) -> Boheng | C25: =vlookup($A25,Users!$B$1:$H1000,6,false) -> NoHo | D25: =vlookup($C25,Teams!$B:$D,2,false) -> 10 | E25: =D25*24 -> 240 | F25: =countifs(Raw!$D$1:$D1000,$A25,Raw!$C$1:$C1000,4)+countifs(Raw!$D$1:$D1000,$A25,Raw!$C$1:$C1000,14) -> 42 | G25: =countifs(Raw!$D$1:$D1000,$A25,Raw!$C$1:$C1000,0) -> 25 | H25: =countifs(Raw!$D$1:$D1000,$A25,Raw!$C$1:$C1000,-4) -> 2 | I25: =F25+G25+H25 -> 69 | J25: =I25/E25 -> 0.2875 | K25: =iferror(F25/I25,0) -> 0.60869565 | L25: =4*F25-4*H25 -> 160 | M25: =L25/D25 -> 16 | N25: =vlookup($A25,'X-Risk Full'!$A:$M,13,false) -> 2.4 | O25: =vlookup($A25,'Math Full'!$A:$M,13,false) -> 5.6 | P25: =vlookup($A25,'Chemistry Full'!$A:$M,13,false) -> 1.6 | Q25: =vlookup($A25,'EarthSpace Full'!$A:$M,13,false) -> 0 | R25: =vlookup($A25,'Biology Full'!$A:$M,13,false) -> 0.4 | S25: =vlookup($A25,'Physics Full'!$A:$M,13,false) -> 5.6
A26: 118074352666382404421 | B26: =vlookup($A26,Users!$B$1:$H1000,3,false) -> Harsh | C26: =vlookup($A26,Users!$B$1:$H1000,6,false) -> Green Hope | D26: =vlookup($C26,Teams!$B:$D,2,false) -> 5 | E26: =D26*24 -> 120 | F26: =countifs(Raw!$D$1:$D1000,$A26,Raw!$C$1:$C1000,4)+countifs(Raw!$D$1:$D1000,$A26,Raw!$C$1:$C1000,14) -> 21 | G26: =countifs(Raw!$D$1:$D1000,$A26,Raw!$C$1:$C1000,0) -> 13 | H26: =countifs(Raw!$D$1:$D1000,$A26,Raw!$C$1:$C1000,-4) -> 1 | I26: =F26+G26+H26 -> 35 | J26: =I26/E26 -> 0.29166667 | K26: =iferror(F26/I26,0) -> 0.6 | L26: =4*F26-4*H26 -> 80 | M26: =L26/D26 -> 16 | N26: =vlookup($A26,'X-Risk Full'!$A:$M,13,false) -> 0 | O26: =vlookup($A26,'Math Full'!$A:$M,13,false) -> 0 | P26: =vlookup($A26,'Chemistry Full'!$A:$M,13,false) -> 3.2 | Q26: =vlookup($A26,'EarthSpace Full'!$A:$M,13,false) -> 6.4 | R26: =vlookup($A26,'Biology Full'!$A:$M,13,false) -> 0.8 | S26: =vlookup($A26,'Physics Full'!$A:$M,13,false) -> 5.6
A27: 101259634814577741936 | B27: =vlookup($A27,Users!$B$1:$H1000,3,false) -> Samuel | C27: =vlookup($A27,Users!$B$1:$H1000,6,false) -> MSJ | D27: =vlookup($C27,Teams!$B:$D,2,false) -> 8 | E27: =D27*24 -> 192 | F27: =countifs(Raw!$D$1:$D1000,$A27,Raw!$C$1:$C1000,4)+countifs(Raw!$D$1:$D1000,$A27,Raw!$C$1:$C1000,14) -> 38 | G27: =countifs(Raw!$D$1:$D1000,$A27,Raw!$C$1:$C1000,0) -> 15 | H27: =countifs(Raw!$D$1:$D1000,$A27,Raw!$C$1:$C1000,-4) -> 10 | I27: =F27+G27+H27 -> 63 | J27: =I27/E27 -> 0.328125 | K27: =iferror(F27/I27,0) -> 0.6031746 | L27: =4*F27-4*H27 -> 112 | M27: =L27/D27 -> 14 | N27: =vlookup($A27,'X-Risk Full'!$A:$M,13,false) -> 2 | O27: =vlookup($A27,'Math Full'!$A:$M,13,false) -> 5.5 | P27: =vlookup($A27,'Chemistry Full'!$A:$M,13,false) -> 0.5 | Q27: =vlookup($A27,'EarthSpace Full'!$A:$M,13,false) -> 1 | R27: =vlookup($A27,'Biology Full'!$A:$M,13,false) -> 0.5 | S27: =vlookup($A27,'Physics Full'!$A:$M,13,false) -> 5
A28: 106913584674750189410 | B28: =vlookup($A28,Users!$B$1:$H1000,3,false) -> Alex | C28: =vlookup($A28,Users!$B$1:$H1000,6,false) -> NoHo | D28: =vlookup($C28,Teams!$B:$D,2,false) -> 10 | E28: =D28*24 -> 240 | F28: =countifs(Raw!$D$1:$D1000,$A28,Raw!$C$1:$C1000,4)+countifs(Raw!$D$1:$D1000,$A28,Raw!$C$1:$C1000,14) -> 40 | G28: =countifs(Raw!$D$1:$D1000,$A28,Raw!$C$1:$C1000,0) -> 13 | H28: =countifs(Raw!$D$1:$D1000,$A28,Raw!$C$1:$C1000,-4) -> 5 | I28: =F28+G28+H28 -> 58 | J28: =I28/E28 -> 0.24166667 | K28: =iferror(F28/I28,0) -> 0.68965517 | L28: =4*F28-4*H28 -> 140 | M28: =L28/D28 -> 14 | N28: =vlookup($A28,'X-Risk Full'!$A:$M,13,false) -> 4.4 | O28: =vlookup($A28,'Math Full'!$A:$M,13,false) -> 0 | P28: =vlookup($A28,'Chemistry Full'!$A:$M,13,false) -> 1.2 | Q28: =vlookup($A28,'EarthSpace Full'!$A:$M,13,false) -> 8 | R28: =vlookup($A28,'Biology Full'!$A:$M,13,false) -> -0.8 | S28: =vlookup($A28,'Physics Full'!$A:$M,13,false) -> 1.2
A29: 115701416956189742203 | B29: =vlookup($A29,Users!$B$1:$H1000,3,false) -> Gugan | C29: =vlookup($A29,Users!$B$1:$H1000,6,false) -> Blair C | D29: =vlookup($C29,Teams!$B:$D,2,false) -> 5 | E29: =D29*24 -> 120 | F29: =countifs(Raw!$D$1:$D1000,$A29,Raw!$C$1:$C1000,4)+countifs(Raw!$D$1:$D1000,$A29,Raw!$C$1:$C1000,14) -> 18 | G29: =countifs(Raw!$D$1:$D1000,$A29,Raw!$C$1:$C1000,0) -> 10 | H29: =countifs(Raw!$D$1:$D1000,$A29,Raw!$C$1:$C1000,-4) -> 1 | I29: =F29+G29+H29 -> 29 | J29: =I29/E29 -> 0.24166667 | K29: =iferror(F29/I29,0) -> 0.62068966 | L29: =4*F29-4*H29 -> 68 | M29: =L29/D29 -> 13.6 | N29: =vlookup($A29,'X-Risk Full'!$A:$M,13,false) -> 3.2 | O29: =vlookup($A29,'Math Full'!$A:$M,13,false) -> 0.8 | P29: =vlookup($A29,'Chemistry Full'!$A:$M,13,false) -> 4 | Q29: =vlookup($A29,'EarthSpace Full'!$A:$M,13,false) -> 0.8 | R29: =vlookup($A29,'Biology Full'!$A:$M,13,false) -> 0 | S29: =vlookup($A29,'Physics Full'!$A:$M,13,false) -> 4.8
A30: 114036554181471873823 | B30: =vlookup($A30,Users!$B$1:$H1000,3,false) -> Aldric | C30: =vlookup($A30,Users!$B$1:$H1000,6,false) -> WWPN | D30: =vlookup($C30,Teams!$B:$D,2,false) -> 5 | E30: =D30*24 -> 120 | F30: =countifs(Raw!$D$1:$D1000,$A30,Raw!$C$1:$C1000,4)+countifs(Raw!$D$1:$D1000,$A30,Raw!$C$1:$C1000,14) -> 20 | G30: =countifs(Raw!$D$1:$D1000,$A30,Raw!$C$1:$C1000,0) -> 7 | H30: =countifs(Raw!$D$1:$D1000,$A30,Raw!$C$1:$C1000,-4) -> 3 | I30: =F30+G30+H30 -> 30 | J30: =I30/E30 -> 0.25 | K30: =iferror(F30/I30,0) -> 0.66666667 | L30: =4*F30-4*H30 -> 68 | M30: =L30/D30 -> 13.6 | N30: =vlookup($A30,'X-Risk Full'!$A:$M,13,false) -> 4.8 | O30: =vlookup($A30,'Math Full'!$A:$M,13,false) -> 0 | P30: =vlookup($A30,'Chemistry Full'!$A:$M,13,false) -> 0.8 | Q30: =vlookup($A30,'EarthSpace Full'!$A:$M,13,false) -> 4 | R30: =vlookup($A30,'Biology Full'!$A:$M,13,false) -> 0 | S30: =vlookup($A30,'Physics Full'!$A:$M,13,false) -> 4
A31: 100018707023206150456 | B31: =vlookup($A31,Users!$B$1:$H1000,3,false) -> Flora | C31: =vlookup($A31,Users!$B$1:$H1000,6,false) -> Canyon Crest | D31: =vlookup($C31,Teams!$B:$D,2,false) -> 5 | E31: =D31*24 -> 120 | F31: =countifs(Raw!$D$1:$D1000,$A31,Raw!$C$1:$C1000,4)+countifs(Raw!$D$1:$D1000,$A31,Raw!$C$1:$C1000,14) -> 19 | G31: =countifs(Raw!$D$1:$D1000,$A31,Raw!$C$1:$C1000,0) -> 12 | H31: =countifs(Raw!$D$1:$D1000,$A31,Raw!$C$1:$C1000,-4) -> 2 | I31: =F31+G31+H31 -> 33 | J31: =I31/E31 -> 0.275 | K31: =iferror(F31/I31,0) -> 0.57575758 | L31: =4*F31-4*H31 -> 68 | M31: =L31/D31 -> 13.6 | N31: =vlookup($A31,'X-Risk Full'!$A:$M,13,false) -> 2.4 | O31: =vlookup($A31,'Math Full'!$A:$M,13,false) -> 0 | P31: =vlookup($A31,'Chemistry Full'!$A:$M,13,false) -> 0.8 | Q31: =vlookup($A31,'EarthSpace Full'!$A:$M,13,false) -> 5.6 | R31: =vlookup($A31,'Biology Full'!$A:$M,13,false) -> 1.6 | S31: =vlookup($A31,'Physics Full'!$A:$M,13,false) -> 3.2
A32: 104616720600882690364 | B32: =vlookup($A32,Users!$B$1:$H1000,3,false) -> Kai | C32: =vlookup($A32,Users!$B$1:$H1000,6,false) -> Naperville North | D32: =vlookup($C32,Teams!$B:$D,2,false) -> 5 | E32: =D32*24 -> 120 | F32: =countifs(Raw!$D$1:$D1000,$A32,Raw!$C$1:$C1000,4)+countifs(Raw!$D$1:$D1000,$A32,Raw!$C$1:$C1000,14) -> 17 | G32: =countifs(Raw!$D$1:$D1000,$A32,Raw!$C$1:$C1000,0) -> 11 | H32: =countifs(Raw!$D$1:$D1000,$A32,Raw!$C$1:$C1000,-4) -> 0 | I32: =F32+G32+H32 -> 28 | J32: =I32/E32 -> 0.23333333 | K32: =iferror(F32/I32,0) -> 0.60714286 | L32: =4*F32-4*H32 -> 68 | M32: =L32/D32 -> 13.6 | N32: =vlookup($A32,'X-Risk Full'!$A:$M,13,false) -> 1.6 | O32: =vlookup($A32,'Math Full'!$A:$M,13,false) -> 3.2 | P32: =vlookup($A32,'Chemistry Full'!$A:$M,13,false) -> 1.6 | Q32: =vlookup($A32,'EarthSpace Full'!$A:$M,13,false) -> 1.6 | R32: =vlookup($A32,'Biology Full'!$A:$M,13,false) -> 0 | S32: =vlookup($A32,'Physics Full'!$A:$M,13,false) -> 5.6
A33: 108152382525909487295 | B33: =vlookup($A33,Users!$B$1:$H1000,3,false) -> Joseph | C33: =vlookup($A33,Users!$B$1:$H1000,6,false) -> RMHS | D33: =vlookup($C33,Teams!$B:$D,2,false) -> 5 | E33: =D33*24 -> 120 | F33: =countifs(Raw!$D$1:$D1000,$A33,Raw!$C$1:$C1000,4)+countifs(Raw!$D$1:$D1000,$A33,Raw!$C$1:$C1000,14) -> 25 | G33: =countifs(Raw!$D$1:$D1000,$A33,Raw!$C$1:$C1000,0) -> 16 | H33: =countifs(Raw!$D$1:$D1000,$A33,Raw!$C$1:$C1000,-4) -> 8 | I33: =F33+G33+H33 -> 49 | J33: =I33/E33 -> 0.40833333 | K33: =iferror(F33/I33,0) -> 0.51020408 | L33: =4*F33-4*H33 -> 68 | M33: =L33/D33 -> 13.6 | N33: =vlookup($A33,'X-Risk Full'!$A:$M,13,false) -> 1.6 | O33: =vlookup($A33,'Math Full'!$A:$M,13,false) -> 0 | P33: =vlookup($A33,'Chemistry Full'!$A:$M,13,false) -> 1.6 | Q33: =vlookup($A33,'EarthSpace Full'!$A:$M,13,false) -> 3.2 | R33: =vlookup($A33,'Biology Full'!$A:$M,13,false) -> 4 | S33: =vlookup($A33,'Physics Full'!$A:$M,13,false) -> 3.2
A34: 106220113041500550653 | B34: =vlookup($A34,Users!$B$1:$H1000,3,false) -> Rohan | C34: =vlookup($A34,Users!$B$1:$H1000,6,false) -> Ladue | D34: =vlookup($C34,Teams!$B:$D,2,false) -> 5 | E34: =D34*24 -> 120 | F34: =countifs(Raw!$D$1:$D1000,$A34,Raw!$C$1:$C1000,4)+countifs(Raw!$D$1:$D1000,$A34,Raw!$C$1:$C1000,14) -> 16 | G34: =countifs(Raw!$D$1:$D1000,$A34,Raw!$C$1:$C1000,0) -> 8 | H34: =countifs(Raw!$D$1:$D1000,$A34,Raw!$C$1:$C1000,-4) -> 0 | I34: =F34+G34+H34 -> 24 | J34: =I34/E34 -> 0.2 | K34: =iferror(F34/I34,0) -> 0.66666667 | L34: =4*F34-4*H34 -> 64 | M34: =L34/D34 -> 12.8 | N34: =vlookup($A34,'X-Risk Full'!$A:$M,13,false) -> 0.8 | O34: =vlookup($A34,'Math Full'!$A:$M,13,false) -> 0 | P34: =vlookup($A34,'Chemistry Full'!$A:$M,13,false) -> 7.2 | Q34: =vlookup($A34,'EarthSpace Full'!$A:$M,13,false) -> 0.8 | R34: =vlookup($A34,'Biology Full'!$A:$M,13,false) -> 2.4 | S34: =vlookup($A34,'Physics Full'!$A:$M,13,false) -> 1.6
A35: 109155816154210333669 | B35: =vlookup($A35,Users!$B$1:$H1000,3,false) -> Phoenix | C35: =vlookup($A35,Users!$B$1:$H1000,6,false) -> Seven Lakes | D35: =vlookup($C35,Teams!$B:$D,2,false) -> 5 | E35: =D35*24 -> 120 | F35: =countifs(Raw!$D$1:$D1000,$A35,Raw!$C$1:$C1000,4)+countifs(Raw!$D$1:$D1000,$A35,Raw!$C$1:$C1000,14) -> 23 | G35: =countifs(Raw!$D$1:$D1000,$A35,Raw!$C$1:$C1000,0) -> 6 | H35: =countifs(Raw!$D$1:$D1000,$A35,Raw!$C$1:$C1000,-4) -> 7 | I35: =F35+G35+H35 -> 36 | J35: =I35/E35 -> 0.3 | K35: =iferror(F35/I35,0) -> 0.63888889 | L35: =4*F35-4*H35 -> 64 | M35: =L35/D35 -> 12.8 | N35: =vlookup($A35,'X-Risk Full'!$A:$M,13,false) -> 4 | O35: =vlookup($A35,'Math Full'!$A:$M,13,false) -> 0.8 | P35: =vlookup($A35,'Chemistry Full'!$A:$M,13,false) -> 6.4 | Q35: =vlookup($A35,'EarthSpace Full'!$A:$M,13,false) -> 0.8 | R35: =vlookup($A35,'Biology Full'!$A:$M,13,false) -> -0.8 | S35: =vlookup($A35,'Physics Full'!$A:$M,13,false) -> 1.6
A36: 118390381458063805008 | B36: =vlookup($A36,Users!$B$1:$H1000,3,false) -> Ray | C36: =vlookup($A36,Users!$B$1:$H1000,6,false) -> Middleton | D36: =vlookup($C36,Teams!$B:$D,2,false) -> 5 | E36: =D36*24 -> 120 | F36: =countifs(Raw!$D$1:$D1000,$A36,Raw!$C$1:$C1000,4)+countifs(Raw!$D$1:$D1000,$A36,Raw!$C$1:$C1000,14) -> 18 | G36: =countifs(Raw!$D$1:$D1000,$A36,Raw!$C$1:$C1000,0) -> 5 | H36: =countifs(Raw!$D$1:$D1000,$A36,Raw!$C$1:$C1000,-4) -> 3 | I36: =F36+G36+H36 -> 26 | J36: =I36/E36 -> 0.21666667 | K36: =iferror(F36/I36,0) -> 0.69230769 | L36: =4*F36-4*H36 -> 60 | M36: =L36/D36 -> 12 | N36: =vlookup($A36,'X-Risk Full'!$A:$M,13,false) -> 2.4 | O36: =vlookup($A36,'Math Full'!$A:$M,13,false) -> 1.6 | P36: =vlookup($A36,'Chemistry Full'!$A:$M,13,false) -> 0 | Q36: =vlookup($A36,'EarthSpace Full'!$A:$M,13,false) -> 4.8 | R36: =vlookup($A36,'Biology Full'!$A:$M,13,false) -> 0.8 | S36: =vlookup($A36,'Physics Full'!$A:$M,13,false) -> 2.4
A37: 116748200742147664071 | B37: =vlookup($A37,Users!$B$1:$H1000,3,false) -> Tristan | C37: =vlookup($A37,Users!$B$1:$H1000,6,false) -> Interlake B | D37: =vlookup($C37,Teams!$B:$D,2,false) -> 6 | E37: =D37*24 -> 144 | F37: =countifs(Raw!$D$1:$D1000,$A37,Raw!$C$1:$C1000,4)+countifs(Raw!$D$1:$D1000,$A37,Raw!$C$1:$C1000,14) -> 18 | G37: =countifs(Raw!$D$1:$D1000,$A37,Raw!$C$1:$C1000,0) -> 14 | H37: =countifs(Raw!$D$1:$D1000,$A37,Raw!$C$1:$C1000,-4) -> 0 | I37: =F37+G37+H37 -> 32 | J37: =I37/E37 -> 0.22222222 | K37: =iferror(F37/I37,0) -> 0.5625 | L37: =4*F37-4*H37 -> 72 | M37: =L37/D37 -> 12 | N37: =vlookup($A37,'X-Risk Full'!$A:$M,13,false) -> 1.3333333 | O37: =vlookup($A37,'Math Full'!$A:$M,13,false) -> 8 | P37: =vlookup($A37,'Chemistry Full'!$A:$M,13,false) -> 0.66666667 | Q37: =vlookup($A37,'EarthSpace Full'!$A:$M,13,false) -> 0 | R37: =vlookup($A37,'Biology Full'!$A:$M,13,false) -> 0 | S37: =vlookup($A37,'Physics Full'!$A:$M,13,false) -> 2
A38: 113294899636057844310 | B38: =vlookup($A38,Users!$B$1:$H1000,3,false) -> Eric | C38: =vlookup($A38,Users!$B$1:$H1000,6,false) -> Wayzata | D38: =vlookup($C38,Teams!$B:$D,2,false) -> 5 | E38: =D38*24 -> 120 | F38: =countifs(Raw!$D$1:$D1000,$A38,Raw!$C$1:$C1000,4)+countifs(Raw!$D$1:$D1000,$A38,Raw!$C$1:$C1000,14) -> 17 | G38: =countifs(Raw!$D$1:$D1000,$A38,Raw!$C$1:$C1000,0) -> 19 | H38: =countifs(Raw!$D$1:$D1000,$A38,Raw!$C$1:$C1000,-4) -> 2 | I38: =F38+G38+H38 -> 38 | J38: =I38/E38 -> 0.31666667 | K38: =iferror(F38/I38,0) -> 0.44736842 | L38: =4*F38-4*H38 -> 60 | M38: =L38/D38 -> 12 | N38: =vlookup($A38,'X-Risk Full'!$A:$M,13,false) -> 0.8 | O38: =vlookup($A38,'Math Full'!$A:$M,13,false) -> 6.4 | P38: =vlookup($A38,'Chemistry Full'!$A:$M,13,false) -> 0.8 | Q38: =vlookup($A38,'EarthSpace Full'!$A:$M,13,false) -> 1.6 | R38: =vlookup($A38,'Biology Full'!$A:$M,13,false) -> 0 | S38: =vlookup($A38,'Physics Full'!$A:$M,13,false) -> 2.4
A39: 114856671133570071487 | B39: =vlookup($A39,Users!$B$1:$H1000,3,false) -> Richard | C39: =vlookup($A39,Users!$B$1:$H1000,6,false) -> NoHo | D39: =vlookup($C39,Teams!$B:$D,2,false) -> 10 | E39: =D39*24 -> 240 | F39: =countifs(Raw!$D$1:$D1000,$A39,Raw!$C$1:$C1000,4)+countifs(Raw!$D$1:$D1000,$A39,Raw!$C$1:$C1000,14) -> 31 | G39: =countifs(Raw!$D$1:$D1000,$A39,Raw!$C$1:$C1000,0) -> 8 | H39: =countifs(Raw!$D$1:$D1000,$A39,Raw!$C$1:$C1000,-4) -> 1 | I39: =F39+G39+H39 -> 40 | J39: =I39/E39 -> 0.16666667 | K39: =iferror(F39/I39,0) -> 0.775 | L39: =4*F39-4*H39 -> 120 | M39: =L39/D39 -> 12 | N39: =vlookup($A39,'X-Risk Full'!$A:$M,13,false) -> 2 | O39: =vlookup($A39,'Math Full'!$A:$M,13,false) -> 0 | P39: =vlookup($A39,'Chemistry Full'!$A:$M,13,false) -> 0.4 | Q39: =vlookup($A39,'EarthSpace Full'!$A:$M,13,false) -> 0 | R39: =vlookup($A39,'Biology Full'!$A:$M,13,false) -> 8.4 | S39: =vlookup($A39,'Physics Full'!$A:$M,13,false) -> 1.2
A40: 107042395165060849928 | B40: =vlookup($A40,Users!$B$1:$H1000,3,false) -> Thaddeus | C40: =vlookup($A40,Users!$B$1:$H1000,6,false) -> Venice | D40: =vlookup($C40,Teams!$B:$D,2,false) -> 5 | E40: =D40*24 -> 120 | F40: =countifs(Raw!$D$1:$D1000,$A40,Raw!$C$1:$C1000,4)+countifs(Raw!$D$1:$D1000,$A40,Raw!$C$1:$C1000,14) -> 16 | G40: =countifs(Raw!$D$1:$D1000,$A40,Raw!$C$1:$C1000,0) -> 6 | H40: =countifs(Raw!$D$1:$D1000,$A40,Raw!$C$1:$C1000,-4) -> 1 | I40: =F40+G40+H40 -> 23 | J40: =I40/E40 -> 0.19166667 | K40: =iferror(F40/I40,0) -> 0.69565217 | L40: =4*F40-4*H40 -> 60 | M40: =L40/D40 -> 12 | N40: =vlookup($A40,'X-Risk Full'!$A:$M,13,false) -> 4.8 | O40: =vlookup($A40,'Math Full'!$A:$M,13,false) -> 0 | P40: =vlookup($A40,'Chemistry Full'!$A:$M,13,false) -> 0 | Q40: =vlookup($A40,'EarthSpace Full'!$A:$M,13,false) -> 6.4 | R40: =vlookup($A40,'Biology Full'!$A:$M,13,false) -> 0 | S40: =vlookup($A40,'Physics Full'!$A:$M,13,false) -> 0.8
A41: 104040670752305026947 | B41: =vlookup($A41,Users!$B$1:$H1000,3,false) -> Tanmay | C41: =vlookup($A41,Users!$B$1:$H1000,6,false) -> Lexington B | D41: =vlookup($C41,Teams!$B:$D,2,false) -> 6 | E41: =D41*24 -> 144 | F41: =countifs(Raw!$D$1:$D1000,$A41,Raw!$C$1:$C1000,4)+countifs(Raw!$D$1:$D1000,$A41,Raw!$C$1:$C1000,14) -> 17 | G41: =countifs(Raw!$D$1:$D1000,$A41,Raw!$C$1:$C1000,0) -> 8 | H41: =countifs(Raw!$D$1:$D1000,$A41,Raw!$C$1:$C1000,-4) -> 0 | I41: =F41+G41+H41 -> 25 | J41: =I41/E41 -> 0.17361111 | K41: =iferror(F41/I41,0) -> 0.68 | L41: =4*F41-4*H41 -> 68 | M41: =L41/D41 -> 11.333333 | N41: =vlookup($A41,'X-Risk Full'!$A:$M,13,false) -> 1.3333333 | O41: =vlookup($A41,'Math Full'!$A:$M,13,false) -> 1.3333333 | P41: =vlookup($A41,'Chemistry Full'!$A:$M,13,false) -> 2 | Q41: =vlookup($A41,'EarthSpace Full'!$A:$M,13,false) -> 0.66666667 | R41: =vlookup($A41,'Biology Full'!$A:$M,13,false) -> 0 | S41: =vlookup($A41,'Physics Full'!$A:$M,13,false) -> 6
A42: 113391701272142422718 | B42: =vlookup($A42,Users!$B$1:$H1000,3,false) -> Allison | C42: =vlookup($A42,Users!$B$1:$H1000,6,false) -> Iolani | D42: =vlookup($C42,Teams!$B:$D,2,false) -> 5 | E42: =D42*24 -> 120 | F42: =countifs(Raw!$D$1:$D1000,$A42,Raw!$C$1:$C1000,4)+countifs(Raw!$D$1:$D1000,$A42,Raw!$C$1:$C1000,14) -> 14 | G42: =countifs(Raw!$D$1:$D1000,$A42,Raw!$C$1:$C1000,0) -> 7 | H42: =countifs(Raw!$D$1:$D1000,$A42,Raw!$C$1:$C1000,-4) -> 0 | I42: =F42+G42+H42 -> 21 | J42: =I42/E42 -> 0.175 | K42: =iferror(F42/I42,0) -> 0.66666667 | L42: =4*F42-4*H42 -> 56 | M42: =L42/D42 -> 11.2 | N42: =vlookup($A42,'X-Risk Full'!$A:$M,13,false) -> 0.8 | O42: =vlookup($A42,'Math Full'!$A:$M,13,false) -> 1.6 | P42: =vlookup($A42,'Chemistry Full'!$A:$M,13,false) -> 1.6 | Q42: =vlookup($A42,'EarthSpace Full'!$A:$M,13,false) -> 4 | R42: =vlookup($A42,'Biology Full'!$A:$M,13,false) -> 0 | S42: =vlookup($A42,'Physics Full'!$A:$M,13,false) -> 3.2
A43: 107799769413037396453 | B43: =vlookup($A43,Users!$B$1:$H1000,3,false) -> Krutharth | C43: =vlookup($A43,Users!$B$1:$H1000,6,false) -> WWPN | D43: =vlookup($C43,Teams!$B:$D,2,false) -> 5 | E43: =D43*24 -> 120 | F43: =countifs(Raw!$D$1:$D1000,$A43,Raw!$C$1:$C1000,4)+countifs(Raw!$D$1:$D1000,$A43,Raw!$C$1:$C1000,14) -> 15 | G43: =countifs(Raw!$D$1:$D1000,$A43,Raw!$C$1:$C1000,0) -> 5 | H43: =countifs(Raw!$D$1:$D1000,$A43,Raw!$C$1:$C1000,-4) -> 1 | I43: =F43+G43+H43 -> 21 | J43: =I43/E43 -> 0.175 | K43: =iferror(F43/I43,0) -> 0.71428571 | L43: =4*F43-4*H43 -> 56 | M43: =L43/D43 -> 11.2 | N43: =vlookup($A43,'X-Risk Full'!$A:$M,13,false) -> 0.8 | O43: =vlookup($A43,'Math Full'!$A:$M,13,false) -> 0 | P43: =vlookup($A43,'Chemistry Full'!$A:$M,13,false) -> 0 | Q43: =vlookup($A43,'EarthSpace Full'!$A:$M,13,false) -> 0 | R43: =vlookup($A43,'Biology Full'!$A:$M,13,false) -> 10.4 | S43: =vlookup($A43,'Physics Full'!$A:$M,13,false) -> 0
A44: 117134652620208275166 | B44: =vlookup($A44,Users!$B$1:$H1000,3,false) -> Owen | C44: =vlookup($A44,Users!$B$1:$H1000,6,false) -> Middleton | D44: =vlookup($C44,Teams!$B:$D,2,false) -> 5 | E44: =D44*24 -> 120 | F44: =countifs(Raw!$D$1:$D1000,$A44,Raw!$C$1:$C1000,4)+countifs(Raw!$D$1:$D1000,$A44,Raw!$C$1:$C1000,14) -> 15 | G44: =countifs(Raw!$D$1:$D1000,$A44,Raw!$C$1:$C1000,0) -> 2 | H44: =countifs(Raw!$D$1:$D1000,$A44,Raw!$C$1:$C1000,-4) -> 1 | I44: =F44+G44+H44 -> 18 | J44: =I44/E44 -> 0.15 | K44: =iferror(F44/I44,0) -> 0.83333333 | L44: =4*F44-4*H44 -> 56 | M44: =L44/D44 -> 11.2 | N44: =vlookup($A44,'X-Risk Full'!$A:$M,13,false) -> 2.4 | O44: =vlookup($A44,'Math Full'!$A:$M,13,false) -> 0 | P44: =vlookup($A44,'Chemistry Full'!$A:$M,13,false) -> 0.8 | Q44: =vlookup($A44,'EarthSpace Full'!$A:$M,13,false) -> 0.8 | R44: =vlookup($A44,'Biology Full'!$A:$M,13,false) -> 7.2 | S44: =vlookup($A44,'Physics Full'!$A:$M,13,false) -> 0
A45: 117345748745962515810 | B45: =vlookup($A45,Users!$B$1:$H1000,3,false) -> Aditya | C45: =vlookup($A45,Users!$B$1:$H1000,6,false) -> Pullman | D45: =vlookup($C45,Teams!$B:$D,2,false) -> 5 | E45: =D45*24 -> 120 | F45: =countifs(Raw!$D$1:$D1000,$A45,Raw!$C$1:$C1000,4)+countifs(Raw!$D$1:$D1000,$A45,Raw!$C$1:$C1000,14) -> 15 | G45: =countifs(Raw!$D$1:$D1000,$A45,Raw!$C$1:$C1000,0) -> 6 | H45: =countifs(Raw!$D$1:$D1000,$A45,Raw!$C$1:$C1000,-4) -> 1 | I45: =F45+G45+H45 -> 22 | J45: =I45/E45 -> 0.18333333 | K45: =iferror(F45/I45,0) -> 0.68181818 | L45: =4*F45-4*H45 -> 56 | M45: =L45/D45 -> 11.2 | N45: =vlookup($A45,'X-Risk Full'!$A:$M,13,false) -> 0.8 | O45: =vlookup($A45,'Math Full'!$A:$M,13,false) -> 5.6 | P45: =vlookup($A45,'Chemistry Full'!$A:$M,13,false) -> 2.4 | Q45: =vlookup($A45,'EarthSpace Full'!$A:$M,13,false) -> 0 | R45: =vlookup($A45,'Biology Full'!$A:$M,13,false) -> 0 | S45: =vlookup($A45,'Physics Full'!$A:$M,13,false) -> 2.4
A46: 104408870717380419808 | B46: =vlookup($A46,Users!$B$1:$H1000,3,false) -> David | C46: =vlookup($A46,Users!$B$1:$H1000,6,false) -> Lynbrook | D46: =vlookup($C46,Teams!$B:$D,2,false) -> 5 | E46: =D46*24 -> 120 | F46: =countifs(Raw!$D$1:$D1000,$A46,Raw!$C$1:$C1000,4)+countifs(Raw!$D$1:$D1000,$A46,Raw!$C$1:$C1000,14) -> 16 | G46: =countifs(Raw!$D$1:$D1000,$A46,Raw!$C$1:$C1000,0) -> 8 | H46: =countifs(Raw!$D$1:$D1000,$A46,Raw!$C$1:$C1000,-4) -> 2 | I46: =F46+G46+H46 -> 26 | J46: =I46/E46 -> 0.21666667 | K46: =iferror(F46/I46,0) -> 0.61538462 | L46: =4*F46-4*H46 -> 56 | M46: =L46/D46 -> 11.2 | N46: =vlookup($A46,'X-Risk Full'!$A:$M,13,false) -> 0.8 | O46: =vlookup($A46,'Math Full'!$A:$M,13,false) -> 4 | P46: =vlookup($A46,'Chemistry Full'!$A:$M,13,false) -> 2.4 | Q46: =vlookup($A46,'EarthSpace Full'!$A:$M,13,false) -> 0.8 | R46: =vlookup($A46,'Biology Full'!$A:$M,13,false) -> 1.6 | S46: =vlookup($A46,'Physics Full'!$A:$M,13,false) -> 1.6
A47: 100737823064401076042 | B47: =vlookup($A47,Users!$B$1:$H1000,3,false) -> Sharvaa | C47: =vlookup($A47,Users!$B$1:$H1000,6,false) -> AHS Broward | D47: =vlookup($C47,Teams!$B:$D,2,false) -> 5 | E47: =D47*24 -> 120 | F47: =countifs(Raw!$D$1:$D1000,$A47,Raw!$C$1:$C1000,4)+countifs(Raw!$D$1:$D1000,$A47,Raw!$C$1:$C1000,14) -> 14 | G47: =countifs(Raw!$D$1:$D1000,$A47,Raw!$C$1:$C1000,0) -> 12 | H47: =countifs(Raw!$D$1:$D1000,$A47,Raw!$C$1:$C1000,-4) -> 0 | I47: =F47+G47+H47 -> 26 | J47: =I47/E47 -> 0.21666667 | K47: =iferror(F47/I47,0) -> 0.53846154 | L47: =4*F47-4*H47 -> 56 | M47: =L47/D47 -> 11.2 | N47: =vlookup($A47,'X-Risk Full'!$A:$M,13,false) -> 0 | O47: =vlookup($A47,'Math Full'!$A:$M,13,false) -> 5.6 | P47: =vlookup($A47,'Chemistry Full'!$A:$M,13,false) -> 2.4 | Q47: =vlookup($A47,'EarthSpace Full'!$A:$M,13,false) -> 1.6 | R47: =vlookup($A47,'Biology Full'!$A:$M,13,false) -> 0 | S47: =vlookup($A47,'Physics Full'!$A:$M,13,false) -> 1.6
A48: 110835626147750924304 | B48: =vlookup($A48,Users!$B$1:$H1000,3,false) -> Lidia | C48: =vlookup($A48,Users!$B$1:$H1000,6,false) -> Venice | D48: =vlookup($C48,Teams!$B:$D,2,false) -> 5 | E48: =D48*24 -> 120 | F48: =countifs(Raw!$D$1:$D1000,$A48,Raw!$C$1:$C1000,4)+countifs(Raw!$D$1:$D1000,$A48,Raw!$C$1:$C1000,14) -> 15 | G48: =countifs(Raw!$D$1:$D1000,$A48,Raw!$C$1:$C1000,0) -> 4 | H48: =countifs(Raw!$D$1:$D1000,$A48,Raw!$C$1:$C1000,-4) -> 1 | I48: =F48+G48+H48 -> 20 | J48: =I48/E48 -> 0.16666667 | K48: =iferror(F48/I48,0) -> 0.75 | L48: =4*F48-4*H48 -> 56 | M48: =L48/D48 -> 11.2 | N48: =vlookup($A48,'X-Risk Full'!$A:$M,13,false) -> 0 | O48: =vlookup($A48,'Math Full'!$A:$M,13,false) -> 0.8 | P48: =vlookup($A48,'Chemistry Full'!$A:$M,13,false) -> 3.2 | Q48: =vlookup($A48,'EarthSpace Full'!$A:$M,13,false) -> 0 | R48: =vlookup($A48,'Biology Full'!$A:$M,13,false) -> 7.2 | S48: =vlookup($A48,'Physics Full'!$A:$M,13,false) -> 0
A49: 108704086552620618598 | B49: =vlookup($A49,Users!$B$1:$H1000,3,false) -> Justin | C49: =vlookup($A49,Users!$B$1:$H1000,6,false) -> Blair A | D49: =vlookup($C49,Teams!$B:$D,2,false) -> 9 | E49: =D49*24 -> 216 | F49: =countifs(Raw!$D$1:$D1000,$A49,Raw!$C$1:$C1000,4)+countifs(Raw!$D$1:$D1000,$A49,Raw!$C$1:$C1000,14) -> 28 | G49: =countifs(Raw!$D$1:$D1000,$A49,Raw!$C$1:$C1000,0) -> 17 | H49: =countifs(Raw!$D$1:$D1000,$A49,Raw!$C$1:$C1000,-4) -> 3 | I49: =F49+G49+H49 -> 48 | J49: =I49/E49 -> 0.22222222 | K49: =iferror(F49/I49,0) -> 0.58333333 | L49: =4*F49-4*H49 -> 100 | M49: =L49/D49 -> 11.111111 | N49: =vlookup($A49,'X-Risk Full'!$A:$M,13,false) -> 2.2222222 | O49: =vlookup($A49,'Math Full'!$A:$M,13,false) -> 2.6666667 | P49: =vlookup($A49,'Chemistry Full'!$A:$M,13,false) -> 0.44444444 | Q49: =vlookup($A49,'EarthSpace Full'!$A:$M,13,false) -> 3.1111111 | R49: =vlookup($A49,'Biology Full'!$A:$M,13,false) -> 0 | S49: =vlookup($A49,'Physics Full'!$A:$M,13,false) -> 2.6666667
A50: 109792848417434458614 | B50: =vlookup($A50,Users!$B$1:$H1000,3,false) -> Owen | C50: =vlookup($A50,Users!$B$1:$H1000,6,false) -> Interlake A | D50: =vlookup($C50,Teams!$B:$D,2,false) -> 6 | E50: =D50*24 -> 144 | F50: =countifs(Raw!$D$1:$D1000,$A50,Raw!$C$1:$C1000,4)+countifs(Raw!$D$1:$D1000,$A50,Raw!$C$1:$C1000,14) -> 18 | G50: =countifs(Raw!$D$1:$D1000,$A50,Raw!$C$1:$C1000,0) -> 8 | H50: =countifs(Raw!$D$1:$D1000,$A50,Raw!$C$1:$C1000,-4) -> 2 | I50: =F50+G50+H50 -> 28 | J50: =I50/E50 -> 0.19444444 | K50: =iferror(F50/I50,0) -> 0.64285714 | L50: =4*F50-4*H50 -> 64 | M50: =L50/D50 -> 10.666667 | N50: =vlookup($A50,'X-Risk Full'!$A:$M,13,false) -> 1.3333333 | O50: =vlookup($A50,'Math Full'!$A:$M,13,false) -> 1.3333333 | P50: =vlookup($A50,'Chemistry Full'!$A:$M,13,false) -> 6 | Q50: =vlookup($A50,'EarthSpace Full'!$A:$M,13,false) -> 0.66666667 | R50: =vlookup($A50,'Biology Full'!$A:$M,13,false) -> 0 | S50: =vlookup($A50,'Physics Full'!$A:$M,13,false) -> 1.3333333
A51: 105596510344333656930 | B51: =vlookup($A51,Users!$B$1:$H1000,3,false) -> Evan | C51: =vlookup($A51,Users!$B$1:$H1000,6,false) -> Tesla STEM | D51: =vlookup($C51,Teams!$B:$D,2,false) -> 8 | E51: =D51*24 -> 192 | F51: =countifs(Raw!$D$1:$D1000,$A51,Raw!$C$1:$C1000,4)+countifs(Raw!$D$1:$D1000,$A51,Raw!$C$1:$C1000,14) -> 23 | G51: =countifs(Raw!$D$1:$D1000,$A51,Raw!$C$1:$C1000,0) -> 11 | H51: =countifs(Raw!$D$1:$D1000,$A51,Raw!$C$1:$C1000,-4) -> 2 | I51: =F51+G51+H51 -> 36 | J51: =I51/E51 -> 0.1875 | K51: =iferror(F51/I51,0) -> 0.63888889 | L51: =4*F51-4*H51 -> 84 | M51: =L51/D51 -> 10.5 | N51: =vlookup($A51,'X-Risk Full'!$A:$M,13,false) -> 0 | O51: =vlookup($A51,'Math Full'!$A:$M,13,false) -> 5.5 | P51: =vlookup($A51,'Chemistry Full'!$A:$M,13,false) -> -0.5 | Q51: =vlookup($A51,'EarthSpace Full'!$A:$M,13,false) -> 0.5 | R51: =vlookup($A51,'Biology Full'!$A:$M,13,false) -> 0.5 | S51: =vlookup($A51,'Physics Full'!$A:$M,13,false) -> 4.5
A52: 113908820878848887404 | B52: =vlookup($A52,Users!$B$1:$H1000,3,false) -> Michael | C52: =vlookup($A52,Users!$B$1:$H1000,6,false) -> Collierville | D52: =vlookup($C52,Teams!$B:$D,2,false) -> 5 | E52: =D52*24 -> 120 | F52: =countifs(Raw!$D$1:$D1000,$A52,Raw!$C$1:$C1000,4)+countifs(Raw!$D$1:$D1000,$A52,Raw!$C$1:$C1000,14) -> 13 | G52: =countifs(Raw!$D$1:$D1000,$A52,Raw!$C$1:$C1000,0) -> 17 | H52: =countifs(Raw!$D$1:$D1000,$A52,Raw!$C$1:$C1000,-4) -> 0 | I52: =F52+G52+H52 -> 30 | J52: =I52/E52 -> 0.25 | K52: =iferror(F52/I52,0) -> 0.43333333 | L52: =4*F52-4*H52 -> 52 | M52: =L52/D52 -> 10.4 | N52: =vlookup($A52,'X-Risk Full'!$A:$M,13,false) -> 1.6 | O52: =vlookup($A52,'Math Full'!$A:$M,13,false) -> 1.6 | P52: =vlookup($A52,'Chemistry Full'!$A:$M,13,false) -> 0 | Q52: =vlookup($A52,'EarthSpace Full'!$A:$M,13,false) -> 5.6 | R52: =vlookup($A52,'Biology Full'!$A:$M,13,false) -> 0 | S52: =vlookup($A52,'Physics Full'!$A:$M,13,false) -> 1.6
A53: 115232514521695086012 | B53: =vlookup($A53,Users!$B$1:$H1000,3,false) -> Andrew | C53: =vlookup($A53,Users!$B$1:$H1000,6,false) -> Naperville North | D53: =vlookup($C53,Teams!$B:$D,2,false) -> 5 | E53: =D53*24 -> 120 | F53: =countifs(Raw!$D$1:$D1000,$A53,Raw!$C$1:$C1000,4)+countifs(Raw!$D$1:$D1000,$A53,Raw!$C$1:$C1000,14) -> 14 | G53: =countifs(Raw!$D$1:$D1000,$A53,Raw!$C$1:$C1000,0) -> 5 | H53: =countifs(Raw!$D$1:$D1000,$A53,Raw!$C$1:$C1000,-4) -> 1 | I53: =F53+G53+H53 -> 20 | J53: =I53/E53 -> 0.16666667 | K53: =iferror(F53/I53,0) -> 0.7 | L53: =4*F53-4*H53 -> 52 | M53: =L53/D53 -> 10.4 | N53: =vlookup($A53,'X-Risk Full'!$A:$M,13,false) -> 0.8 | O53: =vlookup($A53,'Math Full'!$A:$M,13,false) -> 1.6 | P53: =vlookup($A53,'Chemistry Full'!$A:$M,13,false) -> 2.4 | Q53: =vlookup($A53,'EarthSpace Full'!$A:$M,13,false) -> 2.4 | R53: =vlookup($A53,'Biology Full'!$A:$M,13,false) -> 1.6 | S53: =vlookup($A53,'Physics Full'!$A:$M,13,false) -> 1.6
A54: 101501433098992094400 | B54: =vlookup($A54,Users!$B$1:$H1000,3,false) -> Anagh | C54: =vlookup($A54,Users!$B$1:$H1000,6,false) -> JP Stevens | D54: =vlookup($C54,Teams!$B:$D,2,false) -> 5 | E54: =D54*24 -> 120 | F54: =countifs(Raw!$D$1:$D1000,$A54,Raw!$C$1:$C1000,4)+countifs(Raw!$D$1:$D1000,$A54,Raw!$C$1:$C1000,14) -> 13 | G54: =countifs(Raw!$D$1:$D1000,$A54,Raw!$C$1:$C1000,0) -> 12 | H54: =countifs(Raw!$D$1:$D1000,$A54,Raw!$C$1:$C1000,-4) -> 0 | I54: =F54+G54+H54 -> 25 | J54: =I54/E54 -> 0.20833333 | K54: =iferror(F54/I54,0) -> 0.52 | L54: =4*F54-4*H54 -> 52 | M54: =L54/D54 -> 10.4 | N54: =vlookup($A54,'X-Risk Full'!$A:$M,13,false) -> 3.2 | O54: =vlookup($A54,'Math Full'!$A:$M,13,false) -> 1.6 | P54: =vlookup($A54,'Chemistry Full'!$A:$M,13,false) -> 0 | Q54: =vlookup($A54,'EarthSpace Full'!$A:$M,13,false) -> 1.6 | R54: =vlookup($A54,'Biology Full'!$A:$M,13,false) -> 1.6 | S54: =vlookup($A54,'Physics Full'!$A:$M,13,false) -> 2.4
A55: 117706526453675630883 | B55: =vlookup($A55,Users!$B$1:$H1000,3,false) -> Melinda | C55: =vlookup($A55,Users!$B$1:$H1000,6,false) -> Troy | D55: =vlookup($C55,Teams!$B:$D,2,false) -> 5 | E55: =D55*24 -> 120 | F55: =countifs(Raw!$D$1:$D1000,$A55,Raw!$C$1:$C1000,4)+countifs(Raw!$D$1:$D1000,$A55,Raw!$C$1:$C1000,14) -> 18 | G55: =countifs(Raw!$D$1:$D1000,$A55,Raw!$C$1:$C1000,0) -> 3 | H55: =countifs(Raw!$D$1:$D1000,$A55,Raw!$C$1:$C1000,-4) -> 5 | I55: =F55+G55+H55 -> 26 | J55: =I55/E55 -> 0.21666667 | K55: =iferror(F55/I55,0) -> 0.69230769 | L55: =4*F55-4*H55 -> 52 | M55: =L55/D55 -> 10.4 | N55: =vlookup($A55,'X-Risk Full'!$A:$M,13,false) -> -0.8 | O55: =vlookup($A55,'Math Full'!$A:$M,13,false) -> 0.8 | P55: =vlookup($A55,'Chemistry Full'!$A:$M,13,false) -> 2.4 | Q55: =vlookup($A55,'EarthSpace Full'!$A:$M,13,false) -> 2.4 | R55: =vlookup($A55,'Biology Full'!$A:$M,13,false) -> 5.6 | S55: =vlookup($A55,'Physics Full'!$A:$M,13,false) -> 0
A56: 103332457605509284391 | B56: =vlookup($A56,Users!$B$1:$H1000,3,false) -> Alex | C56: =vlookup($A56,Users!$B$1:$H1000,6,false) -> Green Hope | D56: =vlookup($C56,Teams!$B:$D,2,false) -> 5 | E56: =D56*24 -> 120 | F56: =countifs(Raw!$D$1:$D1000,$A56,Raw!$C$1:$C1000,4)+countifs(Raw!$D$1:$D1000,$A56,Raw!$C$1:$C1000,14) -> 14 | G56: =countifs(Raw!$D$1:$D1000,$A56,Raw!$C$1:$C1000,0) -> 3 | H56: =countifs(Raw!$D$1:$D1000,$A56,Raw!$C$1:$C1000,-4) -> 1 | I56: =F56+G56+H56 -> 18 | J56: =I56/E56 -> 0.15 | K56: =iferror(F56/I56,0) -> 0.77777778 | L56: =4*F56-4*H56 -> 52 | M56: =L56/D56 -> 10.4 | N56: =vlookup($A56,'X-Risk Full'!$A:$M,13,false) -> 3.2 | O56: =vlookup($A56,'Math Full'!$A:$M,13,false) -> 0 | P56: =vlookup($A56,'Chemistry Full'!$A:$M,13,false) -> 4 | Q56: =vlookup($A56,'EarthSpace Full'!$A:$M,13,false) -> 2.4 | R56: =vlookup($A56,'Biology Full'!$A:$M,13,false) -> 0 | S56: =vlookup($A56,'Physics Full'!$A:$M,13,false) -> 0.8
A57: 116807051909331854620 | B57: =vlookup($A57,Users!$B$1:$H1000,3,false) -> Rushil | C57: =vlookup($A57,Users!$B$1:$H1000,6,false) -> Dulles | D57: =vlookup($C57,Teams!$B:$D,2,false) -> 9 | E57: =D57*24 -> 216 | F57: =countifs(Raw!$D$1:$D1000,$A57,Raw!$C$1:$C1000,4)+countifs(Raw!$D$1:$D1000,$A57,Raw!$C$1:$C1000,14) -> 22 | G57: =countifs(Raw!$D$1:$D1000,$A57,Raw!$C$1:$C1000,0) -> 9 | H57: =countifs(Raw!$D$1:$D1000,$A57,Raw!$C$1:$C1000,-4) -> 0 | I57: =F57+G57+H57 -> 31 | J57: =I57/E57 -> 0.14351852 | K57: =iferror(F57/I57,0) -> 0.70967742 | L57: =4*F57-4*H57 -> 88 | M57: =L57/D57 -> 9.7777778 | N57: =vlookup($A57,'X-Risk Full'!$A:$M,13,false) -> 0.44444444 | O57: =vlookup($A57,'Math Full'!$A:$M,13,false) -> 3.5555556 | P57: =vlookup($A57,'Chemistry Full'!$A:$M,13,false) -> 0 | Q57: =vlookup($A57,'EarthSpace Full'!$A:$M,13,false) -> 1.7777778 | R57: =vlookup($A57,'Biology Full'!$A:$M,13,false) -> 0 | S57: =vlookup($A57,'Physics Full'!$A:$M,13,false) -> 4
A58: 111750213711898583169 | B58: =vlookup($A58,Users!$B$1:$H1000,3,false) -> Vedang | C58: =vlookup($A58,Users!$B$1:$H1000,6,false) -> Enloe B | D58: =vlookup($C58,Teams!$B:$D,2,false) -> 7 | E58: =D58*24 -> 168 | F58: =countifs(Raw!$D$1:$D1000,$A58,Raw!$C$1:$C1000,4)+countifs(Raw!$D$1:$D1000,$A58,Raw!$C$1:$C1000,14) -> 18 | G58: =countifs(Raw!$D$1:$D1000,$A58,Raw!$C$1:$C1000,0) -> 2 | H58: =countifs(Raw!$D$1:$D1000,$A58,Raw!$C$1:$C1000,-4) -> 1 | I58: =F58+G58+H58 -> 21 | J58: =I58/E58 -> 0.125 | K58: =iferror(F58/I58,0) -> 0.85714286 | L58: =4*F58-4*H58 -> 68 | M58: =L58/D58 -> 9.7142857 | N58: =vlookup($A58,'X-Risk Full'!$A:$M,13,false) -> 2.2857143 | O58: =vlookup($A58,'Math Full'!$A:$M,13,false) -> 0 | P58: =vlookup($A58,'Chemistry Full'!$A:$M,13,false) -> 0 | Q58: =vlookup($A58,'EarthSpace Full'!$A:$M,13,false) -> 5.1428571 | R58: =vlookup($A58,'Biology Full'!$A:$M,13,false) -> 2.2857143 | S58: =vlookup($A58,'Physics Full'!$A:$M,13,false) -> 0
A59: 115554784043972686221 | B59: =vlookup($A59,Users!$B$1:$H1000,3,false) -> Kartik | C59: =vlookup($A59,Users!$B$1:$H1000,6,false) -> Brookfield | D59: =vlookup($C59,Teams!$B:$D,2,false) -> 7 | E59: =D59*24 -> 168 | F59: =countifs(Raw!$D$1:$D1000,$A59,Raw!$C$1:$C1000,4)+countifs(Raw!$D$1:$D1000,$A59,Raw!$C$1:$C1000,14) -> 17 | G59: =countifs(Raw!$D$1:$D1000,$A59,Raw!$C$1:$C1000,0) -> 4 | H59: =countifs(Raw!$D$1:$D1000,$A59,Raw!$C$1:$C1000,-4) -> 0 | I59: =F59+G59+H59 -> 21 | J59: =I59/E59 -> 0.125 | K59: =iferror(F59/I59,0) -> 0.80952381 | L59: =4*F59-4*H59 -> 68 | M59: =L59/D59 -> 9.7142857 | N59: =vlookup($A59,'X-Risk Full'!$A:$M,13,false) -> 0 | O59: =vlookup($A59,'Math Full'!$A:$M,13,false) -> 6.8571429 | P59: =vlookup($A59,'Chemistry Full'!$A:$M,13,false) -> 0 | Q59: =vlookup($A59,'EarthSpace Full'!$A:$M,13,false) -> 0.57142857 | R59: =vlookup($A59,'Biology Full'!$A:$M,13,false) -> 0 | S59: =vlookup($A59,'Physics Full'!$A:$M,13,false) -> 2.2857143
A60: 110234665672978783434 | B60: =vlookup($A60,Users!$B$1:$H1000,3,false) -> Aditya | C60: =vlookup($A60,Users!$B$1:$H1000,6,false) -> Ladue | D60: =vlookup($C60,Teams!$B:$D,2,false) -> 5 | E60: =D60*24 -> 120 | F60: =countifs(Raw!$D$1:$D1000,$A60,Raw!$C$1:$C1000,4)+countifs(Raw!$D$1:$D1000,$A60,Raw!$C$1:$C1000,14) -> 13 | G60: =countifs(Raw!$D$1:$D1000,$A60,Raw!$C$1:$C1000,0) -> 8 | H60: =countifs(Raw!$D$1:$D1000,$A60,Raw!$C$1:$C1000,-4) -> 1 | I60: =F60+G60+H60 -> 22 | J60: =I60/E60 -> 0.18333333 | K60: =iferror(F60/I60,0) -> 0.59090909 | L60: =4*F60-4*H60 -> 48 | M60: =L60/D60 -> 9.6 | N60: =vlookup($A60,'X-Risk Full'!$A:$M,13,false) -> 0.8 | O60: =vlookup($A60,'Math Full'!$A:$M,13,false) -> 3.2 | P60: =vlookup($A60,'Chemistry Full'!$A:$M,13,false) -> 0 | Q60: =vlookup($A60,'EarthSpace Full'!$A:$M,13,false) -> 0.8 | R60: =vlookup($A60,'Biology Full'!$A:$M,13,false) -> 2.4 | S60: =vlookup($A60,'Physics Full'!$A:$M,13,false) -> 2.4
A61: 112719889437811238210 | B61: =vlookup($A61,Users!$B$1:$H1000,3,false) -> Michael | C61: =vlookup($A61,Users!$B$1:$H1000,6,false) -> Buchholz B | D61: =vlookup($C61,Teams!$B:$D,2,false) -> 5 | E61: =D61*24 -> 120 | F61: =countifs(Raw!$D$1:$D1000,$A61,Raw!$C$1:$C1000,4)+countifs(Raw!$D$1:$D1000,$A61,Raw!$C$1:$C1000,14) -> 14 | G61: =countifs(Raw!$D$1:$D1000,$A61,Raw!$C$1:$C1000,0) -> 8 | H61: =countifs(Raw!$D$1:$D1000,$A61,Raw!$C$1:$C1000,-4) -> 2 | I61: =F61+G61+H61 -> 24 | J61: =I61/E61 -> 0.2 | K61: =iferror(F61/I61,0) -> 0.58333333 | L61: =4*F61-4*H61 -> 48 | M61: =L61/D61 -> 9.6 | N61: =vlookup($A61,'X-Risk Full'!$A:$M,13,false) -> 1.6 | O61: =vlookup($A61,'Math Full'!$A:$M,13,false) -> 3.2 | P61: =vlookup($A61,'Chemistry Full'!$A:$M,13,false) -> 1.6 | Q61: =vlookup($A61,'EarthSpace Full'!$A:$M,13,false) -> 3.2 | R61: =vlookup($A61,'Biology Full'!$A:$M,13,false) -> -0.8 | S61: =vlookup($A61,'Physics Full'!$A:$M,13,false) -> 0.8
A62: 103149509251326375653 | B62: =vlookup($A62,Users!$B$1:$H1000,3,false) -> Sami | C62: =vlookup($A62,Users!$B$1:$H1000,6,false) -> Tesla STEM | D62: =vlookup($C62,Teams!$B:$D,2,false) -> 8 | E62: =D62*24 -> 192 | F62: =countifs(Raw!$D$1:$D1000,$A62,Raw!$C$1:$C1000,4)+countifs(Raw!$D$1:$D1000,$A62,Raw!$C$1:$C1000,14) -> 20 | G62: =countifs(Raw!$D$1:$D1000,$A62,Raw!$C$1:$C1000,0) -> 14 | H62: =countifs(Raw!$D$1:$D1000,$A62,Raw!$C$1:$C1000,-4) -> 1 | I62: =F62+G62+H62 -> 35 | J62: =I62/E62 -> 0.18229167 | K62: =iferror(F62/I62,0) -> 0.57142857 | L62: =4*F62-4*H62 -> 76 | M62: =L62/D62 -> 9.5 | N62: =vlookup($A62,'X-Risk Full'!$A:$M,13,false) -> 1.5 | O62: =vlookup($A62,'Math Full'!$A:$M,13,false) -> 1.5 | P62: =vlookup($A62,'Chemistry Full'!$A:$M,13,false) -> 2.5 | Q62: =vlookup($A62,'EarthSpace Full'!$A:$M,13,false) -> 0 | R62: =vlookup($A62,'Biology Full'!$A:$M,13,false) -> 0 | S62: =vlookup($A62,'Physics Full'!$A:$M,13,false) -> 4
A63: 109978766604048481991 | B63: =vlookup($A63,Users!$B$1:$H1000,3,false) -> Avanesh | C63: =vlookup($A63,Users!$B$1:$H1000,6,false) -> NCSSM A | D63: =vlookup($C63,Teams!$B:$D,2,false) -> 7 | E63: =D63*24 -> 168 | F63: =countifs(Raw!$D$1:$D1000,$A63,Raw!$C$1:$C1000,4)+countifs(Raw!$D$1:$D1000,$A63,Raw!$C$1:$C1000,14) -> 20 | G63: =countifs(Raw!$D$1:$D1000,$A63,Raw!$C$1:$C1000,0) -> 17 | H63: =countifs(Raw!$D$1:$D1000,$A63,Raw!$C$1:$C1000,-4) -> 4 | I63: =F63+G63+H63 -> 41 | J63: =I63/E63 -> 0.24404762 | K63: =iferror(F63/I63,0) -> 0.48780488 | L63: =4*F63-4*H63 -> 64 | M63: =L63/D63 -> 9.1428571 | N63: =vlookup($A63,'X-Risk Full'!$A:$M,13,false) -> 1.1428571 | O63: =vlookup($A63,'Math Full'!$A:$M,13,false) -> 0 | P63: =vlookup($A63,'Chemistry Full'!$A:$M,13,false) -> 4 | Q63: =vlookup($A63,'EarthSpace Full'!$A:$M,13,false) -> 1.1428571 | R63: =vlookup($A63,'Biology Full'!$A:$M,13,false) -> 2.8571429 | S63: =vlookup($A63,'Physics Full'!$A:$M,13,false) -> 0
A64: 100047951893265954908 | B64: =vlookup($A64,Users!$B$1:$H1000,3,false) -> Edward | C64: =vlookup($A64,Users!$B$1:$H1000,6,false) -> NCSSM B | D64: =vlookup($C64,Teams!$B:$D,2,false) -> 5 | E64: =D64*24 -> 120 | F64: =countifs(Raw!$D$1:$D1000,$A64,Raw!$C$1:$C1000,4)+countifs(Raw!$D$1:$D1000,$A64,Raw!$C$1:$C1000,14) -> 14 | G64: =countifs(Raw!$D$1:$D1000,$A64,Raw!$C$1:$C1000,0) -> 10 | H64: =countifs(Raw!$D$1:$D1000,$A64,Raw!$C$1:$C1000,-4) -> 3 | I64: =F64+G64+H64 -> 27 | J64: =I64/E64 -> 0.225 | K64: =iferror(F64/I64,0) -> 0.51851852 | L64: =4*F64-4*H64 -> 44 | M64: =L64/D64 -> 8.8 | N64: =vlookup($A64,'X-Risk Full'!$A:$M,13,false) -> 0.8 | O64: =vlookup($A64,'Math Full'!$A:$M,13,false) -> 2.4 | P64: =vlookup($A64,'Chemistry Full'!$A:$M,13,false) -> 0.8 | Q64: =vlookup($A64,'EarthSpace Full'!$A:$M,13,false) -> 0.8 | R64: =vlookup($A64,'Biology Full'!$A:$M,13,false) -> -0.8 | S64: =vlookup($A64,'Physics Full'!$A:$M,13,false) -> 4.8
A65: 117501969074158402878 | B65: =vlookup($A65,Users!$B$1:$H1000,3,false) -> Aaron | C65: =vlookup($A65,Users!$B$1:$H1000,6,false) -> Ladue | D65: =vlookup($C65,Teams!$B:$D,2,false) -> 5 | E65: =D65*24 -> 120 | F65: =countifs(Raw!$D$1:$D1000,$A65,Raw!$C$1:$C1000,4)+countifs(Raw!$D$1:$D1000,$A65,Raw!$C$1:$C1000,14) -> 11 | G65: =countifs(Raw!$D$1:$D1000,$A65,Raw!$C$1:$C1000,0) -> 3 | H65: =countifs(Raw!$D$1:$D1000,$A65,Raw!$C$1:$C1000,-4) -> 0 | I65: =F65+G65+H65 -> 14 | J65: =I65/E65 -> 0.11666667 | K65: =iferror(F65/I65,0) -> 0.78571429 | L65: =4*F65-4*H65 -> 44 | M65: =L65/D65 -> 8.8 | N65: =vlookup($A65,'X-Risk Full'!$A:$M,13,false) -> 0.8 | O65: =vlookup($A65,'Math Full'!$A:$M,13,false) -> 6.4 | P65: =vlookup($A65,'Chemistry Full'!$A:$M,13,false) -> 0.8 | Q65: =vlookup($A65,'EarthSpace Full'!$A:$M,13,false) -> 0 | R65: =vlookup($A65,'Biology Full'!$A:$M,13,false) -> 0 | S65: =vlookup($A65,'Physics Full'!$A:$M,13,false) -> 0.8
A66: 107031227865195095099 | B66: =vlookup($A66,Users!$B$1:$H1000,3,false) -> Rohit | C66: =vlookup($A66,Users!$B$1:$H1000,6,false) -> Enloe A | D66: =vlookup($C66,Teams!$B:$D,2,false) -> 5 | E66: =D66*24 -> 120 | F66: =countifs(Raw!$D$1:$D1000,$A66,Raw!$C$1:$C1000,4)+countifs(Raw!$D$1:$D1000,$A66,Raw!$C$1:$C1000,14) -> 15 | G66: =countifs(Raw!$D$1:$D1000,$A66,Raw!$C$1:$C1000,0) -> 0 | H66: =countifs(Raw!$D$1:$D1000,$A66,Raw!$C$1:$C1000,-4) -> 4 | I66: =F66+G66+H66 -> 19 | J66: =I66/E66 -> 0.15833333 | K66: =iferror(F66/I66,0) -> 0.78947368 | L66: =4*F66-4*H66 -> 44 | M66: =L66/D66 -> 8.8 | N66: =vlookup($A66,'X-Risk Full'!$A:$M,13,false) -> 2.4 | O66: =vlookup($A66,'Math Full'!$A:$M,13,false) -> 0 | P66: =vlookup($A66,'Chemistry Full'!$A:$M,13,false) -> 1.6 | Q66: =vlookup($A66,'EarthSpace Full'!$A:$M,13,false) -> 4.8 | R66: =vlookup($A66,'Biology Full'!$A:$M,13,false) -> 0 | S66: =vlookup($A66,'Physics Full'!$A:$M,13,false) -> 0
A67: 107171641803497272922 | B67: =vlookup($A67,Users!$B$1:$H1000,3,false) -> Michael | C67: =vlookup($A67,Users!$B$1:$H1000,6,false) -> Venice | D67: =vlookup($C67,Teams!$B:$D,2,false) -> 5 | E67: =D67*24 -> 120 | F67: =countifs(Raw!$D$1:$D1000,$A67,Raw!$C$1:$C1000,4)+countifs(Raw!$D$1:$D1000,$A67,Raw!$C$1:$C1000,14) -> 11 | G67: =countifs(Raw!$D$1:$D1000,$A67,Raw!$C$1:$C1000,0) -> 5 | H67: =countifs(Raw!$D$1:$D1000,$A67,Raw!$C$1:$C1000,-4) -> 0 | I67: =F67+G67+H67 -> 16 | J67: =I67/E67 -> 0.13333333 | K67: =iferror(F67/I67,0) -> 0.6875 | L67: =4*F67-4*H67 -> 44 | M67: =L67/D67 -> 8.8 | N67: =vlookup($A67,'X-Risk Full'!$A:$M,13,false) -> 2.4 | O67: =vlookup($A67,'Math Full'!$A:$M,13,false) -> 1.6 | P67: =vlookup($A67,'Chemistry Full'!$A:$M,13,false) -> 2.4 | Q67: =vlookup($A67,'EarthSpace Full'!$A:$M,13,false) -> 2.4 | R67: =vlookup($A67,'Biology Full'!$A:$M,13,false) -> 0 | S67: =vlookup($A67,'Physics Full'!$A:$M,13,false) -> 0
A68: 102037216112638588674 | B68: =vlookup($A68,Users!$B$1:$H1000,3,false) -> Jack | C68: =vlookup($A68,Users!$B$1:$H1000,6,false) -> AHS Broward | D68: =vlookup($C68,Teams!$B:$D,2,false) -> 5 | E68: =D68*24 -> 120 | F68: =countifs(Raw!$D$1:$D1000,$A68,Raw!$C$1:$C1000,4)+countifs(Raw!$D$1:$D1000,$A68,Raw!$C$1:$C1000,14) -> 12 | G68: =countifs(Raw!$D$1:$D1000,$A68,Raw!$C$1:$C1000,0) -> 6 | H68: =countifs(Raw!$D$1:$D1000,$A68,Raw!$C$1:$C1000,-4) -> 1 | I68: =F68+G68+H68 -> 19 | J68: =I68/E68 -> 0.15833333 | K68: =iferror(F68/I68,0) -> 0.63157895 | L68: =4*F68-4*H68 -> 44 | M68: =L68/D68 -> 8.8 | N68: =vlookup($A68,'X-Risk Full'!$A:$M,13,false) -> 3.2 | O68: =vlookup($A68,'Math Full'!$A:$M,13,false) -> 2.4 | P68: =vlookup($A68,'Chemistry Full'!$A:$M,13,false) -> -0.8 | Q68: =vlookup($A68,'EarthSpace Full'!$A:$M,13,false) -> 3.2 | R68: =vlookup($A68,'Biology Full'!$A:$M,13,false) -> 0 | S68: =vlookup($A68,'Physics Full'!$A:$M,13,false) -> 0.8
A69: 115276086652629571643 | B69: =vlookup($A69,Users!$B$1:$H1000,3,false) -> Akshansh | C69: =vlookup($A69,Users!$B$1:$H1000,6,false) -> Davidson | D69: =vlookup($C69,Teams!$B:$D,2,false) -> 6 | E69: =D69*24 -> 144 | F69: =countifs(Raw!$D$1:$D1000,$A69,Raw!$C$1:$C1000,4)+countifs(Raw!$D$1:$D1000,$A69,Raw!$C$1:$C1000,14) -> 15 | G69: =countifs(Raw!$D$1:$D1000,$A69,Raw!$C$1:$C1000,0) -> 11 | H69: =countifs(Raw!$D$1:$D1000,$A69,Raw!$C$1:$C1000,-4) -> 2 | I69: =F69+G69+H69 -> 28 | J69: =I69/E69 -> 0.19444444 | K69: =iferror(F69/I69,0) -> 0.53571429 | L69: =4*F69-4*H69 -> 52 | M69: =L69/D69 -> 8.6666667 | N69: =vlookup($A69,'X-Risk Full'!$A:$M,13,false) -> 4.6666667 | O69: =vlookup($A69,'Math Full'!$A:$M,13,false) -> 0 | P69: =vlookup($A69,'Chemistry Full'!$A:$M,13,false) -> 0 | Q69: =vlookup($A69,'EarthSpace Full'!$A:$M,13,false) -> 0.66666667 | R69: =vlookup($A69,'Biology Full'!$A:$M,13,false) -> 1.3333333 | S69: =vlookup($A69,'Physics Full'!$A:$M,13,false) -> 2
A70: 112586971259710679808 | B70: =vlookup($A70,Users!$B$1:$H1000,3,false) -> Grace | C70: =vlookup($A70,Users!$B$1:$H1000,6,false) -> Interlake B | D70: =vlookup($C70,Teams!$B:$D,2,false) -> 6 | E70: =D70*24 -> 144 | F70: =countifs(Raw!$D$1:$D1000,$A70,Raw!$C$1:$C1000,4)+countifs(Raw!$D$1:$D1000,$A70,Raw!$C$1:$C1000,14) -> 14 | G70: =countifs(Raw!$D$1:$D1000,$A70,Raw!$C$1:$C1000,0) -> 5 | H70: =countifs(Raw!$D$1:$D1000,$A70,Raw!$C$1:$C1000,-4) -> 1 | I70: =F70+G70+H70 -> 20 | J70: =I70/E70 -> 0.13888889 | K70: =iferror(F70/I70,0) -> 0.7 | L70: =4*F70-4*H70 -> 52 | M70: =L70/D70 -> 8.6666667 | N70: =vlookup($A70,'X-Risk Full'!$A:$M,13,false) -> 1.3333333 | O70: =vlookup($A70,'Math Full'!$A:$M,13,false) -> 0 | P70: =vlookup($A70,'Chemistry Full'!$A:$M,13,false) -> 0 | Q70: =vlookup($A70,'EarthSpace Full'!$A:$M,13,false) -> 0 | R70: =vlookup($A70,'Biology Full'!$A:$M,13,false) -> 7.3333333 | S70: =vlookup($A70,'Physics Full'!$A:$M,13,false) -> 0
A71: 116527780279762297843 | B71: =vlookup($A71,Users!$B$1:$H1000,3,false) -> Feodor | C71: =vlookup($A71,Users!$B$1:$H1000,6,false) -> University | D71: =vlookup($C71,Teams!$B:$D,2,false) -> 8 | E71: =D71*24 -> 192 | F71: =countifs(Raw!$D$1:$D1000,$A71,Raw!$C$1:$C1000,4)+countifs(Raw!$D$1:$D1000,$A71,Raw!$C$1:$C1000,14) -> 20 | G71: =countifs(Raw!$D$1:$D1000,$A71,Raw!$C$1:$C1000,0) -> 6 | H71: =countifs(Raw!$D$1:$D1000,$A71,Raw!$C$1:$C1000,-4) -> 3 | I71: =F71+G71+H71 -> 29 | J71: =I71/E71 -> 0.15104167 | K71: =iferror(F71/I71,0) -> 0.68965517 | L71: =4*F71-4*H71 -> 68 | M71: =L71/D71 -> 8.5 | N71: =vlookup($A71,'X-Risk Full'!$A:$M,13,false) -> 0.5 | O71: =vlookup($A71,'Math Full'!$A:$M,13,false) -> 5 | P71: =vlookup($A71,'Chemistry Full'!$A:$M,13,false) -> 0.5 | Q71: =vlookup($A71,'EarthSpace Full'!$A:$M,13,false) -> 0 | R71: =vlookup($A71,'Biology Full'!$A:$M,13,false) -> 0 | S71: =vlookup($A71,'Physics Full'!$A:$M,13,false) -> 2.5
A72: 109119414141479472132 | B72: =vlookup($A72,Users!$B$1:$H1000,3,false) -> Nicholas | C72: =vlookup($A72,Users!$B$1:$H1000,6,false) -> Buchholz A | D72: =vlookup($C72,Teams!$B:$D,2,false) -> 5 | E72: =D72*24 -> 120 | F72: =countifs(Raw!$D$1:$D1000,$A72,Raw!$C$1:$C1000,4)+countifs(Raw!$D$1:$D1000,$A72,Raw!$C$1:$C1000,14) -> 11 | G72: =countifs(Raw!$D$1:$D1000,$A72,Raw!$C$1:$C1000,0) -> 6 | H72: =countifs(Raw!$D$1:$D1000,$A72,Raw!$C$1:$C1000,-4) -> 1 | I72: =F72+G72+H72 -> 18 | J72: =I72/E72 -> 0.15 | K72: =iferror(F72/I72,0) -> 0.61111111 | L72: =4*F72-4*H72 -> 40 | M72: =L72/D72 -> 8 | N72: =vlookup($A72,'X-Risk Full'!$A:$M,13,false) -> 0 | O72: =vlookup($A72,'Math Full'!$A:$M,13,false) -> 0.8 | P72: =vlookup($A72,'Chemistry Full'!$A:$M,13,false) -> 7.2 | Q72: =vlookup($A72,'EarthSpace Full'!$A:$M,13,false) -> 0 | R72: =vlookup($A72,'Biology Full'!$A:$M,13,false) -> 0 | S72: =vlookup($A72,'Physics Full'!$A:$M,13,false) -> 0
A73: 109879436144902504206 | B73: =vlookup($A73,Users!$B$1:$H1000,3,false) -> Yuvan | C73: =vlookup($A73,Users!$B$1:$H1000,6,false) -> Ladue | D73: =vlookup($C73,Teams!$B:$D,2,false) -> 5 | E73: =D73*24 -> 120 | F73: =countifs(Raw!$D$1:$D1000,$A73,Raw!$C$1:$C1000,4)+countifs(Raw!$D$1:$D1000,$A73,Raw!$C$1:$C1000,14) -> 10 | G73: =countifs(Raw!$D$1:$D1000,$A73,Raw!$C$1:$C1000,0) -> 3 | H73: =countifs(Raw!$D$1:$D1000,$A73,Raw!$C$1:$C1000,-4) -> 0 | I73: =F73+G73+H73 -> 13 | J73: =I73/E73 -> 0.10833333 | K73: =iferror(F73/I73,0) -> 0.76923077 | L73: =4*F73-4*H73 -> 40 | M73: =L73/D73 -> 8 | N73: =vlookup($A73,'X-Risk Full'!$A:$M,13,false) -> 4 | O73: =vlookup($A73,'Math Full'!$A:$M,13,false) -> 0 | P73: =vlookup($A73,'Chemistry Full'!$A:$M,13,false) -> 1.6 | Q73: =vlookup($A73,'EarthSpace Full'!$A:$M,13,false) -> 1.6 | R73: =vlookup($A73,'Biology Full'!$A:$M,13,false) -> 0.8 | S73: =vlookup($A73,'Physics Full'!$A:$M,13,false) -> 0
A74: 103709610629741383646 | B74: =vlookup($A74,Users!$B$1:$H1000,3,false) -> Rishabh | C74: =vlookup($A74,Users!$B$1:$H1000,6,false) -> Enloe A | D74: =vlookup($C74,Teams!$B:$D,2,false) -> 5 | E74: =D74*24 -> 120 | F74: =countifs(Raw!$D$1:$D1000,$A74,Raw!$C$1:$C1000,4)+countifs(Raw!$D$1:$D1000,$A74,Raw!$C$1:$C1000,14) -> 12 | G74: =countifs(Raw!$D$1:$D1000,$A74,Raw!$C$1:$C1000,0) -> 3 | H74: =countifs(Raw!$D$1:$D1000,$A74,Raw!$C$1:$C1000,-4) -> 2 | I74: =F74+G74+H74 -> 17 | J74: =I74/E74 -> 0.14166667 | K74: =iferror(F74/I74,0) -> 0.70588235 | L74: =4*F74-4*H74 -> 40 | M74: =L74/D74 -> 8 | N74: =vlookup($A74,'X-Risk Full'!$A:$M,13,false) -> 0 | O74: =vlookup($A74,'Math Full'!$A:$M,13,false) -> 0.8 | P74: =vlookup($A74,'Chemistry Full'!$A:$M,13,false) -> 0 | Q74: =vlookup($A74,'EarthSpace Full'!$A:$M,13,false) -> 0 | R74: =vlookup($A74,'Biology Full'!$A:$M,13,false) -> 7.2 | S74: =vlookup($A74,'Physics Full'!$A:$M,13,false) -> 0
A75: 104938043645343145874 | B75: =vlookup($A75,Users!$B$1:$H1000,3,false) -> Samuel | C75: =vlookup($A75,Users!$B$1:$H1000,6,false) -> Lynbrook | D75: =vlookup($C75,Teams!$B:$D,2,false) -> 5 | E75: =D75*24 -> 120 | F75: =countifs(Raw!$D$1:$D1000,$A75,Raw!$C$1:$C1000,4)+countifs(Raw!$D$1:$D1000,$A75,Raw!$C$1:$C1000,14) -> 13 | G75: =countifs(Raw!$D$1:$D1000,$A75,Raw!$C$1:$C1000,0) -> 2 | H75: =countifs(Raw!$D$1:$D1000,$A75,Raw!$C$1:$C1000,-4) -> 3 | I75: =F75+G75+H75 -> 18 | J75: =I75/E75 -> 0.15 | K75: =iferror(F75/I75,0) -> 0.72222222 | L75: =4*F75-4*H75 -> 40 | M75: =L75/D75 -> 8 | N75: =vlookup($A75,'X-Risk Full'!$A:$M,13,false) -> 3.2 | O75: =vlookup($A75,'Math Full'!$A:$M,13,false) -> 0 | P75: =vlookup($A75,'Chemistry Full'!$A:$M,13,false) -> 0 | Q75: =vlookup($A75,'EarthSpace Full'!$A:$M,13,false) -> 4 | R75: =vlookup($A75,'Biology Full'!$A:$M,13,false) -> 0.8 | S75: =vlookup($A75,'Physics Full'!$A:$M,13,false) -> 0
A76: 105242878308209435704 | B76: =vlookup($A76,Users!$B$1:$H1000,3,false) -> Shiv | C76: =vlookup($A76,Users!$B$1:$H1000,6,false) -> Interlake B | D76: =vlookup($C76,Teams!$B:$D,2,false) -> 6 | E76: =D76*24 -> 144 | F76: =countifs(Raw!$D$1:$D1000,$A76,Raw!$C$1:$C1000,4)+countifs(Raw!$D$1:$D1000,$A76,Raw!$C$1:$C1000,14) -> 15 | G76: =countifs(Raw!$D$1:$D1000,$A76,Raw!$C$1:$C1000,0) -> 8 | H76: =countifs(Raw!$D$1:$D1000,$A76,Raw!$C$1:$C1000,-4) -> 3 | I76: =F76+G76+H76 -> 26 | J76: =I76/E76 -> 0.18055556 | K76: =iferror(F76/I76,0) -> 0.57692308 | L76: =4*F76-4*H76 -> 48 | M76: =L76/D76 -> 8 | N76: =vlookup($A76,'X-Risk Full'!$A:$M,13,false) -> 0 | O76: =vlookup($A76,'Math Full'!$A:$M,13,false) -> 0 | P76: =vlookup($A76,'Chemistry Full'!$A:$M,13,false) -> 4.6666667 | Q76: =vlookup($A76,'EarthSpace Full'!$A:$M,13,false) -> 1.3333333 | R76: =vlookup($A76,'Biology Full'!$A:$M,13,false) -> 0 | S76: =vlookup($A76,'Physics Full'!$A:$M,13,false) -> 2
A77: 102433573298910923510 | B77: =vlookup($A77,Users!$B$1:$H1000,3,false) -> Albert | C77: =vlookup($A77,Users!$B$1:$H1000,6,false) -> Westminster | D77: =vlookup($C77,Teams!$B:$D,2,false) -> 5 | E77: =D77*24 -> 120 | F77: =countifs(Raw!$D$1:$D1000,$A77,Raw!$C$1:$C1000,4)+countifs(Raw!$D$1:$D1000,$A77,Raw!$C$1:$C1000,14) -> 12 | G77: =countifs(Raw!$D$1:$D1000,$A77,Raw!$C$1:$C1000,0) -> 7 | H77: =countifs(Raw!$D$1:$D1000,$A77,Raw!$C$1:$C1000,-4) -> 2 | I77: =F77+G77+H77 -> 21 | J77: =I77/E77 -> 0.175 | K77: =iferror(F77/I77,0) -> 0.57142857 | L77: =4*F77-4*H77 -> 40 | M77: =L77/D77 -> 8 | N77: =vlookup($A77,'X-Risk Full'!$A:$M,13,false) -> 0 | O77: =vlookup($A77,'Math Full'!$A:$M,13,false) -> 0.8 | P77: =vlookup($A77,'Chemistry Full'!$A:$M,13,false) -> 7.2 | Q77: =vlookup($A77,'EarthSpace Full'!$A:$M,13,false) -> 0 | R77: =vlookup($A77,'Biology Full'!$A:$M,13,false) -> 0 | S77: =vlookup($A77,'Physics Full'!$A:$M,13,false) -> 0
A78: 101317157337125275679 | B78: =vlookup($A78,Users!$B$1:$H1000,3,false) -> Stephen | C78: =vlookup($A78,Users!$B$1:$H1000,6,false) -> Blair A | D78: =vlookup($C78,Teams!$B:$D,2,false) -> 9 | E78: =D78*24 -> 216 | F78: =countifs(Raw!$D$1:$D1000,$A78,Raw!$C$1:$C1000,4)+countifs(Raw!$D$1:$D1000,$A78,Raw!$C$1:$C1000,14) -> 21 | G78: =countifs(Raw!$D$1:$D1000,$A78,Raw!$C$1:$C1000,0) -> 12 | H78: =countifs(Raw!$D$1:$D1000,$A78,Raw!$C$1:$C1000,-4) -> 4 | I78: =F78+G78+H78 -> 37 | J78: =I78/E78 -> 0.1712963 | K78: =iferror(F78/I78,0) -> 0.56756757 | L78: =4*F78-4*H78 -> 68 | M78: =L78/D78 -> 7.5555556 | N78: =vlookup($A78,'X-Risk Full'!$A:$M,13,false) -> 1.7777778 | O78: =vlookup($A78,'Math Full'!$A:$M,13,false) -> 3.1111111 | P78: =vlookup($A78,'Chemistry Full'!$A:$M,13,false) -> 0 | Q78: =vlookup($A78,'EarthSpace Full'!$A:$M,13,false) -> 0 | R78: =vlookup($A78,'Biology Full'!$A:$M,13,false) -> 0 | S78: =vlookup($A78,'Physics Full'!$A:$M,13,false) -> 2.6666667
A79: 113689800994596883699 | B79: =vlookup($A79,Users!$B$1:$H1000,3,false) -> Gokulanath | C79: =vlookup($A79,Users!$B$1:$H1000,6,false) -> MSJ | D79: =vlookup($C79,Teams!$B:$D,2,false) -> 8 | E79: =D79*24 -> 192 | F79: =countifs(Raw!$D$1:$D1000,$A79,Raw!$C$1:$C1000,4)+countifs(Raw!$D$1:$D1000,$A79,Raw!$C$1:$C1000,14) -> 17 | G79: =countifs(Raw!$D$1:$D1000,$A79,Raw!$C$1:$C1000,0) -> 8 | H79: =countifs(Raw!$D$1:$D1000,$A79,Raw!$C$1:$C1000,-4) -> 2 | I79: =F79+G79+H79 -> 27 | J79: =I79/E79 -> 0.140625 | K79: =iferror(F79/I79,0) -> 0.62962963 | L79: =4*F79-4*H79 -> 60 | M79: =L79/D79 -> 7.5 | N79: =vlookup($A79,'X-Risk Full'!$A:$M,13,false) -> 1 | O79: =vlookup($A79,'Math Full'!$A:$M,13,false) -> 0 | P79: =vlookup($A79,'Chemistry Full'!$A:$M,13,false) -> 2 | Q79: =vlookup($A79,'EarthSpace Full'!$A:$M,13,false) -> 0.5 | R79: =vlookup($A79,'Biology Full'!$A:$M,13,false) -> 4 | S79: =vlookup($A79,'Physics Full'!$A:$M,13,false) -> 0
A80: 115944924078140172506 | B80: =vlookup($A80,Users!$B$1:$H1000,3,false) -> Sebi | C80: =vlookup($A80,Users!$B$1:$H1000,6,false) -> Tesla STEM | D80: =vlookup($C80,Teams!$B:$D,2,false) -> 8 | E80: =D80*24 -> 192 | F80: =countifs(Raw!$D$1:$D1000,$A80,Raw!$C$1:$C1000,4)+countifs(Raw!$D$1:$D1000,$A80,Raw!$C$1:$C1000,14) -> 15 | G80: =countifs(Raw!$D$1:$D1000,$A80,Raw!$C$1:$C1000,0) -> 7 | H80: =countifs(Raw!$D$1:$D1000,$A80,Raw!$C$1:$C1000,-4) -> 0 | I80: =F80+G80+H80 -> 22 | J80: =I80/E80 -> 0.11458333 | K80: =iferror(F80/I80,0) -> 0.68181818 | L80: =4*F80-4*H80 -> 60 | M80: =L80/D80 -> 7.5 | N80: =vlookup($A80,'X-Risk Full'!$A:$M,13,false) -> 1 | O80: =vlookup($A80,'Math Full'!$A:$M,13,false) -> 0 | P80: =vlookup($A80,'Chemistry Full'!$A:$M,13,false) -> 6.5 | Q80: =vlookup($A80,'EarthSpace Full'!$A:$M,13,false) -> 0 | R80: =vlookup($A80,'Biology Full'!$A:$M,13,false) -> 0 | S80: =vlookup($A80,'Physics Full'!$A:$M,13,false) -> 0
A81: 116583274461171274280 | B81: =vlookup($A81,Users!$B$1:$H1000,3,false) -> Anuprabha | C81: =vlookup($A81,Users!$B$1:$H1000,6,false) -> Lexington A | D81: =vlookup($C81,Teams!$B:$D,2,false) -> 7 | E81: =D81*24 -> 168 | F81: =countifs(Raw!$D$1:$D1000,$A81,Raw!$C$1:$C1000,4)+countifs(Raw!$D$1:$D1000,$A81,Raw!$C$1:$C1000,14) -> 14 | G81: =countifs(Raw!$D$1:$D1000,$A81,Raw!$C$1:$C1000,0) -> 8 | H81: =countifs(Raw!$D$1:$D1000,$A81,Raw!$C$1:$C1000,-4) -> 1 | I81: =F81+G81+H81 -> 23 | J81: =I81/E81 -> 0.13690476 | K81: =iferror(F81/I81,0) -> 0.60869565 | L81: =4*F81-4*H81 -> 52 | M81: =L81/D81 -> 7.4285714 | N81: =vlookup($A81,'X-Risk Full'!$A:$M,13,false) -> 0.57142857 | O81: =vlookup($A81,'Math Full'!$A:$M,13,false) -> 0 | P81: =vlookup($A81,'Chemistry Full'!$A:$M,13,false) -> 5.1428571 | Q81: =vlookup($A81,'EarthSpace Full'!$A:$M,13,false) -> 0 | R81: =vlookup($A81,'Biology Full'!$A:$M,13,false) -> 0.57142857 | S81: =vlookup($A81,'Physics Full'!$A:$M,13,false) -> 1.1428571
A82: 105742581620835495719 | B82: =vlookup($A82,Users!$B$1:$H1000,3,false) -> Rishabh | C82: =vlookup($A82,Users!$B$1:$H1000,6,false) -> Interlake A | D82: =vlookup($C82,Teams!$B:$D,2,false) -> 6 | E82: =D82*24 -> 144 | F82: =countifs(Raw!$D$1:$D1000,$A82,Raw!$C$1:$C1000,4)+countifs(Raw!$D$1:$D1000,$A82,Raw!$C$1:$C1000,14) -> 15 | G82: =countifs(Raw!$D$1:$D1000,$A82,Raw!$C$1:$C1000,0) -> 7 | H82: =countifs(Raw!$D$1:$D1000,$A82,Raw!$C$1:$C1000,-4) -> 4 | I82: =F82+G82+H82 -> 26 | J82: =I82/E82 -> 0.18055556 | K82: =iferror(F82/I82,0) -> 0.57692308 | L82: =4*F82-4*H82 -> 44 | M82: =L82/D82 -> 7.3333333 | N82: =vlookup($A82,'X-Risk Full'!$A:$M,13,false) -> 4 | O82: =vlookup($A82,'Math Full'!$A:$M,13,false) -> -0.66666667 | P82: =vlookup($A82,'Chemistry Full'!$A:$M,13,false) -> 0 | Q82: =vlookup($A82,'EarthSpace Full'!$A:$M,13,false) -> 4 | R82: =vlookup($A82,'Biology Full'!$A:$M,13,false) -> 0 | S82: =vlookup($A82,'Physics Full'!$A:$M,13,false) -> 0
A83: 110297046011568433830 | B83: =vlookup($A83,Users!$B$1:$H1000,3,false) -> Daniel | C83: =vlookup($A83,Users!$B$1:$H1000,6,false) -> Interlake A | D83: =vlookup($C83,Teams!$B:$D,2,false) -> 6 | E83: =D83*24 -> 144 | F83: =countifs(Raw!$D$1:$D1000,$A83,Raw!$C$1:$C1000,4)+countifs(Raw!$D$1:$D1000,$A83,Raw!$C$1:$C1000,14) -> 14 | G83: =countifs(Raw!$D$1:$D1000,$A83,Raw!$C$1:$C1000,0) -> 13 | H83: =countifs(Raw!$D$1:$D1000,$A83,Raw!$C$1:$C1000,-4) -> 3 | I83: =F83+G83+H83 -> 30 | J83: =I83/E83 -> 0.20833333 | K83: =iferror(F83/I83,0) -> 0.46666667 | L83: =4*F83-4*H83 -> 44 | M83: =L83/D83 -> 7.3333333 | N83: =vlookup($A83,'X-Risk Full'!$A:$M,13,false) -> 0.66666667 | O83: =vlookup($A83,'Math Full'!$A:$M,13,false) -> 4 | P83: =vlookup($A83,'Chemistry Full'!$A:$M,13,false) -> 0 | Q83: =vlookup($A83,'EarthSpace Full'!$A:$M,13,false) -> 0 | R83: =vlookup($A83,'Biology Full'!$A:$M,13,false) -> 0 | S83: =vlookup($A83,'Physics Full'!$A:$M,13,false) -> 2.6666667
A84: 116174047268011279731 | B84: =vlookup($A84,Users!$B$1:$H1000,3,false) -> Evan | C84: =vlookup($A84,Users!$B$1:$H1000,6,false) -> Blair C | D84: =vlookup($C84,Teams!$B:$D,2,false) -> 5 | E84: =D84*24 -> 120 | F84: =countifs(Raw!$D$1:$D1000,$A84,Raw!$C$1:$C1000,4)+countifs(Raw!$D$1:$D1000,$A84,Raw!$C$1:$C1000,14) -> 10 | G84: =countifs(Raw!$D$1:$D1000,$A84,Raw!$C$1:$C1000,0) -> 22 | H84: =countifs(Raw!$D$1:$D1000,$A84,Raw!$C$1:$C1000,-4) -> 1 | I84: =F84+G84+H84 -> 33 | J84: =I84/E84 -> 0.275 | K84: =iferror(F84/I84,0) -> 0.3030303 | L84: =4*F84-4*H84 -> 36 | M84: =L84/D84 -> 7.2 | N84: =vlookup($A84,'X-Risk Full'!$A:$M,13,false) -> 0.8 | O84: =vlookup($A84,'Math Full'!$A:$M,13,false) -> 4 | P84: =vlookup($A84,'Chemistry Full'!$A:$M,13,false) -> 0 | Q84: =vlookup($A84,'EarthSpace Full'!$A:$M,13,false) -> 1.6 | R84: =vlookup($A84,'Biology Full'!$A:$M,13,false) -> 0.8 | S84: =vlookup($A84,'Physics Full'!$A:$M,13,false) -> 0
A85: 102859328266430575517 | B85: =vlookup($A85,Users!$B$1:$H1000,3,false) -> Josh | C85: =vlookup($A85,Users!$B$1:$H1000,6,false) -> PRISMS | D85: =vlookup($C85,Teams!$B:$D,2,false) -> 5 | E85: =D85*24 -> 120 | F85: =countifs(Raw!$D$1:$D1000,$A85,Raw!$C$1:$C1000,4)+countifs(Raw!$D$1:$D1000,$A85,Raw!$C$1:$C1000,14) -> 13 | G85: =countifs(Raw!$D$1:$D1000,$A85,Raw!$C$1:$C1000,0) -> 16 | H85: =countifs(Raw!$D$1:$D1000,$A85,Raw!$C$1:$C1000,-4) -> 4 | I85: =F85+G85+H85 -> 33 | J85: =I85/E85 -> 0.275 | K85: =iferror(F85/I85,0) -> 0.39393939 | L85: =4*F85-4*H85 -> 36 | M85: =L85/D85 -> 7.2 | N85: =vlookup($A85,'X-Risk Full'!$A:$M,13,false) -> 3.2 | O85: =vlookup($A85,'Math Full'!$A:$M,13,false) -> 0.8 | P85: =vlookup($A85,'Chemistry Full'!$A:$M,13,false) -> 0 | Q85: =vlookup($A85,'EarthSpace Full'!$A:$M,13,false) -> 0 | R85: =vlookup($A85,'Biology Full'!$A:$M,13,false) -> 0.8 | S85: =vlookup($A85,'Physics Full'!$A:$M,13,false) -> 2.4
A86: 102174516359677110803 | B86: =vlookup($A86,Users!$B$1:$H1000,3,false) -> Rithvik | C86: =vlookup($A86,Users!$B$1:$H1000,6,false) -> AHS Broward | D86: =vlookup($C86,Teams!$B:$D,2,false) -> 5 | E86: =D86*24 -> 120 | F86: =countifs(Raw!$D$1:$D1000,$A86,Raw!$C$1:$C1000,4)+countifs(Raw!$D$1:$D1000,$A86,Raw!$C$1:$C1000,14) -> 9 | G86: =countifs(Raw!$D$1:$D1000,$A86,Raw!$C$1:$C1000,0) -> 6 | H86: =countifs(Raw!$D$1:$D1000,$A86,Raw!$C$1:$C1000,-4) -> 0 | I86: =F86+G86+H86 -> 15 | J86: =I86/E86 -> 0.125 | K86: =iferror(F86/I86,0) -> 0.6 | L86: =4*F86-4*H86 -> 36 | M86: =L86/D86 -> 7.2 | N86: =vlookup($A86,'X-Risk Full'!$A:$M,13,false) -> 0 | O86: =vlookup($A86,'Math Full'!$A:$M,13,false) -> 1.6 | P86: =vlookup($A86,'Chemistry Full'!$A:$M,13,false) -> 0 | Q86: =vlookup($A86,'EarthSpace Full'!$A:$M,13,false) -> 0 | R86: =vlookup($A86,'Biology Full'!$A:$M,13,false) -> 5.6 | S86: =vlookup($A86,'Physics Full'!$A:$M,13,false) -> 0
A87: 106863910939636164441 | B87: =vlookup($A87,Users!$B$1:$H1000,3,false) -> Vishal | C87: =vlookup($A87,Users!$B$1:$H1000,6,false) -> Seven Lakes | D87: =vlookup($C87,Teams!$B:$D,2,false) -> 5 | E87: =D87*24 -> 120 | F87: =countifs(Raw!$D$1:$D1000,$A87,Raw!$C$1:$C1000,4)+countifs(Raw!$D$1:$D1000,$A87,Raw!$C$1:$C1000,14) -> 12 | G87: =countifs(Raw!$D$1:$D1000,$A87,Raw!$C$1:$C1000,0) -> 8 | H87: =countifs(Raw!$D$1:$D1000,$A87,Raw!$C$1:$C1000,-4) -> 3 | I87: =F87+G87+H87 -> 23 | J87: =I87/E87 -> 0.19166667 | K87: =iferror(F87/I87,0) -> 0.52173913 | L87: =4*F87-4*H87 -> 36 | M87: =L87/D87 -> 7.2 | N87: =vlookup($A87,'X-Risk Full'!$A:$M,13,false) -> 0 | O87: =vlookup($A87,'Math Full'!$A:$M,13,false) -> 0.8 | P87: =vlookup($A87,'Chemistry Full'!$A:$M,13,false) -> 0 | Q87: =vlookup($A87,'EarthSpace Full'!$A:$M,13,false) -> 0 | R87: =vlookup($A87,'Biology Full'!$A:$M,13,false) -> 6.4 | S87: =vlookup($A87,'Physics Full'!$A:$M,13,false) -> 0
A88: 113952299244584832148 | B88: =vlookup($A88,Users!$B$1:$H1000,3,false) -> Annie | C88: =vlookup($A88,Users!$B$1:$H1000,6,false) -> RMHS | D88: =vlookup($C88,Teams!$B:$D,2,false) -> 5 | E88: =D88*24 -> 120 | F88: =countifs(Raw!$D$1:$D1000,$A88,Raw!$C$1:$C1000,4)+countifs(Raw!$D$1:$D1000,$A88,Raw!$C$1:$C1000,14) -> 9 | G88: =countifs(Raw!$D$1:$D1000,$A88,Raw!$C$1:$C1000,0) -> 5 | H88: =countifs(Raw!$D$1:$D1000,$A88,Raw!$C$1:$C1000,-4) -> 0 | I88: =F88+G88+H88 -> 14 | J88: =I88/E88 -> 0.11666667 | K88: =iferror(F88/I88,0) -> 0.64285714 | L88: =4*F88-4*H88 -> 36 | M88: =L88/D88 -> 7.2 | N88: =vlookup($A88,'X-Risk Full'!$A:$M,13,false) -> 0 | O88: =vlookup($A88,'Math Full'!$A:$M,13,false) -> 7.2 | P88: =vlookup($A88,'Chemistry Full'!$A:$M,13,false) -> 0 | Q88: =vlookup($A88,'EarthSpace Full'!$A:$M,13,false) -> 0 | R88: =vlookup($A88,'Biology Full'!$A:$M,13,false) -> 0 | S88: =vlookup($A88,'Physics Full'!$A:$M,13,false) -> 0
A89: 102614641038283851943 | B89: =vlookup($A89,Users!$B$1:$H1000,3,false) -> Aashray | C89: =vlookup($A89,Users!$B$1:$H1000,6,false) -> Tesla STEM | D89: =vlookup($C89,Teams!$B:$D,2,false) -> 8 | E89: =D89*24 -> 192 | F89: =countifs(Raw!$D$1:$D1000,$A89,Raw!$C$1:$C1000,4)+countifs(Raw!$D$1:$D1000,$A89,Raw!$C$1:$C1000,14) -> 17 | G89: =countifs(Raw!$D$1:$D1000,$A89,Raw!$C$1:$C1000,0) -> 10 | H89: =countifs(Raw!$D$1:$D1000,$A89,Raw!$C$1:$C1000,-4) -> 3 | I89: =F89+G89+H89 -> 30 | J89: =I89/E89 -> 0.15625 | K89: =iferror(F89/I89,0) -> 0.56666667 | L89: =4*F89-4*H89 -> 56 | M89: =L89/D89 -> 7 | N89: =vlookup($A89,'X-Risk Full'!$A:$M,13,false) -> 4 | O89: =vlookup($A89,'Math Full'!$A:$M,13,false) -> 0 | P89: =vlookup($A89,'Chemistry Full'!$A:$M,13,false) -> 0 | Q89: =vlookup($A89,'EarthSpace Full'!$A:$M,13,false) -> 3 | R89: =vlookup($A89,'Biology Full'!$A:$M,13,false) -> 0 | S89: =vlookup($A89,'Physics Full'!$A:$M,13,false) -> 0
A90: 107873271882898565947 | B90: =vlookup($A90,Users!$B$1:$H1000,3,false) -> Sukrith | C90: =vlookup($A90,Users!$B$1:$H1000,6,false) -> Enloe B | D90: =vlookup($C90,Teams!$B:$D,2,false) -> 7 | E90: =D90*24 -> 168 | F90: =countifs(Raw!$D$1:$D1000,$A90,Raw!$C$1:$C1000,4)+countifs(Raw!$D$1:$D1000,$A90,Raw!$C$1:$C1000,14) -> 12 | G90: =countifs(Raw!$D$1:$D1000,$A90,Raw!$C$1:$C1000,0) -> 9 | H90: =countifs(Raw!$D$1:$D1000,$A90,Raw!$C$1:$C1000,-4) -> 0 | I90: =F90+G90+H90 -> 21 | J90: =I90/E90 -> 0.125 | K90: =iferror(F90/I90,0) -> 0.57142857 | L90: =4*F90-4*H90 -> 48 | M90: =L90/D90 -> 6.8571429 | N90: =vlookup($A90,'X-Risk Full'!$A:$M,13,false) -> 0 | O90: =vlookup($A90,'Math Full'!$A:$M,13,false) -> 5.1428571 | P90: =vlookup($A90,'Chemistry Full'!$A:$M,13,false) -> 0 | Q90: =vlookup($A90,'EarthSpace Full'!$A:$M,13,false) -> 1.7142857 | R90: =vlookup($A90,'Biology Full'!$A:$M,13,false) -> 0 | S90: =vlookup($A90,'Physics Full'!$A:$M,13,false) -> 0
A91: 110488059036326763108 | B91: =vlookup($A91,Users!$B$1:$H1000,3,false) -> Aditya | C91: =vlookup($A91,Users!$B$1:$H1000,6,false) -> NCSSM A | D91: =vlookup($C91,Teams!$B:$D,2,false) -> 7 | E91: =D91*24 -> 168 | F91: =countifs(Raw!$D$1:$D1000,$A91,Raw!$C$1:$C1000,4)+countifs(Raw!$D$1:$D1000,$A91,Raw!$C$1:$C1000,14) -> 13 | G91: =countifs(Raw!$D$1:$D1000,$A91,Raw!$C$1:$C1000,0) -> 5 | H91: =countifs(Raw!$D$1:$D1000,$A91,Raw!$C$1:$C1000,-4) -> 1 | I91: =F91+G91+H91 -> 19 | J91: =I91/E91 -> 0.11309524 | K91: =iferror(F91/I91,0) -> 0.68421053 | L91: =4*F91-4*H91 -> 48 | M91: =L91/D91 -> 6.8571429 | N91: =vlookup($A91,'X-Risk Full'!$A:$M,13,false) -> 0 | O91: =vlookup($A91,'Math Full'!$A:$M,13,false) -> 0 | P91: =vlookup($A91,'Chemistry Full'!$A:$M,13,false) -> 0 | Q91: =vlookup($A91,'EarthSpace Full'!$A:$M,13,false) -> 1.1428571 | R91: =vlookup($A91,'Biology Full'!$A:$M,13,false) -> 0 | S91: =vlookup($A91,'Physics Full'!$A:$M,13,false) -> 5.7142857
A92: 110168841047541949979 | B92: =vlookup($A92,Users!$B$1:$H1000,3,false) -> Ethan | C92: =vlookup($A92,Users!$B$1:$H1000,6,false) -> Davidson | D92: =vlookup($C92,Teams!$B:$D,2,false) -> 6 | E92: =D92*24 -> 144 | F92: =countifs(Raw!$D$1:$D1000,$A92,Raw!$C$1:$C1000,4)+countifs(Raw!$D$1:$D1000,$A92,Raw!$C$1:$C1000,14) -> 11 | G92: =countifs(Raw!$D$1:$D1000,$A92,Raw!$C$1:$C1000,0) -> 4 | H92: =countifs(Raw!$D$1:$D1000,$A92,Raw!$C$1:$C1000,-4) -> 1 | I92: =F92+G92+H92 -> 16 | J92: =I92/E92 -> 0.11111111 | K92: =iferror(F92/I92,0) -> 0.6875 | L92: =4*F92-4*H92 -> 40 | M92: =L92/D92 -> 6.6666667 | N92: =vlookup($A92,'X-Risk Full'!$A:$M,13,false) -> 0 | O92: =vlookup($A92,'Math Full'!$A:$M,13,false) -> 3.3333333 | P92: =vlookup($A92,'Chemistry Full'!$A:$M,13,false) -> 0 | Q92: =vlookup($A92,'EarthSpace Full'!$A:$M,13,false) -> 0 | R92: =vlookup($A92,'Biology Full'!$A:$M,13,false) -> 0 | S92: =vlookup($A92,'Physics Full'!$A:$M,13,false) -> 3.3333333
A93: 101173888685770212785 | B93: =vlookup($A93,Users!$B$1:$H1000,3,false) -> Darrien | C93: =vlookup($A93,Users!$B$1:$H1000,6,false) -> Interlake B | D93: =vlookup($C93,Teams!$B:$D,2,false) -> 6 | E93: =D93*24 -> 144 | F93: =countifs(Raw!$D$1:$D1000,$A93,Raw!$C$1:$C1000,4)+countifs(Raw!$D$1:$D1000,$A93,Raw!$C$1:$C1000,14) -> 12 | G93: =countifs(Raw!$D$1:$D1000,$A93,Raw!$C$1:$C1000,0) -> 10 | H93: =countifs(Raw!$D$1:$D1000,$A93,Raw!$C$1:$C1000,-4) -> 2 | I93: =F93+G93+H93 -> 24 | J93: =I93/E93 -> 0.16666667 | K93: =iferror(F93/I93,0) -> 0.5 | L93: =4*F93-4*H93 -> 40 | M93: =L93/D93 -> 6.6666667 | N93: =vlookup($A93,'X-Risk Full'!$A:$M,13,false) -> 4.6666667 | O93: =vlookup($A93,'Math Full'!$A:$M,13,false) -> -0.66666667 | P93: =vlookup($A93,'Chemistry Full'!$A:$M,13,false) -> 0 | Q93: =vlookup($A93,'EarthSpace Full'!$A:$M,13,false) -> 2 | R93: =vlookup($A93,'Biology Full'!$A:$M,13,false) -> 0.66666667 | S93: =vlookup($A93,'Physics Full'!$A:$M,13,false) -> 0
A94: 115851460800773085420 | B94: =vlookup($A94,Users!$B$1:$H1000,3,false) -> Nipun | C94: =vlookup($A94,Users!$B$1:$H1000,6,false) -> Mira Loma | D94: =vlookup($C94,Teams!$B:$D,2,false) -> 11 | E94: =D94*24 -> 264 | F94: =countifs(Raw!$D$1:$D1000,$A94,Raw!$C$1:$C1000,4)+countifs(Raw!$D$1:$D1000,$A94,Raw!$C$1:$C1000,14) -> 23 | G94: =countifs(Raw!$D$1:$D1000,$A94,Raw!$C$1:$C1000,0) -> 3 | H94: =countifs(Raw!$D$1:$D1000,$A94,Raw!$C$1:$C1000,-4) -> 5 | I94: =F94+G94+H94 -> 31 | J94: =I94/E94 -> 0.11742424 | K94: =iferror(F94/I94,0) -> 0.74193548 | L94: =4*F94-4*H94 -> 72 | M94: =L94/D94 -> 6.5454545 | N94: =vlookup($A94,'X-Risk Full'!$A:$M,13,false) -> 0 | O94: =vlookup($A94,'Math Full'!$A:$M,13,false) -> 1.4545455 | P94: =vlookup($A94,'Chemistry Full'!$A:$M,13,false) -> 3.6363636 | Q94: =vlookup($A94,'EarthSpace Full'!$A:$M,13,false) -> 0.72727273 | R94: =vlookup($A94,'Biology Full'!$A:$M,13,false) -> 0.72727273 | S94: =vlookup($A94,'Physics Full'!$A:$M,13,false) -> 0
A95: 113718832731163653200 | B95: =vlookup($A95,Users!$B$1:$H1000,3,false) -> Sahas | C95: =vlookup($A95,Users!$B$1:$H1000,6,false) -> MSJ | D95: =vlookup($C95,Teams!$B:$D,2,false) -> 8 | E95: =D95*24 -> 192 | F95: =countifs(Raw!$D$1:$D1000,$A95,Raw!$C$1:$C1000,4)+countifs(Raw!$D$1:$D1000,$A95,Raw!$C$1:$C1000,14) -> 16 | G95: =countifs(Raw!$D$1:$D1000,$A95,Raw!$C$1:$C1000,0) -> 6 | H95: =countifs(Raw!$D$1:$D1000,$A95,Raw!$C$1:$C1000,-4) -> 3 | I95: =F95+G95+H95 -> 25 | J95: =I95/E95 -> 0.13020833 | K95: =iferror(F95/I95,0) -> 0.64 | L95: =4*F95-4*H95 -> 52 | M95: =L95/D95 -> 6.5 | N95: =vlookup($A95,'X-Risk Full'!$A:$M,13,false) -> 3.5 | O95: =vlookup($A95,'Math Full'!$A:$M,13,false) -> 0 | P95: =vlookup($A95,'Chemistry Full'!$A:$M,13,false) -> 1 | Q95: =vlookup($A95,'EarthSpace Full'!$A:$M,13,false) -> 1 | R95: =vlookup($A95,'Biology Full'!$A:$M,13,false) -> 0.5 | S95: =vlookup($A95,'Physics Full'!$A:$M,13,false) -> 0.5
A96: 110956956173698327729 | B96: =vlookup($A96,Users!$B$1:$H1000,3,false) -> Ahan | C96: =vlookup($A96,Users!$B$1:$H1000,6,false) -> Buchholz A | D96: =vlookup($C96,Teams!$B:$D,2,false) -> 5 | E96: =D96*24 -> 120 | F96: =countifs(Raw!$D$1:$D1000,$A96,Raw!$C$1:$C1000,4)+countifs(Raw!$D$1:$D1000,$A96,Raw!$C$1:$C1000,14) -> 11 | G96: =countifs(Raw!$D$1:$D1000,$A96,Raw!$C$1:$C1000,0) -> 5 | H96: =countifs(Raw!$D$1:$D1000,$A96,Raw!$C$1:$C1000,-4) -> 3 | I96: =F96+G96+H96 -> 19 | J96: =I96/E96 -> 0.15833333 | K96: =iferror(F96/I96,0) -> 0.57894737 | L96: =4*F96-4*H96 -> 32 | M96: =L96/D96 -> 6.4 | N96: =vlookup($A96,'X-Risk Full'!$A:$M,13,false) -> 0 | O96: =vlookup($A96,'Math Full'!$A:$M,13,false) -> 4 | P96: =vlookup($A96,'Chemistry Full'!$A:$M,13,false) -> 0.8 | Q96: =vlookup($A96,'EarthSpace Full'!$A:$M,13,false) -> 0 | R96: =vlookup($A96,'Biology Full'!$A:$M,13,false) -> 0 | S96: =vlookup($A96,'Physics Full'!$A:$M,13,false) -> 1.6
A97: 103605425151240912795 | B97: =vlookup($A97,Users!$B$1:$H1000,3,false) -> Sohil | C97: =vlookup($A97,Users!$B$1:$H1000,6,false) -> Lynbrook | D97: =vlookup($C97,Teams!$B:$D,2,false) -> 5 | E97: =D97*24 -> 120 | F97: =countifs(Raw!$D$1:$D1000,$A97,Raw!$C$1:$C1000,4)+countifs(Raw!$D$1:$D1000,$A97,Raw!$C$1:$C1000,14) -> 12 | G97: =countifs(Raw!$D$1:$D1000,$A97,Raw!$C$1:$C1000,0) -> 6 | H97: =countifs(Raw!$D$1:$D1000,$A97,Raw!$C$1:$C1000,-4) -> 4 | I97: =F97+G97+H97 -> 22 | J97: =I97/E97 -> 0.18333333 | K97: =iferror(F97/I97,0) -> 0.54545455 | L97: =4*F97-4*H97 -> 32 | M97: =L97/D97 -> 6.4 | N97: =vlookup($A97,'X-Risk Full'!$A:$M,13,false) -> 0.8 | O97: =vlookup($A97,'Math Full'!$A:$M,13,false) -> 2.4 | P97: =vlookup($A97,'Chemistry Full'!$A:$M,13,false) -> 1.6 | Q97: =vlookup($A97,'EarthSpace Full'!$A:$M,13,false) -> 0 | R97: =vlookup($A97,'Biology Full'!$A:$M,13,false) -> 0 | S97: =vlookup($A97,'Physics Full'!$A:$M,13,false) -> 1.6
A98: 117038364179931972438 | B98: =vlookup($A98,Users!$B$1:$H1000,3,false) -> Alan | C98: =vlookup($A98,Users!$B$1:$H1000,6,false) -> AHS Broward | D98: =vlookup($C98,Teams!$B:$D,2,false) -> 5 | E98: =D98*24 -> 120 | F98: =countifs(Raw!$D$1:$D1000,$A98,Raw!$C$1:$C1000,4)+countifs(Raw!$D$1:$D1000,$A98,Raw!$C$1:$C1000,14) -> 8 | G98: =countifs(Raw!$D$1:$D1000,$A98,Raw!$C$1:$C1000,0) -> 2 | H98: =countifs(Raw!$D$1:$D1000,$A98,Raw!$C$1:$C1000,-4) -> 0 | I98: =F98+G98+H98 -> 10 | J98: =I98/E98 -> 0.083333333 | K98: =iferror(F98/I98,0) -> 0.8 | L98: =4*F98-4*H98 -> 32 | M98: =L98/D98 -> 6.4 | N98: =vlookup($A98,'X-Risk Full'!$A:$M,13,false) -> 0.8 | O98: =vlookup($A98,'Math Full'!$A:$M,13,false) -> 0 | P98: =vlookup($A98,'Chemistry Full'!$A:$M,13,false) -> 0 | Q98: =vlookup($A98,'EarthSpace Full'!$A:$M,13,false) -> 0.8 | R98: =vlookup($A98,'Biology Full'!$A:$M,13,false) -> 0 | S98: =vlookup($A98,'Physics Full'!$A:$M,13,false) -> 4.8
A99: 104910259152479940480 | B99: =vlookup($A99,Users!$B$1:$H1000,3,false) -> Aditya | C99: =vlookup($A99,Users!$B$1:$H1000,6,false) -> Troy | D99: =vlookup($C99,Teams!$B:$D,2,false) -> 5 | E99: =D99*24 -> 120 | F99: =countifs(Raw!$D$1:$D1000,$A99,Raw!$C$1:$C1000,4)+countifs(Raw!$D$1:$D1000,$A99,Raw!$C$1:$C1000,14) -> 8 | G99: =countifs(Raw!$D$1:$D1000,$A99,Raw!$C$1:$C1000,0) -> 6 | H99: =countifs(Raw!$D$1:$D1000,$A99,Raw!$C$1:$C1000,-4) -> 0 | I99: =F99+G99+H99 -> 14 | J99: =I99/E99 -> 0.11666667 | K99: =iferror(F99/I99,0) -> 0.57142857 | L99: =4*F99-4*H99 -> 32 | M99: =L99/D99 -> 6.4 | N99: =vlookup($A99,'X-Risk Full'!$A:$M,13,false) -> 2.4 | O99: =vlookup($A99,'Math Full'!$A:$M,13,false) -> 0.8 | P99: =vlookup($A99,'Chemistry Full'!$A:$M,13,false) -> 0.8 | Q99: =vlookup($A99,'EarthSpace Full'!$A:$M,13,false) -> 1.6 | R99: =vlookup($A99,'Biology Full'!$A:$M,13,false) -> 0 | S99: =vlookup($A99,'Physics Full'!$A:$M,13,false) -> 0.8
A100: 117101553418806594609 | B100: =vlookup($A100,Users!$B$1:$H1000,3,false) -> Fateh | C100: =vlookup($A100,Users!$B$1:$H1000,6,false) -> Venice | D100: =vlookup($C100,Teams!$B:$D,2,false) -> 5 | E100: =D100*24 -> 120 | F100: =countifs(Raw!$D$1:$D1000,$A100,Raw!$C$1:$C1000,4)+countifs(Raw!$D$1:$D1000,$A100,Raw!$C$1:$C1000,14) -> 9 | G100: =countifs(Raw!$D$1:$D1000,$A100,Raw!$C$1:$C1000,0) -> 7 | H100: =countifs(Raw!$D$1:$D1000,$A100,Raw!$C$1:$C1000,-4) -> 1 | I100: =F100+G100+H100 -> 17 | J100: =I100/E100 -> 0.14166667 | K100: =iferror(F100/I100,0) -> 0.52941176 | L100: =4*F100-4*H100 -> 32 | M100: =L100/D100 -> 6.4 | N100: =vlookup($A100,'X-Risk Full'!$A:$M,13,false) -> 0.8 | O100: =vlookup($A100,'Math Full'!$A:$M,13,false) -> 2.4 | P100: =vlookup($A100,'Chemistry Full'!$A:$M,13,false) -> 0 | Q100: =vlookup($A100,'EarthSpace Full'!$A:$M,13,false) -> 0 | R100: =vlookup($A100,'Biology Full'!$A:$M,13,false) -> 0 | S100: =vlookup($A100,'Physics Full'!$A:$M,13,false) -> 3.2
...

Sheet Cats
A1: 1 | B1: X
A2: 2 | B2: M
A3: 3 | B3: C
A4: 4 | B4: E
A5: 5 | B5: B
A6: 6 | B6: P
A7: 7 | B7: X
A8: 8 | B8: M
A9: 9 | B9: C
A10: 10 | B10: E
A11: 11 | B11: B
A12: 12 | B12: P
... A24: 24 | B24: P

Sheet Team Prelims
A1: Team | B1: GP | C1: TUH | D1: TU | E1: X | F1: Neg | G1: # Buzz | H1: % Buzz | I1: Acc | J1: Points | K1: PPG | L1: Bonus | M1: % Bonus | N1: BAPPG
A2: University | B2: 5 | C2: =24*B2 -> 120 | D2: =sumifs(Prelims!F$1:F1000,Prelims!$C$1:$C1000,$A2) -> 76 | E2: =sumifs(Prelims!G$1:G1000,Prelims!$C$1:$C1000,$A2) -> 9 | F2: =sumifs(Prelims!H$1:H1000,Prelims!$C$1:$C1000,$A2) -> 7 | G2: =sumifs(Prelims!I$1:I1000,Prelims!$C$1:$C1000,$A2) -> 92 | H2: =G2/C2 -> 0.76666667 | I2: =D2/G2 -> 0.82608696 | J2: =4*D2-4*F2 -> 276 | K2: =J2/B2 -> 55.2 | L2: =countifs(PrelimRaw!$C$1:$C1000,14,PrelimRaw!$F$1:$F1000,A2) -> 59 | M2: =L2/D2 -> 0.77631579 | N2: =(J2+10*L2)/B2 -> 173.2
A3: NoHo | B3: 5 | C3: =24*B3 -> 120 | D3: =sumifs(Prelims!F$1:F1000,Prelims!$C$1:$C1000,$A3) -> 72 | E3: =sumifs(Prelims!G$1:G1000,Prelims!$C$1:$C1000,$A3) -> 15 | F3: =sumifs(Prelims!H$1:H1000,Prelims!$C$1:$C1000,$A3) -> 6 | G3: =sumifs(Prelims!I$1:I1000,Prelims!$C$1:$C1000,$A3) -> 93 | H3: =G3/C3 -> 0.775 | I3: =D3/G3 -> 0.77419355 | J3: =4*D3-4*F3 -> 264 | K3: =J3/B3 -> 52.8 | L3: =countifs(PrelimRaw!$C$1:$C1000,14,PrelimRaw!$F$1:$F1000,A3) -> 55 | M3: =L3/D3 -> 0.76388889 | N3: =(J3+10*L3)/B3 -> 162.8
A4: Blair A | B4: 5 | C4: =24*B4 -> 120 | D4: =sumifs(Prelims!F$1:F1000,Prelims!$C$1:$C1000,$A4) -> 74 | E4: =sumifs(Prelims!G$1:G1000,Prelims!$C$1:$C1000,$A4) -> 11 | F4: =sumifs(Prelims!H$1:H1000,Prelims!$C$1:$C1000,$A4) -> 13 | G4: =sumifs(Prelims!I$1:I1000,Prelims!$C$1:$C1000,$A4) -> 98 | H4: =G4/C4 -> 0.81666667 | I4: =D4/G4 -> 0.75510204 | J4: =4*D4-4*F4 -> 244 | K4: =J4/B4 -> 48.8 | L4: =countifs(PrelimRaw!$C$1:$C1000,14,PrelimRaw!$F$1:$F1000,A4) -> 51 | M4: =L4/D4 -> 0.68918919 | N4: =(J4+10*L4)/B4 -> 150.8
A5: Mira Loma | B5: 5 | C5: =24*B5 -> 120 | D5: =sumifs(Prelims!F$1:F1000,Prelims!$C$1:$C1000,$A5) -> 68 | E5: =sumifs(Prelims!G$1:G1000,Prelims!$C$1:$C1000,$A5) -> 16 | F5: =sumifs(Prelims!H$1:H1000,Prelims!$C$1:$C1000,$A5) -> 8 | G5: =sumifs(Prelims!I$1:I1000,Prelims!$C$1:$C1000,$A5) -> 92 | H5: =G5/C5 -> 0.76666667 | I5: =D5/G5 -> 0.73913043 | J5: =4*D5-4*F5 -> 240 | K5: =J5/B5 -> 48 | L5: =countifs(PrelimRaw!$C$1:$C1000,14,PrelimRaw!$F$1:$F1000,A5) -> 50 | M5: =L5/D5 -> 0.73529412 | N5: =(J5+10*L5)/B5 -> 148
